{"type": "FeatureCollection", "features": [{"type": "Feature", "properties": {"parroquia": "Altagracia", "municipio": "Libertador", "estado": "Distrito Capital", "pcode": "VE010101", "estado_pcode": "VE01", "municipio_pcode": "VE0101", "center_lat": 10.53201028, "center_lon": -66.91336104, "area_sqkm": 2.9508224}, "geometry": {"type": "Polygon", "coordinates": [[[-66.90840804, 10.510258720000001], [-66.90952296, 10.51113728], [-66.90987504, 10.51141472], [-66.91098996, 10.512293280000002], [-66.91134204, 10.512570720000001], [-66.91245696, 10.51344928], [-66.912622908915, 10.513875167050001], [-66.91255899871, 10.515693891700007], [-66.91253881653999, 10.516268225800008], [-66.91247490633499, 10.518086950450014], [-66.91245472416499, 10.518661284550015], [-66.91239081395999, 10.520480009200021], [-66.91237063178998, 10.521054343300023], [-66.91230672158498, 10.522873067950028], [-66.91228653941498, 10.52344740205003], [-66.91222262920996, 10.525266126700036], [-66.91220244703996, 10.525840460800037], [-66.91213853683496, 10.527659185450043], [-66.91211835466495, 10.528233519550046], [-66.91205444445995, 10.53005224420005], [-66.91203426228995, 10.530626578300051], [-66.91197035208495, 10.532445302950055], [-66.91195016991495, 10.533019637050057], [-66.91188625970995, 10.534838361700062], [-66.91186607753994, 10.535412695800064], [-66.91180216733494, 10.53723142045007], [-66.91178198516494, 10.537805754550071], [-66.91171807495994, 10.539624479200077], [-66.91169789278993, 10.540198813300078], [-66.91163398258492, 10.542017537950084], [-66.91161380041491, 10.542591872050085], [-66.91154989020991, 10.544410596700091], [-66.91152970803991, 10.544984930800092], [-66.91146579783491, 10.546803655450098], [-66.9114456156649, 10.5473779895501], [-66.9113817054599, 10.549196714200106], [-66.9113615232899, 10.549771048300109], [-66.9112976130849, 10.551589772950113], [-66.9115728725799, 10.551923789140115], [-66.91338009291992, 10.55222050036014], [-66.91395079407992, 10.552314198640145], [-66.91575801441995, 10.552610909860165], [-66.91604532726245, 10.552361630807669], [-66.91605775492495, 10.550486152255166], [-66.91606167944995, 10.549893895870165], [-66.91607410711245, 10.548018417317662], [-66.91607803163745, 10.54742616093266], [-66.91609045929995, 10.545550682380158], [-66.91609438382496, 10.544958425995159], [-66.91610681148745, 10.543082947442654], [-66.91611073601246, 10.542490691057655], [-66.91612316367497, 10.540615212505148], [-66.91612708819997, 10.540022956120149], [-66.91613951586247, 10.538147477567646], [-66.91614344038747, 10.537555221182645], [-66.91615586804997, 10.535679742630142], [-66.91615979257497, 10.535087486245141], [-66.91617222023747, 10.533212007692638], [-66.91617614476247, 10.532619751307637], [-66.91618857242497, 10.530744272755134], [-66.91619249694998, 10.530152016370133], [-66.91620492461247, 10.52827653781763], [-66.91620884913748, 10.527684281432629], [-66.91622127679997, 10.525808802880126], [-66.91622520132498, 10.525216546495127], [-66.91623762898749, 10.523341067942622], [-66.91624155351249, 10.522748811557623], [-66.91625398117499, 10.520873333005117], [-66.9162579057, 10.520281076620117], [-66.91627033336249, 10.518405598067615], [-66.9162742578875, 10.517813341682613], [-66.91628668554999, 10.51593786313011], [-66.916290610075, 10.51534560674511], [-66.91630303773749, 10.513470128192607], [-66.91650252, 10.513214360000102], [-66.91775347999996, 10.513469973333407], [-66.91814851999993, 10.513550693333398], [-66.9193994799999, 10.513806306666707], [-66.91979451999988, 10.513887026666698], [-66.92104547999983, 10.514142640000003], [-66.92130449999985, 10.513961539999999], [-66.92169399999992, 10.51255896], [-66.92181699999993, 10.51211604], [-66.92220649999999, 10.510713459999998], [-66.92200146, 10.510415579999998], [-66.92031337333333, 10.509931586666667], [-66.91978029333333, 10.509778746666667], [-66.91809220666667, 10.509294753333332], [-66.91755912666667, 10.509141913333332], [-66.91587104, 10.508657920000001], [-66.91533796, 10.50850508], [-66.91364987333333, 10.508021086666666], [-66.91311679333333, 10.507868246666666], [-66.91142870666667, 10.507384253333335], [-66.91089562666667, 10.507231413333335], [-66.90920754, 10.50674742], [-66.90889846, 10.50687794], [-66.90862904, 10.50818856], [-66.90854396, 10.50860244], [-66.90827454, 10.50991306], [-66.90840804, 10.510258720000001]]]}}, {"type": "Feature", "properties": {"parroquia": "Antimano", "municipio": "Libertador", "estado": "Distrito Capital", "pcode": "VE010102", "estado_pcode": "VE01", "municipio_pcode": "VE0101", "center_lat": 10.4683695, "center_lon": -66.9912598, "area_sqkm": 24.84466541}, "geometry": {"type": "Polygon", "coordinates": [[[-66.9637632799999, 10.473446240000005], [-66.96470238666659, 10.4749044266667], [-66.9649989466666, 10.475364906666709], [-66.96593805333329, 10.476823093333405], [-66.9662346133333, 10.477283573333413], [-66.96717371999999, 10.478741760000108], [-66.96731057599999, 10.479212264000115], [-66.967238224, 10.480733936000114], [-66.96721537599998, 10.481214464000116], [-66.967143024, 10.48273613600012], [-66.96712017600001, 10.483216664000121], [-66.96704782399999, 10.484738336000124], [-66.967024976, 10.485218864000124], [-66.96695262400002, 10.486740536000129], [-66.96692977600001, 10.48722106400013], [-66.96685742400001, 10.488742736000132], [-66.96698148, 10.489223180000128], [-66.96783952, 10.490744320000104], [-66.96811048, 10.491224680000096], [-66.96896852, 10.492745820000069], [-66.96923948, 10.493226180000061], [-66.97009752000001, 10.494747320000037], [-66.97036848, 10.49522768000003], [-66.97122652, 10.496748820000002], [-66.97155052, 10.496918680000006], [-66.97274448, 10.496473320000046], [-66.97312152, 10.496332680000059], [-66.97431548, 10.4958873200001], [-66.97469251999999, 10.495746680000114], [-66.97588647999999, 10.495301320000154], [-66.97635364, 10.495235740000158], [-66.97811836, 10.495265760000148], [-66.97867564, 10.495275240000144], [-66.98044036, 10.495305260000134], [-66.980867296, 10.495050152000132], [-66.98180650399999, 10.493404448000131], [-66.982103096, 10.49288475200013], [-66.983042304, 10.49123904800013], [-66.98333889599999, 10.490719352000129], [-66.984278104, 10.489073648000128], [-66.98457469599998, 10.488553952000128], [-66.98551390399999, 10.486908248000125], [-66.985810496, 10.486388552000125], [-66.986749704, 10.484742848000126], [-66.98710272, 10.48438216000012], [-66.98839928, 10.483743506666755], [-66.98880872, 10.483541826666745], [-66.99010528000001, 10.48290317333338], [-66.99051472000001, 10.48270149333337], [-66.99181128000001, 10.482062840000005], [-66.99202456, 10.481718080000007], [-66.99207877333335, 10.480173253333382], [-66.99209589333334, 10.479685413333396], [-66.99215010666667, 10.478140586666775], [-66.99216722666667, 10.477652746666788], [-66.99222144000001, 10.476107920000166], [-66.99245404, 10.476022100000163], [-66.99387295999993, 10.477023400000096], [-66.99432103999992, 10.477339600000075], [-66.99573995999985, 10.47834090000001], [-66.99596399999984, 10.478265660000009], [-66.99596399999984, 10.476787840000068], [-66.99596399999984, 10.476321160000087], [-66.99596399999984, 10.474843340000147], [-66.99623063999985, 10.47459888000015], [-66.99791935999986, 10.474528453333441], [-66.99845263999987, 10.47450621333343], [-67.00014135999987, 10.474435786666726], [-67.00067463999989, 10.474413546666714], [-67.00236335999989, 10.474343120000007], [-67.0024133399999, 10.47414864000001], [-67.00104115999994, 10.47298736000007], [-67.00060783999996, 10.47262064000009], [-66.99923566, 10.47145936000015], [-66.99931147000001, 10.471215670000154], [-67.00116378000001, 10.470833580000125], [-67.00174872000001, 10.470712920000116], [-67.00360103, 10.470330830000083], [-67.00418597, 10.470210170000074], [-67.00603828, 10.469828080000045], [-67.00662322, 10.469707420000036], [-67.00847553, 10.469325330000004], [-67.0087623, 10.468977760000001], [-67.00872620000001, 10.467158573333352], [-67.0087148, 10.466584093333356], [-67.0086787, 10.464764906666701], [-67.0086673, 10.464190426666706], [-67.0086312, 10.462371240000056], [-67.00861979999999, 10.46179676000006], [-67.0085837, 10.459977573333408], [-67.0085723, 10.459403093333412], [-67.00853620000001, 10.45758390666676], [-67.0085248, 10.457009426666765], [-67.0084887, 10.455190240000112], [-67.00869474, 10.454910560000108], [-67.01003576, 10.454958440000064], [-67.01045923999999, 10.45497356000005], [-67.01180026, 10.455021440000007], [-67.012188496, 10.455194216000002], [-67.01330630399998, 10.456240584000028], [-67.01365929599997, 10.456571016000035], [-67.01477710399996, 10.457617384000056], [-67.01513009599995, 10.457947816000065], [-67.01624790399993, 10.458994184000089], [-67.01660089599991, 10.459324616000096], [-67.0177187039999, 10.460370984000118], [-67.0180716959999, 10.460701416000123], [-67.01918950399988, 10.46174778400015], [-67.01965327999989, 10.461877480000148], [-67.0214727199999, 10.461652520000108], [-67.02204727999992, 10.461581480000095], [-67.02386671999996, 10.461356520000056], [-67.02444127999996, 10.461285480000045], [-67.02626072, 10.461060520000004], [-67.02676070000001, 10.460870860000004], [-67.02810780000002, 10.459894640000043], [-67.02853320000001, 10.459586360000053], [-67.0298803, 10.458610140000088], [-67.0303057, 10.4583018600001], [-67.0316528, 10.457325640000136], [-67.0320782, 10.457017360000147], [-67.03342529999999, 10.456041140000183], [-67.03391787999999, 10.455883660000184], [-67.03569045333333, 10.45586250666683], [-67.03625021333333, 10.455855826666822], [-67.03802278666667, 10.455834673333461], [-67.03858254666667, 10.455827993333454], [-67.04035512, 10.455806840000099], [-67.04091488, 10.455800160000091], [-67.04268745333333, 10.455779006666733], [-67.04324721333333, 10.455772326666725], [-67.04501978666667, 10.455751173333368], [-67.04557954666666, 10.455744493333361], [-67.04735212, 10.455723340000002], [-67.04747468, 10.455533327999998], [-67.04647831999999, 10.454351072], [-67.04616367999999, 10.453977727999998], [-67.04516731999999, 10.452795472000002], [-67.04485267999999, 10.452422128], [-67.04385632, 10.451239871999999], [-67.04354168, 10.450866527999999], [-67.04254532, 10.449684271999999], [-67.04223068, 10.449310928], [-67.04123432, 10.448128672], [-67.040799008, 10.447914112], [-67.03903839199998, 10.447737488], [-67.03848240799998, 10.447681712], [-67.03672179199997, 10.447505088], [-67.03616580799996, 10.447449312], [-67.03440519199994, 10.447272688], [-67.03384920799992, 10.447216912], [-67.03208859199992, 10.447040288], [-67.0315326079999, 10.446984512], [-67.0297719919999, 10.446807888], [-67.02926571999988, 10.44663616], [-67.02781994666654, 10.445725173333333], [-67.02736338666654, 10.445437493333333], [-67.0259176133332, 10.444526506666667], [-67.0254610533332, 10.444238826666668], [-67.02401527999986, 10.44332784], [-67.02358359999987, 10.443312520000008], [-67.02229539999992, 10.444126480000062], [-67.02188859999994, 10.444383520000077], [-67.02060039999999, 10.445197480000129], [-67.02014119, 10.44528022000014], [-67.01852106, 10.444990280000145], [-67.01800944, 10.444898720000149], [-67.01638931, 10.444608780000157], [-67.01587769, 10.44451722000016], [-67.01425756, 10.444227280000169], [-67.01374594, 10.44413572000017], [-67.01212581, 10.44384578000018], [-67.01159805600001, 10.443866120000177], [-67.00987574400001, 10.444284880000149], [-67.009331856, 10.444417120000141], [-67.007609544, 10.444835880000113], [-67.007065656, 10.444968120000103], [-67.005343344, 10.445386880000077], [-67.004799456, 10.445519120000068], [-67.003077144, 10.44593788000004], [-67.00253325599999, 10.446070120000032], [-67.00081094400001, 10.446488880000004], [-67.00028898000001, 10.446420320000001], [-66.99870552000002, 10.445567346666683], [-66.99820548000001, 10.445297986666688], [-66.99662202, 10.444445013333366], [-66.99612198000001, 10.444175653333371], [-66.99453852, 10.443322680000053], [-66.99403848000001, 10.443053320000057], [-66.99245502000001, 10.442200346666736], [-66.99195498, 10.44193098666674], [-66.99037152, 10.441078013333422], [-66.98987148, 10.440808653333427], [-66.98828802, 10.439955680000107], [-66.98779689333334, 10.439962786666776], [-66.98626988444444, 10.440860768889], [-66.98578767111111, 10.441144342222335], [-66.98426066222223, 10.44204232444456], [-66.9837784488889, 10.442325897777895], [-66.98225144, 10.44322388000012], [-66.98176922666667, 10.443507453333455], [-66.98024221777777, 10.44440543555568], [-66.97976000444444, 10.444689008889014], [-66.97823299555556, 10.445586991111242], [-66.97775078222223, 10.445870564444576], [-66.97622377333333, 10.446768546666801], [-66.97574156, 10.447052120000135], [-66.97421455111112, 10.44795010222236], [-66.97373233777778, 10.448233675555695], [-66.97220532888889, 10.44913165777792], [-66.97172311555556, 10.449415231111255], [-66.97019610666666, 10.45031321333348], [-66.96992353, 10.450680450000142], [-66.96972422, 10.452108300000116], [-66.96966128000001, 10.452559200000108], [-66.96946197, 10.453987050000077], [-66.96939903, 10.454437950000068], [-66.96919971999999, 10.45586580000004], [-66.96913678, 10.45631670000003], [-66.96893747, 10.457744550000005], [-66.96864136, 10.45808192], [-66.96696530666667, 10.458790746666667], [-66.96643602666667, 10.459014586666667], [-66.96475997333333, 10.459723413333332], [-66.96423069333333, 10.459947253333333], [-66.96255464000001, 10.46065608], [-66.9622861, 10.461048140000004], [-66.96226139999999, 10.462822360000034], [-66.9622536, 10.463382640000043], [-66.96222889999999, 10.465156860000075], [-66.9622211, 10.465717140000084], [-66.9621964, 10.467491360000114], [-66.9621886, 10.468051640000123], [-66.9621639, 10.469825860000153], [-66.962424408, 10.469997280000158], [-66.964098992, 10.46930872000016], [-66.964627808, 10.46909128000016], [-66.966302392, 10.468402720000162], [-66.966831208, 10.468185280000162], [-66.968505792, 10.467496720000165], [-66.969034608, 10.467279280000165], [-66.970709192, 10.466590720000166], [-66.971238008, 10.466373280000166], [-66.972912592, 10.46568472000017], [-66.9733597, 10.465658140000167], [-66.97451679999996, 10.46617836000015], [-66.97488219999995, 10.466342640000143], [-66.9760392999999, 10.466862860000127], [-66.97596985999989, 10.467070420000121], [-66.97437297333323, 10.467864746666773], [-66.97386869333323, 10.468115586666768], [-66.97227180666655, 10.468909913333418], [-66.97176752666655, 10.469160753333414], [-66.97017063999989, 10.469955080000064], [-66.96966635999989, 10.470205920000058], [-66.96806947333323, 10.471000246666712], [-66.96756519333323, 10.471251086666706], [-66.96596830666655, 10.472045413333356], [-66.96546402666655, 10.472296253333353], [-66.96386713999989, 10.473090580000003], [-66.9637632799999, 10.473446240000005]]]}}, {"type": "Feature", "properties": {"parroquia": "Candelaria", "municipio": "Libertador", "estado": "Distrito Capital", "pcode": "VE010103", "estado_pcode": "VE01", "municipio_pcode": "VE0101", "center_lat": 10.5073545, "center_lon": -66.90575015, "area_sqkm": 1.31842686}, "geometry": {"type": "Polygon", "coordinates": [[[-66.90898228, 10.50645912], [-66.90924371999999, 10.505117213333333], [-66.90932627999999, 10.504693453333333], [-66.90958771999999, 10.503351546666668], [-66.90967028, 10.502927786666667], [-66.90993172, 10.50158588], [-66.90987435999999, 10.501121040000001], [-66.90924964, 10.49951896], [-66.90912238, 10.499414680000001], [-66.90894112, 10.500356320000002], [-66.90888388, 10.500653680000001], [-66.90870262, 10.50159532], [-66.90842026, 10.501749960000001], [-66.90681324, 10.501787706666667], [-66.90630576000001, 10.501799626666667], [-66.90469874000001, 10.501837373333334], [-66.90419126, 10.501849293333333], [-66.90258424000001, 10.50188704], [-66.90207676, 10.50189896], [-66.90046974, 10.501936706666665], [-66.89996226000001, 10.501948626666666], [-66.89835524000001, 10.501986373333335], [-66.89784776, 10.501998293333333], [-66.89624074000001, 10.50203604], [-66.89605324, 10.50218876], [-66.89647275999994, 10.50311824], [-66.89660523999993, 10.50341176], [-66.89702475999988, 10.504341239999999], [-66.89696285999987, 10.50470744], [-66.89615130666655, 10.506097226666668], [-66.89589502666657, 10.506536106666667], [-66.89508347333324, 10.507925893333333], [-66.89482719333324, 10.508364773333334], [-66.89401563999994, 10.50975456], [-66.89375935999993, 10.51019344], [-66.89294780666663, 10.511583226666666], [-66.89269152666662, 10.512022106666667], [-66.8918799733333, 10.513411893333334], [-66.8916236933333, 10.513850773333333], [-66.89081214, 10.515240559999999], [-66.89087445999999, 10.51525518], [-66.89208070666666, 10.513957986666666], [-66.89246162666666, 10.513548346666667], [-66.89366787333333, 10.512251153333331], [-66.89404879333333, 10.511841513333332], [-66.89525504, 10.510544320000001], [-66.89563595999999, 10.51013468], [-66.89684220666666, 10.508837486666668], [-66.89722312666666, 10.508427846666669], [-66.89842937333333, 10.507130653333332], [-66.89881029333333, 10.506721013333333], [-66.90001654, 10.50542382], [-66.90036293999998, 10.50525092], [-66.90135055999994, 10.50545308], [-66.90166243999994, 10.50551692], [-66.9026500599999, 10.50571908], [-66.90281685999989, 10.50595782], [-66.90288563999994, 10.50726768], [-66.90290735999994, 10.50768132], [-66.90297613999999, 10.50899118], [-66.9031968, 10.509234880000001], [-66.90452553333334, 10.509468453333332], [-66.90494513333334, 10.509542213333333], [-66.90627386666667, 10.509775786666667], [-66.90669346666667, 10.509849546666667], [-66.9080222, 10.510083120000001], [-66.90827454, 10.50991306], [-66.90854396, 10.50860244], [-66.90862904, 10.50818856], [-66.90889846, 10.50687794], [-66.90898228, 10.50645912]]]}}, {"type": "Feature", "properties": {"parroquia": "Caricuao", "municipio": "Libertador", "estado": "Distrito Capital", "pcode": "VE010104", "estado_pcode": "VE01", "municipio_pcode": "VE0101", "center_lat": 10.4252285, "center_lon": -66.98067361, "area_sqkm": 24.00620624}, "geometry": {"type": "Polygon", "coordinates": [[[-66.97019610666666, 10.45031321333348], [-66.97172311555556, 10.449415231111255], [-66.97220532888889, 10.44913165777792], [-66.97373233777778, 10.448233675555695], [-66.97421455111112, 10.44795010222236], [-66.97574156, 10.447052120000135], [-66.97622377333333, 10.446768546666801], [-66.97775078222223, 10.445870564444576], [-66.97823299555556, 10.445586991111242], [-66.97976000444444, 10.444689008889014], [-66.98024221777777, 10.44440543555568], [-66.98176922666667, 10.443507453333455], [-66.98225144, 10.44322388000012], [-66.9837784488889, 10.442325897777895], [-66.98426066222223, 10.44204232444456], [-66.98578767111111, 10.441144342222335], [-66.98626988444444, 10.440860768889], [-66.98779689333334, 10.439962786666776], [-66.98828802, 10.439955680000107], [-66.98987148, 10.440808653333427], [-66.99037152, 10.441078013333422], [-66.99195498, 10.44193098666674], [-66.99245502000001, 10.442200346666736], [-66.99403848000001, 10.443053320000057], [-66.99453852, 10.443322680000053], [-66.99612198000001, 10.444175653333371], [-66.99662202, 10.444445013333366], [-66.99820548000001, 10.445297986666688], [-66.99870552000002, 10.445567346666683], [-67.00028898000001, 10.446420320000001], [-67.00081094400001, 10.446488880000004], [-67.00253325599999, 10.446070120000032], [-67.003077144, 10.44593788000004], [-67.004799456, 10.445519120000068], [-67.005343344, 10.445386880000077], [-67.007065656, 10.444968120000103], [-67.007609544, 10.444835880000113], [-67.009331856, 10.444417120000141], [-67.00987574400001, 10.444284880000149], [-67.01159805600001, 10.443866120000177], [-67.01212581, 10.44384578000018], [-67.01374594, 10.44413572000017], [-67.01425756, 10.444227280000169], [-67.01587769, 10.44451722000016], [-67.01638931, 10.444608780000157], [-67.01800944, 10.444898720000149], [-67.01852106, 10.444990280000145], [-67.02014119, 10.44528022000014], [-67.02060039999999, 10.445197480000129], [-67.02188859999994, 10.444383520000077], [-67.02229539999992, 10.444126480000062], [-67.02358359999987, 10.443312520000008], [-67.02360607999987, 10.443003400000007], [-67.02246025333324, 10.441859600000052], [-67.02209841333325, 10.441498400000066], [-67.02095258666661, 10.44035460000011], [-67.02059074666663, 10.439993400000123], [-67.01944492, 10.438849600000168], [-67.01920748, 10.438379992000176], [-67.01884951999997, 10.436549608000174], [-67.01873647999997, 10.435971592000174], [-67.01837851999994, 10.43414120800017], [-67.01826547999994, 10.433563192000172], [-67.0179075199999, 10.43173280800017], [-67.01779447999989, 10.43115479200017], [-67.01743651999986, 10.42932440800017], [-67.01732347999986, 10.428746392000168], [-67.01696551999983, 10.426916008000166], [-67.01665393999983, 10.426571760000163], [-67.01503855999985, 10.426221906666807], [-67.01452843999985, 10.426111426666802], [-67.01291305999989, 10.425761573333448], [-67.0124029399999, 10.42565109333344], [-67.01078755999991, 10.425301240000087], [-67.01027743999991, 10.42519076000008], [-67.00866205999993, 10.424840906666725], [-67.00815193999995, 10.424730426666718], [-67.00653655999997, 10.424380573333364], [-67.00602643999997, 10.424270093333357], [-67.00441106, 10.423920240000003], [-67.00394111, 10.42368317], [-67.00258013999999, 10.422531579999998], [-67.00215036, 10.422167919999998], [-67.00078939, 10.42101633], [-67.00035961, 10.42065267], [-66.99899864, 10.41950108], [-66.99856886, 10.41913742], [-66.99720789, 10.417985830000001], [-66.99671732, 10.41785784], [-66.99497134666667, 10.418198826666668], [-66.99441998666667, 10.418306506666667], [-66.99267401333333, 10.418647493333333], [-66.99212265333333, 10.418755173333334], [-66.99037668, 10.419096159999999], [-66.989897, 10.41905912], [-66.98860499999999, 10.418483546666668], [-66.988197, 10.418301786666667], [-66.986905, 10.417726213333333], [-66.98649699999999, 10.417544453333333], [-66.985205, 10.41696888], [-66.98493724410285, 10.416601661977145], [-66.98453345675426, 10.414851521165733], [-66.98440594495997, 10.414298845120024], [-66.9840021576114, 10.412548704308609], [-66.98387464581711, 10.4119960282629], [-66.98347085846852, 10.410245887451488], [-66.98334334667423, 10.409693211405777], [-66.98293955932564, 10.407943070594364], [-66.98281204753135, 10.407390394548655], [-66.98240826018277, 10.40564025373724], [-66.98228074838848, 10.40508757769153], [-66.9818769610399, 10.403337436880118], [-66.98174944924561, 10.402784760834408], [-66.98134566189702, 10.401034620022996], [-66.98102461207988, 10.400906428861958], [-66.97939508391988, 10.40184469232014], [-66.97888049607988, 10.402140986043776], [-66.97725096791989, 10.403079249501957], [-66.97673638007988, 10.403375543225593], [-66.97510685191989, 10.404313806683774], [-66.97459226407989, 10.40461010040741], [-66.9729627359199, 10.405548363865591], [-66.97244814807989, 10.405844657589228], [-66.9708186199199, 10.406782921047409], [-66.9703040320799, 10.407079214771045], [-66.96867450391991, 10.408017478229226], [-66.96815991607991, 10.408313771952862], [-66.96653038791992, 10.409252035411043], [-66.96601580007992, 10.40954832913468], [-66.96438627191992, 10.41048659259286], [-66.96387168407992, 10.410782886316497], [-66.96224215591992, 10.411721149774678], [-66.96172756807992, 10.412017443498314], [-66.96009803991993, 10.412955706956495], [-66.95958345207993, 10.413252000680131], [-66.95795392391993, 10.414190264138313], [-66.95760802751994, 10.414579817800131], [-66.95704687847996, 10.41610872753347], [-66.95686967351995, 10.41659154113347], [-66.95630852447997, 10.418120450866809], [-66.95613131951995, 10.41860326446681], [-66.95557017047997, 10.420132174200148], [-66.95529437051998, 10.420525560760149], [-66.95410878647996, 10.421488099240136], [-66.95373439151996, 10.421792058760134], [-66.95254880747996, 10.422754597240127], [-66.95217441251995, 10.423058556760123], [-66.95098882847994, 10.424021095240114], [-66.95089092575994, 10.424352872000114], [-66.95145645923992, 10.42549158633345], [-66.95163504875993, 10.425851180333451], [-66.9522005822399, 10.426989894666791], [-66.9523791717599, 10.427349488666792], [-66.95294470523989, 10.428488203000128], [-66.95293703999988, 10.42893761000013], [-66.9523229599999, 10.430645140000127], [-66.95212903999992, 10.431184360000127], [-66.95151495999994, 10.432891890000127], [-66.95132103999995, 10.433431110000125], [-66.95070695999998, 10.435138640000122], [-66.95051303999999, 10.435677860000123], [-66.94989896, 10.43738539000012], [-66.94987792, 10.437894320000115], [-66.95035874666667, 10.439410013333418], [-66.95051058666667, 10.439888653333409], [-66.95099141333334, 10.441404346666712], [-66.95114325333334, 10.441882986666702], [-66.95162408, 10.443398680000005], [-66.95194564, 10.443664568], [-66.95350136, 10.443832831999998], [-66.95399264000001, 10.443885967999998], [-66.95554836, 10.444054232000001], [-66.95603964, 10.444107368000001], [-66.95759536, 10.444275631999998], [-66.95808664, 10.444328767999998], [-66.95964235999999, 10.444497032000001], [-66.96013364, 10.444550168000001], [-66.96168936, 10.444718431999998], [-66.9621756, 10.444916300000003], [-66.9636994, 10.446001200000033], [-66.96418059999999, 10.446343800000042], [-66.9657044, 10.447428700000067], [-66.9661856, 10.447771300000076], [-66.9677094, 10.448856200000106], [-66.9681906, 10.449198800000115], [-66.9697144, 10.450283700000142], [-66.97019610666666, 10.45031321333348]]]}}, {"type": "Feature", "properties": {"parroquia": "Catedral", "municipio": "Libertador", "estado": "Distrito Capital", "pcode": "VE010105", "estado_pcode": "VE01", "municipio_pcode": "VE0101", "center_lat": 10.5060175, "center_lon": -66.91666592, "area_sqkm": 0.84258876}, "geometry": {"type": "Polygon", "coordinates": [[[-66.91345194, 10.50155542], [-66.91204556, 10.501482079999999], [-66.91160144, 10.50145892], [-66.91019505999999, 10.50138558], [-66.90993172, 10.50158588], [-66.90967028, 10.502927786666667], [-66.90958771999999, 10.503351546666668], [-66.90932627999999, 10.504693453333333], [-66.90924371999999, 10.505117213333333], [-66.90898228, 10.50645912], [-66.90920754, 10.50674742], [-66.91089562666667, 10.507231413333335], [-66.91142870666667, 10.507384253333335], [-66.91311679333333, 10.507868246666666], [-66.91364987333333, 10.508021086666666], [-66.91533796, 10.50850508], [-66.91587104, 10.508657920000001], [-66.91755912666667, 10.509141913333332], [-66.91809220666667, 10.509294753333332], [-66.91978029333333, 10.509778746666667], [-66.92031337333333, 10.509931586666667], [-66.92200146, 10.510415579999998], [-66.92235019999998, 10.510570119999999], [-66.9228707999999, 10.511064880000001], [-66.9229932799999, 10.51091836], [-66.92324838666659, 10.50949564], [-66.9233289466666, 10.509046360000001], [-66.92358405333329, 10.50762364], [-66.9236646133333, 10.50717436], [-66.92391971999999, 10.505751640000002], [-66.92371979999999, 10.505457280000005], [-66.9221985333333, 10.505015720000033], [-66.92171813333329, 10.504876280000042], [-66.9201968666666, 10.504434720000068], [-66.91971646666659, 10.504295280000077], [-66.9181951999999, 10.503853720000105], [-66.9176981399999, 10.503650980000103], [-66.91607135999995, 10.502808520000062], [-66.91555763999996, 10.502542480000049], [-66.91393086, 10.501700020000007], [-66.91345194, 10.50155542]]]}}, {"type": "Feature", "properties": {"parroquia": "Coche", "municipio": "Libertador", "estado": "Distrito Capital", "pcode": "VE010106", "estado_pcode": "VE01", "municipio_pcode": "VE0101", "center_lat": 10.4336575, "center_lon": -66.93741391, "area_sqkm": 12.29543577}, "geometry": {"type": "Polygon", "coordinates": [[[-66.90815763255995, 10.408909693440185], [-66.90791765343997, 10.410235370560184], [-66.90784187055996, 10.410654005440183], [-66.90760189144, 10.411979682560183], [-66.90775977999999, 10.412414400000179], [-66.90899972, 10.413841933333488], [-66.90939128, 10.41429273333348], [-66.91063122, 10.415720266666792], [-66.91102278, 10.416171066666784], [-66.91226272, 10.417598600000096], [-66.91265428, 10.418049400000088], [-66.91389422, 10.419476933333398], [-66.91428578, 10.41992773333339], [-66.91552572, 10.4213552666667], [-66.91591728, 10.421806066666694], [-66.91715722, 10.423233600000001], [-66.91763298400001, 10.423458543999999], [-66.919406216, 10.423455656], [-66.919966184, 10.423454743999999], [-66.921739416, 10.423451856], [-66.922299384, 10.423450943999999], [-66.924072616, 10.423448056], [-66.92463258400001, 10.423447144], [-66.926405816, 10.423444255999998], [-66.926965784, 10.423443343999999], [-66.928739016, 10.423440455999998], [-66.92886681, 10.423649010000002], [-66.92790294, 10.424972740000026], [-66.92759856, 10.425390760000033], [-66.92663469, 10.426714490000053], [-66.92633031, 10.42713251000006], [-66.92536643999999, 10.428456240000084], [-66.92506205999999, 10.428874260000091], [-66.92409819, 10.430197990000114], [-66.92393977714286, 10.430676417142974], [-66.92390036571427, 10.432382725714408], [-66.92388791999997, 10.432921560000125], [-66.92384850857141, 10.434627868571559], [-66.9238360628571, 10.435166702857273], [-66.92379665142852, 10.436873011428709], [-66.92378420571424, 10.437411845714426], [-66.92374479428565, 10.439118154285861], [-66.92373234857138, 10.439656988571578], [-66.92369293714279, 10.441363297143013], [-66.9236804914285, 10.441902131428728], [-66.92364107999992, 10.443608440000162], [-66.92362863428563, 10.444147274285879], [-66.92358922285705, 10.445853582857312], [-66.9234555599999, 10.446309690000165], [-66.92264843999989, 10.447492060000133], [-66.92239355999989, 10.447865440000124], [-66.92158643999988, 10.449047810000089], [-66.92133155999989, 10.449421190000079], [-66.92052443999988, 10.450603560000049], [-66.92026955999988, 10.450976940000038], [-66.91946243999988, 10.452159310000006], [-66.91952947999988, 10.452506840000005], [-66.92076118666654, 10.453525493333366], [-66.92115014666652, 10.453847173333376], [-66.92238185333318, 10.454865826666738], [-66.92277081333317, 10.455187506666748], [-66.92400251999982, 10.456206160000109], [-66.92444407999983, 10.456286540000116], [-66.9260089199999, 10.455776960000128], [-66.92650307999992, 10.45561604000013], [-66.92806791999999, 10.455106460000144], [-66.92857096, 10.45516908000014], [-66.93019204, 10.456075253333434], [-66.93070396, 10.456361413333424], [-66.93232504, 10.457267586666722], [-66.93283696, 10.45755374666671], [-66.93445804, 10.458459920000006], [-66.93486365999999, 10.458374820000003], [-66.93581150666665, 10.45692968000002], [-66.93611082666663, 10.456473320000025], [-66.9370586733333, 10.455028180000044], [-66.93735799333328, 10.45457182000005], [-66.93830583999991, 10.453126680000066], [-66.93860515999991, 10.452670320000072], [-66.93955300666657, 10.451225180000089], [-66.93985232666657, 10.450768820000095], [-66.94080017333322, 10.449323680000113], [-66.94109949333321, 10.448867320000119], [-66.94204733999986, 10.447422180000135], [-66.94242507199985, 10.447108656000134], [-66.94386952799988, 10.446568144000114], [-66.94432567199988, 10.446397456000106], [-66.94577012799991, 10.445856944000086], [-66.94622627199992, 10.44568625600008], [-66.94767072799995, 10.445145744000058], [-66.94812687199996, 10.444975056000052], [-66.94957132799998, 10.444434544000032], [-66.95002747199997, 10.444263856000024], [-66.95147192799999, 10.443723344000004], [-66.95162408, 10.443398680000005], [-66.95114325333334, 10.441882986666702], [-66.95099141333334, 10.441404346666712], [-66.95051058666667, 10.439888653333409], [-66.95035874666667, 10.439410013333418], [-66.94987792, 10.437894320000115], [-66.94989896, 10.43738539000012], [-66.95051303999999, 10.435677860000123], [-66.95070695999998, 10.435138640000122], [-66.95132103999995, 10.433431110000125], [-66.95151495999994, 10.432891890000127], [-66.95212903999992, 10.431184360000127], [-66.9523229599999, 10.430645140000127], [-66.95293703999988, 10.42893761000013], [-66.95294470523989, 10.428488203000128], [-66.9523791717599, 10.427349488666792], [-66.9522005822399, 10.426989894666791], [-66.95163504875993, 10.425851180333451], [-66.95145645923992, 10.42549158633345], [-66.95089092575994, 10.424352872000114], [-66.95052873149993, 10.424134334590113], [-66.94880036799995, 10.423888978660111], [-66.94825456899994, 10.423811497840111], [-66.94652620549996, 10.42356614191011], [-66.94598040649996, 10.42348866109011], [-66.94425204299998, 10.423243305160108], [-66.94370624399997, 10.423165824340106], [-66.94197788049998, 10.422920468410108], [-66.94151541163998, 10.422705344320107], [-66.94031480569332, 10.421588247680106], [-66.93993566697331, 10.421235480320107], [-66.93873506102663, 10.420118383680105], [-66.93835592230663, 10.419765616320106], [-66.93715531635996, 10.418648519680106], [-66.93677617763996, 10.418295752320105], [-66.93557557169329, 10.417178655680104], [-66.93519643297329, 10.416825888320105], [-66.9339958270266, 10.415708791680103], [-66.9336166883066, 10.415356024320104], [-66.93241608235994, 10.414238927680103], [-66.93196130177994, 10.414098546520103], [-66.93028163071993, 10.414326562480102], [-66.92975120827994, 10.414398567520104], [-66.92807153721994, 10.414626583480105], [-66.92754111477994, 10.414698588520105], [-66.92586144371994, 10.414926604480106], [-66.92533102127994, 10.414998609520106], [-66.92365135021994, 10.415226625480107], [-66.92312572845708, 10.415150132251537], [-66.92147646168566, 10.41443765917726], [-66.92095564059994, 10.41421266768012], [-66.9193063738285, 10.413500194605842], [-66.9187855527428, 10.413275203108702], [-66.91713628597137, 10.412562730034425], [-66.91661546488567, 10.412337738537284], [-66.91496619811423, 10.411625265463007], [-66.91444537702853, 10.411400273965867], [-66.91279611025709, 10.410687800891587], [-66.91227528917139, 10.410462809394447], [-66.91062602239995, 10.409750336320172], [-66.91010520131424, 10.409525344823031], [-66.90845593454281, 10.408812871748754], [-66.90815763255995, 10.408909693440185]]]}}, {"type": "Feature", "properties": {"parroquia": "El Junquito", "municipio": "Libertador", "estado": "Distrito Capital", "pcode": "VE010107", "estado_pcode": "VE01", "municipio_pcode": "VE0101", "center_lat": 10.4946755, "center_lon": -67.02329514, "area_sqkm": 58.73882787}, "geometry": {"type": "Polygon", "coordinates": [[[-66.97634504, 10.495360360000154], [-66.97805529333333, 10.496179640000113], [-66.97859537333333, 10.4964383600001], [-66.98030562666666, 10.49725764000006], [-66.98084570666667, 10.497516360000047], [-66.98255596000001, 10.498335640000006], [-66.98301648, 10.498264120000007], [-66.98422285333334, 10.496991880000053], [-66.98460381333334, 10.496590120000068], [-66.98581018666667, 10.495317880000115], [-66.98619114666667, 10.49491612000013], [-66.98739752, 10.493643880000178], [-66.98774748, 10.493525200000175], [-66.98875752000001, 10.494045800000102], [-66.98907648, 10.494210200000081], [-66.99008652, 10.49473080000001], [-66.9902007, 10.49510814], [-66.98991380000001, 10.496977360000002], [-66.9898232, 10.497567640000002], [-66.9895363, 10.49943686], [-66.9896731, 10.4997326], [-66.9908264, 10.4997364], [-66.9911906, 10.4997376], [-66.9923439, 10.4997414], [-66.99250104, 10.49989968], [-66.99234296, 10.50089832], [-66.99229303999999, 10.50121368], [-66.99213496, 10.502212320000002], [-66.99236848, 10.502370400000007], [-66.99400552, 10.502372933333373], [-66.99452248, 10.502373733333384], [-66.99615951999999, 10.502376266666747], [-66.99667647999999, 10.502377066666758], [-66.99831352, 10.502379600000125], [-66.99861874, 10.50266359000013], [-66.99891475999998, 10.504459660000132], [-66.99900823999997, 10.505026840000133], [-66.99930425999995, 10.506822910000134], [-66.99939773999995, 10.507390090000134], [-66.99969375999993, 10.509186160000136], [-66.99978723999992, 10.509753340000135], [-67.0000832599999, 10.511549410000137], [-66.9999900079999, 10.512032992000133], [-66.9991033919999, 10.513299608000114], [-66.9988234079999, 10.513699592000107], [-66.99793679199988, 10.514966208000086], [-66.99765680799987, 10.51536619200008], [-66.99677019199987, 10.516632808000058], [-66.99649020799987, 10.517032792000052], [-66.99560359199985, 10.518299408000031], [-66.99532360799985, 10.518699392000023], [-66.99443699199985, 10.519966008000004], [-66.99423827999985, 10.52046004], [-66.99386638666657, 10.522322293333334], [-66.99374894666657, 10.522910373333334], [-66.99337705333328, 10.524772626666666], [-66.99325961333328, 10.525360706666666], [-66.99288771999998, 10.52722296], [-66.99307266, 10.52750446000001], [-66.99461583999995, 10.527425040000077], [-66.99510315999994, 10.5273999600001], [-66.9966463399999, 10.527320540000165], [-66.9967377199999, 10.527471920000165], [-66.99577327999994, 10.5285100800001], [-66.99546871999995, 10.528837920000077], [-66.99450428, 10.52987608000001], [-66.9945498, 10.53008952], [-66.9958025333333, 10.530403146666666], [-66.9961981333333, 10.530502186666666], [-66.99745086666661, 10.530815813333334], [-66.9978464666666, 10.530914853333332], [-66.9990991999999, 10.53122848], [-66.9994637199999, 10.531478], [-67.00051961333324, 10.532744666666666], [-67.00085305333323, 10.533144666666667], [-67.00190894666656, 10.534411333333333], [-67.00224238666655, 10.534811333333332], [-67.0032982799999, 10.536078], [-67.00363161999991, 10.536128], [-67.00468687999994, 10.535178], [-67.00502011999994, 10.534878], [-67.00607538, 10.533928], [-67.00653646, 10.533728], [-67.00840137333333, 10.533411333333333], [-67.00899029333334, 10.533311333333334], [-67.01085520666666, 10.532994666666667], [-67.01144412666667, 10.532894666666667], [-67.01330904, 10.532577999999999], [-67.01389796000001, 10.532478], [-67.01576287333333, 10.532161333333333], [-67.01635179333334, 10.532061333333333], [-67.01821670666668, 10.531744666666667], [-67.01880562666668, 10.531644666666665], [-67.02067054000001, 10.531328], [-67.02118382021, 10.531413585990002], [-67.02256968153998, 10.532272297260025], [-67.02300732195997, 10.53254346924003], [-67.02439318328993, 10.53340218051005], [-67.02483082370992, 10.533673352490057], [-67.0262166850399, 10.534532063760077], [-67.02665432545989, 10.534803235740084], [-67.02804018678987, 10.535661947010103], [-67.02822567093986, 10.535612589840099], [-67.02801454255987, 10.53444128316005], [-67.02794787043987, 10.534071396840034], [-67.02773674205989, 10.532900090159984], [-67.02800145879988, 10.532720225399977], [-67.02988912653322, 10.53275238859999], [-67.03048523213323, 10.532762545399994], [-67.03237289986657, 10.532794708600004], [-67.03296900546658, 10.53280486540001], [-67.03485667319991, 10.53283702860002], [-67.03540287917706, 10.532755926120023], [-67.03697451596564, 10.532210113880026], [-67.03747082231992, 10.53203775212003], [-67.03904245910849, 10.531491939880034], [-67.03953876546277, 10.531319578120035], [-67.04111040225135, 10.530773765880042], [-67.04160670860563, 10.530601404120043], [-67.04317834539421, 10.530055591880048], [-67.04367465174849, 10.529883230120051], [-67.04524628853707, 10.529337417880054], [-67.04574259489135, 10.529165056120057], [-67.04731423167992, 10.528619243880064], [-67.0478105380342, 10.528446882120065], [-67.04938217482278, 10.52790106988007], [-67.04971231435192, 10.527579130088071], [-67.05023156124793, 10.526085990312088], [-67.05039553395193, 10.525614472488094], [-67.05091478084795, 10.524121332712108], [-67.05107875355195, 10.523649814888113], [-67.05159800044795, 10.522156675112132], [-67.05176197315195, 10.521685157288138], [-67.05228122004797, 10.520192017512151], [-67.05244519275197, 10.519720499688157], [-67.05296443964798, 10.518227359912174], [-67.05329657695998, 10.517999539760176], [-67.05488086637331, 10.518049818573509], [-67.05538116829331, 10.518065696093508], [-67.05696545770664, 10.518115974906841], [-67.05746575962664, 10.51813185242684], [-67.05905004903997, 10.518182131240174], [-67.05955035095997, 10.518198008760175], [-67.0611346403733, 10.518248287573506], [-67.0616349422933, 10.518264165093505], [-67.06321923170663, 10.518314443906839], [-67.06371953362662, 10.518330321426838], [-67.06530382303995, 10.518380600240171], [-67.06564931639996, 10.518124831440165], [-67.06625315159995, 10.516454683560138], [-67.06644383639996, 10.515927268440128], [-67.06704767159995, 10.5142571205601], [-67.06695566867995, 10.513787412360093], [-67.06576914831994, 10.512482741640092], [-67.06539445767994, 10.512070740360091], [-67.06420793731994, 10.51076606964009], [-67.06383324667993, 10.510354068360089], [-67.06264672631993, 10.509049397640087], [-67.06227203567992, 10.508637396360086], [-67.06108551531993, 10.507332725640083], [-67.06071082467993, 10.506920724360082], [-67.05952430431992, 10.50561605364008], [-67.05914961367992, 10.50520405236008], [-67.05796309331991, 10.503899381640078], [-67.05758840267991, 10.503487380360077], [-67.0564018823199, 10.502182709640076], [-67.05627087684991, 10.501710278385076], [-67.05662769589989, 10.500022884490079], [-67.0567403755999, 10.49949002326008], [-67.0570971946499, 10.497802629365083], [-67.0572098743499, 10.497269768135084], [-67.0575666933999, 10.495582374240087], [-67.05767937309992, 10.495049513010088], [-67.0580361921499, 10.49336211911509], [-67.05814887184991, 10.492829257885091], [-67.0585056908999, 10.491141863990094], [-67.0586183705999, 10.490609002760095], [-67.0589751896499, 10.488921608865098], [-67.05908786934991, 10.4883887476351], [-67.0594446883999, 10.486701353740102], [-67.05955736809992, 10.486168492510103], [-67.0599141871499, 10.484481098615106], [-67.0597983185599, 10.484059504760106], [-67.05870766510658, 10.483076804240095], [-67.05836324822658, 10.482766477760093], [-67.05727259477325, 10.481783777240084], [-67.05692817789325, 10.481473450760081], [-67.05583752443994, 10.48049075024007], [-67.05572321693994, 10.48007687968007], [-67.05608992289326, 10.478438399986734], [-67.05620572477326, 10.477920985346733], [-67.05657243072658, 10.476282505653396], [-67.05668823260656, 10.475765091013395], [-67.0570549385599, 10.47412661132006], [-67.05717074043989, 10.473609196680059], [-67.05753744639321, 10.471970716986723], [-67.05765324827321, 10.471453302346722], [-67.05801995422654, 10.469814822653385], [-67.05813575610654, 10.469297408013384], [-67.05850246205986, 10.467658928320049], [-67.05880699008557, 10.467281742240049], [-67.06036896162844, 10.466531376760052], [-67.06086221579987, 10.466294419240054], [-67.06242418734274, 10.465544053760055], [-67.06291744151417, 10.465307096240057], [-67.06447941305704, 10.46455673076006], [-67.06497266722847, 10.46431977324006], [-67.06653463877136, 10.463569407760065], [-67.06702789294279, 10.463332450240065], [-67.06858986448566, 10.462582084760069], [-67.06908311865709, 10.46234512724007], [-67.07064509019996, 10.461594761760072], [-67.07113834437139, 10.461357804240073], [-67.07270031591426, 10.460607438760077], [-67.07322172553998, 10.460532489520077], [-67.07496201495997, 10.460808176480072], [-67.07551158003997, 10.46089523552007], [-67.07725186945996, 10.461170922480065], [-67.07780143453996, 10.461257981520063], [-67.07954172395995, 10.461533668480058], [-67.08009128903996, 10.461620727520057], [-67.08183157845994, 10.461896414480051], [-67.08235493067994, 10.461797498560053], [-67.08392920531995, 10.460895344106724], [-67.08442634467994, 10.460610453226726], [-67.08600061931995, 10.4597082987734], [-67.08649775867994, 10.459423407893404], [-67.08807203331995, 10.458521253440075], [-67.08857798442995, 10.458381086890077], [-67.09020806681994, 10.458395519860085], [-67.09072282967995, 10.458400077640086], [-67.09235291206994, 10.45841451061009], [-67.09286767492995, 10.458419068390093], [-67.09449775731994, 10.458433501360098], [-67.09501252017995, 10.4584380591401], [-67.09664260256994, 10.458452492110105], [-67.09714753229994, 10.458605313160103], [-67.09871533819992, 10.459558746840077], [-67.09921043479991, 10.45985983116007], [-67.1007782406999, 10.460813264840047], [-67.1012523697999, 10.460805884160045], [-67.10268738153326, 10.459805706173402], [-67.10314054313326, 10.459489860493408], [-67.10457555486661, 10.458489682506764], [-67.10502871646662, 10.458173836826772], [-67.10646372819998, 10.457173658840127], [-67.10642390370285, 10.456948094811558], [-67.10473667015427, 10.456519700617275], [-67.10420385955999, 10.456384418240132], [-67.10251662601142, 10.455956024045847], [-67.10198381541714, 10.455820741668704], [-67.10029658186856, 10.45539234747442], [-67.09976377127428, 10.455257065097278], [-67.0980765377257, 10.454828670902991], [-67.09754372713142, 10.454693388525849], [-67.09585649358284, 10.454264994331565], [-67.09532368298856, 10.454129711954423], [-67.09363644944, 10.453701317760137], [-67.09310363884572, 10.453566035382995], [-67.09141640529714, 10.453137641188711], [-67.0909708, 10.453174800000133], [-67.08983586666668, 10.453838533333432], [-67.08947746666666, 10.454048133333421], [-67.08834253333333, 10.454711866666718], [-67.08798413333332, 10.454921466666708], [-67.08684919999999, 10.455585200000007], [-67.08639742857142, 10.45566942857143], [-67.08467114285712, 10.455539142857143], [-67.08412599999997, 10.455498], [-67.08239971428569, 10.455367714285714], [-67.08185457142854, 10.455326571428571], [-67.08012828571424, 10.455196285714285], [-67.07958314285709, 10.455155142857143], [-67.07785685714279, 10.455024857142858], [-67.07731171428564, 10.454983714285715], [-67.07558542857134, 10.454853428571429], [-67.0750402857142, 10.454812285714286], [-67.07331399999988, 10.454682], [-67.07276885714273, 10.454640857142858], [-67.07104257142844, 10.454510571428571], [-67.07060979999986, 10.454704199999998], [-67.06959519999985, 10.456060800000001], [-67.06927479999986, 10.4564892], [-67.06826019999986, 10.457845800000001], [-67.06783263999985, 10.458041280000003], [-67.06613935999987, 10.457922720000024], [-67.06560463999988, 10.457885280000031], [-67.0639113599999, 10.457766720000052], [-67.06337663999992, 10.45772928000006], [-67.06168335999993, 10.45761072000008], [-67.06114863999994, 10.457573280000087], [-67.05945535999997, 10.457454720000108], [-67.05892063999998, 10.457417280000115], [-67.05722736, 10.457298720000137], [-67.05682503, 10.457468370000136], [-67.05597022, 10.458661380000109], [-67.05570028, 10.459038120000102], [-67.05484547, 10.460231130000073], [-67.05457553, 10.460607870000064], [-67.05372072, 10.46180088000004], [-67.05345077999999, 10.46217762000003], [-67.05259597, 10.463370630000004], [-67.05231613, 10.46332383], [-67.05139862, 10.461834419999999], [-67.05110888, 10.46136408], [-67.05019137, 10.45987467], [-67.04990163, 10.45940433], [-67.04898411999999, 10.45791492], [-67.04869437999999, 10.45744458], [-67.04777686999999, 10.45595517], [-67.04735212, 10.455723340000002], [-67.04557954666666, 10.455744493333361], [-67.04501978666667, 10.455751173333368], [-67.04324721333333, 10.455772326666725], [-67.04268745333333, 10.455779006666733], [-67.04091488, 10.455800160000091], [-67.04035512, 10.455806840000099], [-67.03858254666667, 10.455827993333454], [-67.03802278666667, 10.455834673333461], [-67.03625021333333, 10.455855826666822], [-67.03569045333333, 10.45586250666683], [-67.03391787999999, 10.455883660000184], [-67.03342529999999, 10.456041140000183], [-67.0320782, 10.457017360000147], [-67.0316528, 10.457325640000136], [-67.0303057, 10.4583018600001], [-67.0298803, 10.458610140000088], [-67.02853320000001, 10.459586360000053], [-67.02810780000002, 10.459894640000043], [-67.02676070000001, 10.460870860000004], [-67.02626072, 10.461060520000004], [-67.02444127999996, 10.461285480000045], [-67.02386671999996, 10.461356520000056], [-67.02204727999992, 10.461581480000095], [-67.0214727199999, 10.461652520000108], [-67.01965327999989, 10.461877480000148], [-67.01918950399988, 10.46174778400015], [-67.0180716959999, 10.460701416000123], [-67.0177187039999, 10.460370984000118], [-67.01660089599991, 10.459324616000096], [-67.01624790399993, 10.458994184000089], [-67.01513009599995, 10.457947816000065], [-67.01477710399996, 10.457617384000056], [-67.01365929599997, 10.456571016000035], [-67.01330630399998, 10.456240584000028], [-67.012188496, 10.455194216000002], [-67.01180026, 10.455021440000007], [-67.01045923999999, 10.45497356000005], [-67.01003576, 10.454958440000064], [-67.00869474, 10.454910560000108], [-67.0084887, 10.455190240000112], [-67.0085248, 10.457009426666765], [-67.00853620000001, 10.45758390666676], [-67.0085723, 10.459403093333412], [-67.0085837, 10.459977573333408], [-67.00861979999999, 10.46179676000006], [-67.0086312, 10.462371240000056], [-67.0086673, 10.464190426666706], [-67.0086787, 10.464764906666701], [-67.0087148, 10.466584093333356], [-67.00872620000001, 10.467158573333352], [-67.0087623, 10.468977760000001], [-67.00847553, 10.469325330000004], [-67.00662322, 10.469707420000036], [-67.00603828, 10.469828080000045], [-67.00418597, 10.470210170000074], [-67.00360103, 10.470330830000083], [-67.00174872000001, 10.470712920000116], [-67.00116378000001, 10.470833580000125], [-66.99931147000001, 10.471215670000154], [-66.99923566, 10.47145936000015], [-67.00060783999996, 10.47262064000009], [-67.00104115999994, 10.47298736000007], [-67.0024133399999, 10.47414864000001], [-67.00236335999989, 10.474343120000007], [-67.00067463999989, 10.474413546666714], [-67.00014135999987, 10.474435786666726], [-66.99845263999987, 10.47450621333343], [-66.99791935999986, 10.474528453333441], [-66.99623063999985, 10.47459888000015], [-66.99596399999984, 10.474843340000147], [-66.99596399999984, 10.476321160000087], [-66.99596399999984, 10.476787840000068], [-66.99596399999984, 10.478265660000009], [-66.99573995999985, 10.47834090000001], [-66.99432103999992, 10.477339600000075], [-66.99387295999993, 10.477023400000096], [-66.99245404, 10.476022100000163], [-66.99222144000001, 10.476107920000166], [-66.99216722666667, 10.477652746666788], [-66.99215010666667, 10.478140586666775], [-66.99209589333334, 10.479685413333396], [-66.99207877333335, 10.480173253333382], [-66.99202456, 10.481718080000007], [-66.99181128000001, 10.482062840000005], [-66.99051472000001, 10.48270149333337], [-66.99010528000001, 10.48290317333338], [-66.98880872, 10.483541826666745], [-66.98839928, 10.483743506666755], [-66.98710272, 10.48438216000012], [-66.986749704, 10.484742848000126], [-66.985810496, 10.486388552000125], [-66.98551390399999, 10.486908248000125], [-66.98457469599998, 10.488553952000128], [-66.984278104, 10.489073648000128], [-66.98333889599999, 10.490719352000129], [-66.983042304, 10.49123904800013], [-66.982103096, 10.49288475200013], [-66.98180650399999, 10.493404448000131], [-66.980867296, 10.495050152000132], [-66.98044036, 10.495305260000134], [-66.97867564, 10.495275240000144], [-66.97811836, 10.495265760000148], [-66.97635364, 10.495235740000158], [-66.97634504, 10.495360360000154]]]}}, {"type": "Feature", "properties": {"parroquia": "El Paraíso", "municipio": "Libertador", "estado": "Distrito Capital", "pcode": "VE010108", "estado_pcode": "VE01", "municipio_pcode": "VE0101", "center_lat": 10.485052, "center_lon": -66.94562126, "area_sqkm": 10.3434603}, "geometry": {"type": "Polygon", "coordinates": [[[-66.96336356571418, 10.473370302857143], [-66.96177114857133, 10.474347554285716], [-66.9612682799999, 10.474656160000002], [-66.95967586285707, 10.475633411428573], [-66.95917299428564, 10.47594201714286], [-66.95758057714279, 10.476919268571429], [-66.95707770857138, 10.477227874285715], [-66.95548529142853, 10.478205125714286], [-66.9549824228571, 10.47851373142857], [-66.95339000571425, 10.479490982857143], [-66.95288713714282, 10.47979958857143], [-66.95129471999999, 10.48077684], [-66.95079185142856, 10.481085445714285], [-66.94919943428572, 10.482062697142858], [-66.94885551, 10.48198309], [-66.94826974, 10.48050166], [-66.94808476, 10.48003384], [-66.94749899, 10.478552409999999], [-66.94731401, 10.47808459], [-66.94672824, 10.476603160000002], [-66.94654326, 10.47613534], [-66.94595749, 10.47465391], [-66.94569096, 10.47430524], [-66.94458870666666, 10.473578426666668], [-66.94424062666666, 10.473348906666669], [-66.94313837333333, 10.472622093333332], [-66.94279029333333, 10.472392573333332], [-66.94168804, 10.47166576], [-66.94126926, 10.4715762], [-66.93971924, 10.471735800000001], [-66.93922976, 10.471786200000002], [-66.93767974, 10.471945799999999], [-66.93719026, 10.4719962], [-66.93564024, 10.4721558], [-66.93515076, 10.472206199999999], [-66.93360074, 10.4723658], [-66.9332966, 10.47266043], [-66.93292039999997, 10.47436682], [-66.93280159999998, 10.47490568], [-66.93242539999994, 10.47661207], [-66.93230659999995, 10.47715093], [-66.93193039999993, 10.478857320000001], [-66.93181159999992, 10.47939618], [-66.93143539999988, 10.481102570000001], [-66.93115200799988, 10.48149848], [-66.92973339199992, 10.48229952], [-66.92928540799991, 10.48255248], [-66.92786679199993, 10.48335352], [-66.92741880799993, 10.483606479999999], [-66.92600019199995, 10.484407520000001], [-66.92555220799996, 10.48466048], [-66.92413359199998, 10.48546152], [-66.92368560799999, 10.48571448], [-66.922266992, 10.48651552], [-66.92175793999999, 10.4866219], [-66.91995255999994, 10.4864946], [-66.91938243999992, 10.4864544], [-66.91757705999987, 10.4863271], [-66.91724477999986, 10.486504520000008], [-66.91694571999992, 10.487755480000049], [-66.91685127999993, 10.488150520000062], [-66.91655221999999, 10.489401480000106], [-66.91624892, 10.489559400000118], [-66.91462708, 10.489308600000147], [-66.91441648, 10.48950678000015], [-66.91470451999994, 10.49101272000015], [-66.91479547999994, 10.491488280000148], [-66.91508351999988, 10.49299422000015], [-66.91534535999986, 10.493183000000144], [-66.91671563999986, 10.492872666666774], [-66.91714835999986, 10.49277466666676], [-66.91851863999986, 10.492464333333388], [-66.91895135999985, 10.492366333333376], [-66.92032163999986, 10.492056000000005], [-66.92074772999985, 10.492124840000004], [-66.92207601999985, 10.492871160000032], [-66.92249547999984, 10.49310684000004], [-66.92382376999984, 10.493853160000068], [-66.92424322999983, 10.494088840000076], [-66.92557151999983, 10.494835160000106], [-66.92599097999982, 10.495070840000114], [-66.92731926999983, 10.49581716000014], [-66.92775163428554, 10.495805760000142], [-66.92916165142842, 10.494987240000128], [-66.92960691999986, 10.494728760000124], [-66.93101693714273, 10.493910240000105], [-66.93146220571417, 10.4936517600001], [-66.93287222285704, 10.492833240000087], [-66.93331749142848, 10.492574760000082], [-66.93472750857134, 10.491756240000063], [-66.93517277714278, 10.491497760000058], [-66.93658279428566, 10.490679240000045], [-66.9370280628571, 10.490420760000038], [-66.93843807999997, 10.489602240000023], [-66.93888334857141, 10.489343760000018], [-66.94029336571428, 10.488525240000001], [-66.940644448, 10.488665664000003], [-66.94145795200001, 10.490373536000023], [-66.941714848, 10.490912864000029], [-66.94252835200001, 10.49262073600005], [-66.942785248, 10.493160064000058], [-66.943598752, 10.494867936000075], [-66.943855648, 10.495407264000082], [-66.944669152, 10.497115136000104], [-66.944926048, 10.49765446400011], [-66.945739552, 10.49936233600013], [-66.94611046857143, 10.49952084571442], [-66.94764610285715, 10.498816868571561], [-66.94813104, 10.498594560000132], [-66.94966667428572, 10.497890582857277], [-66.95015161142858, 10.497668274285848], [-66.9516872457143, 10.49696429714299], [-66.95217218285715, 10.49674198857156], [-66.95370781714286, 10.496038011428706], [-66.95419275428571, 10.495815702857277], [-66.95572838857143, 10.495111725714418], [-66.95621332571429, 10.49488941714299], [-66.95774896, 10.494185440000134], [-66.95823389714286, 10.493963131428705], [-66.95976953142858, 10.493259154285846], [-66.96024219, 10.493311890000129], [-66.96170005999997, 10.494349860000103], [-66.96216043999996, 10.494677640000095], [-66.96361830999993, 10.49571561000007], [-66.96407868999992, 10.496043390000063], [-66.96553655999989, 10.497081360000038], [-66.96599693999988, 10.49740914000003], [-66.96745480999985, 10.498447110000004], [-66.96790561999985, 10.49851368], [-66.96930287999992, 10.49789732], [-66.96974411999993, 10.49770268], [-66.97114137999999, 10.49708632], [-66.97122652, 10.496748820000002], [-66.97036848, 10.49522768000003], [-66.97009752000001, 10.494747320000037], [-66.96923948, 10.493226180000061], [-66.96896852, 10.492745820000069], [-66.96811048, 10.491224680000096], [-66.96783952, 10.490744320000104], [-66.96698148, 10.489223180000128], [-66.96685742400001, 10.488742736000132], [-66.96692977600001, 10.48722106400013], [-66.96695262400002, 10.486740536000129], [-66.967024976, 10.485218864000124], [-66.96704782399999, 10.484738336000124], [-66.96712017600001, 10.483216664000121], [-66.967143024, 10.48273613600012], [-66.96721537599998, 10.481214464000116], [-66.967238224, 10.480733936000114], [-66.96731057599999, 10.479212264000115], [-66.96717371999999, 10.478741760000108], [-66.9662346133333, 10.477283573333413], [-66.96593805333329, 10.476823093333405], [-66.9649989466666, 10.475364906666709], [-66.96470238666659, 10.4749044266667], [-66.9637632799999, 10.473446240000005], [-66.96336356571418, 10.473370302857143]]]}}, {"type": "Feature", "properties": {"parroquia": "El Recreo", "municipio": "Libertador", "estado": "Distrito Capital", "pcode": "VE010109", "estado_pcode": "VE01", "municipio_pcode": "VE0101", "center_lat": 10.51615966, "center_lon": -66.87732569, "area_sqkm": 15.54573253}, "geometry": {"type": "Polygon", "coordinates": [[[-66.8690086418959, 10.487768260912054], [-66.86906854190391, 10.489404736688057], [-66.86908745769591, 10.489921518512057], [-66.86914735770392, 10.491557994288058], [-66.86916627349592, 10.492074776112059], [-66.86922617350393, 10.493711251888062], [-66.86924508929593, 10.494228033712062], [-66.86930498930394, 10.495864509488063], [-66.86932390509594, 10.496381291312064], [-66.86938380510395, 10.498017767088067], [-66.86925530988566, 10.49852139397721], [-66.86838160682852, 10.500074555165783], [-66.86810570059994, 10.50056502712007], [-66.86723199754279, 10.502118188308643], [-66.86695609131422, 10.50260866026293], [-66.86608238825707, 10.504161821451502], [-66.86580648202849, 10.504652293405789], [-66.86493277897134, 10.50620545459436], [-66.86465687274276, 10.506695926548646], [-66.86378316968562, 10.50824908773722], [-66.86350726345704, 10.508739559691506], [-66.86263356039989, 10.510292720880079], [-66.8623576541713, 10.510783192834364], [-66.86148395111417, 10.512336354022938], [-66.86145776796351, 10.512831752396444], [-66.86216564439988, 10.514416114240081], [-66.86238918432716, 10.514916439032808], [-66.86309706076352, 10.516500800876441], [-66.8633206006908, 10.517001125669168], [-66.86402847712716, 10.518585487512803], [-66.86425201705444, 10.51908581230553], [-66.8649598934908, 10.520670174149164], [-66.86518343341808, 10.52117049894189], [-66.86589130985445, 10.522754860785527], [-66.86611484978172, 10.523255185578254], [-66.86682272621809, 10.524839547421887], [-66.86704626614537, 10.525339872214614], [-66.86775414258173, 10.526924234058251], [-66.86797768250901, 10.527424558850978], [-66.86868555894537, 10.529008920694611], [-66.86890909887265, 10.529509245487338], [-66.86961697530901, 10.531093607330973], [-66.86984051523629, 10.5315939321237], [-66.87054839167266, 10.533178293967334], [-66.87077193159993, 10.53367861876006], [-66.8714798080363, 10.535262980603697], [-66.87161838873594, 10.53576656550406], [-66.87178819006394, 10.537371574696056], [-66.87184181153593, 10.537878419704054], [-66.87201161286391, 10.539483428896052], [-66.87206523433592, 10.539990273904051], [-66.8722350356639, 10.541595283096045], [-66.87228865713591, 10.542102128104045], [-66.8724584584639, 10.543707137296042], [-66.87251207993589, 10.54421398230404], [-66.87268188126389, 10.545818991496038], [-66.8729239807299, 10.545937919110038], [-66.87428747601989, 10.545086118140041], [-66.87471805347988, 10.544817128360044], [-66.87608154876989, 10.54396532739005], [-66.8765121262299, 10.54369633761005], [-66.8778756215199, 10.542844536640054], [-66.8783061989799, 10.542575546860057], [-66.8796696942699, 10.54172374589006], [-66.8801392397199, 10.54168680536006], [-66.88174953227991, 10.542304649640052], [-66.88225804571991, 10.54249975836005], [-66.88386833827992, 10.543117602640045], [-66.88437685171992, 10.543312711360043], [-66.88598714427992, 10.543930555640033], [-66.88649565771992, 10.544125664360031], [-66.88810595027994, 10.544743508640027], [-66.88861446371993, 10.544938617360025], [-66.89022475627995, 10.545556461640015], [-66.89048090518764, 10.545375302006168], [-66.89049288904303, 10.543610113378476], [-66.89049667341841, 10.543052685390782], [-66.8905086572738, 10.54128749676309], [-66.89051244164918, 10.540730068775398], [-66.89052442550457, 10.538964880147702], [-66.89052820987996, 10.53840745216001], [-66.89054019373535, 10.536642263532318], [-66.89054397811074, 10.536084835544624], [-66.89055596196611, 10.534319646916932], [-66.89055974634151, 10.53376221892924], [-66.89057173019688, 10.531997030301545], [-66.89057551457228, 10.531439602313853], [-66.89058749842766, 10.52967441368616], [-66.89059128280306, 10.529116985698469], [-66.89060326665843, 10.527351797070775], [-66.89060705103383, 10.526794369083083], [-66.8906190348892, 10.525029180455387], [-66.89062281926459, 10.524471752467695], [-66.89063480311998, 10.522706563840003], [-66.89063858749537, 10.52214913585231], [-66.89065057135075, 10.520383947224616], [-66.89065435572614, 10.519826519236924], [-66.89066633958153, 10.518061330609232], [-66.89067012395691, 10.517503902621538], [-66.8906821078123, 10.515738713993846], [-66.89081214, 10.515240559999999], [-66.8916236933333, 10.513850773333333], [-66.8918799733333, 10.513411893333334], [-66.89269152666662, 10.512022106666667], [-66.89294780666663, 10.511583226666666], [-66.89375935999993, 10.51019344], [-66.89401563999994, 10.50975456], [-66.89482719333324, 10.508364773333334], [-66.89508347333324, 10.507925893333333], [-66.89589502666657, 10.506536106666667], [-66.89615130666655, 10.506097226666668], [-66.89696285999987, 10.50470744], [-66.89702475999988, 10.504341239999999], [-66.89660523999993, 10.50341176], [-66.89647275999994, 10.50311824], [-66.89605324, 10.50218876], [-66.89588242, 10.501763720000012], [-66.89522008, 10.500001280000081], [-66.89501092, 10.499444720000104], [-66.89434858, 10.497682280000177], [-66.89398552, 10.497402280000188], [-66.89234848, 10.497391386666854], [-66.89183152, 10.497387946666853], [-66.89019448, 10.497377053333517], [-66.88967752, 10.497373613333517], [-66.88804048, 10.497362720000183], [-66.88763544, 10.49711332000018], [-66.88670722666666, 10.495544680000167], [-66.88641410666666, 10.495049320000163], [-66.88548589333334, 10.493480680000147], [-66.88519277333333, 10.492985320000143], [-66.88426456, 10.49141668000013], [-66.88390751399999, 10.491132947560118], [-66.88257443599994, 10.490904615440058], [-66.88215346399991, 10.49083251056004], [-66.88082038599985, 10.49060417843998], [-66.88033124281586, 10.490494727855973], [-66.87856641398386, 10.490029872943985], [-66.87800909961587, 10.489883076655989], [-66.87624427078387, 10.489418221744002], [-66.87568695641588, 10.489271425456005], [-66.87392212758388, 10.48880657054402], [-66.87336481321589, 10.488659774256025], [-66.87159998438389, 10.488194919344036], [-66.8710426700159, 10.488048123056041], [-66.8692778411839, 10.48758326814405], [-66.8690086418959, 10.487768260912054]]]}}, {"type": "Feature", "properties": {"parroquia": "El Valle", "municipio": "Libertador", "estado": "Distrito Capital", "pcode": "VE010110", "estado_pcode": "VE01", "municipio_pcode": "VE0101", "center_lat": 10.44314877, "center_lon": -66.91011781, "area_sqkm": 20.85087021}, "geometry": {"type": "Polygon", "coordinates": [[[-66.89015377663996, 10.464750855680002], [-66.89025253002663, 10.466259282653333], [-66.89028371530664, 10.466735628013334], [-66.89038246869333, 10.468244054986666], [-66.89041365397333, 10.468720400346665], [-66.89051240736, 10.47022882732], [-66.89076524000001, 10.470650288], [-66.89226776000001, 10.471811112], [-66.89274224, 10.472177687999999], [-66.89424475999999, 10.473338512000002], [-66.89471924, 10.473705088], [-66.89622176, 10.474865911999999], [-66.89669624000001, 10.475232488], [-66.89819876, 10.476393311999999], [-66.89867324, 10.476759888], [-66.90017576, 10.477920712], [-66.90064606666667, 10.477961613333333], [-66.90212215555556, 10.47705983111111], [-66.9025882888889, 10.476775057777777], [-66.90406437777779, 10.475873275555555], [-66.90453051111112, 10.475588502222221], [-66.9060066, 10.474686720000001], [-66.90647273333333, 10.474401946666667], [-66.90794882222222, 10.473500164444445], [-66.90841495555556, 10.473215391111111], [-66.90989104444445, 10.47231360888889], [-66.91035717777778, 10.472028835555557], [-66.91183326666668, 10.471127053333333], [-66.91229940000001, 10.47084228], [-66.91377548888889, 10.46994049777778], [-66.91424162222222, 10.469655724444445], [-66.91571771111111, 10.468753942222223], [-66.91618384444445, 10.46846916888889], [-66.91765993333334, 10.467567386666667], [-66.91815889600001, 10.467386600000005], [-66.919842904, 10.46714340000003], [-66.92037469600001, 10.467066600000038], [-66.92205870400001, 10.466823400000063], [-66.92259049600001, 10.466746600000072], [-66.924274504, 10.466503400000095], [-66.924806296, 10.466426600000103], [-66.926490304, 10.466183400000128], [-66.927022096, 10.466106600000135], [-66.928706104, 10.465863400000163], [-66.92914426, 10.465608340000161], [-66.93023524, 10.46423616000013], [-66.93057976, 10.463802840000119], [-66.93167074, 10.462430660000088], [-66.93201526, 10.461997340000078], [-66.93310624, 10.460625160000047], [-66.93345076, 10.460191840000038], [-66.93454174, 10.458819660000005], [-66.93445804, 10.458459920000006], [-66.93283696, 10.45755374666671], [-66.93232504, 10.457267586666722], [-66.93070396, 10.456361413333424], [-66.93019204, 10.456075253333434], [-66.92857096, 10.45516908000014], [-66.92806791999999, 10.455106460000144], [-66.92650307999992, 10.45561604000013], [-66.9260089199999, 10.455776960000128], [-66.92444407999983, 10.456286540000116], [-66.92400251999982, 10.456206160000109], [-66.92277081333317, 10.455187506666748], [-66.92238185333318, 10.454865826666738], [-66.92115014666652, 10.453847173333376], [-66.92076118666654, 10.453525493333366], [-66.91952947999988, 10.452506840000005], [-66.91946243999988, 10.452159310000006], [-66.92026955999988, 10.450976940000038], [-66.92052443999988, 10.450603560000049], [-66.92133155999989, 10.449421190000079], [-66.92158643999988, 10.449047810000089], [-66.92239355999989, 10.447865440000124], [-66.92264843999989, 10.447492060000133], [-66.9234555599999, 10.446309690000165], [-66.92358922285705, 10.445853582857312], [-66.92362863428563, 10.444147274285879], [-66.92364107999992, 10.443608440000162], [-66.9236804914285, 10.441902131428728], [-66.92369293714279, 10.441363297143013], [-66.92373234857138, 10.439656988571578], [-66.92374479428565, 10.439118154285861], [-66.92378420571424, 10.437411845714426], [-66.92379665142852, 10.436873011428709], [-66.9238360628571, 10.435166702857273], [-66.92384850857141, 10.434627868571559], [-66.92388791999997, 10.432921560000125], [-66.92390036571427, 10.432382725714408], [-66.92393977714286, 10.430676417142974], [-66.92409819, 10.430197990000114], [-66.92506205999999, 10.428874260000091], [-66.92536643999999, 10.428456240000084], [-66.92633031, 10.42713251000006], [-66.92663469, 10.426714490000053], [-66.92759856, 10.425390760000033], [-66.92790294, 10.424972740000026], [-66.92886681, 10.423649010000002], [-66.928739016, 10.423440455999998], [-66.926965784, 10.423443343999999], [-66.926405816, 10.423444255999998], [-66.92463258400001, 10.423447144], [-66.924072616, 10.423448056], [-66.922299384, 10.423450943999999], [-66.921739416, 10.423451856], [-66.919966184, 10.423454743999999], [-66.919406216, 10.423455656], [-66.91763298400001, 10.423458543999999], [-66.91715722, 10.423233600000001], [-66.91591728, 10.421806066666694], [-66.91552572, 10.4213552666667], [-66.91428578, 10.41992773333339], [-66.91389422, 10.419476933333398], [-66.91265428, 10.418049400000088], [-66.91226272, 10.417598600000096], [-66.91102278, 10.416171066666784], [-66.91063122, 10.415720266666792], [-66.90939128, 10.41429273333348], [-66.90899972, 10.413841933333488], [-66.90775977999999, 10.412414400000179], [-66.90760189144, 10.411979682560183], [-66.90784187055996, 10.410654005440183], [-66.90791765343997, 10.410235370560184], [-66.90815763255995, 10.408909693440185], [-66.90795512082995, 10.408700622510182], [-66.90643256741994, 10.40870218374016], [-66.90595176107993, 10.408702676760155], [-66.90442920766993, 10.408704237990138], [-66.90394840132994, 10.408704731010133], [-66.90242584791993, 10.408706292240112], [-66.90194504157992, 10.408706785260106], [-66.90042248816992, 10.408708346490089], [-66.90000628215992, 10.408839893120087], [-66.89889286417325, 10.409671460546763], [-66.89854125849325, 10.409934060786766], [-66.89742784050658, 10.410765628213442], [-66.89707623482657, 10.411028228453445], [-66.8959628168399, 10.41185979588012], [-66.8957826320499, 10.41222293048012], [-66.89575487969991, 10.413691215520108], [-66.89574611579991, 10.414154884480105], [-66.89571836344993, 10.415623169520096], [-66.89570959954995, 10.41608683848009], [-66.89568184719997, 10.417555123520081], [-66.89567308329997, 10.418018792480078], [-66.89564533094998, 10.419487077520067], [-66.89577445607998, 10.419941877250064], [-66.89662000091998, 10.42135399050007], [-66.89688701507998, 10.421799921000071], [-66.89773255991997, 10.423212034250072], [-66.89799957407996, 10.423657964750074], [-66.89884511891995, 10.42507007800008], [-66.89911213307995, 10.42551600850008], [-66.89995767791996, 10.426928121750082], [-66.89997973154996, 10.427405254410083], [-66.89927385969996, 10.429014981340082], [-66.89905095279995, 10.429523316160079], [-66.89834508094995, 10.431133043090076], [-66.89812217404996, 10.431641377910076], [-66.89741630219997, 10.433251104840075], [-66.89719339529996, 10.433759439660072], [-66.89648752344996, 10.435369166590071], [-66.89636479109711, 10.435897849840071], [-66.89629335804568, 10.43763645016007], [-66.89627080023996, 10.438185481840069], [-66.89619936718852, 10.439924082160069], [-66.8961768093828, 10.440473113840069], [-66.89610537633136, 10.442211714160067], [-66.89608281852564, 10.442760745840067], [-66.89601138547421, 10.444499346160066], [-66.89598882766849, 10.445048377840065], [-66.89591739461706, 10.446786978160066], [-66.89589483681134, 10.447336009840065], [-66.89582340375989, 10.449074610160062], [-66.89580084595417, 10.449623641840063], [-66.89572941290274, 10.451362242160062], [-66.89560653499989, 10.451894276500061], [-66.89489974133322, 10.453525227000055], [-66.89467654333322, 10.454040264000053], [-66.89396974966657, 10.455671214500043], [-66.89374655166658, 10.456186251500041], [-66.89303975799993, 10.457817202000035], [-66.89281655999993, 10.458332239000033], [-66.89210976633326, 10.459963189500021], [-66.89188656833326, 10.460478226500019], [-66.89117977466661, 10.462109177000013], [-66.89095657666661, 10.462624214000009], [-66.89024978299996, 10.464255164500003], [-66.89015377663996, 10.464750855680002]]]}}, {"type": "Feature", "properties": {"parroquia": "La Pastora", "municipio": "Libertador", "estado": "Distrito Capital", "pcode": "VE010111", "estado_pcode": "VE01", "municipio_pcode": "VE0101", "center_lat": 10.531556, "center_lon": -66.92450243, "area_sqkm": 7.51928825}, "geometry": {"type": "Polygon", "coordinates": [[[-66.92220649999999, 10.510713459999998], [-66.92181699999993, 10.51211604], [-66.92169399999992, 10.51255896], [-66.92130449999985, 10.513961539999999], [-66.92104547999983, 10.514142640000003], [-66.91979451999988, 10.513887026666698], [-66.9193994799999, 10.513806306666707], [-66.91814851999993, 10.513550693333398], [-66.91775347999996, 10.513469973333407], [-66.91650252, 10.513214360000102], [-66.91630303773749, 10.513470128192607], [-66.916290610075, 10.51534560674511], [-66.91628668554999, 10.51593786313011], [-66.9162742578875, 10.517813341682613], [-66.91627033336249, 10.518405598067615], [-66.9162579057, 10.520281076620117], [-66.91625398117499, 10.520873333005117], [-66.91624155351249, 10.522748811557623], [-66.91623762898749, 10.523341067942622], [-66.91622520132498, 10.525216546495127], [-66.91622127679997, 10.525808802880126], [-66.91620884913748, 10.527684281432629], [-66.91620492461247, 10.52827653781763], [-66.91619249694998, 10.530152016370133], [-66.91618857242497, 10.530744272755134], [-66.91617614476247, 10.532619751307637], [-66.91617222023747, 10.533212007692638], [-66.91615979257497, 10.535087486245141], [-66.91615586804997, 10.535679742630142], [-66.91614344038747, 10.537555221182645], [-66.91613951586247, 10.538147477567646], [-66.91612708819997, 10.540022956120149], [-66.91612316367497, 10.540615212505148], [-66.91611073601246, 10.542490691057655], [-66.91610681148745, 10.543082947442654], [-66.91609438382496, 10.544958425995159], [-66.91609045929995, 10.545550682380158], [-66.91607803163745, 10.54742616093266], [-66.91607410711245, 10.548018417317662], [-66.91606167944995, 10.549893895870165], [-66.91605775492495, 10.550486152255166], [-66.91604532726245, 10.552361630807669], [-66.91633183590395, 10.552595790712166], [-66.91815881829595, 10.552203324888149], [-66.91873576010394, 10.552079388312142], [-66.92056274249595, 10.551686922488125], [-66.92113968430394, 10.55156298591212], [-66.92296666669594, 10.5511705200881], [-66.92354360850393, 10.551046583512095], [-66.92537059089594, 10.550654117688078], [-66.92594753270393, 10.550530181112071], [-66.92777451509593, 10.550137715288054], [-66.92814889416793, 10.54980631403605], [-66.92869297923194, 10.548099905264056], [-66.92886479556793, 10.547561039336058], [-66.92940888063194, 10.545854630564065], [-66.92958069696795, 10.545315764636065], [-66.93012478203194, 10.54360935586407], [-66.93029659836795, 10.543070489936072], [-66.93084068343195, 10.541364081164076], [-66.93101249976796, 10.54082521523608], [-66.93155658483197, 10.539118806464085], [-66.93172840116797, 10.538579940536087], [-66.93227248623197, 10.53687353176409], [-66.93244430256797, 10.536334665836094], [-66.93298838763197, 10.534628257064098], [-66.93316020396797, 10.5340893911361], [-66.93370428903198, 10.532382982364105], [-66.93387610536799, 10.531844116436105], [-66.934420190432, 10.530137707664112], [-66.934592006768, 10.529598841736114], [-66.93513609183199, 10.52789243296412], [-66.93514864, 10.52734966000012], [-66.93468402666666, 10.525618506666786], [-66.93453730666666, 10.525071826666787], [-66.93407269333333, 10.523340673333452], [-66.93392597333333, 10.522793993333451], [-66.93346136000001, 10.521062840000122], [-66.93331464, 10.52051616000012], [-66.93285002666667, 10.51878500666679], [-66.93270330666667, 10.518238326666788], [-66.93223869333333, 10.516507173333453], [-66.93209197333333, 10.515960493333454], [-66.93162736000001, 10.51422934000012], [-66.93129597000001, 10.513871610000118], [-66.92966177999998, 10.513337140000095], [-66.92914571999998, 10.513168360000087], [-66.92751152999995, 10.512633890000066], [-66.92699546999995, 10.512465110000058], [-66.92536127999992, 10.511930640000035], [-66.92484521999991, 10.511761860000027], [-66.92321102999989, 10.511227390000004], [-66.9228707999999, 10.511064880000001], [-66.92235019999998, 10.510570119999999], [-66.92220649999999, 10.510713459999998]]]}}, {"type": "Feature", "properties": {"parroquia": "La Vega", "municipio": "Libertador", "estado": "Distrito Capital", "pcode": "VE010112", "estado_pcode": "VE01", "municipio_pcode": "VE0101", "center_lat": 10.462918, "center_lon": -66.9466475, "area_sqkm": 11.45325634}, "geometry": {"type": "Polygon", "coordinates": [[[-66.93360074, 10.4723658], [-66.93515076, 10.472206199999999], [-66.93564024, 10.4721558], [-66.93719026, 10.4719962], [-66.93767974, 10.471945799999999], [-66.93922976, 10.471786200000002], [-66.93971924, 10.471735800000001], [-66.94126926, 10.4715762], [-66.94168804, 10.47166576], [-66.94279029333333, 10.472392573333332], [-66.94313837333333, 10.472622093333332], [-66.94424062666666, 10.473348906666669], [-66.94458870666666, 10.473578426666668], [-66.94569096, 10.47430524], [-66.94595749, 10.47465391], [-66.94654326, 10.47613534], [-66.94672824, 10.476603160000002], [-66.94731401, 10.47808459], [-66.94749899, 10.478552409999999], [-66.94808476, 10.48003384], [-66.94826974, 10.48050166], [-66.94885551, 10.48198309], [-66.94919943428572, 10.482062697142858], [-66.95079185142856, 10.481085445714285], [-66.95129471999999, 10.48077684], [-66.95288713714282, 10.47979958857143], [-66.95339000571425, 10.479490982857143], [-66.9549824228571, 10.47851373142857], [-66.95548529142853, 10.478205125714286], [-66.95707770857138, 10.477227874285715], [-66.95758057714279, 10.476919268571429], [-66.95917299428564, 10.47594201714286], [-66.95967586285707, 10.475633411428573], [-66.9612682799999, 10.474656160000002], [-66.96177114857133, 10.474347554285716], [-66.96336356571418, 10.473370302857143], [-66.96386713999989, 10.473090580000003], [-66.96546402666655, 10.472296253333353], [-66.96596830666655, 10.472045413333356], [-66.96756519333323, 10.471251086666706], [-66.96806947333323, 10.471000246666712], [-66.96966635999989, 10.470205920000058], [-66.97017063999989, 10.469955080000064], [-66.97176752666655, 10.469160753333414], [-66.97227180666655, 10.468909913333418], [-66.97386869333323, 10.468115586666768], [-66.97437297333323, 10.467864746666773], [-66.97596985999989, 10.467070420000121], [-66.9760392999999, 10.466862860000127], [-66.97488219999995, 10.466342640000143], [-66.97451679999996, 10.46617836000015], [-66.9733597, 10.465658140000167], [-66.972912592, 10.46568472000017], [-66.971238008, 10.466373280000166], [-66.970709192, 10.466590720000166], [-66.969034608, 10.467279280000165], [-66.968505792, 10.467496720000165], [-66.966831208, 10.468185280000162], [-66.966302392, 10.468402720000162], [-66.964627808, 10.46909128000016], [-66.964098992, 10.46930872000016], [-66.962424408, 10.469997280000158], [-66.9621639, 10.469825860000153], [-66.9621886, 10.468051640000123], [-66.9621964, 10.467491360000114], [-66.9622211, 10.465717140000084], [-66.96222889999999, 10.465156860000075], [-66.9622536, 10.463382640000043], [-66.96226139999999, 10.462822360000034], [-66.9622861, 10.461048140000004], [-66.96255464000001, 10.46065608], [-66.96423069333333, 10.459947253333333], [-66.96475997333333, 10.459723413333332], [-66.96643602666667, 10.459014586666667], [-66.96696530666667, 10.458790746666667], [-66.96864136, 10.45808192], [-66.96893747, 10.457744550000005], [-66.96913678, 10.45631670000003], [-66.96919971999999, 10.45586580000004], [-66.96939903, 10.454437950000068], [-66.96946197, 10.453987050000077], [-66.96966128000001, 10.452559200000108], [-66.96972422, 10.452108300000116], [-66.96992353, 10.450680450000142], [-66.9697144, 10.450283700000142], [-66.9681906, 10.449198800000115], [-66.9677094, 10.448856200000106], [-66.9661856, 10.447771300000076], [-66.9657044, 10.447428700000067], [-66.96418059999999, 10.446343800000042], [-66.9636994, 10.446001200000033], [-66.9621756, 10.444916300000003], [-66.96168936, 10.444718431999998], [-66.96013364, 10.444550168000001], [-66.95964235999999, 10.444497032000001], [-66.95808664, 10.444328767999998], [-66.95759536, 10.444275631999998], [-66.95603964, 10.444107368000001], [-66.95554836, 10.444054232000001], [-66.95399264000001, 10.443885967999998], [-66.95350136, 10.443832831999998], [-66.95194564, 10.443664568], [-66.95147192799999, 10.443723344000004], [-66.95002747199997, 10.444263856000024], [-66.94957132799998, 10.444434544000032], [-66.94812687199996, 10.444975056000052], [-66.94767072799995, 10.445145744000058], [-66.94622627199992, 10.44568625600008], [-66.94577012799991, 10.445856944000086], [-66.94432567199988, 10.446397456000106], [-66.94386952799988, 10.446568144000114], [-66.94242507199985, 10.447108656000134], [-66.94204733999986, 10.447422180000135], [-66.94109949333321, 10.448867320000119], [-66.94080017333322, 10.449323680000113], [-66.93985232666657, 10.450768820000095], [-66.93955300666657, 10.451225180000089], [-66.93860515999991, 10.452670320000072], [-66.93830583999991, 10.453126680000066], [-66.93735799333328, 10.45457182000005], [-66.9370586733333, 10.455028180000044], [-66.93611082666663, 10.456473320000025], [-66.93581150666665, 10.45692968000002], [-66.93486365999999, 10.458374820000003], [-66.93454174, 10.458819660000005], [-66.93345076, 10.460191840000038], [-66.93310624, 10.460625160000047], [-66.93201526, 10.461997340000078], [-66.93167074, 10.462430660000088], [-66.93057976, 10.463802840000119], [-66.93023524, 10.46423616000013], [-66.92914426, 10.465608340000161], [-66.92910352, 10.466021980000162], [-66.92993648000001, 10.46726952000013], [-66.93019952, 10.46766348000012], [-66.93103248, 10.468911020000089], [-66.93129551999999, 10.469304980000079], [-66.93212848, 10.470552520000046], [-66.93239152, 10.470946480000036], [-66.93322448, 10.472194020000005], [-66.93360074, 10.4723658]]]}}, {"type": "Feature", "properties": {"parroquia": "Macarao", "municipio": "Libertador", "estado": "Distrito Capital", "pcode": "VE010113", "estado_pcode": "VE01", "municipio_pcode": "VE0101", "center_lat": 10.423343, "center_lon": -67.08196419, "area_sqkm": 104.40731635}, "geometry": {"type": "Polygon", "coordinates": [[[-67.04777686999999, 10.45595517], [-67.04869437999999, 10.45744458], [-67.04898411999999, 10.45791492], [-67.04990163, 10.45940433], [-67.05019137, 10.45987467], [-67.05110888, 10.46136408], [-67.05139862, 10.461834419999999], [-67.05231613, 10.46332383], [-67.05259597, 10.463370630000004], [-67.05345077999999, 10.46217762000003], [-67.05372072, 10.46180088000004], [-67.05457553, 10.460607870000064], [-67.05484547, 10.460231130000073], [-67.05570028, 10.459038120000102], [-67.05597022, 10.458661380000109], [-67.05682503, 10.457468370000136], [-67.05722736, 10.457298720000137], [-67.05892063999998, 10.457417280000115], [-67.05945535999997, 10.457454720000108], [-67.06114863999994, 10.457573280000087], [-67.06168335999993, 10.45761072000008], [-67.06337663999992, 10.45772928000006], [-67.0639113599999, 10.457766720000052], [-67.06560463999988, 10.457885280000031], [-67.06613935999987, 10.457922720000024], [-67.06783263999985, 10.458041280000003], [-67.06826019999986, 10.457845800000001], [-67.06927479999986, 10.4564892], [-67.06959519999985, 10.456060800000001], [-67.07060979999986, 10.454704199999998], [-67.07104257142844, 10.454510571428571], [-67.07276885714273, 10.454640857142858], [-67.07331399999988, 10.454682], [-67.0750402857142, 10.454812285714286], [-67.07558542857134, 10.454853428571429], [-67.07731171428564, 10.454983714285715], [-67.07785685714279, 10.455024857142858], [-67.07958314285709, 10.455155142857143], [-67.08012828571424, 10.455196285714285], [-67.08185457142854, 10.455326571428571], [-67.08239971428569, 10.455367714285714], [-67.08412599999997, 10.455498], [-67.08467114285712, 10.455539142857143], [-67.08639742857142, 10.45566942857143], [-67.08684919999999, 10.455585200000007], [-67.08798413333332, 10.454921466666708], [-67.08834253333333, 10.454711866666718], [-67.08947746666666, 10.454048133333421], [-67.08983586666668, 10.453838533333432], [-67.0909708, 10.453174800000133], [-67.09141640529714, 10.453137641188711], [-67.09310363884572, 10.453566035382995], [-67.09363644944, 10.453701317760137], [-67.09532368298856, 10.454129711954423], [-67.09585649358284, 10.454264994331565], [-67.09754372713142, 10.454693388525849], [-67.0980765377257, 10.454828670902991], [-67.09976377127428, 10.455257065097278], [-67.10029658186856, 10.45539234747442], [-67.10198381541714, 10.455820741668704], [-67.10251662601142, 10.455956024045847], [-67.10420385955999, 10.456384418240132], [-67.10473667015427, 10.456519700617275], [-67.10642390370285, 10.456948094811558], [-67.10695088463999, 10.457125774800124], [-67.10860119702666, 10.457822687200087], [-67.10912234830666, 10.458042764800075], [-67.11077266069331, 10.458739677200038], [-67.11129381197331, 10.458959754800027], [-67.11294412435998, 10.459656667199987], [-67.11347954193998, 10.459720203239982], [-67.11522020755999, 10.459425685759982], [-67.11576989143998, 10.459332680239982], [-67.11751055705999, 10.459038162759981], [-67.11806024093998, 10.458945157239981], [-67.11980090655999, 10.45865063975998], [-67.12035059043998, 10.45855763423998], [-67.12209125605999, 10.45826311675998], [-67.12262560871599, 10.45811349367998], [-67.124269176584, 10.45746039831999], [-67.12478819801599, 10.45725415767999], [-67.12643176588398, 10.456601062319997], [-67.12695078731598, 10.45639482168], [-67.12859435518398, 10.455741726320007], [-67.12911337661598, 10.45553548568001], [-67.13075694448396, 10.454882390320016], [-67.13127596591596, 10.454676149680019], [-67.13291953378396, 10.454023054320025], [-67.13343855521596, 10.453816813680028], [-67.13508212308396, 10.453163718320035], [-67.13560114451596, 10.452957477680037], [-67.13724471238396, 10.452304382320046], [-67.13776373381596, 10.452098141680047], [-67.13940730168395, 10.451445046320053], [-67.13992632311596, 10.451238805680056], [-67.14156989098394, 10.450585710320063], [-67.14208891241594, 10.450379469680065], [-67.14373248028394, 10.449726374320072], [-67.14415358878395, 10.44944310419207], [-67.14517704141595, 10.448302155408058], [-67.14550023698395, 10.447941855792054], [-67.14652368961595, 10.446800907008038], [-67.14684688518395, 10.446440607392034], [-67.14787033781596, 10.445299658608022], [-67.14819353338396, 10.444939358992016], [-67.14921698601596, 10.443798410208004], [-67.14954018158396, 10.443438110592], [-67.15056363421596, 10.442297161807984], [-67.15096709036796, 10.442055328975988], [-67.15249886003195, 10.44166466982402], [-67.15298257676795, 10.44154130377603], [-67.15451434643195, 10.44115064462406], [-67.15499806316795, 10.441027278576069], [-67.15652983283196, 10.440636619424101], [-67.15701354956796, 10.44051325337611], [-67.15854531923196, 10.44012259422414], [-67.15902903596796, 10.43999922817615], [-67.16056080563196, 10.439608569024182], [-67.16092164783996, 10.43938158084018], [-67.16167521215993, 10.438334648160147], [-67.16191317983993, 10.438004037840136], [-67.1626667441599, 10.4369571051601], [-67.16263364063991, 10.436658997400095], [-67.16167042069324, 10.435817914266769], [-67.16136624597324, 10.435552309066772], [-67.16040302602659, 10.434711225933448], [-67.16009885130659, 10.434445620733449], [-67.15913563135992, 10.433604537600125], [-67.15896302183991, 10.433232058880124], [-67.15883304815992, 10.431714110120112], [-67.15879200383992, 10.431234757880107], [-67.15866203015993, 10.429716809120093], [-67.15862098583993, 10.429237456880088], [-67.15849101215994, 10.427719508120077], [-67.15844996783994, 10.427240155880073], [-67.15831999415995, 10.425722207120058], [-67.15845751759994, 10.42530492568006], [-67.15945847306659, 10.42418009198674], [-67.1597745642666, 10.423824881346745], [-67.16077551973322, 10.422700047653423], [-67.16109161093323, 10.422344837013428], [-67.16209256639988, 10.421220003320109], [-67.16229573227987, 10.420765750120111], [-67.16258149405323, 10.419013646880126], [-67.16267173461324, 10.418460351120128], [-67.16295749638658, 10.416708247880141], [-67.1630477369466, 10.416154952120145], [-67.16333349871995, 10.414402848880158], [-67.16316344975996, 10.414064520940155], [-67.16180071123995, 10.413673880560129], [-67.16137037275996, 10.413550520440122], [-67.16000763423995, 10.413159880060096], [-67.15952889379996, 10.413219324480096], [-67.15785960953329, 10.413986446186788], [-67.15733246713329, 10.414228695146797], [-67.15566318286662, 10.414995816853484], [-67.15513604046662, 10.415238065813492], [-67.15346675619995, 10.416005187520184], [-67.15297299427993, 10.415986169620187], [-67.15151511971995, 10.415098601213508], [-67.15105473827994, 10.414818316453504], [-67.14959686371994, 10.413930748046827], [-67.14913648227994, 10.413650463286823], [-67.14767860771994, 10.412762894880142], [-67.14721822627993, 10.412482610120138], [-67.14576035171994, 10.411595041713461], [-67.14529997027994, 10.411314756953457], [-67.14384209571993, 10.410427188546779], [-67.14338171427993, 10.410146903786774], [-67.14192383971994, 10.409259335380096], [-67.14146233969993, 10.409239557860094], [-67.13999738079991, 10.41000186864009], [-67.1395347621999, 10.410242598360089], [-67.13806980329989, 10.411004909140086], [-67.13756224139988, 10.411037493220086], [-67.13581264159987, 10.410481548280089], [-67.13526013639986, 10.41030598672009], [-67.13351053659986, 10.409750041780093], [-67.13295803139987, 10.409574480220094], [-67.13120843159987, 10.409018535280097], [-67.13065592639987, 10.408842973720098], [-67.12890632659986, 10.408287028780101], [-67.12835382139986, 10.408111467220102], [-67.12660422159985, 10.407555522280106], [-67.12605171639984, 10.407379960720107], [-67.12430211659985, 10.40682401578011], [-67.12374961139984, 10.406648454220111], [-67.12200001159985, 10.406092509280114], [-67.12144750639985, 10.405916947720115], [-67.11969790659984, 10.405361002780118], [-67.11916118231984, 10.405245562920118], [-67.11751152834651, 10.405070388746784], [-67.11699058498652, 10.405015070586785], [-67.11534093101321, 10.40483989641345], [-67.11481998765322, 10.40478457825345], [-67.11317033367989, 10.404609404080116], [-67.11264939031989, 10.404554085920115], [-67.11099973634657, 10.40437891174678], [-67.11047879298658, 10.40432359358678], [-67.10882913901327, 10.404148419413447], [-67.10830819565328, 10.404093101253448], [-67.10665854167995, 10.403917927080112], [-67.10611661007195, 10.40394302295211], [-67.10433403052795, 10.404277137648087], [-67.10377111067196, 10.40438264755208], [-67.10198853112797, 10.404716762248059], [-67.10142561127196, 10.404822272152051], [-67.09964303172796, 10.405156386848029], [-67.09908011187196, 10.405261896752021], [-67.09729753232797, 10.405596011448], [-67.09673461247198, 10.405701521351993], [-67.09495203292798, 10.40603563604797], [-67.09443026213998, 10.406018610459975], [-67.09290829335997, 10.405576667040027], [-67.09242767163997, 10.405437105960043], [-67.09090570285994, 10.404995162540093], [-67.0904779768228, 10.404721034942959], [-67.08929101403422, 10.403426836914395], [-67.08891618367994, 10.40301814280011], [-67.08772922089136, 10.401723944771545], [-67.08735439053709, 10.401315250657262], [-67.0861674277485, 10.400021052628695], [-67.08579259739422, 10.399612358514412], [-67.08460563460564, 10.398318160485848], [-67.08423080425135, 10.397909466371564], [-67.08304384146277, 10.396615268343], [-67.0826690111085, 10.396206574228716], [-67.08148204831991, 10.39491237620015], [-67.08110721796564, 10.394503682085865], [-67.07992025517706, 10.393209484057301], [-67.0794630686599, 10.393043239370154], [-67.0777545168399, 10.39328455438012], [-67.0772149741599, 10.39336075912011], [-67.0755064223399, 10.393602074130076], [-67.0749668796599, 10.393678278870066], [-67.0732583278399, 10.393919593880032], [-67.07271878515989, 10.393995798620022], [-67.07101023333989, 10.394237113629988], [-67.07046455842534, 10.3941833607018], [-67.06871716911989, 10.39360161047999], [-67.0681653619708, 10.39341789988363], [-67.06641797266536, 10.392836149661818], [-67.06586616551627, 10.392652439065458], [-67.06411877621082, 10.392070688843646], [-67.06356696906172, 10.391886978247284], [-67.06181957975627, 10.391305228025475], [-67.06126777260718, 10.391121517429113], [-67.05952038330175, 10.3905397672073], [-67.05896857615265, 10.39035605661094], [-67.0572211868472, 10.389774306389128], [-67.0566693796981, 10.389590595792766], [-67.05492199039267, 10.389008845570958], [-67.05437018324358, 10.388825134974596], [-67.05262279393813, 10.388243384752784], [-67.05207098678903, 10.388059674156423], [-67.05032359748358, 10.387477923934611], [-67.04977179033449, 10.387294213338249], [-67.04802440102905, 10.38671246311644], [-67.04747259387996, 10.386528752520078], [-67.04572520457451, 10.385947002298266], [-67.04517648975997, 10.385971511580085], [-67.04344868523995, 10.386708487253411], [-67.04290306275996, 10.386941216413408], [-67.04117525823995, 10.387678192086735], [-67.04062963575996, 10.387910921246734], [-67.03890183123995, 10.388647896920059], [-67.03835620875995, 10.388880626080056], [-67.03662840423993, 10.389617601753383], [-67.03608278175994, 10.38985033091338], [-67.03435497723993, 10.390587306586706], [-67.03380935475994, 10.390820035746703], [-67.03208155023992, 10.39155701142003], [-67.03155963191193, 10.39162007214403], [-67.02998195368794, 10.391282481056045], [-67.02948373951195, 10.391175873344048], [-67.02790606128795, 10.39083828225606], [-67.02740784711196, 10.390731674544066], [-67.02583016888795, 10.390394083456078], [-67.02533195471196, 10.390287475744083], [-67.02375427648796, 10.389949884656096], [-67.02325606231197, 10.389843276944099], [-67.02167838408798, 10.389505685856115], [-67.02127212085998, 10.389272831250114], [-67.02027679863997, 10.388135676500095], [-67.01996248635997, 10.38777657500009], [-67.01896716413998, 10.386639420250075], [-67.01865285185997, 10.38628031875007], [-67.01765752963998, 10.385143164000054], [-67.01734321735997, 10.38478406250005], [-67.01634789513997, 10.38364690775003], [-67.01593067696497, 10.38352653350003], [-67.01428361740996, 10.383901318000044], [-67.01376349333997, 10.384019671000047], [-67.01211643378497, 10.384394455500058], [-67.01159630971497, 10.384512808500062], [-67.00994925015998, 10.384887593000073], [-67.00942912608997, 10.385005946000076], [-67.00778206653497, 10.38538073050009], [-67.00726194246498, 10.385499083500093], [-67.00561488290998, 10.385873868000104], [-67.00509475883997, 10.385992221000109], [-67.00344769928498, 10.38636700550012], [-67.00292757521498, 10.386485358500122], [-67.00128051565999, 10.386860143000137], [-67.00076039158999, 10.38697849600014], [-66.99911333203498, 10.38735328050015], [-66.99870575459998, 10.387601882760148], [-66.99777149039997, 10.388801579240113], [-66.99747645959997, 10.389180430760103], [-66.99654219539995, 10.390380127240068], [-66.99624716459995, 10.390758978760056], [-66.99531290039994, 10.391958675240023], [-66.99501786959993, 10.392337526760013], [-66.99408360539992, 10.393537223239978], [-66.99368300631993, 10.393867281659976], [-66.99208014301325, 10.394757955173331], [-66.99157397565324, 10.395039220493338], [-66.98997111234658, 10.395929894006692], [-66.98946494498657, 10.396211159326699], [-66.9878620816799, 10.397101832840054], [-66.98735591431989, 10.397383098160061], [-66.98575305101323, 10.398273771673413], [-66.98524688365322, 10.39855503699342], [-66.98364402034656, 10.399445710506777], [-66.98313785298654, 10.399726975826784], [-66.98153498967989, 10.400617649340138], [-66.98134566189702, 10.401034620022996], [-66.98174944924561, 10.402784760834408], [-66.9818769610399, 10.403337436880118], [-66.98228074838848, 10.40508757769153], [-66.98240826018277, 10.40564025373724], [-66.98281204753135, 10.407390394548655], [-66.98293955932564, 10.407943070594364], [-66.98334334667423, 10.409693211405777], [-66.98347085846852, 10.410245887451488], [-66.98387464581711, 10.4119960282629], [-66.9840021576114, 10.412548704308609], [-66.98440594495997, 10.414298845120024], [-66.98453345675426, 10.414851521165733], [-66.98493724410285, 10.416601661977145], [-66.985205, 10.41696888], [-66.98649699999999, 10.417544453333333], [-66.986905, 10.417726213333333], [-66.988197, 10.418301786666667], [-66.98860499999999, 10.418483546666668], [-66.989897, 10.41905912], [-66.99037668, 10.419096159999999], [-66.99212265333333, 10.418755173333334], [-66.99267401333333, 10.418647493333333], [-66.99441998666667, 10.418306506666667], [-66.99497134666667, 10.418198826666668], [-66.99671732, 10.41785784], [-66.99720789, 10.417985830000001], [-66.99856886, 10.41913742], [-66.99899864, 10.41950108], [-67.00035961, 10.42065267], [-67.00078939, 10.42101633], [-67.00215036, 10.422167919999998], [-67.00258013999999, 10.422531579999998], [-67.00394111, 10.42368317], [-67.00441106, 10.423920240000003], [-67.00602643999997, 10.424270093333357], [-67.00653655999997, 10.424380573333364], [-67.00815193999995, 10.424730426666718], [-67.00866205999993, 10.424840906666725], [-67.01027743999991, 10.42519076000008], [-67.01078755999991, 10.425301240000087], [-67.0124029399999, 10.42565109333344], [-67.01291305999989, 10.425761573333448], [-67.01452843999985, 10.426111426666802], [-67.01503855999985, 10.426221906666807], [-67.01665393999983, 10.426571760000163], [-67.01696551999983, 10.426916008000166], [-67.01732347999986, 10.428746392000168], [-67.01743651999986, 10.42932440800017], [-67.01779447999989, 10.43115479200017], [-67.0179075199999, 10.43173280800017], [-67.01826547999994, 10.433563192000172], [-67.01837851999994, 10.43414120800017], [-67.01873647999997, 10.435971592000174], [-67.01884951999997, 10.436549608000174], [-67.01920748, 10.438379992000176], [-67.01944492, 10.438849600000168], [-67.02059074666663, 10.439993400000123], [-67.02095258666661, 10.44035460000011], [-67.02209841333325, 10.441498400000066], [-67.02246025333324, 10.441859600000052], [-67.02360607999987, 10.443003400000007], [-67.02401527999986, 10.44332784], [-67.0254610533332, 10.444238826666668], [-67.0259176133332, 10.444526506666667], [-67.02736338666654, 10.445437493333333], [-67.02781994666654, 10.445725173333333], [-67.02926571999988, 10.44663616], [-67.0297719919999, 10.446807888], [-67.0315326079999, 10.446984512], [-67.03208859199992, 10.447040288], [-67.03384920799992, 10.447216912], [-67.03440519199994, 10.447272688], [-67.03616580799996, 10.447449312], [-67.03672179199997, 10.447505088], [-67.03848240799998, 10.447681712], [-67.03903839199998, 10.447737488], [-67.040799008, 10.447914112], [-67.04123432, 10.448128672], [-67.04223068, 10.449310928], [-67.04254532, 10.449684271999999], [-67.04354168, 10.450866527999999], [-67.04385632, 10.451239871999999], [-67.04485267999999, 10.452422128], [-67.04516731999999, 10.452795472000002], [-67.04616367999999, 10.453977727999998], [-67.04647831999999, 10.454351072], [-67.04747468, 10.455533327999998], [-67.04777686999999, 10.45595517]]]}}, {"type": "Feature", "properties": {"parroquia": "San Agustín", "municipio": "Libertador", "estado": "Distrito Capital", "pcode": "VE010114", "estado_pcode": "VE01", "municipio_pcode": "VE0101", "center_lat": 10.4962395, "center_lon": -66.90472062, "area_sqkm": 1.55371325}, "geometry": {"type": "Polygon", "coordinates": [[[-66.910583544, 10.490686336000097], [-66.909022656, 10.490840464000083], [-66.908529744, 10.490889136000078], [-66.906968856, 10.491043264000062], [-66.90647594400001, 10.491091936000057], [-66.904915056, 10.491246064000043], [-66.904422144, 10.49129473600004], [-66.902861256, 10.491448864000022], [-66.902368344, 10.491497536000018], [-66.900807456, 10.491651664000003], [-66.90048239999999, 10.491864], [-66.89998459999997, 10.493054666666668], [-66.89982739999995, 10.493430666666667], [-66.89932959999993, 10.494621333333333], [-66.89917239999991, 10.494997333333332], [-66.8986745999999, 10.496188], [-66.8983348799999, 10.49643768000001], [-66.89668111999994, 10.49682832000008], [-66.89615887999996, 10.496951680000103], [-66.89450511999999, 10.497342320000175], [-66.89434858, 10.497682280000177], [-66.89501092, 10.499444720000104], [-66.89522008, 10.500001280000081], [-66.89588242, 10.501763720000012], [-66.89624074000001, 10.50203604], [-66.89784776, 10.501998293333333], [-66.89835524000001, 10.501986373333335], [-66.89996226000001, 10.501948626666666], [-66.90046974, 10.501936706666665], [-66.90207676, 10.50189896], [-66.90258424000001, 10.50188704], [-66.90419126, 10.501849293333333], [-66.90469874000001, 10.501837373333334], [-66.90630576000001, 10.501799626666667], [-66.90681324, 10.501787706666667], [-66.90842026, 10.501749960000001], [-66.90870262, 10.50159532], [-66.90888388, 10.500653680000001], [-66.90894112, 10.500356320000002], [-66.90912238, 10.499414680000001], [-66.90920136999999, 10.499007880000002], [-66.90952038, 10.497373120000024], [-66.90962112, 10.49685688000003], [-66.90994013, 10.495222120000046], [-66.91004086999999, 10.494705880000051], [-66.91035988, 10.493071120000073], [-66.91046062, 10.492554880000078], [-66.91077963000001, 10.490920120000098], [-66.910583544, 10.490686336000097]]]}}, {"type": "Feature", "properties": {"parroquia": "San Bernardino", "municipio": "Libertador", "estado": "Distrito Capital", "pcode": "VE010115", "estado_pcode": "VE01", "municipio_pcode": "VE0101", "center_lat": 10.53176661, "center_lon": -66.89874842, "area_sqkm": 7.61041906}, "geometry": {"type": "Polygon", "coordinates": [[[-66.90343140503995, 10.551315651880053], [-66.9047891199599, 10.551406110120107], [-66.90521787203988, 10.551434675880124], [-66.90657558695983, 10.551525134120176], [-66.90679788336982, 10.551246172830185], [-66.90684804571316, 10.549388959753514], [-66.90686388645317, 10.548802471413513], [-66.90691404879651, 10.546945258336844], [-66.9069298895365, 10.546358769996843], [-66.90698005187984, 10.544501556920173], [-66.90699589261983, 10.543915068580173], [-66.90704605496317, 10.5420578555035], [-66.90706189570318, 10.541471367163501], [-66.90711205804652, 10.53961415408683], [-66.90712789878651, 10.53902766574683], [-66.90717806112985, 10.537170452670159], [-66.90719390186985, 10.536583964330157], [-66.90724406421319, 10.534726751253487], [-66.90725990495318, 10.534140262913485], [-66.90731006729654, 10.532283049836817], [-66.90732590803654, 10.531696561496815], [-66.90737607037987, 10.529839348420145], [-66.90739191111986, 10.529252860080144], [-66.90744207346319, 10.527395647003473], [-66.90745791420319, 10.526809158663472], [-66.90750807654653, 10.524951945586803], [-66.90752391728654, 10.524365457246802], [-66.90757407962988, 10.522508244170131], [-66.90749009999988, 10.521954660000128], [-66.90690806666656, 10.520305840000113], [-66.90672426666656, 10.519785160000106], [-66.90614223333326, 10.518136340000089], [-66.90595843333325, 10.517615660000084], [-66.90537639999994, 10.515966840000067], [-66.90519259999994, 10.515446160000062], [-66.90461056666662, 10.513797340000046], [-66.90442676666662, 10.513276660000042], [-66.9038447333333, 10.511627840000024], [-66.90366093333331, 10.511107160000018], [-66.9030789, 10.509458340000004], [-66.90297613999999, 10.50899118], [-66.90290735999994, 10.50768132], [-66.90288563999994, 10.50726768], [-66.90281685999989, 10.50595782], [-66.9026500599999, 10.50571908], [-66.90166243999994, 10.50551692], [-66.90135055999994, 10.50545308], [-66.90036293999998, 10.50525092], [-66.90001654, 10.50542382], [-66.89881029333333, 10.506721013333333], [-66.89842937333333, 10.507130653333332], [-66.89722312666666, 10.508427846666669], [-66.89684220666666, 10.508837486666668], [-66.89563595999999, 10.51013468], [-66.89525504, 10.510544320000001], [-66.89404879333333, 10.511841513333332], [-66.89366787333333, 10.512251153333331], [-66.89246162666666, 10.513548346666667], [-66.89208070666666, 10.513957986666666], [-66.89087445999999, 10.51525518], [-66.8906821078123, 10.515738713993846], [-66.89067012395691, 10.517503902621538], [-66.89066633958153, 10.518061330609232], [-66.89065435572614, 10.519826519236924], [-66.89065057135075, 10.520383947224616], [-66.89063858749537, 10.52214913585231], [-66.89063480311998, 10.522706563840003], [-66.89062281926459, 10.524471752467695], [-66.8906190348892, 10.525029180455387], [-66.89060705103383, 10.526794369083083], [-66.89060326665843, 10.527351797070775], [-66.89059128280306, 10.529116985698469], [-66.89058749842766, 10.52967441368616], [-66.89057551457228, 10.531439602313853], [-66.89057173019688, 10.531997030301545], [-66.89055974634151, 10.53376221892924], [-66.89055596196611, 10.534319646916932], [-66.89054397811074, 10.536084835544624], [-66.89054019373535, 10.536642263532318], [-66.89052820987996, 10.53840745216001], [-66.89052442550457, 10.538964880147702], [-66.89051244164918, 10.540730068775398], [-66.8905086572738, 10.54128749676309], [-66.89049667341841, 10.543052685390782], [-66.89049288904303, 10.543610113378476], [-66.89048090518764, 10.545375302006168], [-66.89073377331995, 10.545766963060014], [-66.8923472553466, 10.54648229444002], [-66.89285677598662, 10.54670818856002], [-66.89447025801329, 10.547423519940024], [-66.8949797786533, 10.547649414060025], [-66.89659326067996, 10.548364745440027], [-66.89710278131996, 10.548590639560029], [-66.89871626334661, 10.549305970940035], [-66.89922578398662, 10.549531865060036], [-66.90083926601329, 10.550247196440036], [-66.9013487866533, 10.550473090560038], [-66.90296226867996, 10.551188421940044], [-66.90343140503995, 10.551315651880053]]]}}, {"type": "Feature", "properties": {"parroquia": "San José", "municipio": "Libertador", "estado": "Distrito Capital", "pcode": "VE010116", "estado_pcode": "VE01", "municipio_pcode": "VE0101", "center_lat": 10.53193052, "center_lon": -66.90899264, "area_sqkm": 2.4127559}, "geometry": {"type": "Polygon", "coordinates": [[[-66.9030789, 10.509458340000004], [-66.90366093333331, 10.511107160000018], [-66.9038447333333, 10.511627840000024], [-66.90442676666662, 10.513276660000042], [-66.90461056666662, 10.513797340000046], [-66.90519259999994, 10.515446160000062], [-66.90537639999994, 10.515966840000067], [-66.90595843333325, 10.517615660000084], [-66.90614223333326, 10.518136340000089], [-66.90672426666656, 10.519785160000106], [-66.90690806666656, 10.520305840000113], [-66.90749009999988, 10.521954660000128], [-66.90757407962988, 10.522508244170131], [-66.90752391728654, 10.524365457246802], [-66.90750807654653, 10.524951945586803], [-66.90745791420319, 10.526809158663472], [-66.90744207346319, 10.527395647003473], [-66.90739191111986, 10.529252860080144], [-66.90737607037987, 10.529839348420145], [-66.90732590803654, 10.531696561496815], [-66.90731006729654, 10.532283049836817], [-66.90725990495318, 10.534140262913485], [-66.90724406421319, 10.534726751253487], [-66.90719390186985, 10.536583964330157], [-66.90717806112985, 10.537170452670159], [-66.90712789878651, 10.53902766574683], [-66.90711205804652, 10.53961415408683], [-66.90706189570318, 10.541471367163501], [-66.90704605496317, 10.5420578555035], [-66.90699589261983, 10.543915068580173], [-66.90698005187984, 10.544501556920173], [-66.9069298895365, 10.546358769996843], [-66.90691404879651, 10.546945258336844], [-66.90686388645317, 10.548802471413513], [-66.90684804571316, 10.549388959753514], [-66.90679788336982, 10.551246172830185], [-66.90705981653983, 10.55155966838018], [-66.90876888895986, 10.551687927120154], [-66.90930859603986, 10.551728429880146], [-66.91101766845989, 10.551856688620116], [-66.9112976130849, 10.551589772950113], [-66.9113615232899, 10.549771048300109], [-66.9113817054599, 10.549196714200106], [-66.9114456156649, 10.5473779895501], [-66.91146579783491, 10.546803655450098], [-66.91152970803991, 10.544984930800092], [-66.91154989020991, 10.544410596700091], [-66.91161380041491, 10.542591872050085], [-66.91163398258492, 10.542017537950084], [-66.91169789278993, 10.540198813300078], [-66.91171807495994, 10.539624479200077], [-66.91178198516494, 10.537805754550071], [-66.91180216733494, 10.53723142045007], [-66.91186607753994, 10.535412695800064], [-66.91188625970995, 10.534838361700062], [-66.91195016991495, 10.533019637050057], [-66.91197035208495, 10.532445302950055], [-66.91203426228995, 10.530626578300051], [-66.91205444445995, 10.53005224420005], [-66.91211835466495, 10.528233519550046], [-66.91213853683496, 10.527659185450043], [-66.91220244703996, 10.525840460800037], [-66.91222262920996, 10.525266126700036], [-66.91228653941498, 10.52344740205003], [-66.91230672158498, 10.522873067950028], [-66.91237063178998, 10.521054343300023], [-66.91239081395999, 10.520480009200021], [-66.91245472416499, 10.518661284550015], [-66.91247490633499, 10.518086950450014], [-66.91253881653999, 10.516268225800008], [-66.91255899871, 10.515693891700007], [-66.912622908915, 10.513875167050001], [-66.91245696, 10.51344928], [-66.91134204, 10.512570720000001], [-66.91098996, 10.512293280000002], [-66.90987504, 10.51141472], [-66.90952296, 10.51113728], [-66.90840804, 10.510258720000001], [-66.9080222, 10.510083120000001], [-66.90669346666667, 10.509849546666667], [-66.90627386666667, 10.509775786666667], [-66.90494513333334, 10.509542213333333], [-66.90452553333334, 10.509468453333332], [-66.9031968, 10.509234880000001], [-66.9030789, 10.509458340000004]]]}}, {"type": "Feature", "properties": {"parroquia": "San Juan", "municipio": "Libertador", "estado": "Distrito Capital", "pcode": "VE010117", "estado_pcode": "VE01", "municipio_pcode": "VE0101", "center_lat": 10.4973285, "center_lon": -66.9317725, "area_sqkm": 3.21184248}, "geometry": {"type": "Polygon", "coordinates": [[[-66.92419939999999, 10.505405840000005], [-66.9257156, 10.504638493333369], [-66.9261944, 10.504396173333378], [-66.9277106, 10.50362882666674], [-66.9281894, 10.50338650666675], [-66.9297056, 10.50261916000011], [-66.93021708, 10.502503080000114], [-66.93194025333334, 10.50253525333343], [-66.93248441333334, 10.502545413333428], [-66.93420758666667, 10.502577586666746], [-66.93475174666668, 10.502587746666741], [-66.93647492, 10.502619920000061], [-66.93701908, 10.502630080000056], [-66.93874225333333, 10.502662253333375], [-66.93928641333333, 10.50267241333337], [-66.94100958666667, 10.502704586666688], [-66.94155374666667, 10.502714746666683], [-66.94327692, 10.502746920000002], [-66.94368814, 10.502564800000007], [-66.94456936, 10.50137920000006], [-66.94484764, 10.501004800000075], [-66.94572886, 10.499819200000125], [-66.945739552, 10.49936233600013], [-66.944926048, 10.49765446400011], [-66.944669152, 10.497115136000104], [-66.943855648, 10.495407264000082], [-66.943598752, 10.494867936000075], [-66.942785248, 10.493160064000058], [-66.94252835200001, 10.49262073600005], [-66.941714848, 10.490912864000029], [-66.94145795200001, 10.490373536000023], [-66.940644448, 10.488665664000003], [-66.94029336571428, 10.488525240000001], [-66.93888334857141, 10.489343760000018], [-66.93843807999997, 10.489602240000023], [-66.9370280628571, 10.490420760000038], [-66.93658279428566, 10.490679240000045], [-66.93517277714278, 10.491497760000058], [-66.93472750857134, 10.491756240000063], [-66.93331749142848, 10.492574760000082], [-66.93287222285704, 10.492833240000087], [-66.93146220571417, 10.4936517600001], [-66.93101693714273, 10.493910240000105], [-66.92960691999986, 10.494728760000124], [-66.92916165142842, 10.494987240000128], [-66.92775163428554, 10.495805760000142], [-66.92731926999983, 10.49581716000014], [-66.92599097999982, 10.495070840000114], [-66.92557151999983, 10.494835160000106], [-66.92424322999983, 10.494088840000076], [-66.92382376999984, 10.493853160000068], [-66.92249547999984, 10.49310684000004], [-66.92207601999985, 10.492871160000032], [-66.92074772999985, 10.492124840000004], [-66.92047600799985, 10.492289648000003], [-66.92008339199985, 10.494079752000019], [-66.91995940799985, 10.494645048000024], [-66.91956679199987, 10.496435152000041], [-66.91944280799987, 10.497000448000046], [-66.91905019199987, 10.498790552000063], [-66.91892620799987, 10.499355848000068], [-66.91853359199989, 10.501145952000085], [-66.91840960799989, 10.50171124800009], [-66.91801699199989, 10.503501352000107], [-66.9181951999999, 10.503853720000105], [-66.91971646666659, 10.504295280000077], [-66.9201968666666, 10.504434720000068], [-66.92171813333329, 10.504876280000042], [-66.9221985333333, 10.505015720000033], [-66.92371979999999, 10.505457280000005], [-66.92419939999999, 10.505405840000005]]]}}, {"type": "Feature", "properties": {"parroquia": "San Pedro", "municipio": "Libertador", "estado": "Distrito Capital", "pcode": "VE010118", "estado_pcode": "VE01", "municipio_pcode": "VE0101", "center_lat": 10.48110062, "center_lon": -66.89322909, "area_sqkm": 6.55567204}, "geometry": {"type": "Polygon", "coordinates": [[[-66.88082038599985, 10.49060417843998], [-66.88215346399991, 10.49083251056004], [-66.88257443599994, 10.490904615440058], [-66.88390751399999, 10.491132947560118], [-66.88426456, 10.49141668000013], [-66.88519277333333, 10.492985320000143], [-66.88548589333334, 10.493480680000147], [-66.88641410666666, 10.495049320000163], [-66.88670722666666, 10.495544680000167], [-66.88763544, 10.49711332000018], [-66.88804048, 10.497362720000183], [-66.88967752, 10.497373613333517], [-66.89019448, 10.497377053333517], [-66.89183152, 10.497387946666853], [-66.89234848, 10.497391386666854], [-66.89398552, 10.497402280000188], [-66.89450511999999, 10.497342320000175], [-66.89615887999996, 10.496951680000103], [-66.89668111999994, 10.49682832000008], [-66.8983348799999, 10.49643768000001], [-66.8986745999999, 10.496188], [-66.89917239999991, 10.494997333333332], [-66.89932959999993, 10.494621333333333], [-66.89982739999995, 10.493430666666667], [-66.89998459999997, 10.493054666666668], [-66.90048239999999, 10.491864], [-66.900807456, 10.491651664000003], [-66.902368344, 10.491497536000018], [-66.902861256, 10.491448864000022], [-66.904422144, 10.49129473600004], [-66.904915056, 10.491246064000043], [-66.90647594400001, 10.491091936000057], [-66.906968856, 10.491043264000062], [-66.908529744, 10.490889136000078], [-66.909022656, 10.490840464000083], [-66.910583544, 10.490686336000097], [-66.9108024, 10.490438920000104], [-66.91062759999993, 10.489026080000128], [-66.91057239999991, 10.488579920000136], [-66.91039759999984, 10.48716708000016], [-66.91017085999982, 10.48676720000016], [-66.90890963999985, 10.485647466666807], [-66.90851135999986, 10.485293866666801], [-66.90725013999989, 10.484174133333447], [-66.90685185999989, 10.483820533333441], [-66.90559063999991, 10.482700800000085], [-66.90519235999993, 10.48234720000008], [-66.90393113999994, 10.481227466666725], [-66.90353285999996, 10.480873866666718], [-66.90227163999997, 10.479754133333364], [-66.90187335999997, 10.479400533333358], [-66.90061213999999, 10.478280800000002], [-66.90017576, 10.477920712], [-66.89867324, 10.476759888], [-66.89819876, 10.476393311999999], [-66.89669624000001, 10.475232488], [-66.89622176, 10.474865911999999], [-66.89471924, 10.473705088], [-66.89424475999999, 10.473338512000002], [-66.89274224, 10.472177687999999], [-66.89226776000001, 10.471811112], [-66.89076524000001, 10.470650288], [-66.89051240736, 10.47022882732], [-66.89041365397333, 10.468720400346665], [-66.89038246869333, 10.468244054986666], [-66.89028371530664, 10.466735628013334], [-66.89025253002663, 10.466259282653333], [-66.89015377663996, 10.464750855680002], [-66.88991811429597, 10.464694331944004], [-66.88852433950396, 10.465844775256016], [-66.88808420009596, 10.466208073144022], [-66.88669042530395, 10.467358516456036], [-66.88625028589595, 10.46772181434404], [-66.88485651110395, 10.468872257656056], [-66.88441637169595, 10.46923555554406], [-66.88302259690394, 10.470385998856074], [-66.88258245749594, 10.470749296744078], [-66.88118868270394, 10.471899740056093], [-66.88107585907994, 10.472308674320097], [-66.88175508425327, 10.473748148013444], [-66.88196957641327, 10.474202718653448], [-66.8826488015866, 10.475642192346793], [-66.8828632937466, 10.4760967629868], [-66.88354251891992, 10.477536236680145], [-66.88356592227993, 10.477962207720147], [-66.8830349183866, 10.479220550613476], [-66.8828672329466, 10.479617922053475], [-66.88233622905327, 10.480876264946804], [-66.88216854361328, 10.481273636386803], [-66.88163753971996, 10.482531979280134], [-66.88165990311995, 10.48295651070013], [-66.88233254187998, 10.484386866800111], [-66.88254495411996, 10.484838558200106], [-66.88321759287999, 10.486268914300087], [-66.88312633107998, 10.486546422640085], [-66.88187570091998, 10.4868736193601], [-66.88148076507997, 10.486976944640103], [-66.88023013491997, 10.487304141360115], [-66.88006730097996, 10.48754854332011], [-66.88028664951992, 10.488769225680052], [-66.8803559174799, 10.489154704320034], [-66.88057526601986, 10.490375386679979], [-66.88082038599985, 10.49060417843998]]]}}, {"type": "Feature", "properties": {"parroquia": "Santa Rosalía", "municipio": "Libertador", "estado": "Distrito Capital", "pcode": "VE010119", "estado_pcode": "VE01", "municipio_pcode": "VE0101", "center_lat": 10.483391, "center_lon": -66.91663839, "area_sqkm": 6.21578897}, "geometry": {"type": "Polygon", "coordinates": [[[-66.93322448, 10.472194020000005], [-66.93239152, 10.470946480000036], [-66.93212848, 10.470552520000046], [-66.93129551999999, 10.469304980000079], [-66.93103248, 10.468911020000089], [-66.93019952, 10.46766348000012], [-66.92993648000001, 10.46726952000013], [-66.92910352, 10.466021980000162], [-66.928706104, 10.465863400000163], [-66.927022096, 10.466106600000135], [-66.926490304, 10.466183400000128], [-66.924806296, 10.466426600000103], [-66.924274504, 10.466503400000095], [-66.92259049600001, 10.466746600000072], [-66.92205870400001, 10.466823400000063], [-66.92037469600001, 10.467066600000038], [-66.919842904, 10.46714340000003], [-66.91815889600001, 10.467386600000005], [-66.91765993333334, 10.467567386666667], [-66.91618384444445, 10.46846916888889], [-66.91571771111111, 10.468753942222223], [-66.91424162222222, 10.469655724444445], [-66.91377548888889, 10.46994049777778], [-66.91229940000001, 10.47084228], [-66.91183326666668, 10.471127053333333], [-66.91035717777778, 10.472028835555557], [-66.90989104444445, 10.47231360888889], [-66.90841495555556, 10.473215391111111], [-66.90794882222222, 10.473500164444445], [-66.90647273333333, 10.474401946666667], [-66.9060066, 10.474686720000001], [-66.90453051111112, 10.475588502222221], [-66.90406437777779, 10.475873275555555], [-66.9025882888889, 10.476775057777777], [-66.90212215555556, 10.47705983111111], [-66.90064606666667, 10.477961613333333], [-66.90061213999999, 10.478280800000002], [-66.90187335999997, 10.479400533333358], [-66.90227163999997, 10.479754133333364], [-66.90353285999996, 10.480873866666718], [-66.90393113999994, 10.481227466666725], [-66.90519235999993, 10.48234720000008], [-66.90559063999991, 10.482700800000085], [-66.90685185999989, 10.483820533333441], [-66.90725013999989, 10.484174133333447], [-66.90851135999986, 10.485293866666801], [-66.90890963999985, 10.485647466666807], [-66.91017085999982, 10.48676720000016], [-66.91039759999984, 10.48716708000016], [-66.91057239999991, 10.488579920000136], [-66.91062759999993, 10.489026080000128], [-66.9108024, 10.490438920000104], [-66.91077963000001, 10.490920120000098], [-66.91046062, 10.492554880000078], [-66.91035988, 10.493071120000073], [-66.91004086999999, 10.494705880000051], [-66.90994013, 10.495222120000046], [-66.90962112, 10.49685688000003], [-66.90952038, 10.497373120000024], [-66.90920136999999, 10.499007880000002], [-66.90924964, 10.49951896], [-66.90987435999999, 10.501121040000001], [-66.91019505999999, 10.50138558], [-66.91160144, 10.50145892], [-66.91204556, 10.501482079999999], [-66.91345194, 10.50155542], [-66.91371765, 10.501316950000005], [-66.91399409999997, 10.499733300000031], [-66.91408139999996, 10.499233200000042], [-66.91435784999994, 10.497649550000071], [-66.91444514999993, 10.49714945000008], [-66.91472159999991, 10.495565800000108], [-66.9148088999999, 10.495065700000115], [-66.91508534999987, 10.493482050000145], [-66.91508351999988, 10.49299422000015], [-66.91479547999994, 10.491488280000148], [-66.91470451999994, 10.49101272000015], [-66.91441648, 10.48950678000015], [-66.91462708, 10.489308600000147], [-66.91624892, 10.489559400000118], [-66.91655221999999, 10.489401480000106], [-66.91685127999993, 10.488150520000062], [-66.91694571999992, 10.487755480000049], [-66.91724477999986, 10.486504520000008], [-66.91757705999987, 10.4863271], [-66.91938243999992, 10.4864544], [-66.91995255999994, 10.4864946], [-66.92175793999999, 10.4866219], [-66.922266992, 10.48651552], [-66.92368560799999, 10.48571448], [-66.92413359199998, 10.48546152], [-66.92555220799996, 10.48466048], [-66.92600019199995, 10.484407520000001], [-66.92741880799993, 10.483606479999999], [-66.92786679199993, 10.48335352], [-66.92928540799991, 10.48255248], [-66.92973339199992, 10.48229952], [-66.93115200799988, 10.48149848], [-66.93143539999988, 10.481102570000001], [-66.93181159999992, 10.47939618], [-66.93193039999993, 10.478857320000001], [-66.93230659999995, 10.47715093], [-66.93242539999994, 10.47661207], [-66.93280159999998, 10.47490568], [-66.93292039999997, 10.47436682], [-66.9332966, 10.47266043], [-66.93322448, 10.472194020000005]]]}}, {"type": "Feature", "properties": {"parroquia": "Santa Teresa", "municipio": "Libertador", "estado": "Distrito Capital", "pcode": "VE010120", "estado_pcode": "VE01", "municipio_pcode": "VE0101", "center_lat": 10.496518, "center_lon": -66.91705106, "area_sqkm": 0.66299781}, "geometry": {"type": "Polygon", "coordinates": [[[-66.92032163999986, 10.492056000000005], [-66.91895135999985, 10.492366333333376], [-66.91851863999986, 10.492464333333388], [-66.91714835999986, 10.49277466666676], [-66.91671563999986, 10.492872666666774], [-66.91534535999986, 10.493183000000144], [-66.91508534999987, 10.493482050000145], [-66.9148088999999, 10.495065700000115], [-66.91472159999991, 10.495565800000108], [-66.91444514999993, 10.49714945000008], [-66.91435784999994, 10.497649550000071], [-66.91408139999996, 10.499233200000042], [-66.91399409999997, 10.499733300000031], [-66.91371765, 10.501316950000005], [-66.91393086, 10.501700020000007], [-66.91555763999996, 10.502542480000049], [-66.91607135999995, 10.502808520000062], [-66.9176981399999, 10.503650980000103], [-66.91801699199989, 10.503501352000107], [-66.91840960799989, 10.50171124800009], [-66.91853359199989, 10.501145952000085], [-66.91892620799987, 10.499355848000068], [-66.91905019199987, 10.498790552000063], [-66.91944280799987, 10.497000448000046], [-66.91956679199987, 10.496435152000041], [-66.91995940799985, 10.494645048000024], [-66.92008339199985, 10.494079752000019], [-66.92047600799985, 10.492289648000003], [-66.92032163999986, 10.492056000000005]]]}}, {"type": "Feature", "properties": {"parroquia": "Sucre", "municipio": "Libertador", "estado": "Distrito Capital", "pcode": "VE010121", "estado_pcode": "VE01", "municipio_pcode": "VE0101", "center_lat": 10.5278695, "center_lon": -66.9656894, "area_sqkm": 50.70001361}, "geometry": {"type": "Polygon", "coordinates": [[[-67.00887354177988, 10.56235306641004], [-67.0105515317199, 10.562036117340057], [-67.0110814232799, 10.561936028160062], [-67.01275941321992, 10.561619079090079], [-67.01328930477993, 10.561518989910084], [-67.01496729471995, 10.5612020408401], [-67.01549718627996, 10.561101951660106], [-67.01717517621998, 10.560785002590123], [-67.01760515808998, 10.560528311340123], [-67.01865038665998, 10.559219549160103], [-67.01898045883998, 10.558806255840096], [-67.02002568740998, 10.55749749366008], [-67.02035575958998, 10.557084200340073], [-67.02140098815998, 10.555775438160053], [-67.02173106033999, 10.555362144840048], [-67.02277628890998, 10.554053382660028], [-67.02317565103998, 10.553725424340028], [-67.02465971595996, 10.55295711716005], [-67.02512836803996, 10.552714493840055], [-67.02661243295994, 10.551946186660077], [-67.02708108503994, 10.551703563340084], [-67.02856514995992, 10.550935256160102], [-67.02903380203992, 10.550692632840109], [-67.0305178669599, 10.54992432566013], [-67.0307023292799, 10.549522904380133], [-67.0303865257199, 10.547748876786796], [-67.03028679827989, 10.547188657546796], [-67.02997099471989, 10.545414629953457], [-67.02987126727987, 10.544854410713455], [-67.02955546371987, 10.54308038312012], [-67.02945573627989, 10.542520163880118], [-67.02913993271989, 10.540746136286785], [-67.02904020527987, 10.540185917046783], [-67.02872440171987, 10.538411889453444], [-67.02862467427987, 10.537851670213444], [-67.02830887071985, 10.536077642620107], [-67.02804018678987, 10.535661947010103], [-67.02665432545989, 10.534803235740084], [-67.0262166850399, 10.534532063760077], [-67.02483082370992, 10.533673352490057], [-67.02439318328993, 10.53340218051005], [-67.02300732195997, 10.53254346924003], [-67.02256968153998, 10.532272297260025], [-67.02118382021, 10.531413585990002], [-67.02067054000001, 10.531328], [-67.01880562666668, 10.531644666666665], [-67.01821670666668, 10.531744666666667], [-67.01635179333334, 10.532061333333333], [-67.01576287333333, 10.532161333333333], [-67.01389796000001, 10.532478], [-67.01330904, 10.532577999999999], [-67.01144412666667, 10.532894666666667], [-67.01085520666666, 10.532994666666667], [-67.00899029333334, 10.533311333333334], [-67.00840137333333, 10.533411333333333], [-67.00653646, 10.533728], [-67.00607538, 10.533928], [-67.00502011999994, 10.534878], [-67.00468687999994, 10.535178], [-67.00363161999991, 10.536128], [-67.0032982799999, 10.536078], [-67.00224238666655, 10.534811333333332], [-67.00190894666656, 10.534411333333333], [-67.00085305333323, 10.533144666666667], [-67.00051961333324, 10.532744666666666], [-66.9994637199999, 10.531478], [-66.9990991999999, 10.53122848], [-66.9978464666666, 10.530914853333332], [-66.99745086666661, 10.530815813333334], [-66.9961981333333, 10.530502186666666], [-66.9958025333333, 10.530403146666666], [-66.9945498, 10.53008952], [-66.99450428, 10.52987608000001], [-66.99546871999995, 10.528837920000077], [-66.99577327999994, 10.5285100800001], [-66.9967377199999, 10.527471920000165], [-66.9966463399999, 10.527320540000165], [-66.99510315999994, 10.5273999600001], [-66.99461583999995, 10.527425040000077], [-66.99307266, 10.52750446000001], [-66.99288771999998, 10.52722296], [-66.99325961333328, 10.525360706666666], [-66.99337705333328, 10.524772626666666], [-66.99374894666657, 10.522910373333334], [-66.99386638666657, 10.522322293333334], [-66.99423827999985, 10.52046004], [-66.99443699199985, 10.519966008000004], [-66.99532360799985, 10.518699392000023], [-66.99560359199985, 10.518299408000031], [-66.99649020799987, 10.517032792000052], [-66.99677019199987, 10.516632808000058], [-66.99765680799987, 10.51536619200008], [-66.99793679199988, 10.514966208000086], [-66.9988234079999, 10.513699592000107], [-66.9991033919999, 10.513299608000114], [-66.9999900079999, 10.512032992000133], [-67.0000832599999, 10.511549410000137], [-66.99978723999992, 10.509753340000135], [-66.99969375999993, 10.509186160000136], [-66.99939773999995, 10.507390090000134], [-66.99930425999995, 10.506822910000134], [-66.99900823999997, 10.505026840000133], [-66.99891475999998, 10.504459660000132], [-66.99861874, 10.50266359000013], [-66.99831352, 10.502379600000125], [-66.99667647999999, 10.502377066666758], [-66.99615951999999, 10.502376266666747], [-66.99452248, 10.502373733333384], [-66.99400552, 10.502372933333373], [-66.99236848, 10.502370400000007], [-66.99213496, 10.502212320000002], [-66.99229303999999, 10.50121368], [-66.99234296, 10.50089832], [-66.99250104, 10.49989968], [-66.9923439, 10.4997414], [-66.9911906, 10.4997376], [-66.9908264, 10.4997364], [-66.9896731, 10.4997326], [-66.9895363, 10.49943686], [-66.9898232, 10.497567640000002], [-66.98991380000001, 10.496977360000002], [-66.9902007, 10.49510814], [-66.99008652, 10.49473080000001], [-66.98907648, 10.494210200000081], [-66.98875752000001, 10.494045800000102], [-66.98774748, 10.493525200000175], [-66.98739752, 10.493643880000178], [-66.98619114666667, 10.49491612000013], [-66.98581018666667, 10.495317880000115], [-66.98460381333334, 10.496590120000068], [-66.98422285333334, 10.496991880000053], [-66.98301648, 10.498264120000007], [-66.98255596000001, 10.498335640000006], [-66.98084570666667, 10.497516360000047], [-66.98030562666666, 10.49725764000006], [-66.97859537333333, 10.4964383600001], [-66.97805529333333, 10.496179640000113], [-66.97634504, 10.495360360000154], [-66.97588647999999, 10.495301320000154], [-66.97469251999999, 10.495746680000114], [-66.97431548, 10.4958873200001], [-66.97312152, 10.496332680000059], [-66.97274448, 10.496473320000046], [-66.97155052, 10.496918680000006], [-66.97114137999999, 10.49708632], [-66.96974411999993, 10.49770268], [-66.96930287999992, 10.49789732], [-66.96790561999985, 10.49851368], [-66.96745480999985, 10.498447110000004], [-66.96599693999988, 10.49740914000003], [-66.96553655999989, 10.497081360000038], [-66.96407868999992, 10.496043390000063], [-66.96361830999993, 10.49571561000007], [-66.96216043999996, 10.494677640000095], [-66.96170005999997, 10.494349860000103], [-66.96024219, 10.493311890000129], [-66.95976953142858, 10.493259154285846], [-66.95823389714286, 10.493963131428705], [-66.95774896, 10.494185440000134], [-66.95621332571429, 10.49488941714299], [-66.95572838857143, 10.495111725714418], [-66.95419275428571, 10.495815702857277], [-66.95370781714286, 10.496038011428706], [-66.95217218285715, 10.49674198857156], [-66.9516872457143, 10.49696429714299], [-66.95015161142858, 10.497668274285848], [-66.94966667428572, 10.497890582857277], [-66.94813104, 10.498594560000132], [-66.94764610285715, 10.498816868571561], [-66.94611046857143, 10.49952084571442], [-66.94596742, 10.499787340000132], [-66.94659708, 10.500771160000134], [-66.94679592, 10.501081840000134], [-66.94742558, 10.502065660000135], [-66.9474587, 10.50247081000013], [-66.94703879999997, 10.504052940000104], [-66.94690619999997, 10.504552560000096], [-66.94648629999993, 10.50613469000007], [-66.94635369999992, 10.506634310000063], [-66.9459337999999, 10.508216440000037], [-66.9458011999999, 10.50871606000003], [-66.94538129999988, 10.510298190000004], [-66.94504283999987, 10.51049664], [-66.94331915999986, 10.510171360000001], [-66.94277483999986, 10.51006864], [-66.94105115999984, 10.50974336], [-66.94067127999985, 10.5095168], [-66.93998905333322, 10.508407199999999], [-66.93977361333324, 10.508056799999999], [-66.9390913866666, 10.5069472], [-66.93887594666663, 10.5065968], [-66.93819371999999, 10.5054872], [-66.937929232, 10.505519456000002], [-66.93693636799999, 10.50683334400002], [-66.936622832, 10.507248256000025], [-66.935629968, 10.508562144000045], [-66.93531643200001, 10.508977056000052], [-66.934323568, 10.510290944000069], [-66.934010032, 10.510705856000076], [-66.933017168, 10.512019744000096], [-66.93270363200001, 10.512434656000101], [-66.931710768, 10.51374854400012], [-66.93162736000001, 10.51422934000012], [-66.93209197333333, 10.515960493333454], [-66.93223869333333, 10.516507173333453], [-66.93270330666667, 10.518238326666788], [-66.93285002666667, 10.51878500666679], [-66.93331464, 10.52051616000012], [-66.93346136000001, 10.521062840000122], [-66.93392597333333, 10.522793993333451], [-66.93407269333333, 10.523340673333452], [-66.93453730666666, 10.525071826666787], [-66.93468402666666, 10.525618506666786], [-66.93514864, 10.52734966000012], [-66.93513609183199, 10.52789243296412], [-66.934592006768, 10.529598841736114], [-66.934420190432, 10.530137707664112], [-66.93387610536799, 10.531844116436105], [-66.93370428903198, 10.532382982364105], [-66.93316020396797, 10.5340893911361], [-66.93298838763197, 10.534628257064098], [-66.93244430256797, 10.536334665836094], [-66.93227248623197, 10.53687353176409], [-66.93172840116797, 10.538579940536087], [-66.93155658483197, 10.539118806464085], [-66.93101249976796, 10.54082521523608], [-66.93084068343195, 10.541364081164076], [-66.93029659836795, 10.543070489936072], [-66.93012478203194, 10.54360935586407], [-66.92958069696795, 10.545315764636065], [-66.92940888063194, 10.545854630564065], [-66.92886479556793, 10.547561039336058], [-66.92869297923194, 10.548099905264056], [-66.92814889416793, 10.54980631403605], [-66.92831164315993, 10.550043722720055], [-66.92988647183994, 10.549840902280074], [-66.93038378615994, 10.549776853720081], [-66.93195861483993, 10.549574033280102], [-66.93245592915993, 10.54950998472011], [-66.93403075783993, 10.54930716428013], [-66.93451498447993, 10.549129790792133], [-66.93600692451993, 10.548209245808128], [-66.93647806347992, 10.547918547392126], [-66.93797000351992, 10.54699800240812], [-66.93844114247992, 10.546707303992118], [-66.93993308251993, 10.545786759008113], [-66.94040422147992, 10.54549606059211], [-66.94189616151992, 10.544575515608106], [-66.94236730047992, 10.544284817192104], [-66.94385924051991, 10.543364272208098], [-66.9443837525399, 10.543239411860096], [-66.94621372195991, 10.543369174640095], [-66.9467916070399, 10.543410152360094], [-66.9486215764599, 10.543539915140089], [-66.94919946153989, 10.543580892860088], [-66.95102943095989, 10.543710655640087], [-66.95160731603988, 10.543751633360086], [-66.95343728545988, 10.543881396140081], [-66.95396638966989, 10.544047063220082], [-66.9554874135799, 10.544966525280097], [-66.9559677369199, 10.5452568817201], [-66.9574887608299, 10.546176343780111], [-66.95796908416992, 10.546466700220115], [-66.95949010807992, 10.547386162280127], [-66.95997043141993, 10.547676518720131], [-66.96149145532993, 10.548595980780142], [-66.96199922923994, 10.548872793160141], [-66.96369410675993, 10.549706476173462], [-66.96422933123992, 10.549969744493458], [-66.9659242087599, 10.550803427506773], [-66.96645943323989, 10.55106669582677], [-66.96815431075987, 10.55190037884009], [-66.96869294707987, 10.552156763320088], [-66.97040943291988, 10.5529468486801], [-66.97095148107988, 10.553196349320103], [-66.9726679669199, 10.553986434680112], [-66.9732100150799, 10.554235935320117], [-66.9749265009199, 10.555026020680128], [-66.97546854907992, 10.555275521320132], [-66.97718503491993, 10.556065606680145], [-66.97772708307994, 10.556315107320149], [-66.97944356891993, 10.55710519268016], [-66.97998561707993, 10.557354693320164], [-66.98170210291995, 10.558144778680173], [-66.98224415107995, 10.558394279320176], [-66.98396063691996, 10.559184364680188], [-66.98452418421996, 10.559346242952188], [-66.98637683127996, 10.559581386648176], [-66.98696187771995, 10.559655642552173], [-66.98881452477995, 10.559890786248161], [-66.98939957121995, 10.559965042152157], [-66.99125221827994, 10.560200185848146], [-66.99183726471993, 10.560274441752142], [-66.99368991177994, 10.56050958544813], [-66.99427495821993, 10.560583841352127], [-66.99612760527992, 10.560818985048115], [-66.99671265171992, 10.560893240952112], [-66.99856529877991, 10.5611283846481], [-66.9991503452199, 10.561202640552096], [-67.00100299227991, 10.561437784248085], [-67.0015880387199, 10.561512040152081], [-67.00344068577989, 10.56174718384807], [-67.00402573221989, 10.561821439752066], [-67.00587837927989, 10.562056583448054], [-67.00646342571989, 10.56213083935205], [-67.00831607277988, 10.56236598304804], [-67.00887354177988, 10.56235306641004]]]}}, {"type": "Feature", "properties": {"parroquia": "23 de Enero", "municipio": "Libertador", "estado": "Distrito Capital", "pcode": "VE010122", "estado_pcode": "VE01", "municipio_pcode": "VE0101", "center_lat": 10.506788, "center_lon": -66.93119152, "area_sqkm": 2.24878105}, "geometry": {"type": "Polygon", "coordinates": [[[-66.94572886, 10.499819200000125], [-66.94484764, 10.501004800000075], [-66.94456936, 10.50137920000006], [-66.94368814, 10.502564800000007], [-66.94327692, 10.502746920000002], [-66.94155374666667, 10.502714746666683], [-66.94100958666667, 10.502704586666688], [-66.93928641333333, 10.50267241333337], [-66.93874225333333, 10.502662253333375], [-66.93701908, 10.502630080000056], [-66.93647492, 10.502619920000061], [-66.93475174666668, 10.502587746666741], [-66.93420758666667, 10.502577586666746], [-66.93248441333334, 10.502545413333428], [-66.93194025333334, 10.50253525333343], [-66.93021708, 10.502503080000114], [-66.9297056, 10.50261916000011], [-66.9281894, 10.50338650666675], [-66.9277106, 10.50362882666674], [-66.9261944, 10.504396173333378], [-66.9257156, 10.504638493333369], [-66.92419939999999, 10.505405840000005], [-66.92391971999999, 10.505751640000002], [-66.9236646133333, 10.50717436], [-66.92358405333329, 10.50762364], [-66.9233289466666, 10.509046360000001], [-66.92324838666659, 10.50949564], [-66.9229932799999, 10.51091836], [-66.92321102999989, 10.511227390000004], [-66.92484521999991, 10.511761860000027], [-66.92536127999992, 10.511930640000035], [-66.92699546999995, 10.512465110000058], [-66.92751152999995, 10.512633890000066], [-66.92914571999998, 10.513168360000087], [-66.92966177999998, 10.513337140000095], [-66.93129597000001, 10.513871610000118], [-66.931710768, 10.51374854400012], [-66.93270363200001, 10.512434656000101], [-66.933017168, 10.512019744000096], [-66.934010032, 10.510705856000076], [-66.934323568, 10.510290944000069], [-66.93531643200001, 10.508977056000052], [-66.935629968, 10.508562144000045], [-66.936622832, 10.507248256000025], [-66.93693636799999, 10.50683334400002], [-66.937929232, 10.505519456000002], [-66.93819371999999, 10.5054872], [-66.93887594666663, 10.5065968], [-66.9390913866666, 10.5069472], [-66.93977361333324, 10.508056799999999], [-66.93998905333322, 10.508407199999999], [-66.94067127999985, 10.5095168], [-66.94105115999984, 10.50974336], [-66.94277483999986, 10.51006864], [-66.94331915999986, 10.510171360000001], [-66.94504283999987, 10.51049664], [-66.94538129999988, 10.510298190000004], [-66.9458011999999, 10.50871606000003], [-66.9459337999999, 10.508216440000037], [-66.94635369999992, 10.506634310000063], [-66.94648629999993, 10.50613469000007], [-66.94690619999997, 10.504552560000096], [-66.94703879999997, 10.504052940000104], [-66.9474587, 10.50247081000013], [-66.94742558, 10.502065660000135], [-66.94679592, 10.501081840000134], [-66.94659708, 10.500771160000134], [-66.94596742, 10.499787340000132], [-66.94572886, 10.499819200000125]]]}}]}