{"type": "FeatureCollection", "features": [{"type": "Feature", "properties": {"parroquia": "Huachamacare", "municipio": "Autónomo Alto Orinoco", "estado": "Amazonas", "pcode": "VE020102", "estado_pcode": "VE02", "municipio_pcode": "VE0201", "center_lat": 3.277778, "center_lon": -65.6686915, "area_sqkm": 8390.43644119}, "geometry": {"type": "Polygon", "coordinates": [[[-65.816815, 2.806972000000144], [-65.813699, 2.805431000000169], [-65.81293299999987, 2.807624], [-65.808323, 2.803964000000121], [-65.81003, 2.802694], [-65.808835, 2.792478], [-65.801501, 2.795039], [-65.802192, 2.790868000000103], [-65.797991, 2.789453], [-65.801294, 2.787905], [-65.799976, 2.785124], [-65.793328, 2.782914000000119], [-65.787974, 2.772752], [-65.7904089999999, 2.768591], [-65.788711, 2.762932], [-65.78618299999982, 2.766257], [-65.786468, 2.763892000000112], [-65.782055, 2.763293], [-65.78202599999986, 2.760983000000124], [-65.784601, 2.761437], [-65.782606, 2.757093000000111], [-65.77860899999985, 2.760429000000101], [-65.772668, 2.755114000000162], [-65.769238, 2.761701000000187], [-65.767593, 2.756094], [-65.76582899999988, 2.757629], [-65.76269799999989, 2.754710000000102], [-65.756836, 2.755644000000132], [-65.750511, 2.749019], [-65.73970699999984, 2.757337], [-65.74112, 2.748821000000135], [-65.73088699999988, 2.748367], [-65.72917599999988, 2.745806], [-65.72809399999988, 2.747283], [-65.724083, 2.74179700000019], [-65.727648, 2.741498000000149], [-65.7264, 2.735472000000186], [-65.723085, 2.733931], [-65.723991, 2.736022], [-65.71909599999987, 2.733605], [-65.716338, 2.736784000000171], [-65.706209, 2.735839000000169], [-65.702837, 2.74123], [-65.699823, 2.737638000000118], [-65.697546, 2.742073000000119], [-65.690034, 2.740365000000168], [-65.68441, 2.746200000000158], [-65.686036, 2.753797], [-65.678847, 2.760855000000163], [-65.680635, 2.761572000000172], [-65.677511, 2.764965], [-65.680577, 2.768399000000159], [-65.67759, 2.768797], [-65.679133, 2.771879000000126], [-65.673767, 2.777133], [-65.66962099999989, 2.776756], [-65.668125, 2.780395], [-65.664378, 2.777073], [-65.6568309999999, 2.779018000000178], [-65.655813, 2.775693], [-65.65984, 2.770661], [-65.65591599999988, 2.768095], [-65.657644, 2.76465700000017], [-65.649896, 2.767564000000164], [-65.645512, 2.775535000000104], [-65.638691, 2.777908], [-65.641649, 2.781571], [-65.638179, 2.783341000000121], [-65.628772, 2.785142000000121], [-65.625497, 2.783533], [-65.623199, 2.785611000000188], [-65.6208529999999, 2.784433], [-65.622457, 2.779148000000134], [-65.6193449999999, 2.778421], [-65.611925, 2.783535], [-65.610547, 2.781863], [-65.60397399999988, 2.784537000000114], [-65.605255, 2.779605], [-65.60192699999982, 2.769956], [-65.5941, 2.770563000000152], [-65.592213, 2.767168], [-65.587249, 2.7667560000001], [-65.574258, 2.757864000000154], [-65.5741139999999, 2.752633], [-65.568886, 2.748333], [-65.56878799999987, 2.739143000000126], [-65.563998, 2.733355000000131], [-65.565795, 2.729805], [-65.562217, 2.731474000000105], [-65.561651, 2.729220000000169], [-65.564263, 2.728655000000117], [-65.559623, 2.726853], [-65.558807, 2.723929], [-65.562868, 2.721952000000101], [-65.551633, 2.717566], [-65.5524549999999, 2.714022000000114], [-65.548856, 2.713007000000175], [-65.545818, 2.706314], [-65.54645899999986, 2.702954], [-65.5494609999999, 2.705255], [-65.549574, 2.696957], [-65.555343, 2.694216], [-65.54795299999984, 2.685573], [-65.55016299999988, 2.684629], [-65.549571, 2.680076], [-65.542031, 2.680378000000132], [-65.544695, 2.673639000000151], [-65.53798, 2.671125000000188], [-65.53283899999985, 2.658984000000146], [-65.52967999999987, 2.661101000000144], [-65.531807, 2.656874000000187], [-65.52762, 2.654529000000139], [-65.52688499999988, 2.656218], [-65.52537699999982, 2.652683], [-65.52922499999988, 2.651326000000154], [-65.524459, 2.647367000000145], [-65.525416, 2.645238], [-65.522784, 2.64503400000018], [-65.523708, 2.64281], [-65.517921, 2.643673], [-65.51972099999989, 2.640493000000163], [-65.513531, 2.634072], [-65.51325999999983, 2.626407000000142], [-65.511293, 2.626083000000165], [-65.512375, 2.623987000000113], [-65.50909799999988, 2.624189000000115], [-65.507918, 2.617812], [-65.50179, 2.619393000000173], [-65.497825, 2.615409], [-65.501659, 2.612851], [-65.499998, 2.598936], [-65.511257, 2.591009000000156], [-65.51085599999988, 2.585403000000156], [-65.512772, 2.584784], [-65.50909799999988, 2.581668], [-65.51334, 2.579854000000182], [-65.512731, 2.573344000000134], [-65.521191, 2.567374], [-65.521484, 2.555498], [-65.519053, 2.555259], [-65.516899, 2.546420000000182], [-65.511992, 2.547178], [-65.510772, 2.542203000000143], [-65.50772199999989, 2.542172], [-65.5114779999999, 2.540637], [-65.504237, 2.536835], [-65.50605799999988, 2.534813], [-65.502586, 2.52968], [-65.498259, 2.531587000000172], [-65.493539, 2.512251000000106], [-65.495085, 2.508264], [-65.491523, 2.500115000000108], [-65.485924, 2.502174000000139], [-65.487646, 2.499457], [-65.48211299999986, 2.496636], [-65.48027899999988, 2.490543], [-65.467478, 2.489782000000105], [-65.46066599999989, 2.515836], [-65.449099, 2.534061], [-65.44465, 2.556285000000173], [-65.429523, 2.57851], [-65.41750999999988, 2.592734], [-65.405497, 2.602277], [-65.383252, 2.600500000000125], [-65.371684, 2.612944], [-65.36545499999988, 2.649389], [-65.36545499999988, 2.690279], [-65.368125, 2.716946000000121], [-65.355667, 2.742724000000123], [-65.331642, 2.77828], [-65.312304, 2.847319000000141], [-65.30123199999986, 2.911460000000147], [-65.275698, 2.964256], [-65.26029299999988, 3.005152], [-65.259381, 3.028592], [-65.299745, 3.061431], [-65.3034459999999, 3.081765000000132], [-65.32780799999989, 3.12821200000019], [-65.34109599999988, 3.159177], [-65.37653299999988, 3.2764], [-65.394251, 3.322847], [-65.405324, 3.375929], [-65.409754, 3.422376000000156], [-65.423042, 3.501999], [-65.425257, 3.550657], [-65.434116, 3.583834000000138], [-65.495079, 3.634582], [-65.50930099999982, 3.673622], [-65.576857, 3.709112000000118], [-65.6195239999999, 3.719759000000181], [-65.636911, 3.74555], [-65.63839, 3.778021], [-65.662061, 3.909378000000174], [-65.655605, 3.951109000000145], [-65.676371, 4.020833], [-65.710882, 4.041113], [-65.782634, 4.058822], [-65.883333, 4.066667], [-65.857345, 4.035555000000102], [-65.841071, 3.992759000000149], [-65.83071499999988, 3.935207000000105], [-65.842551, 3.892411000000152], [-65.86033, 3.853140000000167], [-65.925922, 3.841757], [-65.952942, 3.834107000000131], [-65.999375, 3.787787], [-66.022641, 3.749131], [-66.038232, 3.698825], [-66.030734, 3.632949000000167], [-66.00389699999988, 3.586378000000138], [-65.984696, 3.563075], [-65.980916, 3.539822000000129], [-65.981002, 3.512708], [-65.961851, 3.473912], [-65.96973, 3.419709], [-65.98527799999988, 3.377149], [-65.99375, 3.340972], [-65.99180599999988, 3.332639], [-65.981528, 3.327083], [-65.980695, 3.321528], [-65.972917, 3.317639], [-65.983472, 3.315694000000121], [-65.985417, 3.312083000000143], [-65.984306, 3.306806000000165], [-65.975139, 3.30569400000013], [-65.972361, 3.309583], [-65.967083, 3.308472000000165], [-65.970417, 3.307083000000148], [-65.97375, 3.298472000000174], [-65.971528, 3.292083], [-65.972361, 3.280139000000133], [-65.969306, 3.27625], [-65.95986099999988, 3.277083], [-65.96291699999989, 3.27125], [-65.96291699999989, 3.26375000000013], [-65.969583, 3.254861], [-65.965139, 3.235972], [-65.968195, 3.23347200000012], [-65.973472, 3.234583], [-65.98125, 3.245417], [-65.985695, 3.245694000000128], [-65.982083, 3.231528], [-65.988194, 3.237639000000115], [-65.994028, 3.23347200000012], [-65.988194, 3.220139], [-65.997083, 3.222361], [-66.000417, 3.220139], [-66.002361, 3.217639], [-66.0006939999999, 3.211528000000101], [-66.004583, 3.21680600000019], [-66.006528, 3.215972], [-66.004028, 3.194861], [-66.009861, 3.196806], [-66.009861, 3.200417], [-66.014028, 3.205139], [-66.019306, 3.203472], [-66.014861, 3.198194000000115], [-66.031806, 3.179861], [-66.032361, 3.165417000000105], [-65.996568, 3.148037], [-65.986415, 3.138678], [-65.963532, 3.131991], [-65.955744, 3.133473], [-65.945847, 3.139613000000111], [-65.921063, 3.168880000000115], [-65.913569, 3.172168], [-65.9051869999999, 3.171842], [-65.89324, 3.162477], [-65.889633, 3.142192000000136], [-65.881037, 3.138931000000127], [-65.875753, 3.129023000000132], [-65.880846, 3.127459], [-65.88152799999989, 3.12482800000015], [-65.877756, 3.109583000000157], [-65.890812, 3.09788600000013], [-65.894035, 3.096015], [-65.899118, 3.097910000000127], [-65.90193499999987, 3.107172000000162], [-65.905453, 3.107182], [-65.902858, 3.09867400000013], [-65.908782, 3.094478], [-65.91172299999988, 3.087039], [-65.917201, 3.081789000000128], [-65.915688, 3.06151], [-65.91913599999987, 3.059488], [-65.920322, 3.063329], [-65.927954, 3.063727000000142], [-65.939331, 3.049917], [-65.95674799999989, 3.04391], [-65.958303, 3.023075000000119], [-65.97016, 3.011221], [-65.977791, 3.011995000000127], [-65.985217, 3.005846], [-65.99090399999989, 3.005937000000188], [-65.9908539999999, 2.996984000000111], [-66.000099, 2.982075], [-65.99855499999984, 2.972064], [-65.981923, 2.951235000000111], [-65.978241, 2.943212], [-65.961171, 2.932332000000144], [-65.9589519999999, 2.922771], [-65.964142, 2.91308], [-65.963632, 2.907812], [-65.957298, 2.898052000000121], [-65.951476, 2.892394], [-65.9482569999999, 2.893213000000117], [-65.947107, 2.903291000000138], [-65.949486, 2.909015000000181], [-65.94640999999984, 2.912166000000127], [-65.9449249999999, 2.907799000000125], [-65.931687, 2.905355], [-65.930572, 2.902794], [-65.934775, 2.898066], [-65.934196, 2.890917], [-65.926809, 2.883186], [-65.922782, 2.878059000000178], [-65.92095, 2.863648000000126], [-65.910744, 2.846919], [-65.909286, 2.834487000000138], [-65.903662, 2.832953], [-65.897322, 2.837160000000154], [-65.893431, 2.83277], [-65.885883, 2.837206], [-65.880983, 2.836703000000171], [-65.88194, 2.833035000000109], [-65.879882, 2.830541000000153], [-65.87207599999988, 2.830937], [-65.856343, 2.824576], [-65.853514, 2.815917], [-65.845322, 2.822161000000108], [-65.841865, 2.818938], [-65.840802, 2.82170200000013], [-65.836534, 2.819449], [-65.836777, 2.823465000000169], [-65.83271699999989, 2.824628000000132], [-65.82670899999988, 2.823254000000134], [-65.823605, 2.819525000000112], [-65.820569, 2.820562000000109], [-65.823097, 2.816290000000151], [-65.815278, 2.810729], [-65.816815, 2.806972000000144]]]}}, {"type": "Feature", "properties": {"parroquia": "Marawaka", "municipio": "Autónomo Alto Orinoco", "estado": "Amazonas", "pcode": "VE020103", "estado_pcode": "VE02", "municipio_pcode": "VE0201", "center_lat": 3.600349, "center_lon": -65.17843625, "area_sqkm": 6677.770567}, "geometry": {"type": "Polygon", "coordinates": [[[-64.75893552799994, 4.074331215000086], [-64.76266670199993, 4.077603276], [-64.76239470099995, 4.082152363999967], [-64.7489491469999, 4.104294842000115], [-64.74909717999998, 4.115578064000033], [-64.73368652999989, 4.132312437000053], [-64.73438057599986, 4.134670484000026], [-64.75489249699996, 4.139052531000118], [-64.77613247299996, 4.15661683899998], [-64.78615891599998, 4.158318859000133], [-64.79466331399993, 4.16831503800006], [-64.881432, 4.149669], [-64.928701, 4.142505], [-64.939207, 4.108472], [-64.998459, 4.065790000000106], [-65.019391, 4.011053000000118], [-65.041501, 4.01709000000011], [-65.056074, 4.055700000000115], [-65.095678, 4.107774], [-65.14878, 4.116928], [-65.191651, 4.105275], [-65.24496099999988, 4.071429], [-65.256964, 4.029972], [-65.260306, 3.943997], [-65.390336, 3.917883], [-65.45674999999989, 3.9241], [-65.524554, 3.952563000000168], [-65.570209, 3.982417000000112], [-65.60122199999984, 3.982546000000127], [-65.676371, 4.020833], [-65.655605, 3.951109000000145], [-65.662061, 3.909378000000174], [-65.63839, 3.778021], [-65.636911, 3.74555], [-65.6195239999999, 3.719759000000181], [-65.576857, 3.709112000000118], [-65.50930099999982, 3.673622], [-65.495079, 3.634582], [-65.434116, 3.583834000000138], [-65.425257, 3.550657], [-65.423042, 3.501999], [-65.409754, 3.422376000000156], [-65.405324, 3.375929], [-65.394251, 3.322847], [-65.37653299999988, 3.2764], [-65.34109599999988, 3.159177], [-65.32780799999989, 3.12821200000019], [-65.3034459999999, 3.081765000000132], [-65.299745, 3.061431], [-65.259381, 3.028592], [-65.222362, 3.046926], [-65.237309, 3.061573], [-65.24450499999989, 3.090739], [-65.245612, 3.119476], [-65.241184, 3.14379200000019], [-65.229361, 3.166631], [-65.165899, 3.199056], [-65.1349, 3.221162000000163], [-65.055187, 3.253215000000125], [-65.009795, 3.2941110000001], [-64.941153, 3.322848], [-64.90793899999989, 3.332795], [-64.88911799999988, 3.34937500000018], [-64.893547, 3.360427000000129], [-64.920118, 3.381428000000142], [-64.92122499999988, 3.398007000000177], [-64.904618, 3.415691], [-64.88690399999984, 3.440008], [-64.872511, 3.464324], [-64.866976, 3.485324], [-64.874725, 3.494166000000121], [-64.914582, 3.499693], [-64.920118, 3.512956000000145], [-64.901296, 3.525114000000144], [-64.88690399999984, 3.550536], [-64.895761, 3.570431000000156], [-64.904618, 3.617958], [-64.895761, 3.642274], [-64.873618, 3.661064], [-64.855904, 3.668801], [-64.837083, 3.683169000000134], [-64.835976, 3.738446000000181], [-64.81272599999988, 3.782645], [-64.819369, 3.826155000000142], [-64.790584, 3.86483], [-64.790584, 3.915659000000119], [-64.79612, 3.967593000000136], [-64.791414, 4.011544], [-64.781106, 4.042026000000135], [-64.75893552799994, 4.074331215000086]]]}}, {"type": "Feature", "properties": {"parroquia": "Mavaca", "municipio": "Autónomo Alto Orinoco", "estado": "Amazonas", "pcode": "VE020104", "estado_pcode": "VE02", "municipio_pcode": "VE0201", "center_lat": 2.776288, "center_lon": -64.89714049, "area_sqkm": 25449.26341715}, "geometry": {"type": "Polygon", "coordinates": [[[-64.22734591899984, 3.11681552500005], [-64.22737510499996, 3.133364544000187], [-64.21775170899997, 3.152649944000188], [-64.20763132099995, 3.1861836060001], [-64.20780835499994, 3.203879951000147], [-64.21390764999995, 3.221356290000074], [-64.21501372299997, 3.233078514000113], [-64.21268465499992, 3.250309860000129], [-64.21626684599994, 3.271919277999984], [-64.2295645289999, 3.322042233000047], [-64.2265404229999, 3.343639661000168], [-64.22803155499997, 3.379263360999971], [-64.2363989729999, 3.401340792000155], [-64.23817707499995, 3.416972097000041], [-64.23036976699984, 3.437871516000087], [-64.19442626299991, 3.495490729000039], [-64.18037173799996, 3.547634798000104], [-64.22959508199995, 3.627473297000165], [-64.24481478699988, 3.645197625000094], [-64.26847587099996, 3.660406884000054], [-64.27888938699988, 3.685706363], [-64.29298104799994, 3.699979626000186], [-64.36374529199992, 3.746293423000111], [-64.3842392119999, 3.754140529000153], [-64.4019920259999, 3.764740711000059], [-64.41975982299982, 3.769365776000029], [-64.4379676609999, 3.78042595900007], [-64.45847857399986, 3.782525961999966], [-64.47806446899983, 3.789909071000068], [-64.5057917609999, 3.82327568300002], [-64.54789169999992, 3.853443196000057], [-64.55489706399993, 3.878044686000067], [-64.57372897599998, 3.915072388000056], [-64.60786353999987, 3.942008858000179], [-64.62187822499993, 3.971265424000023], [-64.62178026499998, 3.989825792999966], [-64.62599846999996, 3.99678392300018], [-64.63603192199986, 4.002227013000038], [-64.6613790369999, 3.998304881000081], [-64.66470418999995, 4.000138910000032], [-64.66707330799989, 4.007386052000129], [-64.69269647299996, 4.018545231000189], [-64.69399155899998, 4.030400460000124], [-64.69079441499997, 4.033229526000071], [-64.67917891299999, 4.03533159400007], [-64.67525474699994, 4.043976777000125], [-64.67775388599995, 4.056289026], [-64.68448321399995, 4.066865225000186], [-64.68929142699994, 4.066737207000074], [-64.69285355099998, 4.0515878920001], [-64.71692659399997, 4.041912651000075], [-64.74385680199993, 4.049038733000089], [-64.75893552799994, 4.074331215000086], [-64.781106, 4.042026000000135], [-64.791414, 4.011544], [-64.79612, 3.967593000000136], [-64.790584, 3.915659000000119], [-64.790584, 3.86483], [-64.819369, 3.826155000000142], [-64.81272599999988, 3.782645], [-64.835976, 3.738446000000181], [-64.837083, 3.683169000000134], [-64.855904, 3.668801], [-64.873618, 3.661064], [-64.895761, 3.642274], [-64.904618, 3.617958], [-64.895761, 3.570431000000156], [-64.88690399999984, 3.550536], [-64.901296, 3.525114000000144], [-64.920118, 3.512956000000145], [-64.914582, 3.499693], [-64.874725, 3.494166000000121], [-64.866976, 3.485324], [-64.872511, 3.464324], [-64.88690399999984, 3.440008], [-64.904618, 3.415691], [-64.92122499999988, 3.398007000000177], [-64.920118, 3.381428000000142], [-64.893547, 3.360427000000129], [-64.88911799999988, 3.34937500000018], [-64.90793899999989, 3.332795], [-64.941153, 3.322848], [-65.009795, 3.2941110000001], [-65.055187, 3.253215000000125], [-65.1349, 3.221162000000163], [-65.165899, 3.199056], [-65.229361, 3.166631], [-65.241184, 3.14379200000019], [-65.245612, 3.119476], [-65.24450499999989, 3.090739], [-65.237309, 3.061573], [-65.222362, 3.046926], [-65.259381, 3.028592], [-65.26029299999988, 3.005152], [-65.275698, 2.964256], [-65.30123199999986, 2.911460000000147], [-65.312304, 2.847319000000141], [-65.331642, 2.77828], [-65.355667, 2.742724000000123], [-65.368125, 2.716946000000121], [-65.36545499999988, 2.690279], [-65.36545499999988, 2.649389], [-65.371684, 2.612944], [-65.383252, 2.600500000000125], [-65.405497, 2.602277], [-65.41750999999988, 2.592734], [-65.429523, 2.57851], [-65.44465, 2.556285000000173], [-65.449099, 2.534061], [-65.46066599999989, 2.515836], [-65.467478, 2.489782000000105], [-65.464513, 2.472852000000159], [-65.459523, 2.462743], [-65.435416, 2.45263000000017], [-65.420438, 2.426667000000123], [-65.411124, 2.417476], [-65.382931, 2.402536000000111], [-65.36927999999983, 2.400924000000145], [-65.35837, 2.39288], [-65.374017, 2.282677], [-65.370334, 2.200591], [-65.389881, 2.149829000000182], [-65.405539, 2.099056000000132], [-65.444555, 2.02488000000011], [-65.456294, 1.985818000000165], [-65.464163, 1.93893], [-65.468152, 1.888124], [-65.448862, 1.821636000000183], [-65.46057499999984, 1.790389000000118], [-65.4800719999999, 1.751338], [-65.538483, 1.673266], [-65.561859, 1.634215000000154], [-65.5114779999999, 1.563766000000101], [-65.449404, 1.520665000000122], [-65.34849799999984, 1.477504000000181], [-65.247475, 1.512505], [-65.193052, 1.547577], [-65.13083499999982, 1.598258000000101], [-65.099637, 1.668528], [-65.06853799999988, 1.688001], [-64.89373099999983, 1.84285100000011], [-64.821135, 1.926314000000104], [-64.76199999999989, 1.985514], [-64.716372, 2.004279000000167], [-64.57969999999983, 1.98503200000016], [-64.515413, 1.968677000000127], [-64.43495, 1.990029], [-64.38403899999986, 1.987190000000169], [-64.244663, 2.000269000000173], [-64.062463, 2.010505000000137], [-64.001105, 1.989664], [-63.99395314599997, 1.965512806], [-63.96662093499998, 1.976710040000114], [-63.94456695299988, 1.973677000000123], [-63.87904702499992, 1.976749130000144], [-63.86381833699994, 1.973270083000159], [-63.84158332599998, 1.956221791000132], [-63.83475702599998, 1.957124807000071], [-63.81651021999994, 1.971784103000118], [-63.801928575999966, 1.978870240000106], [-63.784414407999975, 1.977949170000102], [-63.797527, 2.024705], [-63.79659, 2.032052], [-63.790413999999885, 2.041914000000133], [-63.765524, 2.068729000000133], [-63.762979, 2.080665], [-63.76771699999989, 2.091241], [-63.768586, 2.102727000000129], [-63.78265, 2.113324], [-63.79766199999989, 2.113817], [-63.805603, 2.129442], [-63.853072, 2.169433], [-63.913953999999876, 2.205212000000131], [-63.95513999999986, 2.221312000000182], [-64.01064999999983, 2.264246000000185], [-64.026766, 2.307181000000128], [-64.050045, 2.35906], [-64.103765, 2.423461], [-64.134206, 2.443139], [-64.167516, 2.46002], [-64.25418, 2.54153], [-64.354112, 2.601992000000109], [-64.36308599999984, 2.615665], [-64.381629, 2.657966000000101], [-64.393889, 2.671198000000174], [-64.395044, 2.688425], [-64.397543, 2.693429000000151], [-64.400346, 2.693737], [-64.409413, 2.717827], [-64.411474, 2.716235], [-64.418447, 2.719878], [-64.424415, 2.727945], [-64.424501, 2.73318300000011], [-64.430621, 2.739038000000164], [-64.429537, 2.743074000000149], [-64.434021, 2.747611], [-64.4491349999999, 2.755323], [-64.454996, 2.769831000000181], [-64.461234, 2.775842000000125], [-64.46291999999988, 2.78395], [-64.468174, 2.783598], [-64.46903999999984, 2.789689], [-64.472739, 2.790618], [-64.470833, 2.79155], [-64.473015, 2.792985000000101], [-64.471928, 2.794731000000183], [-64.474768, 2.793915], [-64.47783, 2.810675], [-64.48149399999988, 2.813544000000149], [-64.485184, 2.808769], [-64.485311, 2.815249000000165], [-64.48916899999989, 2.81835], [-64.490528, 2.815789000000109], [-64.494234, 2.821645], [-64.496179, 2.820403000000113], [-64.49669199999983, 2.82502], [-64.504836, 2.830641], [-64.50952199999983, 2.840687000000116], [-64.512167, 2.83917200000019], [-64.510147, 2.842045], [-64.512445, 2.842703000000142], [-64.509256, 2.845033000000171], [-64.514358, 2.846621000000141], [-64.51308, 2.850657000000126], [-64.518653, 2.855426], [-64.520676, 2.854261], [-64.521579, 2.859304], [-64.524301, 2.857906000000185], [-64.52656499999989, 2.861591], [-64.523841, 2.862097], [-64.529334, 2.865003000000115], [-64.530824, 2.872142000000167], [-64.534833, 2.872062000000142], [-64.535192, 2.878114], [-64.539283, 2.880091000000107], [-64.538039, 2.881644000000165], [-64.54123, 2.880982], [-64.542408, 2.887849000000188], [-64.544584, 2.88501500000018], [-64.543771, 2.888275], [-64.545953, 2.889360000000181], [-64.543347, 2.890642000000184], [-64.549582, 2.895527], [-64.550645, 2.90286], [-64.55430399999989, 2.902974], [-64.554696, 2.905069], [-64.552088, 2.904916000000128], [-64.55508799999984, 2.90700900000013], [-64.554158, 2.909532000000127], [-64.558365, 2.911663], [-64.55762999999985, 2.914496000000156], [-64.56297099999989, 2.920080000000155], [-64.568888, 2.92027], [-64.573256, 2.925312000000133], [-64.581582, 2.923134], [-64.584234, 2.926198000000113], [-64.591349, 2.920839], [-64.597855, 2.924133000000154], [-64.60038, 2.921299000000147], [-64.604589, 2.924478], [-64.603427, 2.928204000000164], [-64.52452099999988, 2.97738500000014], [-64.50639, 2.991467000000171], [-64.47012699999988, 3.030696], [-64.436886, 3.052825000000155], [-64.408682, 3.066907000000185], [-64.39055, 3.080989], [-64.368771, 3.090341], [-64.279747, 3.099094], [-64.246506, 3.100100000000168], [-64.22734591899984, 3.11681552500005]]]}}, {"type": "Feature", "properties": {"parroquia": "Ucata", "municipio": "Autónomo Atabapo", "estado": "Amazonas", "pcode": "VE020201", "estado_pcode": "VE02", "municipio_pcode": "VE0202", "center_lat": 4.3089279, "center_lon": -67.71871378, "area_sqkm": 560.37390146}, "geometry": {"type": "Polygon", "coordinates": [[[-67.619479, 4.186795000000188], [-67.62878099999989, 4.236086], [-67.634459, 4.31772100000012], [-67.64746, 4.339562000000171], [-67.684393, 4.348354], [-67.70392, 4.368023000000107], [-67.723392, 4.420419], [-67.725492, 4.464057], [-67.81236599999988, 4.516491], [-67.85037738999995, 4.532073407000155], [-67.85560933499994, 4.537542895000058], [-67.85722970199998, 4.52469428], [-67.85369662799997, 4.517719732000103], [-67.83980355299991, 4.505358763000061], [-67.81335495999991, 4.493482325000116], [-67.79605199799994, 4.475736304], [-67.79179073599994, 4.462766536000174], [-67.79782470599997, 4.437063991000116], [-67.7871441019999, 4.424983258], [-67.77318225199986, 4.418996923000066], [-67.77229988199986, 4.412422215000163], [-67.77828464599997, 4.404282357000056], [-67.78145849299995, 4.392416643000104], [-67.77878234099995, 4.379447477000099], [-67.76623378399995, 4.366963500000054], [-67.76160990299996, 4.349344510000094], [-67.76380715599998, 4.341148649000104], [-67.77343743699998, 4.33768748500006], [-67.79101082799991, 4.340048539], [-67.79912006299992, 4.33536685100006], [-67.80401210299988, 4.327284572000053], [-67.80567298999989, 4.315227232000041], [-67.79129937599998, 4.276596638000115], [-67.79839459899995, 4.236624528], [-67.79462580499995, 4.225860635000174], [-67.77655098699995, 4.204229413000064], [-67.7757366589999, 4.182649719000153], [-67.7684359459999, 4.162304878000157], [-67.7420463549999, 4.139234971000121], [-67.73557122499989, 4.128123717000051], [-67.71979313499986, 4.069241971000167], [-67.704434, 4.073987000000102], [-67.619479, 4.186795000000188]]]}}, {"type": "Feature", "properties": {"parroquia": "Yacapana", "municipio": "Autónomo Atabapo", "estado": "Amazonas", "pcode": "VE020202", "estado_pcode": "VE02", "municipio_pcode": "VE0202", "center_lat": 3.78206175, "center_lon": -66.54395592, "area_sqkm": 20730.15112223}, "geometry": {"type": "Polygon", "coordinates": [[[-66.374286, 4.375272], [-66.39222699999988, 4.427307], [-66.41021399999988, 4.466351], [-66.456784, 4.476909], [-66.474811, 4.505559], [-66.487534, 4.570573], [-66.518539, 4.591472], [-66.531273, 4.65389000000016], [-66.531035, 4.72146], [-66.554128, 4.783916], [-66.63411599999984, 4.877764], [-66.79004999999984, 4.85114], [-66.783204, 4.850980000000163], [-66.7677369999999, 4.826235000000167], [-66.74457499999988, 4.778072], [-66.74017, 4.72335100000015], [-66.742575, 4.6514], [-66.749218, 4.61217], [-66.768912, 4.56862], [-66.795108, 4.52944900000017], [-66.82284, 4.498748000000148], [-66.87351299999983, 4.468622], [-66.943119, 4.442651], [-66.995397, 4.39481400000011], [-67.003456, 4.355399], [-67.035445, 4.278183], [-67.06110599999988, 4.234840000000133], [-67.091397, 4.238029], [-67.130342, 4.237086], [-67.1980109999999, 4.188829000000112], [-67.27879799999988, 4.137940000000185], [-67.31684, 4.10346200000015], [-67.36433, 4.116144000000133], [-67.393648, 4.116557], [-67.476229, 4.103631], [-67.510804, 4.12706100000014], [-67.552207, 4.138678000000141], [-67.57901099999987, 4.162633000000142], [-67.619479, 4.186795000000188], [-67.704434, 4.073987000000102], [-67.71979313499986, 4.069241971000167], [-67.71379556099993, 4.052259214], [-67.70163564999996, 4.034162717000072], [-67.69801195399998, 4.01083331600006], [-67.69739558399993, 3.97703164100011], [-67.69092849599997, 3.952431349], [-67.6914674979999, 3.932627889000173], [-67.6848894719999, 3.924076455000147], [-67.68120577599996, 3.91302537100006], [-67.67637603199995, 3.912284119], [-67.66291515899997, 3.897075078000057], [-67.65888302199994, 3.882182497000031], [-67.65015776299998, 3.868934722000176], [-67.64468496799998, 3.84894155700016], [-67.64501807199997, 3.815140441000153], [-67.63442656199993, 3.785550010000065], [-67.62271767799996, 3.77794861700005], [-67.61250545099989, 3.755614175000062], [-67.60682032799997, 3.752119887000106], [-67.59434099499987, 3.751319551000165], [-67.55610857999994, 3.757168879000062], [-67.54457772599994, 3.755416265000179], [-67.53730921299984, 3.758426842000176], [-67.52703278399997, 3.771591537000063], [-67.51979755799988, 3.775082408000117], [-67.513775, 3.797037000000159], [-67.49912199999989, 3.828172], [-67.4660229999999, 3.869285], [-67.426027, 3.887863], [-67.37637699999982, 3.898872], [-67.30741899999987, 3.900937], [-67.22673799999984, 3.89199200000013], [-67.160539, 3.874102000000164], [-67.105372, 3.833505], [-67.077789, 3.762633], [-67.050895, 3.712403000000108], [-66.990212, 3.642219000000125], [-66.964008, 3.596806000000186], [-66.92815, 3.563778000000184], [-66.89436, 3.511484], [-66.87918999999988, 3.469512], [-66.854365, 3.440613], [-66.817817, 3.411714], [-66.76609899999983, 3.338089], [-66.737136, 3.304373000000112], [-66.71575899999988, 3.259648], [-66.690935, 3.231436], [-66.682334, 3.205862], [-66.679901, 3.162628], [-66.626114, 3.057352], [-66.621017, 3.023546000000181], [-66.246031, 2.713260000000162], [-66.234805, 2.712858], [-66.227767, 2.708828], [-66.222877, 2.692228], [-66.216781, 2.685377], [-66.20948, 2.687242], [-66.20708699999983, 2.697397], [-66.202344, 2.698640000000182], [-66.193201, 2.68808300000012], [-66.189083, 2.688763000000108], [-66.186455, 2.692395], [-66.195459, 2.7094120000001], [-66.196168, 2.726598], [-66.200387, 2.735984], [-66.199878, 2.740248], [-66.19531299999989, 2.745506], [-66.18212, 2.746807000000103], [-66.181741, 2.748594], [-66.1828579999999, 2.750885], [-66.200276, 2.756791], [-66.206245, 2.765021000000104], [-66.200253, 2.793104], [-66.191881, 2.799105], [-66.174918, 2.798688], [-66.159708, 2.795264], [-66.149592, 2.80050800000015], [-66.13782799999984, 2.816283000000112], [-66.12608999999986, 2.821428], [-66.109698, 2.842396000000122], [-66.100917, 2.862034000000165], [-66.078795, 2.854640000000131], [-66.066259, 2.854828], [-66.053926, 2.848901000000126], [-66.04976, 2.843999], [-66.040644, 2.848177], [-66.03566399999988, 2.844402], [-66.034748, 2.836812000000123], [-66.02914, 2.834853], [-66.002667, 2.847107], [-65.9997269999999, 2.850736], [-66.00014399999986, 2.858136], [-65.996507, 2.865652000000182], [-65.98994199999987, 2.872124], [-65.977841, 2.873284000000183], [-65.964378, 2.870426000000123], [-65.957761, 2.873011000000133], [-65.952841, 2.881177], [-65.94616699999989, 2.878819], [-65.939827, 2.883026], [-65.935936, 2.878636000000142], [-65.926809, 2.883186], [-65.934196, 2.890917], [-65.934775, 2.898066], [-65.930572, 2.902794], [-65.931687, 2.905355], [-65.9449249999999, 2.907799000000125], [-65.94640999999984, 2.912166000000127], [-65.949486, 2.909015000000181], [-65.947107, 2.903291000000138], [-65.9482569999999, 2.893213000000117], [-65.951476, 2.892394], [-65.957298, 2.898052000000121], [-65.963632, 2.907812], [-65.964142, 2.91308], [-65.9589519999999, 2.922771], [-65.961171, 2.932332000000144], [-65.978241, 2.943212], [-65.981923, 2.951235000000111], [-65.99855499999984, 2.972064], [-66.000099, 2.982075], [-65.9908539999999, 2.996984000000111], [-65.99090399999989, 3.005937000000188], [-65.985217, 3.005846], [-65.977791, 3.011995000000127], [-65.97016, 3.011221], [-65.958303, 3.023075000000119], [-65.95674799999989, 3.04391], [-65.939331, 3.049917], [-65.927954, 3.063727000000142], [-65.920322, 3.063329], [-65.91913599999987, 3.059488], [-65.915688, 3.06151], [-65.917201, 3.081789000000128], [-65.91172299999988, 3.087039], [-65.908782, 3.094478], [-65.902858, 3.09867400000013], [-65.905453, 3.107182], [-65.90193499999987, 3.107172000000162], [-65.899118, 3.097910000000127], [-65.894035, 3.096015], [-65.890812, 3.09788600000013], [-65.877756, 3.109583000000157], [-65.88152799999989, 3.12482800000015], [-65.880846, 3.127459], [-65.875753, 3.129023000000132], [-65.881037, 3.138931000000127], [-65.889633, 3.142192000000136], [-65.89324, 3.162477], [-65.9051869999999, 3.171842], [-65.913569, 3.172168], [-65.921063, 3.168880000000115], [-65.945847, 3.139613000000111], [-65.955744, 3.133473], [-65.963532, 3.131991], [-65.986415, 3.138678], [-65.996568, 3.148037], [-66.032361, 3.165417000000105], [-66.031806, 3.179861], [-66.014861, 3.198194000000115], [-66.019306, 3.203472], [-66.014028, 3.205139], [-66.009861, 3.200417], [-66.009861, 3.196806], [-66.004028, 3.194861], [-66.006528, 3.215972], [-66.004583, 3.21680600000019], [-66.0006939999999, 3.211528000000101], [-66.002361, 3.217639], [-66.000417, 3.220139], [-65.997083, 3.222361], [-65.988194, 3.220139], [-65.994028, 3.23347200000012], [-65.988194, 3.237639000000115], [-65.982083, 3.231528], [-65.985695, 3.245694000000128], [-65.98125, 3.245417], [-65.973472, 3.234583], [-65.968195, 3.23347200000012], [-65.965139, 3.235972], [-65.969583, 3.254861], [-65.96291699999989, 3.26375000000013], [-65.96291699999989, 3.27125], [-65.95986099999988, 3.277083], [-65.969306, 3.27625], [-65.972361, 3.280139000000133], [-65.971528, 3.292083], [-65.97375, 3.298472000000174], [-65.970417, 3.307083000000148], [-65.967083, 3.308472000000165], [-65.972361, 3.309583], [-65.975139, 3.30569400000013], [-65.984306, 3.306806000000165], [-65.985417, 3.312083000000143], [-65.983472, 3.315694000000121], [-65.972917, 3.317639], [-65.980695, 3.321528], [-65.981528, 3.327083], [-65.99180599999988, 3.332639], [-65.99375, 3.340972], [-65.98527799999988, 3.377149], [-65.96973, 3.419709], [-65.961851, 3.473912], [-65.981002, 3.512708], [-65.980916, 3.539822000000129], [-65.984696, 3.563075], [-66.00389699999988, 3.586378000000138], [-66.030734, 3.632949000000167], [-66.038232, 3.698825], [-66.022641, 3.749131], [-65.999375, 3.787787], [-65.952942, 3.834107000000131], [-65.925922, 3.841757], [-65.86033, 3.853140000000167], [-65.842551, 3.892411000000152], [-65.83071499999988, 3.935207000000105], [-65.841071, 3.992759000000149], [-65.857345, 4.035555000000102], [-65.883333, 4.066667], [-65.935446, 4.074876000000131], [-66.023334, 4.093392], [-66.10095, 4.093678], [-66.111187, 4.124891], [-66.157518, 4.192610000000116], [-66.206575, 4.223967], [-66.27127499999989, 4.224198000000172], [-66.334941, 4.265401000000111], [-66.369432, 4.281707000000154], [-66.374286, 4.375272]]]}}, {"type": "Feature", "properties": {"parroquia": "Caname", "municipio": "Autónomo Atabapo", "estado": "Amazonas", "pcode": "VE020203", "estado_pcode": "VE02", "municipio_pcode": "VE0202", "center_lat": 3.46068622, "center_lon": -67.11627171, "area_sqkm": 4926.13031836}, "geometry": {"type": "Polygon", "coordinates": [[[-66.621017, 3.023546000000181], [-66.626114, 3.057352], [-66.679901, 3.162628], [-66.682334, 3.205862], [-66.690935, 3.231436], [-66.71575899999988, 3.259648], [-66.737136, 3.304373000000112], [-66.76609899999983, 3.338089], [-66.817817, 3.411714], [-66.854365, 3.440613], [-66.87918999999988, 3.469512], [-66.89436, 3.511484], [-66.92815, 3.563778000000184], [-66.964008, 3.596806000000186], [-66.990212, 3.642219000000125], [-67.050895, 3.712403000000108], [-67.077789, 3.762633], [-67.105372, 3.833505], [-67.160539, 3.874102000000164], [-67.22673799999984, 3.89199200000013], [-67.30741899999987, 3.900937], [-67.37637699999982, 3.898872], [-67.426027, 3.887863], [-67.4660229999999, 3.869285], [-67.49912199999989, 3.828172], [-67.513775, 3.797037000000159], [-67.51979755799988, 3.775082408000117], [-67.50128593499988, 3.767448795000121], [-67.48661134899993, 3.742683570000167], [-67.48599220299997, 3.723799294000116], [-67.47921267999993, 3.704752138000174], [-67.4659578319999, 3.684748379000155], [-67.45442851199988, 3.682677377000061], [-67.44795671599996, 3.676483996000172], [-67.45302620599995, 3.655064826000057], [-67.45129083099988, 3.65204854600006], [-67.43990107399992, 3.646630606000087], [-67.43887438799999, 3.643242546000067], [-67.44538279099999, 3.614003986000114], [-67.44884098199998, 3.611484167000071], [-67.44407184299996, 3.5852362010001], [-67.43319788999997, 3.577910251], [-67.43067264499996, 3.562245206000171], [-67.41204402999995, 3.538876882000068], [-67.40763755099994, 3.517292349], [-67.40741657399997, 3.50139552100012], [-67.40146813699994, 3.479996636000124], [-67.39456299399995, 3.471581263000076], [-67.36977351299993, 3.466960985000071], [-67.35667355199996, 3.457747288000064], [-67.33915038499998, 3.451022203000036], [-67.32999269799996, 3.425691034000181], [-67.31209317399998, 3.391167698000061], [-67.3114555489999, 3.375205634000054], [-67.32504354199983, 3.363949798000135], [-67.32501196199996, 3.356640969000125], [-67.33639929399988, 3.331736310000167], [-67.35662590499993, 3.309358163000184], [-67.37521852499998, 3.301047074000053], [-67.38160288699993, 3.292583516000036], [-67.38428750199995, 3.264964659000043], [-67.38071710299994, 3.251579816], [-67.382361, 3.248418617000027], [-67.3841809999999, 3.240439000000151], [-67.38242399999984, 3.238587], [-67.359155, 3.237523000000124], [-67.3514909999999, 3.229260000000181], [-67.348511, 3.21974200000011], [-67.332706, 3.196817], [-67.333008, 3.189637000000175], [-67.32736799999986, 3.17700200000013], [-67.330466, 3.159985], [-67.322172, 3.147509], [-67.30545, 3.138008000000184], [-67.304816, 3.132078000000149], [-67.295906, 3.125221000000181], [-67.28809499999988, 3.123045], [-67.284331, 3.112124000000108], [-67.26605199999983, 3.106059], [-67.24512, 3.100933000000168], [-67.20821199999989, 3.103842000000157], [-67.1947239999999, 3.130649], [-67.17678, 3.140036], [-67.172421, 3.14925], [-67.166177, 3.150974], [-67.160255, 3.159098], [-67.156347, 3.155981000000111], [-67.146512, 3.158021000000133], [-67.143072, 3.154748], [-67.138232, 3.155378], [-67.13745399999988, 3.15756400000015], [-67.1413649999999, 3.162242000000163], [-67.139978, 3.175042000000133], [-67.131391, 3.176301], [-67.105614, 3.168528000000151], [-67.08734499999986, 3.169331000000113], [-67.08546399999983, 3.16465], [-67.087332, 3.16059], [-67.073277, 3.159514], [-67.067662, 3.16436], [-67.065159, 3.161241], [-67.059537, 3.160467], [-67.058591, 3.154538], [-67.049695, 3.157826000000171], [-67.04844299999985, 3.156267000000128], [-67.052647, 3.147521000000154], [-67.042639, 3.1377], [-67.040129, 3.129899000000137], [-67.031068, 3.127413000000161], [-67.03386899999987, 3.12023], [-67.03183399999989, 3.116954], [-67.03526, 3.110395], [-67.032133, 3.107745000000136], [-67.025888, 3.108377], [-67.02496, 3.114777], [-67.009822, 3.120727000000102], [-67.00968, 3.131184], [-67.002817, 3.13618700000012], [-67.00298, 3.141025], [-67.000485, 3.143214000000114], [-66.992059, 3.147906], [-66.984877, 3.148695000000146], [-66.972867, 3.158231000000114], [-66.963457, 3.157286], [-66.962759, 3.160603], [-66.950541, 3.161535], [-66.941629, 3.15343], [-66.941515, 3.155478], [-66.935694, 3.153125], [-66.932886, 3.154982], [-66.926006, 3.148473], [-66.917732, 3.150200000000154], [-66.910624, 3.148258], [-66.893647, 3.124613000000124], [-66.8794319999999, 3.12088400000016], [-66.873874, 3.111116], [-66.87722999999988, 3.110527000000104], [-66.8751539999999, 3.105613000000119], [-66.877301, 3.105298000000175], [-66.877646, 3.10081], [-66.8634019999999, 3.104339], [-66.85135699999984, 3.091204], [-66.848272, 3.090660000000128], [-66.84444299999984, 3.085831], [-66.84440099999983, 3.081466], [-66.832794, 3.076748000000123], [-66.826938, 3.063473000000101], [-66.817606, 3.06186200000019], [-66.813971, 3.055161000000169], [-66.807532, 3.058555000000126], [-66.800661, 3.058599], [-66.797619, 3.062536], [-66.78613899999988, 3.060049000000106], [-66.77603, 3.063095], [-66.7626, 3.061232000000132], [-66.753817, 3.062212], [-66.75003199999986, 3.065371], [-66.741635, 3.059842], [-66.730357, 3.065772], [-66.718643, 3.062973000000113], [-66.711617, 3.064770000000124], [-66.699622, 3.050242000000139], [-66.695443, 3.048374], [-66.69044, 3.03957000000014], [-66.66693699999985, 3.037870000000169], [-66.647717, 3.020114], [-66.63428699999986, 3.018788000000143], [-66.621017, 3.023546000000181]]]}}, {"type": "Feature", "properties": {"parroquia": "Luis Alberto Gómez", "municipio": "Autónomo Atures", "estado": "Amazonas", "pcode": "VE020302", "estado_pcode": "VE02", "municipio_pcode": "VE0203", "center_lat": 5.66320876, "center_lon": -67.61756966, "area_sqkm": 10.1014927}, "geometry": {"type": "Polygon", "coordinates": [[[-67.63798925599991, 5.654046618000109], [-67.62634, 5.655215000000169], [-67.626251, 5.659011], [-67.612608, 5.652734], [-67.603565, 5.653516], [-67.599093, 5.650863000000129], [-67.595453, 5.672362000000135], [-67.63787842599999, 5.675550224000119], [-67.63798925599991, 5.654046618000109]]]}}, {"type": "Feature", "properties": {"parroquia": "Parhueña", "municipio": "Autónomo Atures", "estado": "Amazonas", "pcode": "VE020303", "estado_pcode": "VE02", "municipio_pcode": "VE0203", "center_lat": 5.94116119, "center_lon": -67.31043522, "area_sqkm": 1644.18660547}, "geometry": {"type": "Polygon", "coordinates": [[[-67.20795363799994, 5.707329557000094], [-67.21554342799988, 5.725939475000189], [-67.20896635399998, 5.78951782200005], [-67.20185409899989, 5.807553221000092], [-67.2035941819999, 5.809258251000131], [-67.19100478799999, 5.853008208000062], [-67.18462853299991, 5.860989399000061], [-67.18917675499983, 5.867908528000157], [-67.18688171499991, 5.884679888000107], [-67.17842437099995, 5.893031086000065], [-67.15973458799988, 5.897859245000177], [-67.13430276499997, 5.982564124000135], [-67.13082271999991, 6.014905814000031], [-67.11976229599986, 6.029903171000058], [-67.12612063499995, 6.049741562], [-67.14737761999993, 6.069464914000037], [-67.17374689799993, 6.107787636000069], [-67.1861754649999, 6.117759807000141], [-67.20152313699998, 6.12086782200015], [-67.21668377799989, 6.117762706000121], [-67.2246801469999, 6.122349765000138], [-67.23193643499991, 6.115032592000148], [-67.25251929799992, 6.108197370000028], [-67.27322019299999, 6.108983323000132], [-67.27402724299998, 6.114194426000097], [-67.27701438599996, 6.115960459000121], [-67.28369966299994, 6.114439401000027], [-67.28492173999996, 6.12263456900007], [-67.29034498899989, 6.125408613000047], [-67.2972913349999, 6.140233899000123], [-67.30278358299995, 6.14213492000016], [-67.3048076909999, 6.147047017000034], [-67.32273146499995, 6.149763015000076], [-67.34419239199997, 6.148961921000023], [-67.35404679699997, 6.143166766999968], [-67.3574649059999, 6.13395555600016], [-67.36913138299991, 6.125311338000131], [-67.37882679699999, 6.123946268000111], [-67.39259441199988, 6.130085348000023], [-67.39962570699998, 6.129779322000104], [-67.40840912399995, 6.138151464000089], [-67.40570202899994, 6.145248625000136], [-67.4069961159999, 6.154775825000058], [-67.41446845699988, 6.161839946000043], [-67.41748461499998, 6.169230092000078], [-67.42840209399992, 6.172525125000107], [-67.43321234699994, 6.182967328000188], [-67.43190430199996, 6.1860914], [-67.4350304379999, 6.18679940200019], [-67.43314736199989, 6.188684449000107], [-67.4399596799999, 6.197393618000092], [-67.45589160799989, 6.191352589000019], [-67.48624494899991, 6.163079439000171], [-67.49245159899993, 6.146035747000042], [-67.49362216599997, 6.128314439000178], [-67.48686900099995, 6.11354587500017], [-67.47645754499996, 6.100425181000105], [-67.47192460099996, 6.081535676000101], [-67.46021083899996, 6.063612239000065], [-67.44722788299998, 6.051387723000062], [-67.42762144299991, 6.038424852], [-67.42757054399993, 6.025957172000119], [-67.41131018899989, 6.009050043], [-67.40980565499984, 5.996978490000174], [-67.41148908799994, 5.989877803000184], [-67.41751329799996, 5.983456439000179], [-67.44071956099998, 5.973699603000057], [-67.46281280799985, 5.958976888000052], [-67.47841921299988, 5.936499765], [-67.52950372599997, 5.906794247000107], [-67.54423361699997, 5.890944660000116], [-67.55809176599996, 5.871242676000122], [-67.56333448699996, 5.85932570500006], [-67.58202897899997, 5.845089599000062], [-67.562323, 5.838381], [-67.538795, 5.822174], [-67.530364, 5.808329], [-67.517861, 5.797069000000135], [-67.501649, 5.788176], [-67.471257, 5.796043000000111], [-67.46051299999988, 5.795839000000115], [-67.452041, 5.782074], [-67.44380699999982, 5.777959], [-67.436021, 5.764193], [-67.43690299999986, 5.731797000000142], [-67.434142, 5.713195], [-67.36351899999988, 5.721628], [-67.351622, 5.709709], [-67.348412, 5.698918], [-67.338125, 5.697563000000173], [-67.302016, 5.703386], [-67.290808, 5.69537], [-67.256972, 5.684875], [-67.241663, 5.692029], [-67.215839, 5.698516000000154], [-67.20795363799994, 5.707329557000094]]]}}, {"type": "Feature", "properties": {"parroquia": "Platanillal", "municipio": "Autónomo Atures", "estado": "Amazonas", "pcode": "VE020304", "estado_pcode": "VE02", "municipio_pcode": "VE0203", "center_lat": 5.38892595, "center_lon": -67.61982056, "area_sqkm": 642.69918045}, "geometry": {"type": "Polygon", "coordinates": [[[-67.403925, 5.447531], [-67.456748, 5.446632000000136], [-67.501722, 5.455173000000173], [-67.567605, 5.493588], [-67.5760959999999, 5.50394800000015], [-67.578095, 5.516768000000184], [-67.58638899999988, 5.520283], [-67.60156922899984, 5.532903396000108], [-67.6064584479999, 5.523536134000096], [-67.61809613199995, 5.514873824000119], [-67.62283696399999, 5.49793750900011], [-67.62457461899993, 5.47696451600001], [-67.63441578099992, 5.465610072000061], [-67.65053544699998, 5.454679468], [-67.6813652319999, 5.427613040000153], [-67.70721737099984, 5.419442764000053], [-67.71737982299993, 5.410553871000104], [-67.72681439799993, 5.397013341000104], [-67.75436795399986, 5.385131720000118], [-67.77616830999983, 5.368272264000154], [-67.79945051299984, 5.358836576000101], [-67.81979530599989, 5.334799089000171], [-67.8415724169999, 5.316190425000059], [-67.84951036199988, 5.303959710000129], [-67.8513497539999, 5.280838528000061], [-67.84690143999984, 5.269541647000153], [-67.83141579599993, 5.261748178000062], [-67.82387062099991, 5.251042579000057], [-67.82410567899996, 5.244860382000184], [-67.81653775899991, 5.248419891000083], [-67.82134667199989, 5.260851516000116], [-67.797511, 5.273601], [-67.781995, 5.276224000000127], [-67.752921, 5.265568], [-67.734254, 5.284820000000138], [-67.719149, 5.293852000000129], [-67.715789, 5.306075], [-67.711021, 5.310086], [-67.70445299999989, 5.309893000000102], [-67.697696, 5.314308000000153], [-67.687144, 5.311515000000156], [-67.684143, 5.302905], [-67.650091, 5.288718], [-67.645286, 5.272698000000105], [-67.639909, 5.269899000000123], [-67.623397, 5.271518000000128], [-67.578065, 5.291592], [-67.554417, 5.310241], [-67.531752, 5.322078], [-67.517023, 5.334362000000112], [-67.511444, 5.369336], [-67.50387399999988, 5.385953], [-67.482358, 5.391951000000176], [-67.472092, 5.399226000000112], [-67.450083, 5.403457], [-67.432551, 5.412583], [-67.416215, 5.426866000000189], [-67.403925, 5.447531]]]}}, {"type": "Feature", "properties": {"parroquia": "Samariapo", "municipio": "Autónomo Autana", "estado": "Amazonas", "pcode": "VE020401", "estado_pcode": "VE02", "municipio_pcode": "VE0204", "center_lat": 5.357396, "center_lon": -67.30807144, "area_sqkm": 3238.52742107}, "geometry": {"type": "Polygon", "coordinates": [[[-66.466667, 5.783333], [-66.47104783799983, 5.789000538999971], [-66.48303387999982, 5.787296125000182], [-66.4827978379999, 5.778575935000049], [-66.53310898299998, 5.76290044100017], [-66.58508715599999, 5.735214695000025], [-66.60411199399994, 5.740245735000087], [-66.60795815699993, 5.738977701000181], [-66.63604640099993, 5.743597703000148], [-66.70216518799998, 5.718003955000142], [-66.85662077599989, 5.683714750000149], [-66.91442519599997, 5.656890995000026], [-66.91841437799991, 5.659949052000172], [-66.9153412679999, 5.66703521300019], [-66.92465268099994, 5.671492274000116], [-66.92546473999988, 5.678924429000176], [-66.9322810459999, 5.681592456000033], [-66.93243909299991, 5.692365685000141], [-66.93669327299995, 5.691957665000132], [-66.94730870799992, 5.684658471000148], [-66.94986478599992, 5.674875268000051], [-66.95806712199993, 5.669117113000141], [-66.95725106499992, 5.660874952000029], [-66.95183481899994, 5.658902919000013], [-66.94315340799994, 5.646204685999976], [-66.95438088199995, 5.642028563000054], [-66.99900879499995, 5.635507282000049], [-67.00947130699996, 5.646148028000084], [-67.002577, 5.623895], [-67.006244, 5.607691000000159], [-67.018029, 5.59196500000013], [-67.033757, 5.577019], [-67.048684, 5.558146], [-67.078591, 5.539250000000152], [-67.128186, 5.51325], [-67.24473399999988, 5.469058], [-67.33061499999985, 5.45161], [-67.35827299999988, 5.470409000000132], [-67.379561, 5.470366000000126], [-67.403925, 5.447531], [-67.416215, 5.426866000000189], [-67.432551, 5.412583], [-67.450083, 5.403457], [-67.472092, 5.399226000000112], [-67.482358, 5.391951000000176], [-67.50387399999988, 5.385953], [-67.511444, 5.369336], [-67.517023, 5.334362000000112], [-67.531752, 5.322078], [-67.554417, 5.310241], [-67.578065, 5.291592], [-67.623397, 5.271518000000128], [-67.639909, 5.269899000000123], [-67.645286, 5.272698000000105], [-67.650091, 5.288718], [-67.684143, 5.302905], [-67.687144, 5.311515000000156], [-67.697696, 5.314308000000153], [-67.70445299999989, 5.309893000000102], [-67.711021, 5.310086], [-67.715789, 5.306075], [-67.719149, 5.293852000000129], [-67.734254, 5.284820000000138], [-67.752921, 5.265568], [-67.781995, 5.276224000000127], [-67.797511, 5.273601], [-67.82134667199989, 5.260851516000116], [-67.81653775899991, 5.248419891000083], [-67.82410567899996, 5.244860382000184], [-67.83075994499984, 5.223989705000065], [-67.82907023199994, 5.208943546000114], [-67.82444601899994, 5.196136910000064], [-67.83791619399989, 5.177861065000059], [-67.85457599899996, 5.137860296000156], [-67.85063785699998, 5.126146779000067], [-67.83925378599997, 5.113259213999982], [-67.82210615099996, 5.08388552700012], [-67.82194302499994, 5.065945865000117], [-67.80867050099994, 5.058428055000149], [-67.795968, 5.061199], [-67.79563499999989, 5.054123], [-67.784909, 5.045856], [-67.7854329999999, 5.034917], [-67.776059, 5.021603000000141], [-67.76164299999988, 5.012319], [-67.754873, 4.997875], [-67.74605899999989, 4.999709000000166], [-67.738933, 4.99675], [-67.73727299999985, 4.987238000000161], [-67.72940299999988, 4.977672], [-67.721691, 4.973786], [-67.71827, 4.964270000000113], [-67.711651, 4.963099], [-67.710901, 4.953627], [-67.708507, 4.951791], [-67.69843, 4.952656], [-67.698017, 4.944212], [-67.69552, 4.940208], [-67.68670799999984, 4.939939000000152], [-67.68333799999988, 4.928059], [-67.6725919999999, 4.925727000000165], [-67.665823, 4.928661], [-67.669797, 4.934498], [-67.668961, 4.940996], [-67.666096, 4.941781000000105], [-67.662808, 4.935834000000114], [-67.66085099999987, 4.937992000000122], [-67.66847399999989, 4.946470000000147], [-67.666728, 4.951823], [-67.659632, 4.95179000000013], [-67.64940499999989, 4.959271], [-67.637985, 4.954313000000184], [-67.631768, 4.961014], [-67.6204489999999, 4.958679], [-67.61354099999988, 4.966176], [-67.60470499999985, 4.97047], [-67.605718, 4.973555], [-67.61028699999986, 4.975401], [-67.61140499999988, 4.980312], [-67.60886, 4.985320000000115], [-67.600483, 4.989273000000139], [-67.598518, 4.992914000000155], [-67.598261, 4.998161000000152], [-67.603012, 5.008678], [-67.597198, 5.025535], [-67.59305199999989, 5.030192], [-67.5852569999999, 5.032437000000186], [-67.581217, 5.038693], [-67.5713879999999, 5.036023], [-67.567414, 5.029958], [-67.559951, 5.034372], [-67.557174, 5.039835], [-67.55885399999988, 5.046802000000184], [-67.556214, 5.048158000000114], [-67.551419, 5.045854], [-67.548399, 5.053940000000182], [-67.54114799999985, 5.061435000000188], [-67.542473, 5.0704530000001], [-67.53977499999985, 5.082761], [-67.52440399999989, 5.08885], [-67.518963, 5.100232], [-67.523021, 5.111887000000138], [-67.520805, 5.119634], [-67.532016, 5.12082700000019], [-67.532553, 5.127446], [-67.538935, 5.13261], [-67.522754, 5.161624000000131], [-67.509431, 5.170231000000115], [-67.49825399999986, 5.183983], [-67.489071, 5.188845000000128], [-67.48347199999989, 5.187108000000137], [-67.47938699999986, 5.180358000000126], [-67.468043, 5.182700000000125], [-67.457904, 5.173755], [-67.452279, 5.176809000000105], [-67.444754, 5.171412000000146], [-67.436959, 5.173429], [-67.424181, 5.187058], [-67.413759, 5.188264], [-67.403083, 5.194032000000163], [-67.39947099999989, 5.205879], [-67.40286999999984, 5.212398000000121], [-67.398788, 5.22641], [-67.399558, 5.232346000000177], [-67.38258699999983, 5.238085], [-67.38134199999985, 5.235341], [-67.382539, 5.246982], [-67.373254, 5.249563], [-67.367791, 5.243605], [-67.358282, 5.245386000000167], [-67.350867, 5.240674], [-67.339144, 5.249631], [-67.334824, 5.265468000000169], [-67.33647, 5.278595], [-67.328188, 5.286199000000181], [-67.326885, 5.294407], [-67.333173, 5.317138], [-67.327897, 5.319052000000113], [-67.327185, 5.323840000000132], [-67.331732, 5.329680000000167], [-67.328592, 5.338905000000125], [-67.316501, 5.331091], [-67.314925, 5.326064000000144], [-67.307624, 5.321581], [-67.298901, 5.32610300000016], [-67.270996, 5.321752], [-67.26641, 5.322985], [-67.265405, 5.318417000000125], [-67.255779, 5.320540000000108], [-67.25098199999985, 5.318578000000116], [-67.249695, 5.323706], [-67.22469699999988, 5.332259], [-67.221963, 5.329736], [-67.221489, 5.31777], [-67.192227, 5.325262], [-67.185905, 5.330252], [-67.17434999999989, 5.329171000000144], [-67.170084, 5.335083000000111], [-67.164713, 5.333347000000174], [-67.155421, 5.337296], [-67.14890899999989, 5.33487], [-67.14014, 5.337537000000111], [-67.131396, 5.344008000000144], [-67.120972, 5.345212000000117], [-67.101771, 5.357458000000122], [-67.07861, 5.363056], [-67.07234099999982, 5.359368], [-67.069075, 5.368037], [-67.070863, 5.374332], [-67.069124, 5.377408000000173], [-67.060239, 5.371307], [-67.056667, 5.374603], [-67.043259, 5.376935000000117], [-67.036456, 5.384101000000101], [-67.02157999999986, 5.38345500000014], [-67.015027, 5.387651], [-67.021449, 5.402197], [-67.026709, 5.40302400000013], [-67.02783299999987, 5.438572], [-67.031694, 5.442934], [-67.036038, 5.443756000000178], [-67.038727, 5.452113000000111], [-67.030536, 5.461214000000155], [-67.042541, 5.47956], [-67.04188, 5.492243000000144], [-67.017142, 5.49429], [-67.01629099999985, 5.501371], [-67.013526, 5.503871000000174], [-67.001897, 5.497413000000165], [-66.996271, 5.499899000000141], [-66.985745, 5.49916], [-66.979543, 5.502215], [-66.972338, 5.501378000000102], [-66.969389, 5.497478], [-66.958836, 5.500739000000181], [-66.952325, 5.498878], [-66.935668, 5.507365], [-66.93124399999988, 5.501743], [-66.921688, 5.509695], [-66.88375699999983, 5.515904], [-66.8679039999999, 5.524167], [-66.861057, 5.521161], [-66.857035, 5.52342700000014], [-66.85597599999983, 5.527650000000165], [-66.853714, 5.523753000000113], [-66.8464039999999, 5.521430000000123], [-66.82724599999989, 5.527620000000127], [-66.820732, 5.526101], [-66.819784, 5.530782000000102], [-66.81691099999983, 5.532368], [-66.81245599999988, 5.531088], [-66.814646, 5.528928000000178], [-66.8070919999999, 5.52889], [-66.806723, 5.532545000000141], [-66.794229, 5.535111], [-66.7931779999999, 5.538077000000101], [-66.788611, 5.536454000000106], [-66.78401199999985, 5.539288000000113], [-66.76981599999988, 5.539788000000101], [-66.763268, 5.54318300000017], [-66.759506, 5.540993000000128], [-66.755239, 5.545543], [-66.75262, 5.543587000000173], [-66.740128, 5.54581], [-66.73212499999988, 5.544512000000168], [-66.729808, 5.548501000000158], [-66.725818, 5.546081000000129], [-66.725102, 5.550306], [-66.715738, 5.547173], [-66.70345, 5.551673], [-66.68410299999988, 5.553352], [-66.682496, 5.556542], [-66.668301, 5.55791900000014], [-66.665429, 5.564874], [-66.659822, 5.564029000000119], [-66.663245, 5.571262000000104], [-66.658778, 5.573629], [-66.655558, 5.583555000000104], [-66.643658, 5.580946], [-66.644221, 5.587356], [-66.637009, 5.587872], [-66.629219, 5.592615000000137], [-66.62704899999989, 5.589167], [-66.62211899999983, 5.594619], [-66.608557, 5.594698000000164], [-66.6079749999999, 5.60451600000016], [-66.601689, 5.604501], [-66.601041, 5.606866], [-66.59129799999982, 5.608977000000152], [-66.59010099999989, 5.611189], [-66.5850559999999, 5.609528], [-66.580861, 5.613317], [-66.575793, 5.611475], [-66.574503, 5.614346000000126], [-66.5601, 5.614002], [-66.546012, 5.619532], [-66.54169699999989, 5.618309000000124], [-66.539553, 5.614575], [-66.527342, 5.619617000000119], [-66.523237, 5.616098000000136], [-66.516682, 5.617282], [-66.509236, 5.623285], [-66.50618, 5.630918000000122], [-66.495399, 5.630679], [-66.485461, 5.639021000000184], [-66.485897, 5.641548000000171], [-66.47881199999989, 5.642702], [-66.477782, 5.645932000000187], [-66.473299, 5.642307], [-66.462317, 5.64374800000013], [-66.458992, 5.639165], [-66.457255, 5.642482], [-66.45244999999989, 5.642468], [-66.450584, 5.644043], [-66.452415, 5.661616], [-66.44715399999984, 5.684137], [-66.454006, 5.705036000000177], [-66.466667, 5.783333]]]}}, {"type": "Feature", "properties": {"parroquia": "Sipapo", "municipio": "Autónomo Autana", "estado": "Amazonas", "pcode": "VE020402", "estado_pcode": "VE02", "municipio_pcode": "VE0204", "center_lat": 5.108399, "center_lon": -67.33079809, "area_sqkm": 8212.46486216}, "geometry": {"type": "Polygon", "coordinates": [[[-66.79004999999984, 4.85114], [-66.843479, 4.836692], [-66.864992, 4.838966000000141], [-66.93673499999983, 4.852928], [-66.979856, 4.874238], [-67.028087, 4.950615], [-67.104565, 4.957331000000124], [-67.1621439999999, 4.997692], [-67.188692, 5.040638000000172], [-67.181773, 5.079008], [-67.079509, 5.151533], [-67.029393, 5.161436], [-67.02965199999983, 5.202162000000158], [-67.010901, 5.259782], [-66.953786, 5.298484], [-66.834281, 5.301634], [-66.759982, 5.27093600000012], [-66.70773, 5.32877], [-66.624069, 5.334064000000183], [-66.5934319999999, 5.410946], [-66.600792, 5.442063], [-66.541364, 5.504741], [-66.38125, 5.591114], [-66.367987, 5.626056000000176], [-66.37187, 5.63639], [-66.371183, 5.64879800000017], [-66.375982, 5.654076], [-66.37780899999984, 5.663494], [-66.384666, 5.66854], [-66.389174, 5.69307300000014], [-66.411802, 5.72658900000016], [-66.414154, 5.735549], [-66.4450379999999, 5.769439], [-66.466667, 5.783333], [-66.454006, 5.705036000000177], [-66.44715399999984, 5.684137], [-66.452415, 5.661616], [-66.450584, 5.644043], [-66.45244999999989, 5.642468], [-66.457255, 5.642482], [-66.458992, 5.639165], [-66.462317, 5.64374800000013], [-66.473299, 5.642307], [-66.477782, 5.645932000000187], [-66.47881199999989, 5.642702], [-66.485897, 5.641548000000171], [-66.485461, 5.639021000000184], [-66.495399, 5.630679], [-66.50618, 5.630918000000122], [-66.509236, 5.623285], [-66.516682, 5.617282], [-66.523237, 5.616098000000136], [-66.527342, 5.619617000000119], [-66.539553, 5.614575], [-66.54169699999989, 5.618309000000124], [-66.546012, 5.619532], [-66.5601, 5.614002], [-66.574503, 5.614346000000126], [-66.575793, 5.611475], [-66.580861, 5.613317], [-66.5850559999999, 5.609528], [-66.59010099999989, 5.611189], [-66.59129799999982, 5.608977000000152], [-66.601041, 5.606866], [-66.601689, 5.604501], [-66.6079749999999, 5.60451600000016], [-66.608557, 5.594698000000164], [-66.62211899999983, 5.594619], [-66.62704899999989, 5.589167], [-66.629219, 5.592615000000137], [-66.637009, 5.587872], [-66.644221, 5.587356], [-66.643658, 5.580946], [-66.655558, 5.583555000000104], [-66.658778, 5.573629], [-66.663245, 5.571262000000104], [-66.659822, 5.564029000000119], [-66.665429, 5.564874], [-66.668301, 5.55791900000014], [-66.682496, 5.556542], [-66.68410299999988, 5.553352], [-66.70345, 5.551673], [-66.715738, 5.547173], [-66.725102, 5.550306], [-66.725818, 5.546081000000129], [-66.729808, 5.548501000000158], [-66.73212499999988, 5.544512000000168], [-66.740128, 5.54581], [-66.75262, 5.543587000000173], [-66.755239, 5.545543], [-66.759506, 5.540993000000128], [-66.763268, 5.54318300000017], [-66.76981599999988, 5.539788000000101], [-66.78401199999985, 5.539288000000113], [-66.788611, 5.536454000000106], [-66.7931779999999, 5.538077000000101], [-66.794229, 5.535111], [-66.806723, 5.532545000000141], [-66.8070919999999, 5.52889], [-66.814646, 5.528928000000178], [-66.81245599999988, 5.531088], [-66.81691099999983, 5.532368], [-66.819784, 5.530782000000102], [-66.820732, 5.526101], [-66.82724599999989, 5.527620000000127], [-66.8464039999999, 5.521430000000123], [-66.853714, 5.523753000000113], [-66.85597599999983, 5.527650000000165], [-66.857035, 5.52342700000014], [-66.861057, 5.521161], [-66.8679039999999, 5.524167], [-66.88375699999983, 5.515904], [-66.921688, 5.509695], [-66.93124399999988, 5.501743], [-66.935668, 5.507365], [-66.952325, 5.498878], [-66.958836, 5.500739000000181], [-66.969389, 5.497478], [-66.972338, 5.501378000000102], [-66.979543, 5.502215], [-66.985745, 5.49916], [-66.996271, 5.499899000000141], [-67.001897, 5.497413000000165], [-67.013526, 5.503871000000174], [-67.01629099999985, 5.501371], [-67.017142, 5.49429], [-67.04188, 5.492243000000144], [-67.042541, 5.47956], [-67.030536, 5.461214000000155], [-67.038727, 5.452113000000111], [-67.036038, 5.443756000000178], [-67.031694, 5.442934], [-67.02783299999987, 5.438572], [-67.026709, 5.40302400000013], [-67.021449, 5.402197], [-67.015027, 5.387651], [-67.02157999999986, 5.38345500000014], [-67.036456, 5.384101000000101], [-67.043259, 5.376935000000117], [-67.056667, 5.374603], [-67.060239, 5.371307], [-67.069124, 5.377408000000173], [-67.070863, 5.374332], [-67.069075, 5.368037], [-67.07234099999982, 5.359368], [-67.07861, 5.363056], [-67.101771, 5.357458000000122], [-67.120972, 5.345212000000117], [-67.131396, 5.344008000000144], [-67.14014, 5.337537000000111], [-67.14890899999989, 5.33487], [-67.155421, 5.337296], [-67.164713, 5.333347000000174], [-67.170084, 5.335083000000111], [-67.17434999999989, 5.329171000000144], [-67.185905, 5.330252], [-67.192227, 5.325262], [-67.221489, 5.31777], [-67.221963, 5.329736], [-67.22469699999988, 5.332259], [-67.249695, 5.323706], [-67.25098199999985, 5.318578000000116], [-67.255779, 5.320540000000108], [-67.265405, 5.318417000000125], [-67.26641, 5.322985], [-67.270996, 5.321752], [-67.298901, 5.32610300000016], [-67.307624, 5.321581], [-67.314925, 5.326064000000144], [-67.316501, 5.331091], [-67.328592, 5.338905000000125], [-67.331732, 5.329680000000167], [-67.327185, 5.323840000000132], [-67.327897, 5.319052000000113], [-67.333173, 5.317138], [-67.326885, 5.294407], [-67.328188, 5.286199000000181], [-67.33647, 5.278595], [-67.334824, 5.265468000000169], [-67.339144, 5.249631], [-67.350867, 5.240674], [-67.358282, 5.245386000000167], [-67.367791, 5.243605], [-67.373254, 5.249563], [-67.382539, 5.246982], [-67.38134199999985, 5.235341], [-67.38258699999983, 5.238085], [-67.399558, 5.232346000000177], [-67.398788, 5.22641], [-67.40286999999984, 5.212398000000121], [-67.39947099999989, 5.205879], [-67.403083, 5.194032000000163], [-67.413759, 5.188264], [-67.424181, 5.187058], [-67.436959, 5.173429], [-67.444754, 5.171412000000146], [-67.452279, 5.176809000000105], [-67.457904, 5.173755], [-67.468043, 5.182700000000125], [-67.47938699999986, 5.180358000000126], [-67.48347199999989, 5.187108000000137], [-67.489071, 5.188845000000128], [-67.49825399999986, 5.183983], [-67.509431, 5.170231000000115], [-67.522754, 5.161624000000131], [-67.538935, 5.13261], [-67.532553, 5.127446], [-67.532016, 5.12082700000019], [-67.520805, 5.119634], [-67.523021, 5.111887000000138], [-67.518963, 5.100232], [-67.52440399999989, 5.08885], [-67.53977499999985, 5.082761], [-67.542473, 5.0704530000001], [-67.54114799999985, 5.061435000000188], [-67.548399, 5.053940000000182], [-67.551419, 5.045854], [-67.556214, 5.048158000000114], [-67.55885399999988, 5.046802000000184], [-67.557174, 5.039835], [-67.559951, 5.034372], [-67.567414, 5.029958], [-67.5713879999999, 5.036023], [-67.581217, 5.038693], [-67.5852569999999, 5.032437000000186], [-67.59305199999989, 5.030192], [-67.597198, 5.025535], [-67.603012, 5.008678], [-67.598261, 4.998161000000152], [-67.598518, 4.992914000000155], [-67.600483, 4.989273000000139], [-67.60886, 4.985320000000115], [-67.61140499999988, 4.980312], [-67.61028699999986, 4.975401], [-67.605718, 4.973555], [-67.60470499999985, 4.97047], [-67.61354099999988, 4.966176], [-67.6204489999999, 4.958679], [-67.631768, 4.961014], [-67.637985, 4.954313000000184], [-67.64940499999989, 4.959271], [-67.659632, 4.95179000000013], [-67.666728, 4.951823], [-67.66847399999989, 4.946470000000147], [-67.66085099999987, 4.937992000000122], [-67.662808, 4.935834000000114], [-67.666096, 4.941781000000105], [-67.668961, 4.940996], [-67.669797, 4.934498], [-67.665823, 4.928661], [-67.6725919999999, 4.925727000000165], [-67.68333799999988, 4.928059], [-67.68670799999984, 4.939939000000152], [-67.69552, 4.940208], [-67.698017, 4.944212], [-67.69843, 4.952656], [-67.708507, 4.951791], [-67.710901, 4.953627], [-67.711651, 4.963099], [-67.71827, 4.964270000000113], [-67.722362, 4.948771], [-67.739417, 4.940631], [-67.73819199999986, 4.934729000000175], [-67.740643, 4.924249], [-67.734617, 4.908478000000116], [-67.721749, 4.903695000000141], [-67.713834, 4.896445000000142], [-67.709902, 4.887579000000187], [-67.71174099999985, 4.880864], [-67.729051, 4.866948], [-67.72777499999984, 4.859469000000161], [-67.722056, 4.854509000000121], [-67.728337, 4.846419], [-67.734158, 4.824616000000162], [-67.732677, 4.817543], [-67.728414, 4.813892000000124], [-67.7292819999999, 4.809643000000108], [-67.735792, 4.801781000000119], [-67.740388, 4.801578000000177], [-67.745647, 4.811793], [-67.750754, 4.811742], [-67.753409, 4.806883], [-67.753001, 4.80098], [-67.748048, 4.789391], [-67.746362, 4.776059], [-67.732677, 4.76746], [-67.725784, 4.759343], [-67.713426, 4.758885], [-67.711537, 4.754662], [-67.7194, 4.750489], [-67.718992, 4.745400000000188], [-67.709392, 4.743212000000142], [-67.700702, 4.746779], [-67.69581, 4.735248], [-67.6960509999999, 4.728906], [-67.698924, 4.727235000000178], [-67.70591499999989, 4.732531000000165], [-67.71316799999988, 4.726899], [-67.719911, 4.736837], [-67.731616, 4.736605], [-67.74172, 4.743549000000144], [-67.746563, 4.742097000000115], [-67.756037, 4.732664000000113], [-67.750377, 4.728571], [-67.738817, 4.727142000000129], [-67.74727499999989, 4.710331], [-67.737417, 4.708389000000125], [-67.733679, 4.704939000000138], [-67.7324119999999, 4.698099000000127], [-67.724206, 4.695243000000119], [-67.725647, 4.682208000000173], [-67.718486, 4.671020000000112], [-67.715162, 4.667569], [-67.713394, 4.659555], [-67.716442, 4.655668], [-67.71715099999983, 4.646017000000143], [-67.705646, 4.646225000000129], [-67.699955, 4.629835], [-67.686409, 4.615537], [-67.690706, 4.613624], [-67.69093, 4.607108], [-67.68109, 4.609949000000142], [-67.677068, 4.597099], [-67.666448, 4.583837000000187], [-67.65642899999983, 4.579091], [-67.650033, 4.57086], [-67.643446, 4.572158], [-67.638966, 4.569444], [-67.635954, 4.554400000000101], [-67.629549, 4.543521], [-67.616427, 4.539765000000159], [-67.604864, 4.530154], [-67.570749, 4.518562000000145], [-67.550784, 4.506402000000151], [-67.54301999999984, 4.493136000000106], [-67.475362, 4.452233], [-67.43876, 4.437862000000166], [-67.406594, 4.436756000000116], [-67.366664, 4.443389], [-67.35889999999989, 4.457761000000119], [-67.34559, 4.459972], [-67.331171, 4.445600000000184], [-67.286805, 4.432334], [-67.24798399999986, 4.432334], [-67.228019, 4.435651000000178], [-67.203618, 4.462182000000155], [-67.181435, 4.469921000000113], [-67.10823, 4.480976000000112], [-67.07051899999988, 4.505296000000101], [-67.03628299999986, 4.534751], [-67.015646, 4.525806], [-67.009365, 4.508811], [-67.00846799999988, 4.493604000000119], [-66.999495, 4.4907], [-66.986036, 4.495173], [-66.972128, 4.505459], [-66.952388, 4.530056000000116], [-66.95822, 4.546603000000175], [-66.959117, 4.570754], [-66.956425, 4.587301], [-66.948512, 4.602579000000162], [-66.881962, 4.632427000000121], [-66.844251, 4.653431000000182], [-66.82650399999989, 4.666697], [-66.819849, 4.688806], [-66.74017, 4.72335100000015], [-66.74457499999988, 4.778072], [-66.7677369999999, 4.826235000000167], [-66.783204, 4.850980000000163], [-66.79004999999984, 4.85114]]]}}, {"type": "Feature", "properties": {"parroquia": "Munduapo", "municipio": "Autónomo Autana", "estado": "Amazonas", "pcode": "VE020403", "estado_pcode": "VE02", "municipio_pcode": "VE0204", "center_lat": 4.855946, "center_lon": -67.77457692, "area_sqkm": 434.0205431}, "geometry": {"type": "Polygon", "coordinates": [[[-67.71827, 4.964270000000113], [-67.721691, 4.973786], [-67.72940299999988, 4.977672], [-67.73727299999985, 4.987238000000161], [-67.738933, 4.99675], [-67.74605899999989, 4.999709000000166], [-67.754873, 4.997875], [-67.76164299999988, 5.012319], [-67.776059, 5.021603000000141], [-67.7854329999999, 5.034917], [-67.784909, 5.045856], [-67.79563499999989, 5.054123], [-67.795968, 5.061199], [-67.80867050099994, 5.058428055000149], [-67.80592623499996, 5.054952120000053], [-67.80702720099993, 5.048010972000043], [-67.81972288399993, 5.028809125000123], [-67.8214334729999, 5.02220352500018], [-67.82034428499992, 5.00042679], [-67.82474749399984, 4.97106722500007], [-67.83018885899992, 4.95607581600018], [-67.83873226799989, 4.94347812], [-67.83570577299997, 4.881573345000049], [-67.82644503999995, 4.85832536800001], [-67.82328108399992, 4.839850921000107], [-67.82231823299992, 4.806451874], [-67.82634994499989, 4.787368442000059], [-67.82635737399988, 4.76754943200018], [-67.82380922999994, 4.733660370000166], [-67.81942388899989, 4.721669415], [-67.81784417499995, 4.707232718000057], [-67.8227272179999, 4.692431456000179], [-67.84320265999997, 4.651477137000086], [-67.825271, 4.655571000000123], [-67.789887, 4.655211], [-67.75406099999987, 4.665654], [-67.718486, 4.671020000000112], [-67.725647, 4.682208000000173], [-67.724206, 4.695243000000119], [-67.7324119999999, 4.698099000000127], [-67.733679, 4.704939000000138], [-67.737417, 4.708389000000125], [-67.74727499999989, 4.710331], [-67.738817, 4.727142000000129], [-67.750377, 4.728571], [-67.756037, 4.732664000000113], [-67.746563, 4.742097000000115], [-67.74172, 4.743549000000144], [-67.731616, 4.736605], [-67.719911, 4.736837], [-67.71316799999988, 4.726899], [-67.70591499999989, 4.732531000000165], [-67.698924, 4.727235000000178], [-67.6960509999999, 4.728906], [-67.69581, 4.735248], [-67.700702, 4.746779], [-67.709392, 4.743212000000142], [-67.718992, 4.745400000000188], [-67.7194, 4.750489], [-67.711537, 4.754662], [-67.713426, 4.758885], [-67.725784, 4.759343], [-67.732677, 4.76746], [-67.746362, 4.776059], [-67.748048, 4.789391], [-67.753001, 4.80098], [-67.753409, 4.806883], [-67.750754, 4.811742], [-67.745647, 4.811793], [-67.740388, 4.801578000000177], [-67.735792, 4.801781000000119], [-67.7292819999999, 4.809643000000108], [-67.728414, 4.813892000000124], [-67.732677, 4.817543], [-67.734158, 4.824616000000162], [-67.728337, 4.846419], [-67.722056, 4.854509000000121], [-67.72777499999984, 4.859469000000161], [-67.729051, 4.866948], [-67.71174099999985, 4.880864], [-67.709902, 4.887579000000187], [-67.713834, 4.896445000000142], [-67.721749, 4.903695000000141], [-67.734617, 4.908478000000116], [-67.740643, 4.924249], [-67.73819199999986, 4.934729000000175], [-67.739417, 4.940631], [-67.722362, 4.948771], [-67.71827, 4.964270000000113]]]}}, {"type": "Feature", "properties": {"parroquia": "Guayapo", "municipio": "Autónomo Autana", "estado": "Amazonas", "pcode": "VE020404", "estado_pcode": "VE02", "municipio_pcode": "VE0204", "center_lat": 4.4076165, "center_lon": -67.35002008, "area_sqkm": 3339.17603526}, "geometry": {"type": "Polygon", "coordinates": [[[-67.619479, 4.186795000000188], [-67.57901099999987, 4.162633000000142], [-67.552207, 4.138678000000141], [-67.510804, 4.12706100000014], [-67.476229, 4.103631], [-67.393648, 4.116557], [-67.36433, 4.116144000000133], [-67.31684, 4.10346200000015], [-67.27879799999988, 4.137940000000185], [-67.1980109999999, 4.188829000000112], [-67.130342, 4.237086], [-67.091397, 4.238029], [-67.06110599999988, 4.234840000000133], [-67.035445, 4.278183], [-67.003456, 4.355399], [-66.995397, 4.39481400000011], [-66.943119, 4.442651], [-66.87351299999983, 4.468622], [-66.82284, 4.498748000000148], [-66.795108, 4.52944900000017], [-66.768912, 4.56862], [-66.749218, 4.61217], [-66.742575, 4.6514], [-66.74017, 4.72335100000015], [-66.819849, 4.688806], [-66.82650399999989, 4.666697], [-66.844251, 4.653431000000182], [-66.881962, 4.632427000000121], [-66.948512, 4.602579000000162], [-66.956425, 4.587301], [-66.959117, 4.570754], [-66.95822, 4.546603000000175], [-66.952388, 4.530056000000116], [-66.972128, 4.505459], [-66.986036, 4.495173], [-66.999495, 4.4907], [-67.00846799999988, 4.493604000000119], [-67.009365, 4.508811], [-67.015646, 4.525806], [-67.03628299999986, 4.534751], [-67.07051899999988, 4.505296000000101], [-67.10823, 4.480976000000112], [-67.181435, 4.469921000000113], [-67.203618, 4.462182000000155], [-67.228019, 4.435651000000178], [-67.24798399999986, 4.432334], [-67.286805, 4.432334], [-67.331171, 4.445600000000184], [-67.34559, 4.459972], [-67.35889999999989, 4.457761000000119], [-67.366664, 4.443389], [-67.406594, 4.436756000000116], [-67.43876, 4.437862000000166], [-67.475362, 4.452233], [-67.54301999999984, 4.493136000000106], [-67.550784, 4.506402000000151], [-67.570749, 4.518562000000145], [-67.604864, 4.530154], [-67.616427, 4.539765000000159], [-67.629549, 4.543521], [-67.635954, 4.554400000000101], [-67.638966, 4.569444], [-67.643446, 4.572158], [-67.650033, 4.57086], [-67.65642899999983, 4.579091], [-67.666448, 4.583837000000187], [-67.677068, 4.597099], [-67.68109, 4.609949000000142], [-67.69093, 4.607108], [-67.690706, 4.613624], [-67.686409, 4.615537], [-67.699955, 4.629835], [-67.705646, 4.646225000000129], [-67.71715099999983, 4.646017000000143], [-67.716442, 4.655668], [-67.713394, 4.659555], [-67.715162, 4.667569], [-67.718486, 4.671020000000112], [-67.75406099999987, 4.665654], [-67.789887, 4.655211], [-67.825271, 4.655571000000123], [-67.84320265999997, 4.651477137000086], [-67.84621945599997, 4.596097983000107], [-67.83929831399996, 4.557475663000162], [-67.85560933499994, 4.537542895000058], [-67.85037738999995, 4.532073407000155], [-67.81236599999988, 4.516491], [-67.725492, 4.464057], [-67.723392, 4.420419], [-67.70392, 4.368023000000107], [-67.684393, 4.348354], [-67.64746, 4.339562000000171], [-67.634459, 4.31772100000012], [-67.62878099999989, 4.236086], [-67.619479, 4.186795000000188]]]}}, {"type": "Feature", "properties": {"parroquia": "Comunidad", "municipio": "Autónomo Maroa", "estado": "Amazonas", "pcode": "VE020502", "estado_pcode": "VE02", "municipio_pcode": "VE0205", "center_lat": 2.61427474, "center_lon": -66.97555085, "area_sqkm": 12487.47097964}, "geometry": {"type": "Polygon", "coordinates": [[[-67.382361, 3.248418617000027], [-67.43485268999996, 3.248472015], [-67.86282944199985, 2.864865688000123], [-67.86411073599999, 2.789472143000182], [-67.8570292359999, 2.788376782000057], [-67.85268540599992, 2.791677193], [-67.83795011499996, 2.793300197000178], [-67.83265310999997, 2.804621612000176], [-67.83195578299984, 2.812189413000056], [-67.8256285629999, 2.823444558000062], [-67.81088971499997, 2.832153870000184], [-67.79413007099998, 2.82706214600006], [-67.78255576399994, 2.826677630000063], [-67.75326903299998, 2.836845014], [-67.73992331099993, 2.837795063000044], [-67.73505447799994, 2.833469110000124], [-67.73815673799993, 2.822913159000052], [-67.73556534099993, 2.816934397000068], [-67.65834797499997, 2.796558368000035], [-67.64980930799993, 2.79789074100006], [-67.63791449099995, 2.810287293000044], [-67.61704209099992, 2.813204500000097], [-67.58619229999994, 2.779105116000096], [-67.58347590299996, 2.771663419000163], [-67.5859480389999, 2.758118836999984], [-67.58430960199996, 2.743936577], [-67.56382680999985, 2.72605784700005], [-67.56307271899988, 2.71480131900006], [-67.56922321399986, 2.676138567000123], [-67.56764706599984, 2.664563729000065], [-67.56189608799997, 2.65578528400016], [-67.55430850299996, 2.653619850000041], [-67.54817099799988, 2.661757276000117], [-67.53893545399984, 2.668303407000053], [-67.52318694599995, 2.673383838000177], [-67.5055467919999, 2.666443931000174], [-67.48673712099998, 2.666971574000058], [-67.48351160299995, 2.663217379], [-67.46762760999997, 2.619430034], [-67.44979587199998, 2.61865800400011], [-67.4304575519999, 2.596581313000172], [-67.41465625799998, 2.583311902000105], [-67.39208768599997, 2.573603998000181], [-67.38646579599992, 2.563044590000061], [-67.38659715599988, 2.553950954000129], [-67.3832513449999, 2.543965126000103], [-67.36271922599997, 2.534399920000055], [-67.35786935699997, 2.52939123900012], [-67.35189758199988, 2.529512313], [-67.34254370299988, 2.522511893000058], [-67.33515354199994, 2.509280590000174], [-67.33654943999989, 2.500632904000156], [-67.33446572899987, 2.495735142000115], [-67.32728878999995, 2.484698569000102], [-67.31622873399994, 2.476870431], [-67.31281923999995, 2.468728730000066], [-67.30308693799998, 2.461219267], [-67.3010076889999, 2.448881346000121], [-67.29709181599998, 2.441947599000116], [-67.28773692799984, 2.438190210000187], [-67.2765514429999, 2.429662355000062], [-67.26055644199994, 2.429143942000053], [-67.2393896239999, 2.408654754000111], [-67.22175724099992, 2.398596457000053], [-67.21499777599996, 2.390452658000072], [-67.21285462099996, 2.38034050400006], [-67.20319079599994, 2.366535365000118], [-67.18790226999988, 2.350310217000185], [-67.18613740299998, 2.342106038000054], [-67.19847824499993, 2.320493413000122], [-67.216441, 2.305306572000063], [-67.2184077089999, 2.293670782000106], [-67.21468146099988, 2.287881831000163], [-67.21399037799989, 2.280695741000102], [-67.21589401599994, 2.268678378000118], [-67.22146189199992, 2.260224225000059], [-67.22070897699996, 2.250621663000061], [-67.20251968399998, 2.223267110000108], [-67.20126298499986, 2.210548394000057], [-67.19072618699994, 2.177539029000116], [-67.16157905699998, 2.132835812000167], [-67.15378277199983, 2.126366702000098], [-67.14760353299988, 2.125615200000084], [-67.13184086499996, 2.135343569999975], [-67.12172666299995, 2.13699054], [-67.11553390799986, 2.134570285000052], [-67.10802184999994, 2.119304337000131], [-67.1059518809999, 2.093867740000178], [-67.09919185999996, 2.073661926000057], [-67.09704016099994, 2.052411522000057], [-67.11454881999998, 2.021494780000126], [-67.1182935459999, 2.000734033000185], [-67.104663, 2.005072], [-67.088944, 2.018816000000186], [-67.04340999999988, 2.027805000000171], [-67.035495, 2.033989], [-67.00623, 2.040712000000156], [-66.99343099999987, 2.05116100000015], [-66.98671899999988, 2.046574], [-66.98261, 2.039374000000123], [-66.98196999999988, 2.031742000000122], [-66.946905, 1.998012000000131], [-66.921779, 1.989042], [-66.914695, 1.992472], [-66.919528, 2.03501000000017], [-66.895937, 2.052201], [-66.8737359999999, 2.052402000000143], [-66.8486099999999, 2.043432000000109], [-66.836034, 2.04952], [-66.82778799999988, 2.058666], [-66.823453, 2.059969], [-66.766137, 2.056473], [-66.746409, 2.068424000000107], [-66.708903, 2.066707000000179], [-66.695709, 2.049685], [-66.69421199999982, 2.035949], [-66.68772699999988, 2.025041000000101], [-66.629485, 1.997058], [-66.6221369999999, 1.984623], [-66.616293, 1.980691000000149], [-66.606977, 1.98046], [-66.590278, 1.992642000000103], [-66.5850559999999, 2.007782], [-66.582836, 2.043525], [-66.578479, 2.058994], [-66.579745, 2.080901], [-66.564767, 2.104958000000124], [-66.559679, 2.135995], [-66.562723, 2.143058], [-66.55777599999988, 2.155408000000136], [-66.560378, 2.165826], [-66.563429, 2.168748], [-66.568542, 2.205959000000121], [-66.57836, 2.22718], [-66.590957, 2.227327000000116], [-66.604776, 2.242282000000102], [-66.620355, 2.249586], [-66.62441, 2.248683], [-66.620579, 2.308318], [-66.611893, 2.332418000000132], [-66.620492, 2.337075000000141], [-66.626341, 2.344990000000109], [-66.625659, 2.379558000000145], [-66.633435, 2.391398000000152], [-66.632802, 2.396918], [-66.62479899999988, 2.407977000000187], [-66.61637299999984, 2.410974000000181], [-66.619733, 2.415623], [-66.619355, 2.417818000000125], [-66.61529999999988, 2.418501000000163], [-66.603655, 2.407940000000167], [-66.588484, 2.415975], [-66.582434, 2.41634], [-66.579883, 2.412509000000171], [-66.584696, 2.406871], [-66.5828939999999, 2.403229], [-66.578842, 2.401842000000102], [-66.56623799999988, 2.404705], [-66.55494599999986, 2.432799000000159], [-66.562852, 2.441408000000138], [-66.540983, 2.46298000000013], [-66.537864, 2.462975], [-66.52766299999985, 2.44815], [-66.512208, 2.441001], [-66.50066, 2.446626], [-66.498773, 2.455091], [-66.489836, 2.464547], [-66.488193, 2.476212], [-66.507106, 2.46869], [-66.51096699999988, 2.471834000000115], [-66.5052639999999, 2.486314], [-66.508615, 2.495354], [-66.505836, 2.51329], [-66.508453, 2.514675000000125], [-66.514197, 2.511707], [-66.52304, 2.518813], [-66.530087, 2.519579000000135], [-66.542835, 2.539553], [-66.5346669999999, 2.543617], [-66.536279, 2.548827000000188], [-66.54214, 2.549843], [-66.532764, 2.560739000000126], [-66.535311, 2.565826000000186], [-66.52804199999986, 2.583126], [-66.52758699999987, 2.592818], [-66.521223, 2.593684000000167], [-66.518856, 2.591672000000131], [-66.51411, 2.594736000000182], [-66.520397, 2.601124], [-66.52038099999987, 2.609342], [-66.505839, 2.613454000000104], [-66.493847, 2.621554], [-66.472262, 2.622827], [-66.463079, 2.629615], [-66.452975, 2.628967], [-66.397589, 2.658083], [-66.368822, 2.664013], [-66.36340799999988, 2.658293000000185], [-66.353179, 2.658145], [-66.345438, 2.661704000000157], [-66.33558499999987, 2.660804], [-66.3168409999999, 2.675817], [-66.307351, 2.68018700000016], [-66.30122299999988, 2.687449], [-66.297794, 2.68672000000015], [-66.296698, 2.674675], [-66.29046, 2.675038], [-66.277963, 2.685673], [-66.26138, 2.682593000000111], [-66.24695099999985, 2.692157], [-66.24657, 2.695104000000185], [-66.252051, 2.698441], [-66.251977, 2.703866], [-66.250967, 2.709007000000156], [-66.246031, 2.713260000000162], [-66.621017, 3.023546000000181], [-66.63428699999986, 3.018788000000143], [-66.647717, 3.020114], [-66.66693699999985, 3.037870000000169], [-66.69044, 3.03957000000014], [-66.695443, 3.048374], [-66.699622, 3.050242000000139], [-66.711617, 3.064770000000124], [-66.718643, 3.062973000000113], [-66.730357, 3.065772], [-66.741635, 3.059842], [-66.75003199999986, 3.065371], [-66.753817, 3.062212], [-66.7626, 3.061232000000132], [-66.77603, 3.063095], [-66.78613899999988, 3.060049000000106], [-66.797619, 3.062536], [-66.800661, 3.058599], [-66.807532, 3.058555000000126], [-66.813971, 3.055161000000169], [-66.817606, 3.06186200000019], [-66.826938, 3.063473000000101], [-66.832794, 3.076748000000123], [-66.84440099999983, 3.081466], [-66.84444299999984, 3.085831], [-66.848272, 3.090660000000128], [-66.85135699999984, 3.091204], [-66.8634019999999, 3.104339], [-66.877646, 3.10081], [-66.877301, 3.105298000000175], [-66.8751539999999, 3.105613000000119], [-66.87722999999988, 3.110527000000104], [-66.873874, 3.111116], [-66.8794319999999, 3.12088400000016], [-66.893647, 3.124613000000124], [-66.910624, 3.148258], [-66.917732, 3.150200000000154], [-66.926006, 3.148473], [-66.932886, 3.154982], [-66.935694, 3.153125], [-66.941515, 3.155478], [-66.941629, 3.15343], [-66.950541, 3.161535], [-66.962759, 3.160603], [-66.963457, 3.157286], [-66.972867, 3.158231000000114], [-66.984877, 3.148695000000146], [-66.992059, 3.147906], [-67.000485, 3.143214000000114], [-67.00298, 3.141025], [-67.002817, 3.13618700000012], [-67.00968, 3.131184], [-67.009822, 3.120727000000102], [-67.02496, 3.114777], [-67.025888, 3.108377], [-67.032133, 3.107745000000136], [-67.03526, 3.110395], [-67.03183399999989, 3.116954], [-67.03386899999987, 3.12023], [-67.031068, 3.127413000000161], [-67.040129, 3.129899000000137], [-67.042639, 3.1377], [-67.052647, 3.147521000000154], [-67.04844299999985, 3.156267000000128], [-67.049695, 3.157826000000171], [-67.058591, 3.154538], [-67.059537, 3.160467], [-67.065159, 3.161241], [-67.067662, 3.16436], [-67.073277, 3.159514], [-67.087332, 3.16059], [-67.08546399999983, 3.16465], [-67.08734499999986, 3.169331000000113], [-67.105614, 3.168528000000151], [-67.131391, 3.176301], [-67.139978, 3.175042000000133], [-67.1413649999999, 3.162242000000163], [-67.13745399999988, 3.15756400000015], [-67.138232, 3.155378], [-67.143072, 3.154748], [-67.146512, 3.158021000000133], [-67.156347, 3.155981000000111], [-67.160255, 3.159098], [-67.166177, 3.150974], [-67.172421, 3.14925], [-67.17678, 3.140036], [-67.1947239999999, 3.130649], [-67.20821199999989, 3.103842000000157], [-67.24512, 3.100933000000168], [-67.26605199999983, 3.106059], [-67.284331, 3.112124000000108], [-67.28809499999988, 3.123045], [-67.295906, 3.125221000000181], [-67.304816, 3.132078000000149], [-67.30545, 3.138008000000184], [-67.322172, 3.147509], [-67.330466, 3.159985], [-67.32736799999986, 3.17700200000013], [-67.333008, 3.189637000000175], [-67.332706, 3.196817], [-67.348511, 3.21974200000011], [-67.3514909999999, 3.229260000000181], [-67.359155, 3.237523000000124], [-67.38242399999984, 3.238587], [-67.3841809999999, 3.240439000000151], [-67.382361, 3.248418617000027]]]}}, {"type": "Feature", "properties": {"parroquia": "Alto Ventuari", "municipio": "Manapiare", "estado": "Amazonas", "pcode": "VE020601", "estado_pcode": "VE02", "municipio_pcode": "VE0206", "center_lat": 4.54388948, "center_lon": -65.03720021, "area_sqkm": 8964.90291229}, "geometry": {"type": "Polygon", "coordinates": [[[-64.69226787199995, 4.211024136000105], [-64.68124837699997, 4.208133101000101], [-64.67272702099996, 4.208726512999988], [-64.64703957299997, 4.214254505000156], [-64.64355872699991, 4.219884428000114], [-64.64668186899996, 4.223359494000078], [-64.64659589699994, 4.234066710000093], [-64.63328434799996, 4.254910167000162], [-64.62176891899992, 4.291788950000182], [-64.63551763299995, 4.337846872], [-64.65913872899984, 4.360215278000169], [-64.6964935289999, 4.416182338000112], [-64.67795678599987, 4.451101110000081], [-64.60599159599997, 4.457490414000063], [-64.59497026999986, 4.526024857000095], [-64.60250269199997, 4.564622644000053], [-64.54928250799998, 4.636988285000143], [-64.56302921899999, 4.678064115000041], [-64.60153895199988, 4.687942233000058], [-64.64368175999988, 4.660440554], [-64.69580206099988, 4.651598236000041], [-64.71819810399995, 4.672718623000094], [-64.74425624799994, 4.667671458000029], [-64.7727304359999, 4.636461725000061], [-64.78876304699997, 4.59656585800019], [-64.84951567699994, 4.570255168000131], [-64.90292408999994, 4.585060344000169], [-64.93408658499993, 4.636038325000072], [-64.96274795699998, 4.677057100000127], [-65.01496234299998, 4.705551564000189], [-65.06108855999992, 4.772662851], [-65.1034385559999, 4.821099749000098], [-65.12468260299994, 4.865863626000078], [-65.12633893699996, 4.961858639000184], [-65.08710838399986, 5.030385187000149], [-65.11461158599997, 5.028384079000148], [-65.1264491199999, 5.030230088], [-65.13355446599996, 5.043969357000037], [-65.14101188599994, 5.077008032000094], [-65.13235259199996, 5.11012676100006], [-65.13406672999997, 5.133284247000176], [-65.15363371999996, 5.176472106000119], [-65.16887541499995, 5.184513237000147], [-65.19387846199999, 5.164884746000098], [-65.21536536199994, 5.144032245], [-65.22189264699989, 5.142974210000148], [-65.2338072199999, 5.160258536000129], [-65.2526299999999, 5.14351500000015], [-65.263829, 5.139842000000158], [-65.280312, 5.116865], [-65.290168, 5.095726], [-65.302062, 5.084698000000117], [-65.318065, 5.075739000000112], [-65.325386, 5.067698], [-65.350065, 5.05966], [-65.371104, 5.04196700000017], [-65.392134, 5.029331], [-65.399455, 5.021289], [-65.43645999999984, 5.016467], [-65.454724, 5.021064000000138], [-65.462497, 5.015549], [-65.454302, 4.996933000000126], [-65.45908899999989, 4.920475000000124], [-65.422571, 4.866938000000118], [-65.39464699999985, 4.785561], [-65.379609, 4.710608], [-65.418275, 4.614241000000163], [-65.469235, 4.557268], [-65.501029, 4.493868000000134], [-65.563104, 4.425940000000139], [-65.600955, 4.358012000000144], [-65.682712, 4.238760000000127], [-65.72975, 4.21378], [-65.832858, 4.143111000000147], [-65.862932, 4.113130000000183], [-65.883333, 4.066667], [-65.782634, 4.058822], [-65.710882, 4.041113], [-65.676371, 4.020833], [-65.60122199999984, 3.982546000000127], [-65.570209, 3.982417000000112], [-65.524554, 3.952563000000168], [-65.45674999999989, 3.9241], [-65.390336, 3.917883], [-65.260306, 3.943997], [-65.256964, 4.029972], [-65.24496099999988, 4.071429], [-65.191651, 4.105275], [-65.14878, 4.116928], [-65.095678, 4.107774], [-65.056074, 4.055700000000115], [-65.041501, 4.01709000000011], [-65.019391, 4.011053000000118], [-64.998459, 4.065790000000106], [-64.939207, 4.108472], [-64.928701, 4.142505], [-64.881432, 4.149669], [-64.79466331399993, 4.16831503800006], [-64.78813107399998, 4.186294413999974], [-64.78998617299999, 4.193890569000132], [-64.78307491899989, 4.219758117000083], [-64.78436800699996, 4.231212342000049], [-64.78225591399996, 4.233808402000079], [-64.77469558099989, 4.233308412000099], [-64.77242049199992, 4.239013530000136], [-64.77880479699996, 4.248670709000066], [-64.79924074199994, 4.265145002999986], [-64.80557404799993, 4.276702226000111], [-64.80588808499982, 4.286317415000156], [-64.79134248499997, 4.307423880000101], [-64.78515521399999, 4.306977894000113], [-64.76155210499996, 4.284291474000099], [-64.74950855899993, 4.278159378000055], [-64.73366583399996, 4.265127154000027], [-64.72575947199994, 4.264109147999989], [-64.70231837499983, 4.236472632000073], [-64.69226787199995, 4.211024136000105]]]}}, {"type": "Feature", "properties": {"parroquia": "Medio Ventuari", "municipio": "Manapiare", "estado": "Amazonas", "pcode": "VE020602", "estado_pcode": "VE02", "municipio_pcode": "VE0206", "center_lat": 5.23444226, "center_lon": -66.14268007, "area_sqkm": 23962.42723799}, "geometry": {"type": "Polygon", "coordinates": [[[-65.54026966599997, 5.6804573820001], [-65.54346241899998, 5.686874926000144], [-65.54888765199996, 5.687529922000124], [-65.56253033699983, 5.715426484000091], [-65.56400645799994, 5.730519804000153], [-65.57520801799984, 5.752707245000181], [-65.5904817579999, 5.775246687000106], [-65.59015076499998, 5.783772878999969], [-65.60300544599994, 5.819192605000183], [-65.60082339799987, 5.83348993200002], [-65.59509817599996, 5.844722187000059], [-65.59453018099993, 5.854741413000056], [-65.63195892499988, 5.885019947999979], [-65.63314000999992, 5.892313103000106], [-65.61688134799982, 5.911614585000166], [-65.61111513299994, 5.924285880000127], [-65.60756301499993, 5.934743112999968], [-65.60797206899986, 5.944866341000022], [-65.59938973899995, 5.962346745000048], [-65.59828872899988, 5.971221951000075], [-65.60302902899997, 6.00138359500005], [-65.58709942999991, 6.033256351000034], [-65.5795261749999, 6.055231856000091], [-65.56543362999997, 6.077901408000116], [-65.56175849999983, 6.090671701000076], [-65.56220256399996, 6.102749966000147], [-65.57600129999992, 6.139670741000089], [-65.59566419199996, 6.150358906000065], [-65.60778673699997, 6.153687938000189], [-65.62174235999993, 6.154254901000115], [-65.62975170999988, 6.15206483500009], [-65.64853047099996, 6.132496336000031], [-65.67587663699993, 6.124080062000189], [-65.68594208799993, 6.124993045000167], [-65.71946851299987, 6.110817622000127], [-65.76499052399998, 6.114344545000165], [-65.77631204199997, 6.117440574000113], [-65.79793596399998, 6.108676314000036], [-65.8243601079999, 6.105314150000027], [-65.83443052199993, 6.098055958999964], [-65.83992473899985, 6.089767755000082], [-65.84530992099991, 6.073197375], [-65.85241912499998, 6.039368609], [-65.8574722109999, 5.997606686000097], [-65.89914987499998, 5.948288469000033], [-65.91306735599994, 5.907994546000054], [-65.91954561299991, 5.90034536700017], [-65.93524426999994, 5.890473093000082], [-65.94332258499992, 5.877377786000068], [-65.94919377499997, 5.857767348000039], [-65.97736796999988, 5.845109985000022], [-65.98489060299988, 5.838039906000063], [-65.98650731699996, 5.82765856900005], [-65.98425417499988, 5.812442259000136], [-65.98638624499989, 5.804817078000099], [-66.00752613999992, 5.797634857000105], [-66.02104871099988, 5.787773601000083], [-66.02860100399994, 5.778488385000117], [-66.03004295599993, 5.743131617000131], [-66.03426306799997, 5.719725103000087], [-66.04727263199993, 5.715848980000089], [-66.0630253189999, 5.717396963000169], [-66.10544021599998, 5.730219109000075], [-66.22911452199992, 5.76024104600009], [-66.29026943499997, 5.775400487000013], [-66.31149639199992, 5.785063629000035], [-66.32737816499991, 5.808892084000092], [-66.34211585599996, 5.82239632600016], [-66.34916615599985, 5.821267275000082], [-66.37989938699997, 5.786290434000023], [-66.40476340699985, 5.768744975], [-66.41019365199998, 5.769255974000146], [-66.42272922599989, 5.777879111000118], [-66.43850893499996, 5.784306205000064], [-66.47104783799983, 5.789000538999971], [-66.466667, 5.783333], [-66.4450379999999, 5.769439], [-66.414154, 5.735549], [-66.411802, 5.72658900000016], [-66.389174, 5.69307300000014], [-66.384666, 5.66854], [-66.37780899999984, 5.663494], [-66.375982, 5.654076], [-66.371183, 5.64879800000017], [-66.37187, 5.63639], [-66.367987, 5.626056000000176], [-66.38125, 5.591114], [-66.541364, 5.504741], [-66.600792, 5.442063], [-66.5934319999999, 5.410946], [-66.624069, 5.334064000000183], [-66.70773, 5.32877], [-66.759982, 5.27093600000012], [-66.834281, 5.301634], [-66.953786, 5.298484], [-67.010901, 5.259782], [-67.02965199999983, 5.202162000000158], [-67.029393, 5.161436], [-67.079509, 5.151533], [-67.181773, 5.079008], [-67.188692, 5.040638000000172], [-67.1621439999999, 4.997692], [-67.104565, 4.957331000000124], [-67.028087, 4.950615], [-66.979856, 4.874238], [-66.93673499999983, 4.852928], [-66.864992, 4.838966000000141], [-66.843479, 4.836692], [-66.79004999999984, 4.85114], [-66.63411599999984, 4.877764], [-66.554128, 4.783916], [-66.531035, 4.72146], [-66.531273, 4.65389000000016], [-66.518539, 4.591472], [-66.487534, 4.570573], [-66.474811, 4.505559], [-66.456784, 4.476909], [-66.41021399999988, 4.466351], [-66.39222699999988, 4.427307], [-66.374286, 4.375272], [-66.3186, 4.36103], [-66.21413199999989, 4.356501], [-66.03245, 4.409338000000105], [-65.934039, 4.428963000000124], [-65.859852, 4.425944000000129], [-65.799291, 4.401790000000176], [-65.759927, 4.418395], [-65.696338, 4.435001], [-65.653945, 4.459155000000123], [-65.501029, 4.493868000000134], [-65.469235, 4.557268], [-65.418275, 4.614241000000163], [-65.379609, 4.710608], [-65.39464699999985, 4.785561], [-65.422571, 4.866938000000118], [-65.45908899999989, 4.920475000000124], [-65.454302, 4.996933000000126], [-65.462497, 5.015549], [-65.454724, 5.021064000000138], [-65.43645999999984, 5.016467], [-65.399455, 5.021289], [-65.392134, 5.029331], [-65.371104, 5.04196700000017], [-65.350065, 5.05966], [-65.325386, 5.067698], [-65.318065, 5.075739000000112], [-65.302062, 5.084698000000117], [-65.290168, 5.095726], [-65.280312, 5.116865], [-65.263829, 5.139842000000158], [-65.2526299999999, 5.14351500000015], [-65.2338072199999, 5.160258536000129], [-65.23383422999996, 5.164603631000034], [-65.25372922799983, 5.209102518000122], [-65.28250866599984, 5.267519682999989], [-65.2689401429999, 5.293716282000105], [-65.22051901899994, 5.300117561000093], [-65.17715219399997, 5.33140234800004], [-65.12583996699988, 5.347342836], [-65.10809923199997, 5.365374277000058], [-65.10602818499996, 5.37948859200003], [-65.1065492169999, 5.38320166200009], [-65.1202228599999, 5.395108889000085], [-65.14138482599998, 5.40624106700011], [-65.15530055499994, 5.444412843000066], [-65.14418420899989, 5.494641965000085], [-65.14931156699993, 5.538206893000108], [-65.19416864099998, 5.570416463000072], [-65.2242071369999, 5.626335582000024], [-65.24166095699997, 5.639964828000075], [-65.25293151999989, 5.662334274000159], [-65.20965778499993, 5.722268723000013], [-65.20557369199997, 5.751303362000101], [-65.22200345499994, 5.763741584], [-65.26079918599993, 5.766892541000061], [-65.26847153699998, 5.769580577000056], [-65.28438322799997, 5.768405498000106], [-65.30286502899997, 5.76239930800017], [-65.34459680399988, 5.739986688000101], [-65.3559402269999, 5.713107065000145], [-65.36393856399991, 5.709560964000104], [-65.37940023799996, 5.705869839000115], [-65.38628055399994, 5.709757904000071], [-65.38818969099998, 5.725441234000073], [-65.39160485399992, 5.732534381000107], [-65.37628319499998, 5.73654151300002], [-65.39695411699995, 5.739559516000099], [-65.44025200299996, 5.732534231000102], [-65.47511546899995, 5.708528607], [-65.48357681999983, 5.700479398000084], [-65.49717735099989, 5.67929290100011], [-65.50495669599991, 5.681482927000104], [-65.51328211399988, 5.69673522800008], [-65.52129546099997, 5.694755158000021], [-65.53141985599996, 5.677790763000132], [-65.54026966599997, 5.6804573820001]]]}}, {"type": "Feature", "properties": {"parroquia": "Bajo Ventuari", "municipio": "Manapiare", "estado": "Amazonas", "pcode": "VE020603", "estado_pcode": "VE02", "municipio_pcode": "VE0206", "center_lat": 4.279857, "center_lon": -66.00911925, "area_sqkm": 2212.55684339}, "geometry": {"type": "Polygon", "coordinates": [[[-65.883333, 4.066667], [-65.862932, 4.113130000000183], [-65.832858, 4.143111000000147], [-65.72975, 4.21378], [-65.682712, 4.238760000000127], [-65.600955, 4.358012000000144], [-65.563104, 4.425940000000139], [-65.501029, 4.493868000000134], [-65.653945, 4.459155000000123], [-65.696338, 4.435001], [-65.759927, 4.418395], [-65.799291, 4.401790000000176], [-65.859852, 4.425944000000129], [-65.934039, 4.428963000000124], [-66.03245, 4.409338000000105], [-66.21413199999989, 4.356501], [-66.3186, 4.36103], [-66.374286, 4.375272], [-66.369432, 4.281707000000154], [-66.334941, 4.265401000000111], [-66.27127499999989, 4.224198000000172], [-66.206575, 4.223967], [-66.157518, 4.192610000000116], [-66.111187, 4.124891], [-66.10095, 4.093678], [-66.023334, 4.093392], [-65.935446, 4.074876000000131], [-65.883333, 4.066667]]]}}, {"type": "Feature", "properties": {"parroquia": "Solano", "municipio": "Autónomo Rio Negro", "estado": "Amazonas", "pcode": "VE020701", "estado_pcode": "VE02", "municipio_pcode": "VE0207", "center_lat": 1.72140023, "center_lon": -66.25176823, "area_sqkm": 36192.30541817}, "geometry": {"type": "Polygon", "coordinates": [[[-65.467478, 2.489782000000105], [-65.48027899999988, 2.490543], [-65.48211299999986, 2.496636], [-65.487646, 2.499457], [-65.485924, 2.502174000000139], [-65.491523, 2.500115000000108], [-65.495085, 2.508264], [-65.493539, 2.512251000000106], [-65.498259, 2.531587000000172], [-65.502586, 2.52968], [-65.50605799999988, 2.534813], [-65.504237, 2.536835], [-65.5114779999999, 2.540637], [-65.50772199999989, 2.542172], [-65.510772, 2.542203000000143], [-65.511992, 2.547178], [-65.516899, 2.546420000000182], [-65.519053, 2.555259], [-65.521484, 2.555498], [-65.521191, 2.567374], [-65.512731, 2.573344000000134], [-65.51334, 2.579854000000182], [-65.50909799999988, 2.581668], [-65.512772, 2.584784], [-65.51085599999988, 2.585403000000156], [-65.511257, 2.591009000000156], [-65.499998, 2.598936], [-65.501659, 2.612851], [-65.497825, 2.615409], [-65.50179, 2.619393000000173], [-65.507918, 2.617812], [-65.50909799999988, 2.624189000000115], [-65.512375, 2.623987000000113], [-65.511293, 2.626083000000165], [-65.51325999999983, 2.626407000000142], [-65.513531, 2.634072], [-65.51972099999989, 2.640493000000163], [-65.517921, 2.643673], [-65.523708, 2.64281], [-65.522784, 2.64503400000018], [-65.525416, 2.645238], [-65.524459, 2.647367000000145], [-65.52922499999988, 2.651326000000154], [-65.52537699999982, 2.652683], [-65.52688499999988, 2.656218], [-65.52762, 2.654529000000139], [-65.531807, 2.656874000000187], [-65.52967999999987, 2.661101000000144], [-65.53283899999985, 2.658984000000146], [-65.53798, 2.671125000000188], [-65.544695, 2.673639000000151], [-65.542031, 2.680378000000132], [-65.549571, 2.680076], [-65.55016299999988, 2.684629], [-65.54795299999984, 2.685573], [-65.555343, 2.694216], [-65.549574, 2.696957], [-65.5494609999999, 2.705255], [-65.54645899999986, 2.702954], [-65.545818, 2.706314], [-65.548856, 2.713007000000175], [-65.5524549999999, 2.714022000000114], [-65.551633, 2.717566], [-65.562868, 2.721952000000101], [-65.558807, 2.723929], [-65.559623, 2.726853], [-65.564263, 2.728655000000117], [-65.561651, 2.729220000000169], [-65.562217, 2.731474000000105], [-65.565795, 2.729805], [-65.563998, 2.733355000000131], [-65.56878799999987, 2.739143000000126], [-65.568886, 2.748333], [-65.5741139999999, 2.752633], [-65.574258, 2.757864000000154], [-65.587249, 2.7667560000001], [-65.592213, 2.767168], [-65.5941, 2.770563000000152], [-65.60192699999982, 2.769956], [-65.605255, 2.779605], [-65.60397399999988, 2.784537000000114], [-65.610547, 2.781863], [-65.611925, 2.783535], [-65.6193449999999, 2.778421], [-65.622457, 2.779148000000134], [-65.6208529999999, 2.784433], [-65.623199, 2.785611000000188], [-65.625497, 2.783533], [-65.628772, 2.785142000000121], [-65.638179, 2.783341000000121], [-65.641649, 2.781571], [-65.638691, 2.777908], [-65.645512, 2.775535000000104], [-65.649896, 2.767564000000164], [-65.657644, 2.76465700000017], [-65.65591599999988, 2.768095], [-65.65984, 2.770661], [-65.655813, 2.775693], [-65.6568309999999, 2.779018000000178], [-65.664378, 2.777073], [-65.668125, 2.780395], [-65.66962099999989, 2.776756], [-65.673767, 2.777133], [-65.679133, 2.771879000000126], [-65.67759, 2.768797], [-65.680577, 2.768399000000159], [-65.677511, 2.764965], [-65.680635, 2.761572000000172], [-65.678847, 2.760855000000163], [-65.686036, 2.753797], [-65.68441, 2.746200000000158], [-65.690034, 2.740365000000168], [-65.697546, 2.742073000000119], [-65.699823, 2.737638000000118], [-65.702837, 2.74123], [-65.706209, 2.735839000000169], [-65.716338, 2.736784000000171], [-65.71909599999987, 2.733605], [-65.723991, 2.736022], [-65.723085, 2.733931], [-65.7264, 2.735472000000186], [-65.727648, 2.741498000000149], [-65.724083, 2.74179700000019], [-65.72809399999988, 2.747283], [-65.72917599999988, 2.745806], [-65.73088699999988, 2.748367], [-65.74112, 2.748821000000135], [-65.73970699999984, 2.757337], [-65.750511, 2.749019], [-65.756836, 2.755644000000132], [-65.76269799999989, 2.754710000000102], [-65.76582899999988, 2.757629], [-65.767593, 2.756094], [-65.769238, 2.761701000000187], [-65.772668, 2.755114000000162], [-65.77860899999985, 2.760429000000101], [-65.782606, 2.757093000000111], [-65.784601, 2.761437], [-65.78202599999986, 2.760983000000124], [-65.782055, 2.763293], [-65.786468, 2.763892000000112], [-65.78618299999982, 2.766257], [-65.788711, 2.762932], [-65.7904089999999, 2.768591], [-65.787974, 2.772752], [-65.793328, 2.782914000000119], [-65.799976, 2.785124], [-65.801294, 2.787905], [-65.797991, 2.789453], [-65.802192, 2.790868000000103], [-65.801501, 2.795039], [-65.808835, 2.792478], [-65.81003, 2.802694], [-65.808323, 2.803964000000121], [-65.81293299999987, 2.807624], [-65.813699, 2.805431000000169], [-65.816815, 2.806972000000144], [-65.85384, 2.783792000000119], [-65.861364, 2.785265000000152], [-65.86943999999983, 2.775875], [-65.88589799999988, 2.778145], [-65.897999, 2.776985], [-65.90456399999988, 2.770513000000108], [-65.908201, 2.762997], [-65.907784, 2.755597], [-65.910724, 2.751968], [-65.937197, 2.739714000000163], [-65.942805, 2.741673], [-65.943721, 2.749263], [-65.948701, 2.753038000000174], [-65.957817, 2.74886000000015], [-65.961983, 2.753762], [-65.974316, 2.759689000000151], [-65.98685199999989, 2.759501], [-66.008974, 2.766895], [-66.017755, 2.747257], [-66.034147, 2.726289000000122], [-66.045885, 2.721144], [-66.057649, 2.705369], [-66.063521, 2.701369], [-66.072879, 2.700138000000152], [-66.082975, 2.703549000000123], [-66.0999379999999, 2.70396600000015], [-66.10530799999987, 2.701721], [-66.10831, 2.697965000000124], [-66.1143019999999, 2.669882], [-66.108333, 2.661652000000117], [-66.090915, 2.655746], [-66.089798, 2.653455], [-66.090177, 2.651668], [-66.10337, 2.650367000000188], [-66.10793499999988, 2.645109], [-66.108444, 2.640845000000184], [-66.10422499999987, 2.631459000000177], [-66.103516, 2.614273], [-66.09451199999984, 2.597256000000129], [-66.09713999999985, 2.593624], [-66.101258, 2.592944], [-66.110401, 2.603501000000108], [-66.115144, 2.60225800000012], [-66.117537, 2.592103], [-66.1248379999999, 2.59023800000017], [-66.130934, 2.597089000000153], [-66.135824, 2.613689], [-66.142862, 2.617719], [-66.152028, 2.618744000000106], [-66.159024, 2.613868], [-66.16003399999988, 2.608727000000158], [-66.160108, 2.603302000000156], [-66.15462699999989, 2.599965000000111], [-66.155008, 2.597018000000162], [-66.169437, 2.587454], [-66.18602, 2.590534000000105], [-66.19851699999987, 2.579899000000182], [-66.204755, 2.579536000000189], [-66.20585099999988, 2.591581], [-66.20928, 2.592310000000168], [-66.215408, 2.585048], [-66.224898, 2.580678000000148], [-66.243642, 2.565665], [-66.25349499999987, 2.566565], [-66.26123599999988, 2.563006], [-66.271465, 2.563154], [-66.276879, 2.568874000000108], [-66.305646, 2.56294400000013], [-66.361032, 2.533828000000142], [-66.371136, 2.534476], [-66.38002199999988, 2.527888000000189], [-66.386177, 2.512796], [-66.38363, 2.507709000000148], [-66.393006, 2.496813000000145], [-66.38714499999986, 2.495797], [-66.385533, 2.490587000000119], [-66.393701, 2.486523000000147], [-66.380953, 2.466549], [-66.373906, 2.465783], [-66.365063, 2.458677], [-66.359319, 2.461645000000146], [-66.35670199999987, 2.460260000000119], [-66.359481, 2.442324], [-66.35613, 2.433284000000128], [-66.361833, 2.418804], [-66.357972, 2.415660000000116], [-66.339059, 2.423182], [-66.34070199999985, 2.411517000000174], [-66.349639, 2.402061], [-66.351526, 2.393596000000116], [-66.36307399999987, 2.387971000000107], [-66.378529, 2.39512], [-66.3887299999999, 2.409945000000107], [-66.391849, 2.40995], [-66.413718, 2.388378], [-66.405812, 2.379769], [-66.417104, 2.351675], [-66.42970799999989, 2.348812000000123], [-66.43376, 2.350199000000146], [-66.435562, 2.353841], [-66.43074899999988, 2.359479], [-66.4333, 2.363310000000126], [-66.43935, 2.362945000000138], [-66.454521, 2.354910000000189], [-66.462552, 2.363268], [-66.470221, 2.364788], [-66.46723899999989, 2.357944], [-66.475665, 2.354947], [-66.48235299999988, 2.346458], [-66.484301, 2.338368], [-66.47652499999987, 2.326528], [-66.477207, 2.291960000000131], [-66.4713579999999, 2.284045], [-66.462759, 2.279388], [-66.471445, 2.255288], [-66.459422, 2.262908000000152], [-66.443843, 2.255604000000119], [-66.430024, 2.240649000000133], [-66.417427, 2.240502], [-66.407609, 2.219281], [-66.402496, 2.18207], [-66.399445, 2.179148000000112], [-66.39684299999988, 2.168730000000153], [-66.40179, 2.15638], [-66.398746, 2.14931700000011], [-66.403834, 2.11828], [-66.418812, 2.094223000000113], [-66.417546, 2.072316000000114], [-66.426322, 2.042136], [-66.428311, 2.02557000000013], [-66.433615, 2.008342], [-66.4488649999999, 1.985150000000147], [-66.46543999999989, 1.969247], [-66.55097, 1.911597000000143], [-66.56290499999989, 1.891056], [-66.578817, 1.873827000000176], [-66.59167599999984, 1.838144], [-66.608375, 1.825962], [-66.617691, 1.826193000000103], [-66.62353499999983, 1.830125], [-66.6479169999999, 1.858579000000134], [-66.673329, 1.871548], [-66.68067699999983, 1.883983000000114], [-66.7389189999999, 1.91196600000012], [-66.7454039999999, 1.922874], [-66.746901, 1.93661], [-66.760095, 1.953632], [-66.75928099999987, 1.951675], [-66.765348, 1.951792000000182], [-66.785076, 1.939841], [-66.842392, 1.943337000000156], [-66.846727, 1.942034000000149], [-66.854973, 1.932888000000162], [-66.867549, 1.926800000000185], [-66.89267499999988, 1.93577], [-66.906742, 1.951268], [-66.914695, 1.992472], [-66.921779, 1.989042], [-66.946905, 1.998012000000131], [-66.98196999999988, 2.031742000000122], [-66.98261, 2.039374000000123], [-66.98671899999988, 2.046574], [-66.99343099999987, 2.05116100000015], [-67.00623, 2.040712000000156], [-67.035495, 2.033989], [-67.04340999999988, 2.027805000000171], [-67.088944, 2.018816000000186], [-67.104663, 2.005072], [-67.1182935459999, 2.000734033000185], [-67.12098249999991, 1.996140389000061], [-67.12299578599988, 1.976885881000157], [-67.11386694799995, 1.974938360000067], [-67.1035677509999, 1.958302355000171], [-67.09127861999997, 1.95097006200001], [-67.08419844699984, 1.940466024000102], [-67.07379062399997, 1.936509060999981], [-67.0653206689999, 1.920566453], [-67.04686716199996, 1.859708683000065], [-67.0353936009999, 1.845482650000122], [-67.03765217199998, 1.808987946000116], [-67.03242571099997, 1.784693742000172], [-67.02130508899995, 1.771593838], [-67.01448251299996, 1.758792663000179], [-67.01296183499989, 1.74089938200018], [-67.00272482299994, 1.727444622000178], [-66.98959407799993, 1.690636429000108], [-66.97055692899988, 1.680505978000099], [-66.96243308099997, 1.668587476000027], [-66.96437566499992, 1.64461905800016], [-66.95866696599995, 1.622835825000038], [-66.9628733809999, 1.590551699000116], [-66.95854809499997, 1.584480296000038], [-66.94529657599998, 1.578668456000173], [-66.93372893399999, 1.559439134000058], [-66.93087458299988, 1.549674234000179], [-66.92216130299994, 1.535252243000116], [-66.91870603499996, 1.514971307000053], [-66.90969679099999, 1.49067697400011], [-66.889578, 1.487123], [-66.89100699999989, 1.492986], [-66.868005, 1.497629000000131], [-66.85858, 1.493445000000179], [-66.860513, 1.488085], [-66.85577399999988, 1.487214000000108], [-66.856252, 1.489346000000126], [-66.847671, 1.485764], [-66.847873, 1.482939000000101], [-66.840719, 1.476825000000133], [-66.8370369999999, 1.482965], [-66.8267, 1.479247000000157], [-66.821379, 1.481358], [-66.819066, 1.478938000000142], [-66.81666, 1.4827], [-66.81329199999988, 1.482218000000103], [-66.814059, 1.486971], [-66.808315, 1.493279000000143], [-66.80800699999986, 1.505775], [-66.80521, 1.513118], [-66.793649, 1.517430000000161], [-66.784235, 1.527243000000112], [-66.551882, 1.472909000000129], [-66.53638099999989, 1.461959], [-66.5227, 1.460121], [-66.519907, 1.455769], [-66.52577, 1.450619], [-66.525616, 1.443626000000165], [-66.519928, 1.441469], [-66.514862, 1.435523000000103], [-66.51141599999983, 1.436926], [-66.509868, 1.433797000000141], [-66.506277, 1.433558], [-66.505959, 1.437153], [-66.50018199999988, 1.436754], [-66.500565, 1.441756000000169], [-66.497834, 1.440268000000174], [-66.494228, 1.445851], [-66.49002499999989, 1.440961000000129], [-66.490956, 1.445260000000189], [-66.487829, 1.447366], [-66.482376, 1.439623], [-66.479124, 1.443214000000182], [-66.470071, 1.440232], [-66.46715499999988, 1.436868], [-66.46386499999988, 1.438923], [-66.46622799999983, 1.429912], [-66.47169699999989, 1.427731], [-66.469752, 1.422962], [-66.46304, 1.421], [-66.46202099999988, 1.42365500000011], [-66.45804, 1.423260000000141], [-66.4574879999999, 1.426697000000104], [-66.45156, 1.422704000000124], [-66.45578599999988, 1.411336000000119], [-66.449824, 1.382848], [-66.44333099999989, 1.376799000000176], [-66.446737, 1.358385000000169], [-66.441926, 1.338921000000141], [-66.444515, 1.330562], [-66.431143, 1.322004], [-66.434585, 1.316573], [-66.433308, 1.307752000000107], [-66.45469999999989, 1.30682], [-66.45918, 1.287367000000131], [-66.457007, 1.278612000000123], [-66.462089, 1.273852], [-66.46552, 1.276591], [-66.46459, 1.272058000000129], [-66.467329, 1.267763], [-66.470294, 1.26933], [-66.47056399999985, 1.266007], [-66.4749819999999, 1.266835000000185], [-66.477172, 1.26426], [-66.47326899999985, 1.263629000000151], [-66.468912, 1.253465], [-66.47332099999988, 1.2484520000001], [-66.478436, 1.248094000000151], [-66.478407, 1.240091000000177], [-66.480864, 1.241923], [-66.481844, 1.238721000000169], [-66.485514, 1.23875500000014], [-66.486612, 1.234772], [-66.49309199999988, 1.235388], [-66.503952, 1.22975300000013], [-66.526189, 1.201133], [-66.518615, 1.167089000000146], [-66.521108, 1.161320000000103], [-66.517254, 1.155097000000183], [-66.5141339999999, 1.136996000000124], [-66.511161, 1.134905000000117], [-66.51387099999982, 1.12081000000012], [-66.51084999999989, 1.108303], [-66.512217, 1.104557], [-66.506953, 1.097015], [-66.504422, 1.078995000000134], [-66.51084999999989, 1.072921], [-66.512318, 1.058242], [-66.51737999999989, 1.051409], [-66.520265, 1.040121000000113], [-66.56883112099996, 0.958845740000129], [-66.3210897919999, 0.73416714800004], [-66.21319111199995, 0.76544969400004], [-66.15347250599984, 0.736571254000012], [-66.13121453899993, 0.735207239000033], [-66.12212913499997, 0.73681827200005], [-66.07963329799998, 0.772865860000138], [-66.06599571399994, 0.787788111000168], [-66.05395919199992, 0.785269067000058], [-65.98854233699996, 0.787819139000021], [-65.95991609299995, 0.796778296000127], [-65.94104328499998, 0.821568697999965], [-65.92761370799991, 0.854849246000072], [-65.92124843499994, 0.860358334000125], [-65.90602577699985, 0.865182418000074], [-65.89579733199997, 0.871380526999985], [-65.88988107699993, 0.883316716000024], [-65.88212575299997, 0.9191213040001], [-65.80827953799997, 0.934740592000139], [-65.76350658899992, 0.952646906000041], [-65.74872594899989, 0.966190134000101], [-65.74576283299996, 0.975371289000122], [-65.74007758699986, 0.981109386000128], [-65.72348386599992, 0.988913515999968], [-65.71371542999992, 0.988225508000085], [-65.69418457299997, 0.981798418000153], [-65.67328466599997, 0.980421408000041], [-65.65350679499994, 0.99028958100007], [-65.64056122899996, 0.986386528000139], [-65.62716963599985, 0.976057356000126], [-65.62034834699989, 0.980876447000128], [-65.61192597999997, 0.993958667000072], [-65.60397662699995, 0.991662632000043], [-65.59081105599995, 0.982709486000033], [-65.55583851199992, 0.971227321000072], [-65.51143951599994, 0.872988736000138], [-65.50511322899996, 0.847972323000135], [-65.50696729299989, 0.820433876000038], [-65.55178923699998, 0.761924905], [-65.57999146299994, 0.73186941], [-65.59115894199988, 0.700892907000025], [-65.58845780799993, 0.680929591999984], [-65.56261166299998, 0.645819029000108], [-65.55580736099989, 0.638934924000068], [-65.54582192399988, 0.634573855000099], [-65.52058982599993, 0.652236150000022], [-65.50287505199998, 0.653149168000027], [-65.4467605879999, 0.667818425000064], [-65.43197894899998, 0.681581656000105], [-65.42150149699995, 0.70268800100007], [-65.41579226099998, 0.724714357000153], [-65.40121961999995, 0.750180786000044], [-65.40618585099998, 0.771064115000172], [-65.40635587199989, 0.810076751000111], [-65.39337730999995, 0.831414106000125], [-65.36676915999993, 0.852746467000088], [-65.3578937659999, 0.863299644000108], [-65.32442532299996, 0.912168462000182], [-65.29896920899995, 0.920648620000179], [-65.26989192499997, 0.919715614000097], [-65.23948058199994, 0.901567331000138], [-65.22470493599997, 0.907755441000177], [-65.19836176899992, 0.902231360000087], [-65.18357312899997, 0.915533593000021], [-65.17331168299984, 0.937789972000019], [-65.16574437299988, 0.977950637], [-65.16080521199996, 1.073891238000044], [-65.13846724399991, 1.113587922000079], [-65.10230566299998, 1.131467236000105], [-65.06689508599993, 1.111239917000091], [-65.06170085599996, 1.094248642000082], [-65.04354604299988, 1.082298446000038], [-65.01444776899996, 1.089619587000186], [-65.01549883599989, 1.133694329999969], [-64.99933313999992, 1.150208614000178], [-64.98773862699994, 1.152723665000167], [-64.97590011199998, 1.163960868000117], [-64.9642866019999, 1.176117078000175], [-64.95994542299997, 1.187821278000115], [-64.92104770899988, 1.207068633], [-64.91103027599996, 1.215323779000073], [-64.89103139499991, 1.215762803000132], [-64.8774067889999, 1.210698727000022], [-64.86670832399994, 1.218951875000016], [-64.83977615999993, 1.27287381400015], [-64.82998773899988, 1.28043994300009], [-64.82111734299991, 1.283415005000052], [-64.79952538599997, 1.283851027000082], [-64.78522274899996, 1.276946914000177], [-64.7871338089999, 1.234937193000178], [-64.77785039399998, 1.219544944000177], [-64.75515237499997, 1.207122745000049], [-64.73833563599999, 1.207102748000125], [-64.72149289899994, 1.218101950000175], [-64.71304553399995, 1.235309251000047], [-64.70616924299998, 1.260783695000157], [-64.64156939299988, 1.284350147000168], [-64.61560325699998, 1.307503555000096], [-64.58419588399994, 1.324909881], [-64.57644054499997, 1.336149085000045], [-64.5574387339999, 1.391226050000114], [-64.53854990699989, 1.400383223000119], [-64.53193461899991, 1.409787391000179], [-64.52689941299997, 1.423327639000149], [-64.51345281599998, 1.437313891999963], [-64.50389040199997, 1.442809997000097], [-64.46113150799988, 1.451931182000067], [-64.4272030169999, 1.473692588000119], [-64.40281694899994, 1.496845023000049], [-64.38732927399997, 1.507612221999977], [-64.37504972799991, 1.508970251000164], [-64.35937102499986, 1.506189221000113], [-64.34688346199994, 1.500428130000103], [-64.34100619999992, 1.488248911000028], [-64.35725889299988, 1.447174180000104], [-64.36868438399995, 1.425379787000111], [-64.39145738599984, 1.409574500000019], [-64.39832267299988, 1.392365194999968], [-64.39427247699996, 1.376974924000137], [-64.35477271199989, 1.358543636000149], [-64.34684934999996, 1.347050436000075], [-64.34026905499996, 1.342906366000022], [-64.32957958199995, 1.345184418000031], [-64.32249728099998, 1.358259653000175], [-64.31991617899985, 1.387414155000158], [-64.31234486699998, 1.412887616999967], [-64.30296346499995, 1.434914007000089], [-64.28426864199997, 1.454628364000143], [-64.27583727999996, 1.461501491000092], [-64.22302393799998, 1.487354994000043], [-64.1956947359999, 1.50452631200011], [-64.18566029699991, 1.515070508000179], [-64.18151912699994, 1.531824817000086], [-64.17580787599996, 1.541228988000057], [-64.09933049999995, 1.570475571999964], [-64.07191730999989, 1.61336335500016], [-64.06011383099991, 1.68039557000003], [-64.06143697199997, 1.767438138999978], [-64.05593773399988, 1.780977379000035], [-64.05176057899996, 1.808069879000129], [-64.05647180799997, 1.828980254000157], [-64.05685484699995, 1.8521776770001], [-64.04628841199997, 1.885919292999972], [-64.04481937199995, 1.919679917000053], [-64.01880824199998, 1.945581407000134], [-63.99395314599997, 1.965512806], [-64.001105, 1.989664], [-64.062463, 2.010505000000137], [-64.244663, 2.000269000000173], [-64.38403899999986, 1.987190000000169], [-64.43495, 1.990029], [-64.515413, 1.968677000000127], [-64.57969999999983, 1.98503200000016], [-64.716372, 2.004279000000167], [-64.76199999999989, 1.985514], [-64.821135, 1.926314000000104], [-64.89373099999983, 1.84285100000011], [-65.06853799999988, 1.688001], [-65.099637, 1.668528], [-65.13083499999982, 1.598258000000101], [-65.193052, 1.547577], [-65.247475, 1.512505], [-65.34849799999984, 1.477504000000181], [-65.449404, 1.520665000000122], [-65.5114779999999, 1.563766000000101], [-65.561859, 1.634215000000154], [-65.538483, 1.673266], [-65.4800719999999, 1.751338], [-65.46057499999984, 1.790389000000118], [-65.448862, 1.821636000000183], [-65.468152, 1.888124], [-65.464163, 1.93893], [-65.456294, 1.985818000000165], [-65.444555, 2.02488000000011], [-65.405539, 2.099056000000132], [-65.389881, 2.149829000000182], [-65.370334, 2.200591], [-65.374017, 2.282677], [-65.35837, 2.39288], [-65.36927999999983, 2.400924000000145], [-65.382931, 2.402536000000111], [-65.411124, 2.417476], [-65.420438, 2.426667000000123], [-65.435416, 2.45263000000017], [-65.459523, 2.462743], [-65.464513, 2.472852000000159], [-65.467478, 2.489782000000105]]]}}, {"type": "Feature", "properties": {"parroquia": "Casiquiare", "municipio": "Autónomo Rio Negro", "estado": "Amazonas", "pcode": "VE020702", "estado_pcode": "VE02", "municipio_pcode": "VE0207", "center_lat": 2.3543115, "center_lon": -66.55169743, "area_sqkm": 2772.3694121}, "geometry": {"type": "Polygon", "coordinates": [[[-66.914695, 1.992472], [-66.906742, 1.951268], [-66.89267499999988, 1.93577], [-66.867549, 1.926800000000185], [-66.854973, 1.932888000000162], [-66.846727, 1.942034000000149], [-66.842392, 1.943337000000156], [-66.785076, 1.939841], [-66.765348, 1.951792000000182], [-66.75928099999987, 1.951675], [-66.760095, 1.953632], [-66.746901, 1.93661], [-66.7454039999999, 1.922874], [-66.7389189999999, 1.91196600000012], [-66.68067699999983, 1.883983000000114], [-66.673329, 1.871548], [-66.6479169999999, 1.858579000000134], [-66.62353499999983, 1.830125], [-66.617691, 1.826193000000103], [-66.608375, 1.825962], [-66.59167599999984, 1.838144], [-66.578817, 1.873827000000176], [-66.56290499999989, 1.891056], [-66.55097, 1.911597000000143], [-66.46543999999989, 1.969247], [-66.4488649999999, 1.985150000000147], [-66.433615, 2.008342], [-66.428311, 2.02557000000013], [-66.426322, 2.042136], [-66.417546, 2.072316000000114], [-66.418812, 2.094223000000113], [-66.403834, 2.11828], [-66.398746, 2.14931700000011], [-66.40179, 2.15638], [-66.39684299999988, 2.168730000000153], [-66.399445, 2.179148000000112], [-66.402496, 2.18207], [-66.407609, 2.219281], [-66.417427, 2.240502], [-66.430024, 2.240649000000133], [-66.443843, 2.255604000000119], [-66.459422, 2.262908000000152], [-66.471445, 2.255288], [-66.462759, 2.279388], [-66.4713579999999, 2.284045], [-66.477207, 2.291960000000131], [-66.47652499999987, 2.326528], [-66.484301, 2.338368], [-66.48235299999988, 2.346458], [-66.475665, 2.354947], [-66.46723899999989, 2.357944], [-66.470221, 2.364788], [-66.462552, 2.363268], [-66.454521, 2.354910000000189], [-66.43935, 2.362945000000138], [-66.4333, 2.363310000000126], [-66.43074899999988, 2.359479], [-66.435562, 2.353841], [-66.43376, 2.350199000000146], [-66.42970799999989, 2.348812000000123], [-66.417104, 2.351675], [-66.405812, 2.379769], [-66.413718, 2.388378], [-66.391849, 2.40995], [-66.3887299999999, 2.409945000000107], [-66.378529, 2.39512], [-66.36307399999987, 2.387971000000107], [-66.351526, 2.393596000000116], [-66.349639, 2.402061], [-66.34070199999985, 2.411517000000174], [-66.339059, 2.423182], [-66.357972, 2.415660000000116], [-66.361833, 2.418804], [-66.35613, 2.433284000000128], [-66.359481, 2.442324], [-66.35670199999987, 2.460260000000119], [-66.359319, 2.461645000000146], [-66.365063, 2.458677], [-66.373906, 2.465783], [-66.380953, 2.466549], [-66.393701, 2.486523000000147], [-66.385533, 2.490587000000119], [-66.38714499999986, 2.495797], [-66.393006, 2.496813000000145], [-66.38363, 2.507709000000148], [-66.386177, 2.512796], [-66.38002199999988, 2.527888000000189], [-66.371136, 2.534476], [-66.361032, 2.533828000000142], [-66.305646, 2.56294400000013], [-66.276879, 2.568874000000108], [-66.271465, 2.563154], [-66.26123599999988, 2.563006], [-66.25349499999987, 2.566565], [-66.243642, 2.565665], [-66.224898, 2.580678000000148], [-66.215408, 2.585048], [-66.20928, 2.592310000000168], [-66.20585099999988, 2.591581], [-66.204755, 2.579536000000189], [-66.19851699999987, 2.579899000000182], [-66.18602, 2.590534000000105], [-66.169437, 2.587454], [-66.155008, 2.597018000000162], [-66.15462699999989, 2.599965000000111], [-66.160108, 2.603302000000156], [-66.16003399999988, 2.608727000000158], [-66.159024, 2.613868], [-66.152028, 2.618744000000106], [-66.142862, 2.617719], [-66.135824, 2.613689], [-66.130934, 2.597089000000153], [-66.1248379999999, 2.59023800000017], [-66.117537, 2.592103], [-66.115144, 2.60225800000012], [-66.110401, 2.603501000000108], [-66.101258, 2.592944], [-66.09713999999985, 2.593624], [-66.09451199999984, 2.597256000000129], [-66.103516, 2.614273], [-66.10422499999987, 2.631459000000177], [-66.108444, 2.640845000000184], [-66.10793499999988, 2.645109], [-66.10337, 2.650367000000188], [-66.090177, 2.651668], [-66.089798, 2.653455], [-66.090915, 2.655746], [-66.108333, 2.661652000000117], [-66.1143019999999, 2.669882], [-66.10831, 2.697965000000124], [-66.10530799999987, 2.701721], [-66.0999379999999, 2.70396600000015], [-66.082975, 2.703549000000123], [-66.072879, 2.700138000000152], [-66.063521, 2.701369], [-66.057649, 2.705369], [-66.045885, 2.721144], [-66.034147, 2.726289000000122], [-66.017755, 2.747257], [-66.008974, 2.766895], [-65.98685199999989, 2.759501], [-65.974316, 2.759689000000151], [-65.961983, 2.753762], [-65.957817, 2.74886000000015], [-65.948701, 2.753038000000174], [-65.943721, 2.749263], [-65.942805, 2.741673], [-65.937197, 2.739714000000163], [-65.910724, 2.751968], [-65.907784, 2.755597], [-65.908201, 2.762997], [-65.90456399999988, 2.770513000000108], [-65.897999, 2.776985], [-65.88589799999988, 2.778145], [-65.86943999999983, 2.775875], [-65.861364, 2.785265000000152], [-65.85384, 2.783792000000119], [-65.816815, 2.806972000000144], [-65.815278, 2.810729], [-65.823097, 2.816290000000151], [-65.820569, 2.820562000000109], [-65.823605, 2.819525000000112], [-65.82670899999988, 2.823254000000134], [-65.83271699999989, 2.824628000000132], [-65.836777, 2.823465000000169], [-65.836534, 2.819449], [-65.840802, 2.82170200000013], [-65.841865, 2.818938], [-65.845322, 2.822161000000108], [-65.853514, 2.815917], [-65.856343, 2.824576], [-65.87207599999988, 2.830937], [-65.879882, 2.830541000000153], [-65.88194, 2.833035000000109], [-65.880983, 2.836703000000171], [-65.885883, 2.837206], [-65.893431, 2.83277], [-65.897322, 2.837160000000154], [-65.903662, 2.832953], [-65.909286, 2.834487000000138], [-65.910744, 2.846919], [-65.92095, 2.863648000000126], [-65.922782, 2.878059000000178], [-65.926809, 2.883186], [-65.935936, 2.878636000000142], [-65.939827, 2.883026], [-65.94616699999989, 2.878819], [-65.952841, 2.881177], [-65.957761, 2.873011000000133], [-65.964378, 2.870426000000123], [-65.977841, 2.873284000000183], [-65.98994199999987, 2.872124], [-65.996507, 2.865652000000182], [-66.00014399999986, 2.858136], [-65.9997269999999, 2.850736], [-66.002667, 2.847107], [-66.02914, 2.834853], [-66.034748, 2.836812000000123], [-66.03566399999988, 2.844402], [-66.040644, 2.848177], [-66.04976, 2.843999], [-66.053926, 2.848901000000126], [-66.066259, 2.854828], [-66.078795, 2.854640000000131], [-66.100917, 2.862034000000165], [-66.109698, 2.842396000000122], [-66.12608999999986, 2.821428], [-66.13782799999984, 2.816283000000112], [-66.149592, 2.80050800000015], [-66.159708, 2.795264], [-66.174918, 2.798688], [-66.191881, 2.799105], [-66.200253, 2.793104], [-66.206245, 2.765021000000104], [-66.200276, 2.756791], [-66.1828579999999, 2.750885], [-66.181741, 2.748594], [-66.18212, 2.746807000000103], [-66.19531299999989, 2.745506], [-66.199878, 2.740248], [-66.200387, 2.735984], [-66.196168, 2.726598], [-66.195459, 2.7094120000001], [-66.186455, 2.692395], [-66.189083, 2.688763000000108], [-66.193201, 2.68808300000012], [-66.202344, 2.698640000000182], [-66.20708699999983, 2.697397], [-66.20948, 2.687242], [-66.216781, 2.685377], [-66.222877, 2.692228], [-66.227767, 2.708828], [-66.234805, 2.712858], [-66.246031, 2.713260000000162], [-66.250967, 2.709007000000156], [-66.251977, 2.703866], [-66.252051, 2.698441], [-66.24657, 2.695104000000185], [-66.24695099999985, 2.692157], [-66.26138, 2.682593000000111], [-66.277963, 2.685673], [-66.29046, 2.675038], [-66.296698, 2.674675], [-66.297794, 2.68672000000015], [-66.30122299999988, 2.687449], [-66.307351, 2.68018700000016], [-66.3168409999999, 2.675817], [-66.33558499999987, 2.660804], [-66.345438, 2.661704000000157], [-66.353179, 2.658145], [-66.36340799999988, 2.658293000000185], [-66.368822, 2.664013], [-66.397589, 2.658083], [-66.452975, 2.628967], [-66.463079, 2.629615], [-66.472262, 2.622827], [-66.493847, 2.621554], [-66.505839, 2.613454000000104], [-66.52038099999987, 2.609342], [-66.520397, 2.601124], [-66.51411, 2.594736000000182], [-66.518856, 2.591672000000131], [-66.521223, 2.593684000000167], [-66.52758699999987, 2.592818], [-66.52804199999986, 2.583126], [-66.535311, 2.565826000000186], [-66.532764, 2.560739000000126], [-66.54214, 2.549843], [-66.536279, 2.548827000000188], [-66.5346669999999, 2.543617], [-66.542835, 2.539553], [-66.530087, 2.519579000000135], [-66.52304, 2.518813], [-66.514197, 2.511707], [-66.508453, 2.514675000000125], [-66.505836, 2.51329], [-66.508615, 2.495354], [-66.5052639999999, 2.486314], [-66.51096699999988, 2.471834000000115], [-66.507106, 2.46869], [-66.488193, 2.476212], [-66.489836, 2.464547], [-66.498773, 2.455091], [-66.50066, 2.446626], [-66.512208, 2.441001], [-66.52766299999985, 2.44815], [-66.537864, 2.462975], [-66.540983, 2.46298000000013], [-66.562852, 2.441408000000138], [-66.55494599999986, 2.432799000000159], [-66.56623799999988, 2.404705], [-66.578842, 2.401842000000102], [-66.5828939999999, 2.403229], [-66.584696, 2.406871], [-66.579883, 2.412509000000171], [-66.582434, 2.41634], [-66.588484, 2.415975], [-66.603655, 2.407940000000167], [-66.61529999999988, 2.418501000000163], [-66.619355, 2.417818000000125], [-66.619733, 2.415623], [-66.61637299999984, 2.410974000000181], [-66.62479899999988, 2.407977000000187], [-66.632802, 2.396918], [-66.633435, 2.391398000000152], [-66.625659, 2.379558000000145], [-66.626341, 2.344990000000109], [-66.620492, 2.337075000000141], [-66.611893, 2.332418000000132], [-66.620579, 2.308318], [-66.62441, 2.248683], [-66.620355, 2.249586], [-66.604776, 2.242282000000102], [-66.590957, 2.227327000000116], [-66.57836, 2.22718], [-66.568542, 2.205959000000121], [-66.563429, 2.168748], [-66.560378, 2.165826], [-66.55777599999988, 2.155408000000136], [-66.562723, 2.143058], [-66.559679, 2.135995], [-66.564767, 2.104958000000124], [-66.579745, 2.080901], [-66.578479, 2.058994], [-66.582836, 2.043525], [-66.5850559999999, 2.007782], [-66.590278, 1.992642000000103], [-66.606977, 1.98046], [-66.616293, 1.980691000000149], [-66.6221369999999, 1.984623], [-66.629485, 1.997058], [-66.68772699999988, 2.025041000000101], [-66.69421199999982, 2.035949], [-66.695709, 2.049685], [-66.708903, 2.066707000000179], [-66.746409, 2.068424000000107], [-66.766137, 2.056473], [-66.823453, 2.059969], [-66.82778799999988, 2.058666], [-66.836034, 2.04952], [-66.8486099999999, 2.043432000000109], [-66.8737359999999, 2.052402000000143], [-66.895937, 2.052201], [-66.919528, 2.03501000000017], [-66.914695, 1.992472]]]}}, {"type": "Feature", "properties": {"parroquia": "Cocuy", "municipio": "Autónomo Rio Negro", "estado": "Amazonas", "pcode": "VE020703", "estado_pcode": "VE02", "municipio_pcode": "VE0207", "center_lat": 1.24299337, "center_lon": -66.6668095, "area_sqkm": 1982.55446695}, "geometry": {"type": "Polygon", "coordinates": [[[-66.56883112099996, 0.958845740000129], [-66.520265, 1.040121000000113], [-66.51737999999989, 1.051409], [-66.512318, 1.058242], [-66.51084999999989, 1.072921], [-66.504422, 1.078995000000134], [-66.506953, 1.097015], [-66.512217, 1.104557], [-66.51084999999989, 1.108303], [-66.51387099999982, 1.12081000000012], [-66.511161, 1.134905000000117], [-66.5141339999999, 1.136996000000124], [-66.517254, 1.155097000000183], [-66.521108, 1.161320000000103], [-66.518615, 1.167089000000146], [-66.526189, 1.201133], [-66.503952, 1.22975300000013], [-66.49309199999988, 1.235388], [-66.486612, 1.234772], [-66.485514, 1.23875500000014], [-66.481844, 1.238721000000169], [-66.480864, 1.241923], [-66.478407, 1.240091000000177], [-66.478436, 1.248094000000151], [-66.47332099999988, 1.2484520000001], [-66.468912, 1.253465], [-66.47326899999985, 1.263629000000151], [-66.477172, 1.26426], [-66.4749819999999, 1.266835000000185], [-66.47056399999985, 1.266007], [-66.470294, 1.26933], [-66.467329, 1.267763], [-66.46459, 1.272058000000129], [-66.46552, 1.276591], [-66.462089, 1.273852], [-66.457007, 1.278612000000123], [-66.45918, 1.287367000000131], [-66.45469999999989, 1.30682], [-66.433308, 1.307752000000107], [-66.434585, 1.316573], [-66.431143, 1.322004], [-66.444515, 1.330562], [-66.441926, 1.338921000000141], [-66.446737, 1.358385000000169], [-66.44333099999989, 1.376799000000176], [-66.449824, 1.382848], [-66.45578599999988, 1.411336000000119], [-66.45156, 1.422704000000124], [-66.4574879999999, 1.426697000000104], [-66.45804, 1.423260000000141], [-66.46202099999988, 1.42365500000011], [-66.46304, 1.421], [-66.469752, 1.422962], [-66.47169699999989, 1.427731], [-66.46622799999983, 1.429912], [-66.46386499999988, 1.438923], [-66.46715499999988, 1.436868], [-66.470071, 1.440232], [-66.479124, 1.443214000000182], [-66.482376, 1.439623], [-66.487829, 1.447366], [-66.490956, 1.445260000000189], [-66.49002499999989, 1.440961000000129], [-66.494228, 1.445851], [-66.497834, 1.440268000000174], [-66.500565, 1.441756000000169], [-66.50018199999988, 1.436754], [-66.505959, 1.437153], [-66.506277, 1.433558], [-66.509868, 1.433797000000141], [-66.51141599999983, 1.436926], [-66.514862, 1.435523000000103], [-66.519928, 1.441469], [-66.525616, 1.443626000000165], [-66.52577, 1.450619], [-66.519907, 1.455769], [-66.5227, 1.460121], [-66.53638099999989, 1.461959], [-66.551882, 1.472909000000129], [-66.784235, 1.527243000000112], [-66.793649, 1.517430000000161], [-66.80521, 1.513118], [-66.80800699999986, 1.505775], [-66.808315, 1.493279000000143], [-66.814059, 1.486971], [-66.81329199999988, 1.482218000000103], [-66.81666, 1.4827], [-66.819066, 1.478938000000142], [-66.821379, 1.481358], [-66.8267, 1.479247000000157], [-66.8370369999999, 1.482965], [-66.840719, 1.476825000000133], [-66.847873, 1.482939000000101], [-66.847671, 1.485764], [-66.856252, 1.489346000000126], [-66.85577399999988, 1.487214000000108], [-66.860513, 1.488085], [-66.85858, 1.493445000000179], [-66.868005, 1.497629000000131], [-66.89100699999989, 1.492986], [-66.889578, 1.487123], [-66.90969679099999, 1.49067697400011], [-66.90818998999993, 1.481920898000055], [-66.91209594999998, 1.427237493000177], [-66.9092415959999, 1.41822374200018], [-66.90157991299986, 1.40905976900018], [-66.87483913399996, 1.398093044000063], [-66.85606050699988, 1.369699738], [-66.85200431899995, 1.356179117000181], [-66.84774271099991, 1.335268315000178], [-66.84845587499996, 1.318648888000041], [-66.85400022399995, 1.312030774000107], [-66.86678004999999, 1.309873152000137], [-66.87325693699995, 1.305077573000062], [-66.88103377399995, 1.290329600000121], [-66.88092012899995, 1.281620691000114], [-66.87592527399994, 1.263489724000181], [-66.85580432799992, 1.243396732000122], [-66.84155956099994, 1.206185344000062], [-66.56883112099996, 0.958845740000129]]]}}, {"type": "Feature", "properties": {"parroquia": "Sierra Parima", "municipio": "Autónomo Alto Orinoco", "estado": "Amazonas", "pcode": "VE020105", "estado_pcode": "VE02", "municipio_pcode": "VE0201", "center_lat": 2.54589132, "center_lon": -64.14688548, "area_sqkm": 5368.84699609}, "geometry": {"type": "Polygon", "coordinates": [[[-63.784414407999975, 1.977949170000102], [-63.75621652499996, 1.976466243000061], [-63.74550205499992, 1.983331387000021], [-63.72609820699989, 2.003037773000017], [-63.71695280199992, 2.016109017000076], [-63.701673135999954, 2.027097242000025], [-63.689394575999984, 2.025689226000054], [-63.65851417599987, 2.009762965000107], [-63.65249393399995, 2.039379515000121], [-63.64655967399989, 2.044877623000104], [-63.628104859999894, 2.052869791000035], [-63.608171, 2.092099543000188], [-63.58243385599991, 2.100302728999964], [-63.557582758999956, 2.114710030000026], [-63.54529021199983, 2.116744077000021], [-63.493682880999984, 2.106958949000045], [-63.46424858099988, 2.12985040600006], [-63.402845817999946, 2.123477362000131], [-63.39028226399995, 2.136535618000039], [-63.387674171999834, 2.163405125000054], [-63.39053633299994, 2.187993587000051], [-63.36951041499992, 2.211825062000173], [-63.3610030559999, 2.234543497000061], [-63.35598089299987, 2.296326677000025], [-63.36815848399988, 2.324619195000082], [-63.37239869699988, 2.345767595000041], [-63.352252820999865, 2.376265204], [-63.34945971999997, 2.391880506000064], [-63.37287077799988, 2.399528622000162], [-63.4052012329999, 2.39594452100016], [-63.43431755099988, 2.399701549000156], [-63.471128214999965, 2.414966798000137], [-63.50073254999995, 2.410221664000119], [-63.53555411499991, 2.409855618], [-63.5587331559999, 2.419336774000044], [-63.579431097999986, 2.422606802000075], [-63.60601030499993, 2.436001028000021], [-63.63170346299995, 2.442959125000129], [-63.659463717999984, 2.444637126000146], [-63.678371557999924, 2.439630004000094], [-63.708722885999975, 2.416729537000037], [-63.824624067999935, 2.399084060000121], [-63.83849368399996, 2.402791110000067], [-63.87643440599993, 2.422635436000121], [-63.915531173999966, 2.437655672000176], [-63.936420132999956, 2.452863927000067], [-63.953009885999904, 2.460482048000017], [-64.00241609099987, 2.455301885000154], [-64.02309802399992, 2.464534038000124], [-64.04530705099995, 2.49536658400018], [-64.03266154199986, 2.536008369000172], [-64.03216253499994, 2.550252648000026], [-64.00152422299988, 2.593384498000091], [-63.984104495999986, 2.631030243000168], [-63.991084844999875, 2.655170694000105], [-63.993285975999925, 2.679072151000184], [-63.98929084599996, 2.718354907999981], [-63.992434008999965, 2.73237817100005], [-63.993273074999934, 2.754897595000102], [-64.00252653099994, 2.780653075000032], [-64.01841026799991, 2.797919391000107], [-64.05043273599995, 2.824409847000084], [-64.06947462599993, 2.852022348999981], [-64.0729928419999, 2.892932133000045], [-64.07931015299982, 2.912017492000075], [-64.08883560199996, 2.924674721000088], [-64.11314571899993, 2.943335042000115], [-64.14434422699992, 3.01991748100005], [-64.16475617999993, 3.048911004000104], [-64.19998879299993, 3.073105422000026], [-64.21951969399987, 3.092904768999972], [-64.22734591899984, 3.11681552500005], [-64.246506, 3.100100000000168], [-64.279747, 3.099094], [-64.368771, 3.090341], [-64.39055, 3.080989], [-64.408682, 3.066907000000185], [-64.436886, 3.052825000000155], [-64.47012699999988, 3.030696], [-64.50639, 2.991467000000171], [-64.52452099999988, 2.97738500000014], [-64.603427, 2.928204000000164], [-64.604589, 2.924478], [-64.60038, 2.921299000000147], [-64.597855, 2.924133000000154], [-64.591349, 2.920839], [-64.584234, 2.926198000000113], [-64.581582, 2.923134], [-64.573256, 2.925312000000133], [-64.568888, 2.92027], [-64.56297099999989, 2.920080000000155], [-64.55762999999985, 2.914496000000156], [-64.558365, 2.911663], [-64.554158, 2.909532000000127], [-64.55508799999984, 2.90700900000013], [-64.552088, 2.904916000000128], [-64.554696, 2.905069], [-64.55430399999989, 2.902974], [-64.550645, 2.90286], [-64.549582, 2.895527], [-64.543347, 2.890642000000184], [-64.545953, 2.889360000000181], [-64.543771, 2.888275], [-64.544584, 2.88501500000018], [-64.542408, 2.887849000000188], [-64.54123, 2.880982], [-64.538039, 2.881644000000165], [-64.539283, 2.880091000000107], [-64.535192, 2.878114], [-64.534833, 2.872062000000142], [-64.530824, 2.872142000000167], [-64.529334, 2.865003000000115], [-64.523841, 2.862097], [-64.52656499999989, 2.861591], [-64.524301, 2.857906000000185], [-64.521579, 2.859304], [-64.520676, 2.854261], [-64.518653, 2.855426], [-64.51308, 2.850657000000126], [-64.514358, 2.846621000000141], [-64.509256, 2.845033000000171], [-64.512445, 2.842703000000142], [-64.510147, 2.842045], [-64.512167, 2.83917200000019], [-64.50952199999983, 2.840687000000116], [-64.504836, 2.830641], [-64.49669199999983, 2.82502], [-64.496179, 2.820403000000113], [-64.494234, 2.821645], [-64.490528, 2.815789000000109], [-64.48916899999989, 2.81835], [-64.485311, 2.815249000000165], [-64.485184, 2.808769], [-64.48149399999988, 2.813544000000149], [-64.47783, 2.810675], [-64.474768, 2.793915], [-64.471928, 2.794731000000183], [-64.473015, 2.792985000000101], [-64.470833, 2.79155], [-64.472739, 2.790618], [-64.46903999999984, 2.789689], [-64.468174, 2.783598], [-64.46291999999988, 2.78395], [-64.461234, 2.775842000000125], [-64.454996, 2.769831000000181], [-64.4491349999999, 2.755323], [-64.434021, 2.747611], [-64.429537, 2.743074000000149], [-64.430621, 2.739038000000164], [-64.424501, 2.73318300000011], [-64.424415, 2.727945], [-64.418447, 2.719878], [-64.411474, 2.716235], [-64.409413, 2.717827], [-64.400346, 2.693737], [-64.397543, 2.693429000000151], [-64.395044, 2.688425], [-64.393889, 2.671198000000174], [-64.381629, 2.657966000000101], [-64.36308599999984, 2.615665], [-64.354112, 2.601992000000109], [-64.25418, 2.54153], [-64.167516, 2.46002], [-64.134206, 2.443139], [-64.103765, 2.423461], [-64.050045, 2.35906], [-64.026766, 2.307181000000128], [-64.01064999999983, 2.264246000000185], [-63.95513999999986, 2.221312000000182], [-63.913953999999876, 2.205212000000131], [-63.853072, 2.169433], [-63.805603, 2.129442], [-63.79766199999989, 2.113817], [-63.78265, 2.113324], [-63.768586, 2.102727000000129], [-63.76771699999989, 2.091241], [-63.762979, 2.080665], [-63.765524, 2.068729000000133], [-63.790413999999885, 2.041914000000133], [-63.79659, 2.032052], [-63.797527, 2.024705], [-63.784414407999975, 1.977949170000102]]]}}, {"type": "Feature", "properties": {"parroquia": "Fernando Giron Tovar", "municipio": "Autónomo Atures", "estado": "Amazonas", "pcode": "VE020301", "estado_pcode": "VE02", "municipio_pcode": "VE0203", "center_lat": 5.64583143, "center_lon": -67.32330647, "area_sqkm": 1867.34276152}, "geometry": {"type": "Polygon", "coordinates": [[[-67.20795363799994, 5.707329557000094], [-67.215839, 5.698516000000154], [-67.241663, 5.692029], [-67.256972, 5.684875], [-67.290808, 5.69537], [-67.302016, 5.703386], [-67.338125, 5.697563000000173], [-67.348412, 5.698918], [-67.351622, 5.709709], [-67.36351899999988, 5.721628], [-67.434142, 5.713195], [-67.43690299999986, 5.731797000000142], [-67.436021, 5.764193], [-67.44380699999982, 5.777959], [-67.452041, 5.782074], [-67.46051299999988, 5.795839000000115], [-67.471257, 5.796043000000111], [-67.501649, 5.788176], [-67.517861, 5.797069000000135], [-67.530364, 5.808329], [-67.538795, 5.822174], [-67.562323, 5.838381], [-67.58202897899997, 5.845089599000062], [-67.59725690599998, 5.827999906000173], [-67.60061352299988, 5.808854644000064], [-67.60881250899996, 5.794906394000066], [-67.61079604399998, 5.776293113000179], [-67.61943782899993, 5.748175672000116], [-67.63094492399989, 5.732865758000116], [-67.63457953499989, 5.687817743000039], [-67.63787842599999, 5.675550224000119], [-67.595453, 5.672362000000135], [-67.599093, 5.650863000000129], [-67.603565, 5.653516], [-67.612608, 5.652734], [-67.626251, 5.659011], [-67.62634, 5.655215000000169], [-67.63798925599991, 5.654046618000109], [-67.63675073599995, 5.644181118000063], [-67.63051282499993, 5.632163167000044], [-67.62697514299998, 5.60469782600012], [-67.61999869199997, 5.588422347000062], [-67.62018233299995, 5.566250803000173], [-67.60029418999994, 5.547602369000174], [-67.59911992099995, 5.540280886], [-67.60156922899984, 5.532903396000108], [-67.58638899999988, 5.520283], [-67.578095, 5.516768000000184], [-67.5760959999999, 5.50394800000015], [-67.567605, 5.493588], [-67.501722, 5.455173000000173], [-67.456748, 5.446632000000136], [-67.403925, 5.447531], [-67.379561, 5.470366000000126], [-67.35827299999988, 5.470409000000132], [-67.33061499999985, 5.45161], [-67.24473399999988, 5.469058], [-67.128186, 5.51325], [-67.078591, 5.539250000000152], [-67.048684, 5.558146], [-67.033757, 5.577019], [-67.018029, 5.59196500000013], [-67.006244, 5.607691000000159], [-67.002577, 5.623895], [-67.00947130699996, 5.646148028000084], [-67.04149676499992, 5.678719057000023], [-67.06037970399984, 5.717118788000164], [-67.09628831199996, 5.734168035000096], [-67.10161058699998, 5.749012324999967], [-67.11192103999997, 5.752877375000025], [-67.13117686499999, 5.748065204000056], [-67.12646961399997, 5.733813925000106], [-67.12909269199986, 5.72347870700014], [-67.13657602999996, 5.726660739000181], [-67.14217924699994, 5.720810605000167], [-67.15304871699993, 5.721095570000045], [-67.16192707999983, 5.714961417999973], [-67.17624470699991, 5.716129399000067], [-67.1778697499999, 5.710289270000146], [-67.19705455699989, 5.70422008800017], [-67.20795363799994, 5.707329557000094]]]}}]}