{"type": "FeatureCollection", "features": [{"type": "Feature", "properties": {"parroquia": "Anaco", "municipio": "Anaco", "estado": "Anzoátegui", "pcode": "VE030101", "estado_pcode": "VE03", "municipio_pcode": "VE0301", "center_lat": 9.469233, "center_lon": -64.43914053, "area_sqkm": 326.1027585}, "geometry": {"type": "Polygon", "coordinates": [[[-64.488142, 9.551174], [-64.500462, 9.556367], [-64.51043999999985, 9.55650500000013], [-64.51769, 9.562546], [-64.537727, 9.563624000000118], [-64.545371, 9.561019], [-64.550329, 9.56395], [-64.555368, 9.562323000000106], [-64.487712, 9.368742], [-64.483263, 9.37134], [-64.483812, 9.375177], [-64.479794, 9.380387], [-64.475757, 9.381111], [-64.47045999999989, 9.393052], [-64.46321199999988, 9.393082], [-64.455769, 9.403497], [-64.450931, 9.39483700000011], [-64.4177729999999, 9.356249000000162], [-64.409763, 9.368794], [-64.406377, 9.381829000000153], [-64.397611, 9.39393], [-64.397028, 9.398472], [-64.389978, 9.403504000000112], [-64.38166899999987, 9.427049000000125], [-64.373395, 9.432517000000132], [-64.356639, 9.432855000000188], [-64.354459, 9.494715], [-64.3515589999999, 9.50474], [-64.34784199999984, 9.506622000000107], [-64.344509, 9.515425], [-64.347826, 9.51644000000016], [-64.355946, 9.53086500000012], [-64.356595, 9.544708000000128], [-64.42032099999989, 9.541819], [-64.426298, 9.54688], [-64.431583, 9.546366], [-64.446538, 9.554361], [-64.473436, 9.557965000000138], [-64.484941, 9.55027100000018], [-64.488142, 9.551174]]]}}, {"type": "Feature", "properties": {"parroquia": "San Joaquín", "municipio": "Anaco", "estado": "Anzoátegui", "pcode": "VE030102", "estado_pcode": "VE03", "municipio_pcode": "VE0301", "center_lat": 9.301551, "center_lon": -64.49221004, "area_sqkm": 500.52184016}, "geometry": {"type": "Polygon", "coordinates": [[[-64.443052, 9.042889000000173], [-64.420121, 9.066516], [-64.394736, 9.086222], [-64.379112, 9.096248000000173], [-64.37391899999989, 9.096283], [-64.371059, 9.10001], [-64.361751, 9.100844000000109], [-64.378182, 9.11693], [-64.38907399999988, 9.119269000000145], [-64.410306, 9.114541], [-64.42180999999988, 9.117376], [-64.428552, 9.123875], [-64.443933, 9.127482], [-64.394509, 9.260358], [-64.3964519999999, 9.265923], [-64.413178, 9.282346000000189], [-64.418375, 9.311102], [-64.4177729999999, 9.356249000000162], [-64.450931, 9.39483700000011], [-64.455769, 9.403497], [-64.46321199999988, 9.393082], [-64.47045999999989, 9.393052], [-64.475757, 9.381111], [-64.479794, 9.380387], [-64.483812, 9.375177], [-64.483263, 9.37134], [-64.487712, 9.368742], [-64.555368, 9.562323000000106], [-64.55971599999987, 9.468663000000163], [-64.56649999999985, 9.322476000000165], [-64.56770199999983, 9.296575000000132], [-64.48507499999988, 9.151488], [-64.443691, 9.042241], [-64.443052, 9.042889000000173]]]}}, {"type": "Feature", "properties": {"parroquia": "Aragua", "municipio": "Aragua", "estado": "Anzoátegui", "pcode": "VE030201", "estado_pcode": "VE03", "municipio_pcode": "VE0302", "center_lat": 9.4434455, "center_lon": -64.81883905, "area_sqkm": 2267.03339847}, "geometry": {"type": "Polygon", "coordinates": [[[-64.87733899999989, 9.737296000000129], [-64.887918, 9.742440000000101], [-64.891138, 9.736046000000101], [-64.899004, 9.731955], [-64.902299, 9.719693], [-64.91576699999985, 9.713566], [-64.927236, 9.714852000000121], [-64.930279, 9.719892000000186], [-64.9482579999999, 9.721014000000139], [-64.957808, 9.733345], [-64.972339, 9.731617], [-64.977551, 9.737569000000121], [-64.9851, 9.73567], [-64.987696, 9.740206], [-65.00107, 9.730971000000125], [-65.003009, 9.734157], [-65.00535, 9.731609000000105], [-65.01269, 9.73263], [-65.012623, 9.730567], [-65.015799, 9.730326], [-65.021269, 9.734826], [-65.03167899999988, 9.656735], [-65.051209, 9.505786], [-65.029389, 9.422092000000134], [-65.033981, 9.422541], [-65.041988, 9.417733], [-65.0472999999999, 9.418383], [-65.05421399999989, 9.409728000000143], [-65.071792, 9.411344], [-65.075648, 9.409296], [-65.079093, 9.41129], [-65.08539899999982, 9.4022480000001], [-65.094593, 9.401400000000137], [-65.101511, 9.40593900000016], [-65.10522999999989, 9.405129000000102], [-65.100599, 9.39860300000015], [-65.08963, 9.391478], [-65.088925, 9.387032], [-65.069422, 9.37895900000018], [-65.06598, 9.373982000000126], [-65.053758, 9.366039000000171], [-65.052763, 9.357119], [-65.029689, 9.338559], [-65.015071, 9.339168000000143], [-65.007894, 9.333551000000114], [-64.9615409999999, 9.254211000000168], [-64.950073, 9.252122], [-64.931273, 9.254415], [-64.917594, 9.26437900000019], [-64.907246, 9.191722], [-64.867131, 9.184462000000167], [-64.850618, 9.227259], [-64.845236, 9.224612], [-64.84779999999989, 9.219360000000165], [-64.84501099999989, 9.209890000000144], [-64.838621, 9.214638], [-64.83144, 9.210752], [-64.828344, 9.20025], [-64.822116, 9.200838], [-64.818787, 9.194013], [-64.812864, 9.19540300000017], [-64.81102, 9.188845], [-64.80635, 9.190755], [-64.80185299999982, 9.182099], [-64.79505, 9.183448000000112], [-64.796368, 9.178823], [-64.79287099999988, 9.174939], [-64.793792, 9.169926], [-64.789842, 9.171902000000102], [-64.787015, 9.167829], [-64.7829569999999, 9.167003000000136], [-64.784847, 9.16118100000017], [-64.78945199999987, 9.160281000000111], [-64.78732199999985, 9.156523], [-64.77954299999988, 9.15310200000016], [-64.773277, 9.146707], [-64.762481, 9.150719000000151], [-64.749662, 9.148977], [-64.740368, 9.143930000000125], [-64.7383109999999, 9.153337], [-64.734791, 9.157583000000159], [-64.72167899999982, 9.163179], [-64.7210649999999, 9.172268], [-64.7271449999999, 9.174371000000122], [-64.728276, 9.181921], [-64.73685299999988, 9.191338], [-64.7340119999999, 9.201299], [-64.736319, 9.203813], [-64.729464, 9.216875], [-64.73074, 9.229916000000117], [-64.756139, 9.243209], [-64.762109, 9.249790000000132], [-64.76083899999986, 9.254758000000152], [-64.767763, 9.258210000000133], [-64.774298, 9.266533], [-64.769066, 9.268325], [-64.76767499999988, 9.277765], [-64.76454399999989, 9.28140900000011], [-64.760448, 9.280746000000136], [-64.755538, 9.292896], [-64.747143, 9.294021], [-64.744404, 9.29671500000012], [-64.743027, 9.301262000000122], [-64.74497, 9.304418000000112], [-64.73988899999989, 9.307353000000148], [-64.736986, 9.313108], [-64.735854, 9.322775], [-64.732416, 9.327171000000135], [-64.731705, 9.336506000000156], [-64.727267, 9.346248000000116], [-64.733266, 9.353985], [-64.7315559999999, 9.357408000000135], [-64.73899, 9.364548], [-64.732442, 9.368009], [-64.736057, 9.375373000000138], [-64.727447, 9.376761], [-64.717304, 9.409672000000114], [-64.713254, 9.41313700000012], [-64.711707, 9.419965], [-64.703724, 9.427447], [-64.691361, 9.43046], [-64.684135, 9.425986], [-64.684296, 9.423664], [-64.677052, 9.427744], [-64.664037, 9.422914000000105], [-64.657069, 9.425408], [-64.650563, 9.42291200000011], [-64.641765, 9.424827000000107], [-64.62722299999984, 9.419717000000105], [-64.625535, 9.425554], [-64.620441, 9.42605], [-64.62028, 9.430511], [-64.614214, 9.429395], [-64.61271, 9.433899], [-64.607269, 9.433474], [-64.6000729999999, 9.450546], [-64.584928, 9.449342], [-64.583425, 9.456168000000162], [-64.578146, 9.458779], [-64.576526, 9.464409000000103], [-64.573261, 9.466035000000147], [-64.56774899999988, 9.463977], [-64.55971599999987, 9.468663000000163], [-64.555368, 9.562323000000106], [-64.574236, 9.5726], [-64.57952, 9.585029000000134], [-64.579313, 9.590432], [-64.589138, 9.597741000000156], [-64.60665299999988, 9.603363], [-64.608763, 9.606656], [-64.614832, 9.606759], [-64.61689499999989, 9.610856000000126], [-64.625166, 9.612458000000117], [-64.63622, 9.620366], [-64.637864, 9.619242], [-64.644309, 9.628268000000162], [-64.66138499999988, 9.631311], [-64.664492, 9.637685], [-64.670821, 9.642641], [-64.668485, 9.649995], [-64.679886, 9.654291000000171], [-64.69781599999988, 9.650872000000106], [-64.705628, 9.658496000000127], [-64.706155, 9.663038], [-64.714253, 9.666964000000178], [-64.720369, 9.68625], [-64.733296, 9.695414], [-64.7335609999999, 9.699345000000108], [-64.73876699999988, 9.703598000000113], [-64.73867299999984, 9.711559000000136], [-64.741858, 9.714003], [-64.745402, 9.716872], [-64.750759, 9.729842000000133], [-64.758562, 9.730839], [-64.771764, 9.722076], [-64.783484, 9.723041], [-64.790765, 9.715233000000183], [-64.808723, 9.711602000000141], [-64.815288, 9.71516800000012], [-64.83073, 9.70915500000018], [-64.838512, 9.71192200000013], [-64.855325, 9.71249100000017], [-64.868792, 9.723434000000168], [-64.871256, 9.731796000000145], [-64.876133, 9.733958000000143], [-64.87733899999989, 9.737296000000129]]]}}, {"type": "Feature", "properties": {"parroquia": "Fernando de Peñalver", "municipio": "Fernando de Peñalver", "estado": "Anzoátegui", "pcode": "VE030301", "estado_pcode": "VE03", "municipio_pcode": "VE0303", "center_lat": 9.96997151, "center_lon": -65.09900256, "area_sqkm": 347.04284966}, "geometry": {"type": "MultiPolygon", "coordinates": [[[[-64.88482823699997, 10.08525472500014], [-64.94921282499996, 10.09826313100018], [-64.99233064099991, 10.077357333000066], [-65.0281602099999, 10.070896966000134], [-65.0451799519999, 10.066015747000108], [-65.04960611899992, 10.061645603000159], [-65.06008759399998, 10.061065527000153], [-65.08402166999997, 10.063304464], [-65.12078436299998, 10.07133248000008], [-65.19129780899993, 10.096626232000176], [-65.186743, 10.093390000000113], [-65.185972, 10.089432], [-65.201138, 10.086206], [-65.204786, 10.083044], [-65.19382699999989, 10.078397], [-65.18603399999989, 10.0716910000001], [-65.18390099999988, 10.065944000000115], [-65.185218, 10.05972], [-65.190548, 10.054462], [-65.21275, 10.04448200000013], [-65.207661, 10.035721], [-65.21256399999987, 10.0284], [-65.205684, 10.023618000000113], [-65.190419, 10.004792000000123], [-65.186568, 10.016549], [-65.11145, 9.963706], [-65.10480699999982, 9.923072000000104], [-65.11068099999983, 9.843493000000137], [-65.08857199999989, 9.900958], [-65.090669, 9.928718000000117], [-65.084386, 9.960762], [-65.055317, 9.998619], [-65.05437199999983, 10.00627800000018], [-65.057224, 10.018453], [-65.05418, 10.050087000000133], [-65.00733, 10.057163000000116], [-64.976187, 10.02132], [-64.971319, 10.012578], [-64.967112, 9.99873], [-64.972743, 9.976952], [-64.95309726199991, 9.96577320300014], [-64.948241, 9.964698000000112], [-64.86262939499989, 9.985603904000016], [-64.866097, 9.98863200000011], [-64.863603, 10.008758], [-64.875296, 10.011805], [-64.877463, 10.032115], [-64.882672, 10.034934], [-64.883978, 10.038443], [-64.884327, 10.052064], [-64.877799, 10.05874400000016], [-64.882481, 10.060701000000108], [-64.882765, 10.064894], [-64.88727, 10.068139], [-64.88827, 10.075209], [-64.88482823699997, 10.08525472500014]]], [[[-64.963668, 10.168597], [-64.97007799999989, 10.168739], [-64.977159, 10.164744], [-64.973193, 10.164781000000119], [-64.96857399999988, 10.160289], [-64.965338, 10.162334000000158], [-64.95159199999989, 10.160647], [-64.940421, 10.162463000000173], [-64.942995, 10.165764], [-64.951767, 10.168505], [-64.963668, 10.168597]]], [[[-64.932424, 10.155684], [-64.94297399999988, 10.152766], [-64.938883, 10.15028500000011], [-64.934015, 10.15174], [-64.92905899999988, 10.143724], [-64.91189499999984, 10.146399], [-64.92272299999985, 10.15144], [-64.927038, 10.156136000000174], [-64.932424, 10.155684]]]]}}, {"type": "Feature", "properties": {"parroquia": "San Miguel", "municipio": "Fernando de Peñalver", "estado": "Anzoátegui", "pcode": "VE030302", "estado_pcode": "VE03", "municipio_pcode": "VE0303", "center_lat": 9.89038, "center_lon": -64.98120331, "area_sqkm": 229.52941569}, "geometry": {"type": "Polygon", "coordinates": [[[-64.95309726199991, 9.96577320300014], [-65.0084399999999, 9.977975000000129], [-65.062816, 9.914294], [-65.055928, 9.877290000000187], [-65.007629, 9.834177000000125], [-65.007443, 9.803444], [-64.94547099999988, 9.803805000000125], [-64.902142, 9.877276000000109], [-64.90594, 9.90347], [-64.948241, 9.964698000000112], [-64.95309726199991, 9.96577320300014]]]}}, {"type": "Feature", "properties": {"parroquia": "Sucre", "municipio": "Fernando de Peñalver", "estado": "Anzoátegui", "pcode": "VE030303", "estado_pcode": "VE03", "municipio_pcode": "VE0303", "center_lat": 10.0638995, "center_lon": -65.26866178, "area_sqkm": 183.76162755}, "geometry": {"type": "Polygon", "coordinates": [[[-65.19129780899993, 10.096626232000176], [-65.24403606899983, 10.107806802000141], [-65.35052177199992, 10.122954097000104], [-65.349055, 10.070884], [-65.350682, 10.067159000000117], [-65.353813, 10.063035000000127], [-65.357683, 10.063128000000177], [-65.37186999999989, 10.054813], [-65.380977, 10.05499], [-65.383969, 10.046119], [-65.403813, 10.029809], [-65.403835, 10.024900000000173], [-65.36940799999985, 10.010713000000123], [-65.36894599999988, 10.01087600000011], [-65.353482, 10.023541000000137], [-65.32679, 10.017285000000129], [-65.31697999999989, 10.025694000000101], [-65.297751, 10.035368000000119], [-65.276889, 10.033028000000115], [-65.268584, 10.038013000000149], [-65.260207, 10.037439], [-65.24345, 10.028641], [-65.221468, 10.003922000000102], [-65.190419, 10.004792000000123], [-65.205684, 10.023618000000113], [-65.21256399999987, 10.0284], [-65.207661, 10.035721], [-65.21275, 10.04448200000013], [-65.190548, 10.054462], [-65.185218, 10.05972], [-65.18390099999988, 10.065944000000115], [-65.18603399999989, 10.0716910000001], [-65.19382699999989, 10.078397], [-65.204786, 10.083044], [-65.201138, 10.086206], [-65.185972, 10.089432], [-65.186743, 10.093390000000113], [-65.19129780899993, 10.096626232000176]]]}}, {"type": "Feature", "properties": {"parroquia": "Capital Francisco del Carmen Carvajal", "municipio": "Francisco del Carmen Carvajal", "estado": "Anzoátegui", "pcode": "VE030401", "estado_pcode": "VE03", "municipio_pcode": "VE0304", "center_lat": 9.86961036, "center_lon": -65.67082176, "area_sqkm": 160.0746474}, "geometry": {"type": "Polygon", "coordinates": [[[-65.63824124899992, 9.950189679000061], [-65.66610003299996, 9.953502382000124], [-65.6696610379999, 9.96040780200002], [-65.690494, 9.955509], [-65.687369, 9.937881000000118], [-65.70118899999989, 9.933975], [-65.71642933499993, 9.922868338000171], [-65.71306091099996, 9.914619087000176], [-65.71767710299997, 9.912781017000157], [-65.7182160729999, 9.903859782000154], [-65.72229924499987, 9.900605669000129], [-65.72347622899991, 9.88999538400003], [-65.72100808899995, 9.883640223000043], [-65.72194708299998, 9.875031990000025], [-65.7167007939999, 9.864188734000095], [-65.7062752949999, 9.85855063200006], [-65.70550618199997, 9.842649215000051], [-65.71299649399992, 9.840062115000023], [-65.71201442099994, 9.833859954000161], [-65.70763521999999, 9.83271094700001], [-65.70252192699996, 9.820755650000024], [-65.69090935699995, 9.810672453000166], [-65.68778317699991, 9.802817255000036], [-65.6780757219999, 9.799018209999986], [-65.67592351799993, 9.778378681000163], [-65.67071383199982, 9.773613730000022], [-65.650521, 9.77463], [-65.615025, 9.894178], [-65.59147499999983, 9.912433], [-65.634333, 9.915714], [-65.63824124899992, 9.950189679000061]]]}}, {"type": "Feature", "properties": {"parroquia": "Santa Barbará", "municipio": "Francisco del Carmen Carvajal", "estado": "Anzoátegui", "pcode": "VE030402", "estado_pcode": "VE03", "municipio_pcode": "VE0304", "center_lat": 9.95160693, "center_lon": -65.7036092, "area_sqkm": 18.59610655}, "geometry": {"type": "Polygon", "coordinates": [[[-65.71642933499993, 9.922868338000171], [-65.70118899999989, 9.933975], [-65.687369, 9.937881000000118], [-65.690494, 9.955509], [-65.6696610379999, 9.96040780200002], [-65.67244140399993, 9.968906754000159], [-65.69380740399993, 9.979893933000028], [-65.70822503299996, 9.976163759000087], [-65.71770836699989, 9.962057332000086], [-65.71642933499993, 9.922868338000171]]]}}, {"type": "Feature", "properties": {"parroquia": "Francisco de Miranda", "municipio": "Francisco de Miranda", "estado": "Anzoátegui", "pcode": "VE030501", "estado_pcode": "VE03", "municipio_pcode": "VE0305", "center_lat": 8.81111789, "center_lon": -64.72827958, "area_sqkm": 421.0657181}, "geometry": {"type": "Polygon", "coordinates": [[[-64.63247599999988, 8.950128], [-64.74043482099995, 8.925653902000079], [-64.7556009999999, 8.923176], [-64.770051, 8.928171000000134], [-64.796642, 8.929680000000133], [-64.811545, 8.925359000000185], [-64.821045, 8.929762000000153], [-64.83914427399998, 8.922852867000017], [-64.83184652799991, 8.920570468000108], [-64.82692327899997, 8.914050323000026], [-64.81956994799998, 8.913532350000082], [-64.81625576999994, 8.90839623200003], [-64.8121385909999, 8.908027243000106], [-64.8084653869999, 8.899631042000067], [-64.79878393199988, 8.895390981000162], [-64.79145951799995, 8.878230565000138], [-64.78400617399996, 8.876999573000091], [-64.77734185799983, 8.87176146600018], [-64.77647180099996, 8.868207385], [-64.78055796199993, 8.863659245000122], [-64.78107695899996, 8.858206096], [-64.77461261399998, 8.845701809000047], [-64.77438555999998, 8.83752159300019], [-64.78349699299991, 8.808517111000015], [-64.84801954599993, 8.698074400000166], [-64.797845, 8.680710000000147], [-64.792546, 8.686704000000134], [-64.782358, 8.686421000000166], [-64.760081, 8.693644], [-64.756949, 8.692274], [-64.748225, 8.69494], [-64.673951, 8.669653], [-64.67467099999988, 8.830591], [-64.642057, 8.830735], [-64.653361, 8.842897], [-64.65583699999985, 8.861007000000143], [-64.66121, 8.8644010000001], [-64.66358399999984, 8.870444], [-64.660471, 8.88213], [-64.666771, 8.887972000000104], [-64.663865, 8.897312], [-64.65841499999988, 8.90201100000013], [-64.650621, 8.903702], [-64.641614, 8.915241], [-64.63247599999988, 8.950128]]]}}, {"type": "Feature", "properties": {"parroquia": "Atapirire", "municipio": "Francisco de Miranda", "estado": "Anzoátegui", "pcode": "VE030502", "estado_pcode": "VE03", "municipio_pcode": "VE0305", "center_lat": 8.52621, "center_lon": -64.25549237, "area_sqkm": 2506.05444343}, "geometry": {"type": "Polygon", "coordinates": [[[-64.356196, 8.82873700000016], [-64.47487699999988, 8.650580000000105], [-64.511182, 8.660239000000104], [-64.509308, 8.63797], [-64.503583, 8.630137000000104], [-64.505976, 8.613324], [-64.502578, 8.603979], [-64.504242, 8.593465], [-64.513545, 8.582337000000166], [-64.517095, 8.567972000000168], [-64.527619, 8.553800000000138], [-64.523121, 8.52560300000016], [-64.51731099999984, 8.520964], [-64.518594, 8.514359000000127], [-64.508935, 8.501574000000119], [-64.499376, 8.503855], [-64.49717, 8.498993], [-64.492392, 8.496838], [-64.49069699999984, 8.494224], [-64.49328299999985, 8.489926], [-64.48770599999989, 8.489241], [-64.48606, 8.482407000000137], [-64.482835, 8.484897000000103], [-64.478987, 8.481961000000183], [-64.47655, 8.471616], [-64.469483, 8.473615000000109], [-64.463765, 8.470626], [-64.459875, 8.465684], [-64.460197, 8.458024], [-64.458111, 8.456548], [-64.451867, 8.460394], [-64.44852, 8.456017000000145], [-64.44518099999988, 8.456389000000172], [-64.444327, 8.459635000000162], [-64.439835, 8.457865], [-64.444313, 8.44697900000017], [-64.443209, 8.443914], [-64.435825, 8.450551000000132], [-64.431044, 8.448234], [-64.428699, 8.44976], [-64.427555, 8.443676], [-64.422714, 8.44398800000016], [-64.41789099999983, 8.437475], [-64.41714799999988, 8.431797], [-64.40869, 8.431311000000164], [-64.400402, 8.426809], [-64.398624, 8.42129], [-64.394058, 8.419291], [-64.39411799999988, 8.413342], [-64.39001, 8.410110000000145], [-64.389643, 8.405853], [-64.384291, 8.403732], [-64.388007, 8.394961000000137], [-64.385979, 8.390740000000108], [-64.377653, 8.388751000000184], [-64.380667, 8.379511], [-64.37378699999988, 8.378322], [-64.371558, 8.37329700000015], [-64.374565, 8.370328], [-64.37062, 8.36815300000012], [-64.372313, 8.365258], [-64.37720299999984, 8.368404000000112], [-64.382289, 8.365575], [-64.379807, 8.360556], [-64.37328799999983, 8.361157], [-64.37650699999989, 8.349584000000107], [-64.36858199999983, 8.348002000000122], [-64.370025, 8.343083], [-64.365459, 8.343227000000127], [-64.367665, 8.339468000000124], [-64.361574, 8.33621], [-64.361372, 8.326474], [-64.349029, 8.326425], [-64.35104799999988, 8.319136], [-64.345372, 8.314015], [-64.343405, 8.297768], [-64.336852, 8.296772], [-64.343034, 8.291682], [-64.340036, 8.28022900000019], [-64.329072, 8.277426], [-64.33089499999988, 8.271129], [-64.339688, 8.266122], [-64.340157, 8.262715], [-64.336711, 8.258461000000125], [-64.343264, 8.251459], [-64.342045, 8.244051000000127], [-64.34721599999983, 8.24547900000016], [-64.345405, 8.236769000000152], [-64.348312, 8.232365], [-64.344678, 8.225769], [-64.33198199999987, 8.222966], [-64.32981799999988, 8.231704], [-64.333152, 8.236327000000188], [-64.3285709999999, 8.247876], [-64.323121, 8.254243], [-64.30994599999985, 8.250066], [-64.300987, 8.250708], [-64.26641699999988, 8.260655], [-63.943633, 8.264825], [-63.9487, 8.276728], [-63.948841, 8.286896], [-63.957283, 8.294618], [-63.953548, 8.298094], [-63.954, 8.304353000000106], [-63.955417, 8.308158000000162], [-63.959831, 8.30848], [-63.963549999999884, 8.316507000000115], [-63.964704, 8.320960000000184], [-63.961172, 8.324202000000184], [-63.967804999999885, 8.330308], [-63.979983, 8.331743], [-63.98566099999988, 8.337006], [-63.987187, 8.342408], [-63.987773, 8.569302], [-63.987783, 8.569313], [-63.994409999999846, 8.571349000000168], [-64.001478, 8.585774000000129], [-64.010574, 8.586435000000108], [-64.0256179999999, 8.58272], [-64.037282, 8.589474], [-64.040427, 8.597098], [-64.068546, 8.596173], [-64.072259, 8.603513], [-64.081917, 8.603486000000146], [-64.083067, 8.60829], [-64.089592, 8.60516100000018], [-64.094434, 8.609954], [-64.098979, 8.609941000000106], [-64.099841, 8.613614], [-64.107229, 8.614158000000145], [-64.12544799999989, 8.627674], [-64.126293, 8.625410000000159], [-64.137127, 8.638382], [-64.140537, 8.638655], [-64.150235, 8.651630000000125], [-64.14967899999988, 8.655589000000134], [-64.156217, 8.663451000000123], [-64.157871, 8.672554000000162], [-64.180272, 8.691934000000117], [-64.18716299999988, 8.734343], [-64.19527, 8.744549], [-64.202422, 8.746055000000126], [-64.20823, 8.755649], [-64.214522, 8.760156000000109], [-64.224271, 8.761945], [-64.240581, 8.775662], [-64.255541, 8.777443000000119], [-64.27224499999983, 8.786209000000156], [-64.277257, 8.79179100000016], [-64.281188, 8.791434], [-64.286474, 8.79515], [-64.291234, 8.795976], [-64.298089, 8.79284], [-64.305533, 8.795259], [-64.306821, 8.799516], [-64.32810399999988, 8.810972], [-64.33348499999988, 8.817972000000111], [-64.34755999999987, 8.819303000000104], [-64.354886, 8.824642], [-64.356196, 8.82873700000016]]]}}, {"type": "Feature", "properties": {"parroquia": "Boca del Pao", "municipio": "Francisco de Miranda", "estado": "Anzoátegui", "pcode": "VE030503", "estado_pcode": "VE03", "municipio_pcode": "VE0305", "center_lat": 8.1041165, "center_lon": -64.09884025, "area_sqkm": 1363.53878452}, "geometry": {"type": "Polygon", "coordinates": [[[-63.85207371699994, 8.085123946000124], [-63.85809099999983, 8.098847], [-63.858007, 8.108285000000137], [-63.86045, 8.108212000000151], [-63.865459, 8.132148000000143], [-63.871537, 8.137282], [-63.875096, 8.150066000000152], [-63.879589999999894, 8.153325000000109], [-63.885492999999826, 8.17125], [-63.885712999999896, 8.180867], [-63.894398, 8.189389000000176], [-63.8916779999999, 8.198468000000162], [-63.897611, 8.202065], [-63.89296599999989, 8.210679], [-63.897109, 8.213601], [-63.89175199999988, 8.221244], [-63.897804, 8.227249], [-63.896688, 8.235836], [-63.902347, 8.237280000000169], [-63.910833, 8.244957000000113], [-63.917327999999884, 8.245580000000189], [-63.919214, 8.243061000000125], [-63.926425, 8.249294], [-63.928091, 8.254035], [-63.935917, 8.258763], [-63.938392, 8.264681000000166], [-63.943633, 8.264825], [-64.26641699999988, 8.260655], [-64.300987, 8.250708], [-64.30994599999985, 8.250066], [-64.323121, 8.254243], [-64.3285709999999, 8.247876], [-64.333152, 8.236327000000188], [-64.32981799999988, 8.231704], [-64.33198199999987, 8.222966], [-64.344678, 8.225769], [-64.340033, 8.221829000000184], [-64.341881, 8.203695], [-64.329456, 8.198153], [-64.331207, 8.189696], [-64.324957, 8.186695], [-64.3246529999999, 8.184401], [-64.331376, 8.182201000000134], [-64.315464, 8.166751], [-64.321072, 8.160106], [-64.329251, 8.162094], [-64.313804, 8.148822], [-64.32085, 8.144734], [-64.323128, 8.139879000000121], [-64.313002, 8.123090000000104], [-64.3182359999999, 8.120128], [-64.329472, 8.120929], [-64.337568, 8.115747], [-64.340064, 8.095606], [-64.33736113799995, 8.065864709000095], [-64.31842472199997, 8.083978451000121], [-64.29863587299991, 8.092624758000056], [-64.28556429199989, 8.094948875000057], [-64.26388729899992, 8.09083286300006], [-64.24486345399993, 8.093523011000059], [-64.22999674399995, 8.084920853000085], [-64.21672307799992, 8.068542500000035], [-64.2128388729999, 8.05987930100008], [-64.20471549099994, 8.055124204000037], [-64.19033075999988, 8.036548798000183], [-64.17490702799995, 8.027131631000032], [-64.16269041399988, 8.011195280000095], [-64.13952331199982, 7.999477083000158], [-64.13598240299996, 8.001590531000033], [-64.11864335999996, 7.995496077000098], [-64.11279210299989, 7.996895129000052], [-64.09484323199985, 7.982519847999981], [-64.08762784599998, 7.968624523000017], [-64.08170256999989, 7.963785433000055], [-64.07093808899998, 7.965932527000064], [-64.05406526599995, 7.950364210000032], [-64.02571671699997, 7.942522079000184], [-64.00054282299993, 7.94334424699997], [-63.983806131999984, 7.958338703000038], [-63.97076355399997, 7.960284800000011], [-63.9369390839999, 7.973399270000129], [-63.92800370599997, 7.981365504000053], [-63.92618166099987, 7.98955472200015], [-63.92121146499994, 7.996592926000176], [-63.89036519399997, 8.026029791000155], [-63.88066182099993, 8.040554200000088], [-63.87855278099988, 8.053783542000133], [-63.8643201779999, 8.065020891000074], [-63.85207371699994, 8.085123946000124]]]}}, {"type": "Feature", "properties": {"parroquia": "El Pao", "municipio": "Francisco de Miranda", "estado": "Anzoátegui", "pcode": "VE030504", "estado_pcode": "VE03", "municipio_pcode": "VE0305", "center_lat": 8.749195, "center_lon": -64.54174526, "area_sqkm": 897.61258073}, "geometry": {"type": "Polygon", "coordinates": [[[-64.63247599999988, 8.950128], [-64.641614, 8.915241], [-64.650621, 8.903702], [-64.65841499999988, 8.90201100000013], [-64.663865, 8.897312], [-64.666771, 8.887972000000104], [-64.660471, 8.88213], [-64.66358399999984, 8.870444], [-64.66121, 8.8644010000001], [-64.65583699999985, 8.861007000000143], [-64.653361, 8.842897], [-64.642057, 8.830735], [-64.67467099999988, 8.830591], [-64.673951, 8.669653], [-64.605789, 8.666329], [-64.601082, 8.65387], [-64.601484, 8.649869], [-64.60440699999987, 8.650372000000118], [-64.60698799999989, 8.646445], [-64.60365799999988, 8.639742], [-64.605957, 8.635472000000107], [-64.59823999999986, 8.632690000000139], [-64.594134, 8.627235000000155], [-64.596927, 8.618803], [-64.594593, 8.614526], [-64.59577599999983, 8.609784], [-64.600149, 8.606691000000126], [-64.600176, 8.602165], [-64.598543, 8.598549], [-64.593001, 8.600388000000123], [-64.58890799999989, 8.596150000000137], [-64.589368, 8.585992], [-64.585443, 8.584923], [-64.585097, 8.577667000000133], [-64.579571, 8.573671], [-64.582236, 8.56891400000012], [-64.581809, 8.562853], [-64.5854609999999, 8.562087000000133], [-64.584333, 8.557938], [-64.586809, 8.555230000000165], [-64.58125499999989, 8.553278], [-64.578508, 8.546869], [-64.582793, 8.534565], [-64.57421199999987, 8.525723000000141], [-64.56725499999988, 8.524794], [-64.562777, 8.516332], [-64.55900799999989, 8.514618], [-64.554581, 8.516700000000185], [-64.552835, 8.51067300000011], [-64.547998, 8.515974], [-64.53980999999987, 8.514733000000149], [-64.535247, 8.512084000000186], [-64.532362, 8.505606000000114], [-64.528556, 8.512278], [-64.522132, 8.511228], [-64.518594, 8.514359000000127], [-64.51731099999984, 8.520964], [-64.523121, 8.52560300000016], [-64.527619, 8.553800000000138], [-64.517095, 8.567972000000168], [-64.513545, 8.582337000000166], [-64.504242, 8.593465], [-64.502578, 8.603979], [-64.505976, 8.613324], [-64.503583, 8.630137000000104], [-64.509308, 8.63797], [-64.511182, 8.660239000000104], [-64.47487699999988, 8.650580000000105], [-64.356196, 8.82873700000016], [-64.63247599999988, 8.950128]]]}}, {"type": "Feature", "properties": {"parroquia": "Chorrerón", "municipio": "Guanta", "estado": "Anzoátegui", "pcode": "VE030602", "estado_pcode": "VE03", "municipio_pcode": "VE0306", "center_lat": 10.21510225, "center_lon": -64.54547926, "area_sqkm": 66.28263525}, "geometry": {"type": "MultiPolygon", "coordinates": [[[[-64.53070585899997, 10.253310640999985], [-64.53285093699998, 10.250433550000082], [-64.52774067899992, 10.245167427000183], [-64.53654405899994, 10.243118321999987], [-64.5409042199999, 10.2371571380001], [-64.54688952599997, 10.24359428300005], [-64.54806060799996, 10.247767388000113], [-64.54559350499994, 10.24988747100008], [-64.54750261699996, 10.253605557000071], [-64.55075374899997, 10.250869466000097], [-64.55683701599997, 10.250526427000011], [-64.55741999699995, 10.242856207000102], [-64.55981611399989, 10.24348320900009], [-64.5617991819999, 10.24074312700003], [-64.56557736299987, 10.241490125000041], [-64.57207363099997, 10.238036999000144], [-64.57293168099989, 10.240366052000184], [-64.57760687899992, 10.237421946000154], [-64.58158207099996, 10.23989099400012], [-64.57763491099985, 10.242667094000183], [-64.58134945299997, 10.241808392000166], [-64.587185, 10.240564], [-64.603004, 10.227829], [-64.58820099999986, 10.213224000000139], [-64.591348, 10.205699], [-64.587223, 10.196891000000164], [-64.56953999999985, 10.184440000000109], [-64.550327, 10.176647000000116], [-64.53880599999985, 10.184349], [-64.5218129999999, 10.188907], [-64.510283, 10.188163], [-64.503177, 10.182112000000188], [-64.496856, 10.185372], [-64.4902019999999, 10.183544], [-64.486389, 10.187434], [-64.489696, 10.192530000000147], [-64.48815734999994, 10.197840235000115], [-64.49696911099994, 10.213669726000035], [-64.51423592499987, 10.218778779000104], [-64.51067379699998, 10.224441948000162], [-64.51258994099999, 10.236196269000061], [-64.53070585899997, 10.253310640999985]]], [[[-64.54388299999988, 10.27077800000012], [-64.54615, 10.274186], [-64.55133499999982, 10.273439], [-64.553237, 10.269594], [-64.549768, 10.268614000000127], [-64.549951, 10.266194], [-64.553494, 10.263747000000137], [-64.552851, 10.259821000000159], [-64.54305099999988, 10.256070000000136], [-64.539707, 10.25781], [-64.542382, 10.261417], [-64.538873, 10.267794], [-64.54388299999988, 10.27077800000012]]], [[[-64.563493, 10.30418200000014], [-64.56312499999984, 10.30892200000011], [-64.56553, 10.304367000000184], [-64.563493, 10.30418200000014]]]]}}, {"type": "Feature", "properties": {"parroquia": "Independencia", "municipio": "Independencia", "estado": "Anzoátegui", "pcode": "VE030701", "estado_pcode": "VE03", "municipio_pcode": "VE0307", "center_lat": 8.490295, "center_lon": -63.69406647, "area_sqkm": 4076.73772527}, "geometry": {"type": "Polygon", "coordinates": [[[-63.34186986799989, 8.765358342000127], [-63.36461985999995, 8.947581685000102], [-63.371593999999845, 8.946062], [-63.374368, 8.941061000000161], [-63.389372, 8.94084000000015], [-63.39121699999987, 8.936795000000131], [-63.40037999999987, 8.934030000000178], [-63.407968, 8.926472000000103], [-63.409299, 8.921976], [-63.420476, 8.918535], [-63.426932, 8.909343], [-63.42932899999988, 8.909533], [-63.428675, 8.906125], [-63.438208, 8.897892], [-63.444235999999876, 8.8963940000001], [-63.44605599999983, 8.88661100000013], [-63.459981, 8.878214], [-63.45872, 8.875711000000138], [-63.463867, 8.872391], [-63.46511, 8.868172000000186], [-63.464123, 8.861305], [-63.475385, 8.844965000000116], [-63.471955, 8.835086], [-63.473873, 8.82851600000015], [-63.477402, 8.826255000000117], [-63.47899799999982, 8.808468000000119], [-63.481804999999895, 8.801446000000169], [-63.488553, 8.796287000000177], [-63.488273, 8.793217], [-63.490715, 8.791961000000185], [-63.488636, 8.791513], [-63.49646399999989, 8.784753000000137], [-63.49727, 8.77361], [-63.495229, 8.768436], [-63.501832, 8.765596], [-63.503618999999844, 8.760385], [-63.505603, 8.764903000000118], [-63.51303499999989, 8.759425], [-63.514917, 8.761712000000102], [-63.528006, 8.757622], [-63.528641, 8.759741], [-63.550579, 8.760366], [-63.557533, 8.757368], [-63.57317299999988, 8.767362], [-63.578193, 8.76686], [-63.590631, 8.774882000000161], [-63.599153, 8.776537000000133], [-63.6061, 8.782825000000116], [-63.987773, 8.569302], [-63.987187, 8.342408], [-63.98566099999988, 8.337006], [-63.979983, 8.331743], [-63.967804999999885, 8.330308], [-63.961172, 8.324202000000184], [-63.964704, 8.320960000000184], [-63.963549999999884, 8.316507000000115], [-63.959831, 8.30848], [-63.955417, 8.308158000000162], [-63.954, 8.304353000000106], [-63.953548, 8.298094], [-63.957283, 8.294618], [-63.948841, 8.286896], [-63.9487, 8.276728], [-63.943633, 8.264825], [-63.938392, 8.264681000000166], [-63.935917, 8.258763], [-63.928091, 8.254035], [-63.926425, 8.249294], [-63.919214, 8.243061000000125], [-63.917327999999884, 8.245580000000189], [-63.910833, 8.244957000000113], [-63.902347, 8.237280000000169], [-63.896688, 8.235836], [-63.897804, 8.227249], [-63.89175199999988, 8.221244], [-63.897109, 8.213601], [-63.89296599999989, 8.210679], [-63.897611, 8.202065], [-63.8916779999999, 8.198468000000162], [-63.894398, 8.189389000000176], [-63.885712999999896, 8.180867], [-63.885492999999826, 8.17125], [-63.879589999999894, 8.153325000000109], [-63.875096, 8.150066000000152], [-63.871537, 8.137282], [-63.865459, 8.132148000000143], [-63.86045, 8.108212000000151], [-63.858007, 8.108285000000137], [-63.85809099999983, 8.098847], [-63.85207371699994, 8.085123946000124], [-63.84478446499992, 8.10243992200003], [-63.827557768999895, 8.122690509], [-63.824219668999945, 8.134249817000068], [-63.78500292299992, 8.140483135000125], [-63.7592537619999, 8.14108626300009], [-63.74522311499993, 8.138328247000175], [-63.7118096289999, 8.14648659500017], [-63.68381645399995, 8.166892235000148], [-63.677608183999894, 8.16885231700013], [-63.66306763399996, 8.164977742000076], [-63.65415408699988, 8.161343217000024], [-63.63748735199994, 8.167395443000032], [-63.62945796199995, 8.161293323000166], [-63.61615034199997, 8.15624824200006], [-63.605630860999895, 8.15583928500007], [-63.58126472999999, 8.148310191000064], [-63.566074745999856, 8.150820928000087], [-63.54326604299996, 8.15683256400007], [-63.5361067369999, 8.161068703000012], [-63.52560524899991, 8.159510715000067], [-63.50664431799987, 8.166714658999979], [-63.49981609599996, 8.161353868000106], [-63.47626001899994, 8.160599950000062], [-63.46152840599996, 8.173419330000058], [-63.43654427799993, 8.176079514000094], [-63.41546341499998, 8.197606156000063], [-63.40836169099998, 8.200950164000176], [-63.39835568799998, 8.208546506000062], [-63.391259883999965, 8.222539423000057], [-63.396424, 8.225628], [-63.443856, 8.290453], [-63.34186986799989, 8.765358342000127]]]}}, {"type": "Feature", "properties": {"parroquia": "Mamo", "municipio": "Independencia", "estado": "Anzoátegui", "pcode": "VE030702", "estado_pcode": "VE03", "municipio_pcode": "VE0307", "center_lat": 8.4979752, "center_lon": -63.10104662, "area_sqkm": 2858.86892476}, "geometry": {"type": "Polygon", "coordinates": [[[-63.00339155599994, 8.751777878000041], [-63.0020340989999, 8.774293020000073], [-63.206341377999934, 8.764420857000118], [-63.21179761199994, 8.761639754000157], [-63.22865642499994, 8.77218396], [-63.25007735699995, 8.76218260200011], [-63.27786261699987, 8.759807411000168], [-63.296022477999884, 8.768314557000053], [-63.29700054999989, 8.774668721000182], [-63.30738603799989, 8.777494748000152], [-63.30748205499992, 8.78128784800009], [-63.31450939299998, 8.783338869999966], [-63.323505772999965, 8.779208720000042], [-63.33081707499997, 8.770219448000034], [-63.34186986799989, 8.765358342000127], [-63.443856, 8.290453], [-63.396424, 8.225628], [-63.391259883999965, 8.222539423000057], [-63.386046206999936, 8.227142032000131], [-63.37153357299991, 8.233080243000018], [-63.34449636199997, 8.23782648000008], [-63.33355985199995, 8.234763451000049], [-63.32220337299992, 8.243623730000138], [-63.315790075999985, 8.243967767000072], [-63.30324855799995, 8.25521510800013], [-63.2907800189999, 8.261989336000056], [-63.280284534999964, 8.259966330000168], [-63.2639888679999, 8.276765836000152], [-63.256404584999984, 8.291797256000052], [-63.23039145599995, 8.305754720000095], [-63.18378937999995, 8.315955182000152], [-63.05157136199995, 8.317028769000046], [-63.030978438999966, 8.321323974999984], [-63.00083366699988, 8.31907476300006], [-62.966491466999855, 8.315419087000123], [-62.94861063299999, 8.310588038000162], [-62.936146023999925, 8.3019978640001], [-62.92964568599996, 8.29287165900007], [-62.900384308999946, 8.281061464000118], [-62.885105618999944, 8.282911586000068], [-62.84294175799988, 8.299314180000124], [-62.81747268199996, 8.32186188300011], [-62.80121605999983, 8.350314696000169], [-62.768086227999845, 8.388931907000142], [-62.75244602399994, 8.394872069000144], [-62.72806486099995, 8.384135886000081], [-62.7201178009999, 8.384367117000124], [-62.69067113799986, 8.380914958], [-62.67983073299996, 8.38244918200013], [-62.70010269399995, 8.41115472000007], [-62.721237713999926, 8.422960942000088], [-62.727205111999865, 8.451392665000071], [-62.714827623999895, 8.471488245000103], [-62.72863927399993, 8.475070287000165], [-62.72579628099999, 8.478638471000181], [-63.00126005899989, 8.547266015000162], [-63.039171013999976, 8.598734212000068], [-63.04569851699995, 8.645115402000044], [-63.04257945699999, 8.663397899000074], [-63.046206788999825, 8.703405946000032], [-63.02532204399995, 8.74954626300007], [-63.020714847999955, 8.752342356000042], [-63.00339155599994, 8.751777878000041]]]}}, {"type": "Feature", "properties": {"parroquia": "Puerto la Cruz", "municipio": "Juan Antonio Sotillo", "estado": "Anzoátegui", "pcode": "VE030801", "estado_pcode": "VE03", "municipio_pcode": "VE0308", "center_lat": 10.21533748, "center_lon": -64.63005183, "area_sqkm": 19.78448929}, "geometry": {"type": "Polygon", "coordinates": [[[-64.61823412799993, 10.241325327000084], [-64.62229192299998, 10.24317386399997], [-64.63460446399995, 10.239730711000107], [-64.63325133799992, 10.22891241000002], [-64.63638548199998, 10.22863939399997], [-64.63576943599998, 10.225365306000185], [-64.6424777069999, 10.220800137000026], [-64.64332772199998, 10.21569099900006], [-64.65372315899992, 10.211150821000103], [-64.65506423699986, 10.21377588300004], [-64.65406017499998, 10.21115580900016], [-64.65808034699984, 10.208678724000094], [-64.66904084099997, 10.207899648000136], [-64.66120948799994, 10.208143694000057], [-64.67843615099991, 10.202793997000185], [-64.659387, 10.187766000000124], [-64.6494, 10.197762000000125], [-64.62884999999989, 10.198099000000127], [-64.613003, 10.219642], [-64.58820099999986, 10.213224000000139], [-64.603004, 10.227829], [-64.61823412799993, 10.241325327000084]]]}}, {"type": "Feature", "properties": {"parroquia": "Pozuelos", "municipio": "Juan Antonio Sotillo", "estado": "Anzoátegui", "pcode": "VE030802", "estado_pcode": "VE03", "municipio_pcode": "VE0308", "center_lat": 10.156548, "center_lon": -64.52715323, "area_sqkm": 186.17478179}, "geometry": {"type": "Polygon", "coordinates": [[[-64.48815734999994, 10.197840235000115], [-64.489696, 10.192530000000147], [-64.486389, 10.187434], [-64.4902019999999, 10.183544], [-64.496856, 10.185372], [-64.503177, 10.182112000000188], [-64.510283, 10.188163], [-64.5218129999999, 10.188907], [-64.53880599999985, 10.184349], [-64.550327, 10.176647000000116], [-64.56953999999985, 10.184440000000109], [-64.587223, 10.196891000000164], [-64.591348, 10.205699], [-64.58820099999986, 10.213224000000139], [-64.613003, 10.219642], [-64.62884999999989, 10.198099000000127], [-64.6494, 10.197762000000125], [-64.659387, 10.187766000000124], [-64.636938, 10.170249], [-64.617302, 10.167182], [-64.609636, 10.160847], [-64.612649, 10.149601000000189], [-64.61119799999989, 10.138285], [-64.616217, 10.132831000000124], [-64.592543, 10.106274000000155], [-64.593226, 10.096777], [-64.567662, 10.093284], [-64.44368023599998, 10.126415609000162], [-64.44217350399998, 10.18871333400017], [-64.45462709299994, 10.192626376000078], [-64.4714778419999, 10.192143268000109], [-64.47748314399996, 10.196079344000168], [-64.48418943399997, 10.194682276000037], [-64.48815734999994, 10.197840235000115]]]}}, {"type": "Feature", "properties": {"parroquia": "Capital Juan Manuel Cajigal", "municipio": "Juan Manuel Cajigal", "estado": "Anzoátegui", "pcode": "VE030901", "estado_pcode": "VE03", "municipio_pcode": "VE0309", "center_lat": 9.59945537, "center_lon": -65.22185621, "area_sqkm": 1766.74436335}, "geometry": {"type": "Polygon", "coordinates": [[[-65.378708, 9.765069], [-65.382355, 9.759842], [-65.387231, 9.770951000000139], [-65.390975, 9.769713], [-65.392419, 9.77448900000013], [-65.390073, 9.778462], [-65.394137, 9.778826000000151], [-65.392892, 9.777442], [-65.39656899999989, 9.776389000000108], [-65.39585099999988, 9.778576], [-65.39952099999988, 9.77910500000013], [-65.409911, 9.77693900000014], [-65.408022, 9.773866000000112], [-65.410649, 9.774476000000107], [-65.408659, 9.772757000000183], [-65.4124819999999, 9.770304], [-65.413191, 9.773643000000106], [-65.425602, 9.777965000000108], [-65.42759199999989, 9.769205], [-65.425758, 9.768997000000127], [-65.426042, 9.76537100000013], [-65.429109, 9.765861000000143], [-65.42993299999989, 9.762802], [-65.436777, 9.767213], [-65.439356, 9.765485000000126], [-65.44245399999983, 9.770768], [-65.44645899999989, 9.772232], [-65.447945, 9.778680000000122], [-65.455612, 9.784067000000164], [-65.462765, 9.796783000000175], [-65.554105, 9.793441], [-65.650521, 9.77463], [-65.67071383199982, 9.773613730000022], [-65.69785995899997, 9.687213855000095], [-65.64764948599998, 9.632818987], [-65.64702107199986, 9.560002076999979], [-65.50158559799996, 9.558420790000184], [-65.43016892499998, 9.654302685000175], [-65.42666776399989, 9.652036641000109], [-65.42085040299997, 9.633388183000022], [-65.41032687899991, 9.622808956000029], [-65.40812471899989, 9.61190667600016], [-65.4104347899999, 9.60544049900011], [-65.40484751799988, 9.600050383000166], [-65.40478949199996, 9.595852267000112], [-65.39613708899986, 9.59252923200006], [-65.38825469199986, 9.584335050000107], [-65.38374549099996, 9.582859037999981], [-65.37322292999994, 9.56651865800012], [-65.36132734399996, 9.554962418], [-65.34448455899985, 9.547850323000148], [-65.33667413699993, 9.53389599400009], [-65.32652366799994, 9.531453977000126], [-65.31637814499999, 9.518114683000078], [-65.3091557969999, 9.513583590000053], [-65.30473562299994, 9.517404715000112], [-65.29956839899995, 9.517606753000166], [-65.29379011799995, 9.513867677], [-65.25939758799996, 9.514760877000015], [-65.24601397499998, 9.510690837000084], [-65.23971162899994, 9.499359579999975], [-65.23175627199998, 9.498710600000152], [-65.22694107699988, 9.502533724999978], [-65.22410294299982, 9.501225706000014], [-65.22080773099992, 9.48895239400008], [-65.21488046499996, 9.48851542000017], [-65.21255880799998, 9.475245795000092], [-65.21277126899997, 9.469005907000053], [-65.21091119199997, 9.468286902000159], [-65.20406492299992, 9.476049144000058], [-65.20121677799989, 9.473432087000162], [-65.20230181099998, 9.469867990000012], [-65.21092317599982, 9.466794867000033], [-65.20389984699995, 9.463774823000108], [-65.2098261129999, 9.462856770000087], [-65.21186819099995, 9.46020268600006], [-65.20350780099983, 9.458109672000035], [-65.20444877399996, 9.444909316000121], [-65.20147897599992, 9.438375390999965], [-65.200994, 9.43529500000011], [-65.199178, 9.437213000000156], [-65.194578, 9.435757000000137], [-65.19743, 9.432959], [-65.184737, 9.42493300000018], [-65.177639, 9.430013], [-65.169399, 9.428354], [-65.1680889999999, 9.432839000000115], [-65.16286, 9.434003000000132], [-65.152602, 9.429124], [-65.148918, 9.42011], [-65.1400589999999, 9.419374000000118], [-65.134947, 9.414502], [-65.125205, 9.416456], [-65.10522999999989, 9.405129000000102], [-65.101511, 9.40593900000016], [-65.094593, 9.401400000000137], [-65.08539899999982, 9.4022480000001], [-65.079093, 9.41129], [-65.075648, 9.409296], [-65.071792, 9.411344], [-65.05421399999989, 9.409728000000143], [-65.0472999999999, 9.418383], [-65.041988, 9.417733], [-65.033981, 9.422541], [-65.029389, 9.422092000000134], [-65.051209, 9.505786], [-65.03167899999988, 9.656735], [-65.043448, 9.665855], [-65.056018, 9.669682], [-65.060871, 9.675327], [-65.06058799999988, 9.680209], [-65.065182, 9.684204], [-65.067281, 9.692169], [-65.0757, 9.691818000000126], [-65.081001, 9.696407], [-65.085041, 9.706422], [-65.083758, 9.718551000000105], [-65.086502, 9.719625000000121], [-65.087638, 9.724303000000134], [-65.0955249999999, 9.723963], [-65.1013559999999, 9.728802], [-65.110415, 9.723214], [-65.11573099999987, 9.723363000000177], [-65.125872, 9.737427000000139], [-65.13305899999989, 9.734925], [-65.141288, 9.73806], [-65.13985, 9.744011], [-65.13204799999988, 9.74513300000018], [-65.1330119999999, 9.748073], [-65.141331, 9.751032000000123], [-65.139614, 9.75951], [-65.145981, 9.760677], [-65.150583, 9.756887000000177], [-65.16112, 9.766515], [-65.173704, 9.769859], [-65.184205, 9.769167000000152], [-65.184599, 9.760218], [-65.212998, 9.760904], [-65.22221699999983, 9.755111000000113], [-65.234786, 9.752696000000128], [-65.248941, 9.744437000000175], [-65.257066, 9.745146], [-65.268717, 9.741365], [-65.276394, 9.737034000000108], [-65.281329, 9.73000500000012], [-65.28762099999989, 9.729365], [-65.29836099999989, 9.68115500000016], [-65.37745299999989, 9.695789], [-65.375443, 9.697987000000182], [-65.37772, 9.711214], [-65.37624199999988, 9.716070000000173], [-65.36474599999985, 9.725218000000154], [-65.36094, 9.739871], [-65.353786, 9.743166000000144], [-65.352289, 9.750522], [-65.354092, 9.755195000000128], [-65.360147, 9.754465000000152], [-65.358187, 9.757630000000177], [-65.3598429999999, 9.75855], [-65.365685, 9.756142000000182], [-65.369256, 9.758232], [-65.369643, 9.75543], [-65.373682, 9.759899000000132], [-65.377838, 9.758244000000161], [-65.3751989999999, 9.765086000000167], [-65.378708, 9.765069]]]}}, {"type": "Feature", "properties": {"parroquia": "San Pablo", "municipio": "Juan Manuel Cajigal", "estado": "Anzoátegui", "pcode": "VE030902", "estado_pcode": "VE03", "municipio_pcode": "VE0309", "center_lat": 9.7500085, "center_lon": -65.05862427, "area_sqkm": 194.84464238}, "geometry": {"type": "Polygon", "coordinates": [[[-65.11068099999983, 9.843493000000137], [-65.11531899999989, 9.841110000000128], [-65.11581299999989, 9.83716], [-65.12321899999984, 9.839829], [-65.125893, 9.838101], [-65.121412, 9.831019], [-65.123138, 9.825082], [-65.120057, 9.820920000000115], [-65.126048, 9.81012], [-65.124028, 9.805372], [-65.11709599999983, 9.801321000000144], [-65.121163, 9.797399000000155], [-65.125791, 9.798494000000176], [-65.128164, 9.794614000000138], [-65.127776, 9.790651000000139], [-65.124197, 9.787732], [-65.125335, 9.781046000000174], [-65.122449, 9.775597000000118], [-65.1268869999999, 9.776304], [-65.134337, 9.772115000000156], [-65.136372, 9.76693200000011], [-65.133244, 9.762655000000109], [-65.139614, 9.75951], [-65.141331, 9.751032000000123], [-65.1330119999999, 9.748073], [-65.13204799999988, 9.74513300000018], [-65.13985, 9.744011], [-65.141288, 9.73806], [-65.13305899999989, 9.734925], [-65.125872, 9.737427000000139], [-65.11573099999987, 9.723363000000177], [-65.110415, 9.723214], [-65.1013559999999, 9.728802], [-65.0955249999999, 9.723963], [-65.087638, 9.724303000000134], [-65.086502, 9.719625000000121], [-65.083758, 9.718551000000105], [-65.085041, 9.706422], [-65.081001, 9.696407], [-65.0757, 9.691818000000126], [-65.067281, 9.692169], [-65.065182, 9.684204], [-65.06058799999988, 9.680209], [-65.060871, 9.675327], [-65.056018, 9.669682], [-65.043448, 9.665855], [-65.03167899999988, 9.656735], [-65.021269, 9.734826], [-65.015799, 9.730326], [-65.012623, 9.730567], [-65.01269, 9.73263], [-65.00535, 9.731609000000105], [-65.003009, 9.734157], [-65.00107, 9.730971000000125], [-64.987696, 9.740206], [-64.9851, 9.73567], [-64.94547099999988, 9.803805000000125], [-65.007443, 9.803444], [-65.114126, 9.811835], [-65.11068099999983, 9.843493000000137]]]}}, {"type": "Feature", "properties": {"parroquia": "José Gregorio Monagas", "municipio": "José Gregorio Monagas", "estado": "Anzoátegui", "pcode": "VE031001", "estado_pcode": "VE03", "municipio_pcode": "VE0310", "center_lat": 7.8273625, "center_lon": -64.77091771, "area_sqkm": 1679.73378478}, "geometry": {"type": "Polygon", "coordinates": [[[-64.56181802799995, 7.971288866000123], [-64.581492, 7.974615], [-64.594833, 7.982004000000131], [-64.602816, 7.994239000000107], [-64.604264, 7.991192], [-64.609003, 7.991525], [-64.608673, 7.993999000000144], [-64.617042, 7.995927000000165], [-64.61861099999987, 7.992653000000132], [-64.634804, 7.993877000000168], [-64.650976, 7.988644], [-64.6521719999999, 7.983386], [-64.66284499999989, 7.99067], [-64.67590799999988, 7.986357], [-64.681354, 7.988129000000129], [-64.68633299999988, 7.98479], [-64.702887, 7.989626000000158], [-64.709831, 7.984904], [-64.711145, 7.988081], [-64.722536, 7.98327], [-64.724374, 7.98354], [-64.72209, 7.987993], [-64.72351699999984, 7.991287000000113], [-64.729925, 7.98579500000011], [-64.750644, 7.987617], [-64.755692, 7.98529], [-64.763944, 7.986178000000166], [-64.765987, 7.983259], [-64.772894, 7.984601], [-64.774441, 7.979029], [-64.77720099999988, 7.978146], [-64.7835429999999, 7.984322], [-64.801203, 7.976130000000126], [-64.809499, 7.978167], [-64.826024, 7.976726], [-64.83855599999987, 7.984366], [-64.84592399999985, 7.982385], [-64.85462, 7.985096000000169], [-65.02916, 7.928722000000107], [-65.02863799999989, 7.908554], [-65.034783, 7.886175000000151], [-65.046934, 7.875829000000124], [-65.055846, 7.856103000000132], [-65.068647, 7.838562], [-65.069719, 7.832004], [-65.0815429999999, 7.829194000000143], [-65.08598, 7.830527000000131], [-65.0858209999999, 7.828216], [-65.089972, 7.826509], [-65.100586, 7.831393], [-65.102667, 7.834948000000168], [-65.11905699999988, 7.840077000000178], [-65.128991, 7.846198000000186], [-65.139461, 7.849848], [-65.154727, 7.850044], [-65.15283699999986, 7.840829], [-65.15659099999988, 7.822196], [-65.14192999999989, 7.818071000000145], [-65.128284, 7.806652], [-65.12214598099996, 7.796655578000127], [-65.09231805499996, 7.783940782000059], [-65.0191637339999, 7.767835689000094], [-65.00108388099994, 7.756309487000124], [-64.99494449899998, 7.732454930000188], [-64.96475005099995, 7.706289422000054], [-64.95422355299996, 7.699861307000162], [-64.94460511699992, 7.697331279000082], [-64.93408660699993, 7.686774068000091], [-64.90928344499986, 7.672737832999985], [-64.87499754399994, 7.66087013300006], [-64.86371734499994, 7.658482665], [-64.85990419199999, 7.661719760000096], [-64.78436086899995, 7.674166376000187], [-64.74822032299994, 7.689994914000124], [-64.67560730299988, 7.742605490000187], [-64.64454694499989, 7.753396111000086], [-64.59378272599992, 7.76461636300013], [-64.54826467299989, 7.760858459000076], [-64.52225452299996, 7.764616656000101], [-64.50979098399995, 7.768911820000028], [-64.49624344499983, 7.784480255000062], [-64.4772776349999, 7.794142569000144], [-64.4575518119999, 7.810149051000053], [-64.45361270699993, 7.828262512000151], [-64.46535628399994, 7.838163713000029], [-64.50220501099989, 7.857490033000033], [-64.51772472099998, 7.860016041000165], [-64.5367886059999, 7.868862171000046], [-64.5667079779999, 7.875441216000013], [-64.57265826799994, 7.881538337000109], [-64.58038270799983, 7.904379870000071], [-64.57969470299992, 7.911173045], [-64.57210846299989, 7.934793658000103], [-64.56885740399986, 7.9557312], [-64.56181802799995, 7.971288866000123]]]}}, {"type": "Feature", "properties": {"parroquia": "Piar", "municipio": "José Gregorio Monagas", "estado": "Anzoátegui", "pcode": "VE031002", "estado_pcode": "VE03", "municipio_pcode": "VE0310", "center_lat": 8.10792, "center_lon": -64.49666061, "area_sqkm": 501.39850534}, "geometry": {"type": "Polygon", "coordinates": [[[-64.34024732099994, 8.05884616700007], [-64.350696, 8.06389200000018], [-64.352967, 8.090776], [-64.35696599999989, 8.102976000000126], [-64.358804, 8.100080000000162], [-64.360332, 8.102427], [-64.361688, 8.099836], [-64.365235, 8.100894], [-64.364142, 8.108285000000137], [-64.37187399999988, 8.111772], [-64.368546, 8.121605], [-64.373055, 8.126052], [-64.367979, 8.134575], [-64.370023, 8.139513], [-64.37391799999989, 8.138751], [-64.375642, 8.141901000000132], [-64.373195, 8.148137], [-64.37679199999985, 8.159468], [-64.37671099999989, 8.17843], [-64.384434, 8.188880000000154], [-64.38857599999989, 8.18742500000019], [-64.390255, 8.196711], [-64.39260999999982, 8.198497], [-64.392135, 8.207374000000186], [-64.402378, 8.209931], [-64.405346, 8.214834000000167], [-64.41876, 8.219717], [-64.42165199999988, 8.21804800000018], [-64.4226579999999, 8.221092000000112], [-64.433327, 8.225728], [-64.529954, 8.152474], [-64.532447, 8.153977], [-64.53730399999989, 8.150455], [-64.538785, 8.156132], [-64.54968, 8.161994000000107], [-64.552619, 8.160138], [-64.560403, 8.161238], [-64.558352, 8.162558], [-64.562011, 8.166230000000155], [-64.563807, 8.162021], [-64.565186, 8.163919], [-64.570252, 8.160239], [-64.56882699999983, 8.164270000000158], [-64.576177, 8.16225], [-64.576876, 8.167778000000112], [-64.582559, 8.163031000000103], [-64.585558, 8.166074], [-64.587191, 8.165023], [-64.592209, 8.168874], [-64.58918, 8.175172000000146], [-64.589755, 8.181247], [-64.59552699999983, 8.178288], [-64.603898, 8.184775000000116], [-64.631619, 8.110067000000129], [-64.615511, 8.090552000000173], [-64.605593, 8.087247000000104], [-64.59974399999987, 8.080407], [-64.57924999999989, 8.070053000000144], [-64.57816199999985, 8.056895000000168], [-64.56033799999989, 8.032315000000153], [-64.561224, 8.028803], [-64.544837, 8.017294], [-64.547716, 8.010924], [-64.544007, 8.005463], [-64.54348682899996, 7.990128141000071], [-64.5070828769999, 8.012098859000162], [-64.48865808199997, 8.018004089000101], [-64.47769762999985, 8.02823238000002], [-64.46770620299998, 8.031526513000188], [-64.44893735799991, 8.032510611000077], [-64.43724081299996, 8.026143505000164], [-64.41144353299995, 7.999148940000111], [-64.39810092399983, 7.996425925000153], [-64.37213380499998, 8.005787272000134], [-64.36173737199988, 8.013660505000075], [-64.34024732099994, 8.05884616700007]]]}}, {"type": "Feature", "properties": {"parroquia": "San Diego de Cabrutica", "municipio": "José Gregorio Monagas", "estado": "Anzoátegui", "pcode": "VE031003", "estado_pcode": "VE03", "municipio_pcode": "VE0310", "center_lat": 8.46320421, "center_lon": -64.97947716, "area_sqkm": 2351.65951501}, "geometry": {"type": "Polygon", "coordinates": [[[-64.84801954599993, 8.698074400000166], [-64.85641256599985, 8.696990608000021], [-64.87227631099995, 8.703255700000057], [-64.87547148399989, 8.710345867000058], [-64.89498237699996, 8.714248872000155], [-64.91111418799989, 8.734275308000122], [-64.91125323699993, 8.74263952400014], [-64.91845958199997, 8.746881594000115], [-64.92558190299997, 8.747677582000051], [-64.93769941999989, 8.742878401999974], [-64.95550722699994, 8.745118375000175], [-64.95774734499992, 8.749230473000011], [-64.96110449899993, 8.749929475000158], [-64.97037592099997, 8.750906462000046], [-64.97460608499995, 8.747113346000106], [-64.98136540999991, 8.750555400000167], [-64.99751410499988, 8.744882182000083], [-65.00927163199998, 8.745759151000073], [-65.01102269299997, 8.7423760530001], [-65.01663394299993, 8.742277025000078], [-65.02023207899992, 8.738431904000151], [-65.02910349599995, 8.742997980000098], [-65.03471273899999, 8.741173912000022], [-65.04254410499993, 8.744221954000125], [-65.04330815299994, 8.746728017000123], [-65.05266057499989, 8.746715971000185], [-65.05677678399985, 8.752137085000186], [-65.0591088839999, 8.751789067000175], [-65.06424515599997, 8.76075027200011], [-65.06846832599996, 8.75828419100003], [-65.0718424939999, 8.761016247000157], [-65.07576566399996, 8.759171173000084], [-65.08004487599993, 8.764523297999972], [-65.09869067099993, 8.755964989000177], [-65.10025671999989, 8.752282889000185], [-65.10731600899993, 8.747787738000113], [-65.1126292539999, 8.750079777000167], [-65.11391830599996, 8.747111690000168], [-65.11747145399988, 8.744944615000179], [-65.12038359399997, 8.746687652000048], [-65.12167364199996, 8.744386583000164], [-65.1229257139999, 8.748661685000059], [-65.12657588199994, 8.749874708000164], [-65.12677987399985, 8.74757463800006], [-65.13324716799991, 8.748898652000037], [-65.13765235299996, 8.745764547000135], [-65.14539965799992, 8.737726307000116], [-65.14654769499987, 8.73340219], [-65.15047387099992, 8.734545205000188], [-65.14762973299997, 8.731376131000161], [-65.15136186499996, 8.725138952], [-65.15022279399994, 8.720104830000082], [-65.15611105899995, 8.720439814000088], [-65.15912716999992, 8.714916661000075], [-65.15785109199993, 8.710618559000068], [-65.16394736899997, 8.711321545000146], [-65.16887354499988, 8.701793283000086], [-65.17159865699995, 8.702088276000097], [-65.16815449399996, 8.699357226000075], [-65.17057158399996, 8.694248081000012], [-65.16688536399994, 8.683883834000028], [-65.16849140299996, 8.676614647000122], [-65.16082204499992, 8.673154586000123], [-65.16194908799991, 8.670369521000168], [-65.16601427199998, 8.671352528000057], [-65.16912238599997, 8.665782370000102], [-65.16771130599989, 8.663508311000157], [-65.17132045799991, 8.661044232000108], [-65.16948936599994, 8.657806165000181], [-65.17212443999983, 8.650882970000112], [-65.1688812939999, 8.649629952], [-65.1706923449999, 8.643378793000181], [-65.16516707499989, 8.63756166800016], [-65.1636119559999, 8.626780403999987], [-65.14713213499982, 8.609420037000064], [-65.14776714899995, 8.605815942], [-65.15342339599988, 8.603448856000114], [-65.14620605399995, 8.599228782000182], [-65.15055721699997, 8.593045607000079], [-65.14887313299988, 8.590723563000154], [-65.15060620099996, 8.588484493000124], [-65.14454789399997, 8.582236362000174], [-65.14412685499985, 8.57664722900006], [-65.14481586799991, 8.573776148999968], [-65.15037210299994, 8.570677043000046], [-65.14733895699999, 8.567197970000052], [-65.14906899699992, 8.5595717650001], [-65.14686388399991, 8.558193749000168], [-65.15387617399995, 8.552926586000183], [-65.14801690899992, 8.55073455600018], [-65.14842389299992, 8.54481640500012], [-65.15121400799995, 8.54213232], [-65.1576292989999, 8.542096295000135], [-65.15561518399994, 8.536476164000078], [-65.15128497499995, 8.53477413200011], [-65.15134897199994, 8.531771061000086], [-65.16028135299996, 8.529465961000142], [-65.16242942699995, 8.524747834000095], [-65.1581481899999, 8.513463570999988], [-65.16943363899986, 8.503825272000029], [-65.16948559299988, 8.491951972000152], [-65.17782993299994, 8.48616879399998], [-65.17797191299996, 8.479153611000186], [-65.18193407799987, 8.478406576999987], [-65.18228306399988, 8.471274393000158], [-65.1791889129999, 8.468575341000133], [-65.17614078599996, 8.470735412000067], [-65.17594976599997, 8.467551332000028], [-65.17838083999993, 8.46101915500003], [-65.18313704699995, 8.458981079000125], [-65.18383005999988, 8.454115958000045], [-65.17800180499995, 8.455063013000142], [-65.17798476799993, 8.448255838000136], [-65.18188993999996, 8.446455773000139], [-65.18181091799988, 8.442926690000093], [-65.18796817499998, 8.440142584000114], [-65.18352195699998, 8.43585149900008], [-65.18128186899997, 8.438117568000052], [-65.17945020499997, 8.434414687000015], [-65.17341299999987, 8.432432], [-65.170685, 8.434338], [-65.165097, 8.428726000000154], [-65.160243, 8.430169], [-65.156715, 8.42779400000012], [-65.15537499999988, 8.435142], [-65.152594, 8.436313000000155], [-65.150991, 8.43266], [-65.144737, 8.437438000000157], [-65.143317, 8.436030000000187], [-65.1410489999999, 8.437747000000115], [-65.143693, 8.441826000000106], [-65.134264, 8.447549], [-65.123125, 8.450538000000108], [-65.120497, 8.448224000000153], [-65.118245, 8.451796000000115], [-65.107053, 8.446465000000103], [-65.105289, 8.450423], [-65.09657, 8.450592000000142], [-65.095547, 8.4573630000001], [-65.08147, 8.457008], [-65.075428, 8.459905000000106], [-65.063545, 8.459804000000133], [-65.059948, 8.452431], [-65.048324, 8.450241], [-65.0406799999999, 8.441827], [-65.026738, 8.440987000000177], [-65.018875, 8.436402], [-65.001956, 8.369981], [-64.979615, 8.250875], [-64.981564, 8.239], [-64.992182, 8.232576000000165], [-64.99464, 8.2254], [-64.997041, 8.225433000000123], [-64.99854, 8.211148], [-65.004519, 8.209721], [-65.011647, 8.199735], [-65.01323699999989, 8.190315], [-65.019774, 8.17846800000018], [-65.017583, 8.169973], [-65.022102, 8.16303], [-64.89893499999982, 8.22831900000017], [-64.824466, 8.193453000000147], [-64.77282799999989, 8.237032], [-64.74921399999988, 8.239494], [-64.740735, 8.235343000000114], [-64.72822899999989, 8.234911], [-64.72243, 8.236706], [-64.719531, 8.240625], [-64.703726, 8.24161000000015], [-64.693339, 8.238415], [-64.67475, 8.226585], [-64.662988, 8.22433000000018], [-64.664608, 8.231589], [-64.670112, 8.23700300000013], [-64.673643, 8.238611000000162], [-64.678968, 8.236078], [-64.688456, 8.251325000000179], [-64.703271, 8.25788], [-64.705661, 8.2616230000001], [-64.703787, 8.266449], [-64.708398, 8.26990400000011], [-64.709167, 8.267923000000167], [-64.712878, 8.268320000000188], [-64.71634, 8.279062], [-64.716174, 8.285492], [-64.712811, 8.291075000000149], [-64.7150759999999, 8.29239], [-64.71648299999987, 8.306237], [-64.710229, 8.319723000000124], [-64.712298, 8.323393], [-64.709289, 8.325410000000147], [-64.710205, 8.329442000000142], [-64.70318999999984, 8.334052], [-64.70433, 8.34187500000013], [-64.709175, 8.345072000000187], [-64.703844, 8.349138000000153], [-64.70598299999989, 8.352589], [-64.70285899999988, 8.357487000000106], [-64.703159, 8.362285], [-64.714423, 8.370916000000136], [-64.716224, 8.375173000000132], [-64.7277299999999, 8.375371000000143], [-64.732022, 8.378756000000124], [-64.732005, 8.384246000000132], [-64.740102, 8.388355000000104], [-64.74087999999983, 8.39698600000014], [-64.747363, 8.40428], [-64.748703, 8.411160000000166], [-64.757933, 8.415167], [-64.758906, 8.419913000000179], [-64.76557799999983, 8.42752600000017], [-64.780062, 8.436079000000177], [-64.77854699999989, 8.446867000000111], [-64.783825, 8.449094], [-64.78307999999987, 8.444023000000186], [-64.787774, 8.443407], [-64.793286, 8.448296], [-64.64562699999982, 8.633609000000149], [-64.59577599999983, 8.609784], [-64.594593, 8.614526], [-64.596927, 8.618803], [-64.594134, 8.627235000000155], [-64.59823999999986, 8.632690000000139], [-64.605957, 8.635472000000107], [-64.60365799999988, 8.639742], [-64.60698799999989, 8.646445], [-64.60440699999987, 8.650372000000118], [-64.601484, 8.649869], [-64.601082, 8.65387], [-64.605789, 8.666329], [-64.673951, 8.669653], [-64.748225, 8.69494], [-64.756949, 8.692274], [-64.760081, 8.693644], [-64.782358, 8.686421000000166], [-64.792546, 8.686704000000134], [-64.797845, 8.680710000000147], [-64.84801954599993, 8.698074400000166]]]}}, {"type": "Feature", "properties": {"parroquia": "Santa Clara", "municipio": "José Gregorio Monagas", "estado": "Anzoátegui", "pcode": "VE031004", "estado_pcode": "VE03", "municipio_pcode": "VE0310", "center_lat": 8.345651, "center_lon": -64.53870562, "area_sqkm": 1541.24822076}, "geometry": {"type": "Polygon", "coordinates": [[[-64.33736113799995, 8.065864709000095], [-64.340064, 8.095606], [-64.337568, 8.115747], [-64.329472, 8.120929], [-64.3182359999999, 8.120128], [-64.313002, 8.123090000000104], [-64.323128, 8.139879000000121], [-64.32085, 8.144734], [-64.313804, 8.148822], [-64.329251, 8.162094], [-64.321072, 8.160106], [-64.315464, 8.166751], [-64.331376, 8.182201000000134], [-64.3246529999999, 8.184401], [-64.324957, 8.186695], [-64.331207, 8.189696], [-64.329456, 8.198153], [-64.341881, 8.203695], [-64.340033, 8.221829000000184], [-64.344678, 8.225769], [-64.348312, 8.232365], [-64.345405, 8.236769000000152], [-64.34721599999983, 8.24547900000016], [-64.342045, 8.244051000000127], [-64.343264, 8.251459], [-64.336711, 8.258461000000125], [-64.340157, 8.262715], [-64.339688, 8.266122], [-64.33089499999988, 8.271129], [-64.329072, 8.277426], [-64.340036, 8.28022900000019], [-64.343034, 8.291682], [-64.336852, 8.296772], [-64.343405, 8.297768], [-64.345372, 8.314015], [-64.35104799999988, 8.319136], [-64.349029, 8.326425], [-64.361372, 8.326474], [-64.361574, 8.33621], [-64.367665, 8.339468000000124], [-64.365459, 8.343227000000127], [-64.370025, 8.343083], [-64.36858199999983, 8.348002000000122], [-64.37650699999989, 8.349584000000107], [-64.37328799999983, 8.361157], [-64.379807, 8.360556], [-64.382289, 8.365575], [-64.37720299999984, 8.368404000000112], [-64.372313, 8.365258], [-64.37062, 8.36815300000012], [-64.374565, 8.370328], [-64.371558, 8.37329700000015], [-64.37378699999988, 8.378322], [-64.380667, 8.379511], [-64.377653, 8.388751000000184], [-64.385979, 8.390740000000108], [-64.388007, 8.394961000000137], [-64.384291, 8.403732], [-64.389643, 8.405853], [-64.39001, 8.410110000000145], [-64.39411799999988, 8.413342], [-64.394058, 8.419291], [-64.398624, 8.42129], [-64.400402, 8.426809], [-64.40869, 8.431311000000164], [-64.41714799999988, 8.431797], [-64.41789099999983, 8.437475], [-64.422714, 8.44398800000016], [-64.427555, 8.443676], [-64.428699, 8.44976], [-64.431044, 8.448234], [-64.435825, 8.450551000000132], [-64.443209, 8.443914], [-64.444313, 8.44697900000017], [-64.439835, 8.457865], [-64.444327, 8.459635000000162], [-64.44518099999988, 8.456389000000172], [-64.44852, 8.456017000000145], [-64.451867, 8.460394], [-64.458111, 8.456548], [-64.460197, 8.458024], [-64.459875, 8.465684], [-64.463765, 8.470626], [-64.469483, 8.473615000000109], [-64.47655, 8.471616], [-64.478987, 8.481961000000183], [-64.482835, 8.484897000000103], [-64.48606, 8.482407000000137], [-64.48770599999989, 8.489241], [-64.49328299999985, 8.489926], [-64.49069699999984, 8.494224], [-64.492392, 8.496838], [-64.49717, 8.498993], [-64.499376, 8.503855], [-64.508935, 8.501574000000119], [-64.518594, 8.514359000000127], [-64.522132, 8.511228], [-64.528556, 8.512278], [-64.532362, 8.505606000000114], [-64.535247, 8.512084000000186], [-64.53980999999987, 8.514733000000149], [-64.547998, 8.515974], [-64.552835, 8.51067300000011], [-64.554581, 8.516700000000185], [-64.55900799999989, 8.514618], [-64.562777, 8.516332], [-64.56725499999988, 8.524794], [-64.57421199999987, 8.525723000000141], [-64.582793, 8.534565], [-64.578508, 8.546869], [-64.58125499999989, 8.553278], [-64.586809, 8.555230000000165], [-64.584333, 8.557938], [-64.5854609999999, 8.562087000000133], [-64.581809, 8.562853], [-64.582236, 8.56891400000012], [-64.579571, 8.573671], [-64.585097, 8.577667000000133], [-64.585443, 8.584923], [-64.589368, 8.585992], [-64.58890799999989, 8.596150000000137], [-64.593001, 8.600388000000123], [-64.598543, 8.598549], [-64.600176, 8.602165], [-64.600149, 8.606691000000126], [-64.59577599999983, 8.609784], [-64.64562699999982, 8.633609000000149], [-64.793286, 8.448296], [-64.787774, 8.443407], [-64.78307999999987, 8.444023000000186], [-64.783825, 8.449094], [-64.77854699999989, 8.446867000000111], [-64.780062, 8.436079000000177], [-64.76557799999983, 8.42752600000017], [-64.758906, 8.419913000000179], [-64.757933, 8.415167], [-64.748703, 8.411160000000166], [-64.747363, 8.40428], [-64.74087999999983, 8.39698600000014], [-64.740102, 8.388355000000104], [-64.732005, 8.384246000000132], [-64.732022, 8.378756000000124], [-64.7277299999999, 8.375371000000143], [-64.716224, 8.375173000000132], [-64.714423, 8.370916000000136], [-64.703159, 8.362285], [-64.70285899999988, 8.357487000000106], [-64.70598299999989, 8.352589], [-64.703844, 8.349138000000153], [-64.709175, 8.345072000000187], [-64.70433, 8.34187500000013], [-64.70318999999984, 8.334052], [-64.710205, 8.329442000000142], [-64.709289, 8.325410000000147], [-64.712298, 8.323393], [-64.710229, 8.319723000000124], [-64.71648299999987, 8.306237], [-64.7150759999999, 8.29239], [-64.712811, 8.291075000000149], [-64.716174, 8.285492], [-64.71634, 8.279062], [-64.712878, 8.268320000000188], [-64.709167, 8.267923000000167], [-64.708398, 8.26990400000011], [-64.703787, 8.266449], [-64.705661, 8.2616230000001], [-64.703271, 8.25788], [-64.688456, 8.251325000000179], [-64.678968, 8.236078], [-64.673643, 8.238611000000162], [-64.670112, 8.23700300000013], [-64.664608, 8.231589], [-64.662988, 8.22433000000018], [-64.66233199999988, 8.218895], [-64.65100499999988, 8.213853], [-64.649498, 8.209779], [-64.64537899999988, 8.214939000000129], [-64.624036, 8.206706000000167], [-64.622469, 8.195991], [-64.61333, 8.192790000000173], [-64.611465, 8.189511000000152], [-64.607508, 8.190117], [-64.603898, 8.184775000000116], [-64.59552699999983, 8.178288], [-64.589755, 8.181247], [-64.58918, 8.175172000000146], [-64.592209, 8.168874], [-64.587191, 8.165023], [-64.585558, 8.166074], [-64.582559, 8.163031000000103], [-64.576876, 8.167778000000112], [-64.576177, 8.16225], [-64.56882699999983, 8.164270000000158], [-64.570252, 8.160239], [-64.565186, 8.163919], [-64.563807, 8.162021], [-64.562011, 8.166230000000155], [-64.558352, 8.162558], [-64.560403, 8.161238], [-64.552619, 8.160138], [-64.54968, 8.161994000000107], [-64.538785, 8.156132], [-64.53730399999989, 8.150455], [-64.532447, 8.153977], [-64.529954, 8.152474], [-64.433327, 8.225728], [-64.4226579999999, 8.221092000000112], [-64.42165199999988, 8.21804800000018], [-64.41876, 8.219717], [-64.405346, 8.214834000000167], [-64.402378, 8.209931], [-64.392135, 8.207374000000186], [-64.39260999999982, 8.198497], [-64.390255, 8.196711], [-64.38857599999989, 8.18742500000019], [-64.384434, 8.188880000000154], [-64.37671099999989, 8.17843], [-64.37679199999985, 8.159468], [-64.373195, 8.148137], [-64.375642, 8.141901000000132], [-64.37391799999989, 8.138751], [-64.370023, 8.139513], [-64.367979, 8.134575], [-64.373055, 8.126052], [-64.368546, 8.121605], [-64.37187399999988, 8.111772], [-64.364142, 8.108285000000137], [-64.365235, 8.100894], [-64.361688, 8.099836], [-64.360332, 8.102427], [-64.358804, 8.100080000000162], [-64.35696599999989, 8.102976000000126], [-64.352967, 8.090776], [-64.350696, 8.06389200000018], [-64.34024732099994, 8.05884616700007], [-64.33736113799995, 8.065864709000095]]]}}, {"type": "Feature", "properties": {"parroquia": "Uverito", "municipio": "José Gregorio Monagas", "estado": "Anzoátegui", "pcode": "VE031005", "estado_pcode": "VE03", "municipio_pcode": "VE0310", "center_lat": 8.085126, "center_lon": -64.82017063, "area_sqkm": 1287.94004745}, "geometry": {"type": "Polygon", "coordinates": [[[-64.54348682899996, 7.990128141000071], [-64.544007, 8.005463], [-64.547716, 8.010924], [-64.544837, 8.017294], [-64.561224, 8.028803], [-64.56033799999989, 8.032315000000153], [-64.57816199999985, 8.056895000000168], [-64.57924999999989, 8.070053000000144], [-64.59974399999987, 8.080407], [-64.605593, 8.087247000000104], [-64.615511, 8.090552000000173], [-64.631619, 8.110067000000129], [-64.603898, 8.184775000000116], [-64.607508, 8.190117], [-64.611465, 8.189511000000152], [-64.61333, 8.192790000000173], [-64.622469, 8.195991], [-64.624036, 8.206706000000167], [-64.64537899999988, 8.214939000000129], [-64.649498, 8.209779], [-64.65100499999988, 8.213853], [-64.66233199999988, 8.218895], [-64.662988, 8.22433000000018], [-64.67475, 8.226585], [-64.693339, 8.238415], [-64.703726, 8.24161000000015], [-64.719531, 8.240625], [-64.72243, 8.236706], [-64.72822899999989, 8.234911], [-64.740735, 8.235343000000114], [-64.74921399999988, 8.239494], [-64.77282799999989, 8.237032], [-64.824466, 8.193453000000147], [-64.89893499999982, 8.22831900000017], [-65.022102, 8.16303], [-65.02643499999988, 8.158725000000175], [-65.026621, 8.149982000000136], [-65.03330199999988, 8.141850000000147], [-65.03289299999989, 8.136806], [-65.03913799999987, 8.132074], [-65.038266, 8.12992400000013], [-65.040809, 8.130224000000112], [-65.032111, 8.101592], [-65.036804, 8.084414000000152], [-65.03850099999983, 8.041286], [-65.041729, 8.022858000000156], [-65.036079, 8.005902], [-65.031937, 8.00171500000016], [-65.036289, 7.997181000000182], [-65.031439, 7.983651000000123], [-65.03417399999984, 7.980032], [-65.031806, 7.959745000000112], [-65.038154, 7.944804], [-65.031422, 7.936898000000156], [-65.02916, 7.928722000000107], [-64.85462, 7.985096000000169], [-64.84592399999985, 7.982385], [-64.83855599999987, 7.984366], [-64.826024, 7.976726], [-64.809499, 7.978167], [-64.801203, 7.976130000000126], [-64.7835429999999, 7.984322], [-64.77720099999988, 7.978146], [-64.774441, 7.979029], [-64.772894, 7.984601], [-64.765987, 7.983259], [-64.763944, 7.986178000000166], [-64.755692, 7.98529], [-64.750644, 7.987617], [-64.729925, 7.98579500000011], [-64.72351699999984, 7.991287000000113], [-64.72209, 7.987993], [-64.724374, 7.98354], [-64.722536, 7.98327], [-64.711145, 7.988081], [-64.709831, 7.984904], [-64.702887, 7.989626000000158], [-64.68633299999988, 7.98479], [-64.681354, 7.988129000000129], [-64.67590799999988, 7.986357], [-64.66284499999989, 7.99067], [-64.6521719999999, 7.983386], [-64.650976, 7.988644], [-64.634804, 7.993877000000168], [-64.61861099999987, 7.992653000000132], [-64.617042, 7.995927000000165], [-64.608673, 7.993999000000144], [-64.609003, 7.991525], [-64.604264, 7.991192], [-64.602816, 7.994239000000107], [-64.594833, 7.982004000000131], [-64.581492, 7.974615], [-64.56181802799995, 7.971288866000123], [-64.54348682899996, 7.990128141000071]]]}}, {"type": "Feature", "properties": {"parroquia": "Zuata", "municipio": "José Gregorio Monagas", "estado": "Anzoátegui", "pcode": "VE031006", "estado_pcode": "VE03", "municipio_pcode": "VE0310", "center_lat": 8.12826946, "center_lon": -65.21905143, "area_sqkm": 2530.00473318}, "geometry": {"type": "Polygon", "coordinates": [[[-65.022102, 8.16303], [-65.017583, 8.169973], [-65.019774, 8.17846800000018], [-65.01323699999989, 8.190315], [-65.011647, 8.199735], [-65.004519, 8.209721], [-64.99854, 8.211148], [-64.997041, 8.225433000000123], [-64.99464, 8.2254], [-64.992182, 8.232576000000165], [-64.981564, 8.239], [-64.979615, 8.250875], [-65.001956, 8.369981], [-65.018875, 8.436402], [-65.026738, 8.440987000000177], [-65.0406799999999, 8.441827], [-65.048324, 8.450241], [-65.059948, 8.452431], [-65.063545, 8.459804000000133], [-65.075428, 8.459905000000106], [-65.08147, 8.457008], [-65.095547, 8.4573630000001], [-65.09657, 8.450592000000142], [-65.105289, 8.450423], [-65.107053, 8.446465000000103], [-65.118245, 8.451796000000115], [-65.120497, 8.448224000000153], [-65.123125, 8.450538000000108], [-65.134264, 8.447549], [-65.143693, 8.441826000000106], [-65.1410489999999, 8.437747000000115], [-65.143317, 8.436030000000187], [-65.144737, 8.437438000000157], [-65.150991, 8.43266], [-65.152594, 8.436313000000155], [-65.15537499999988, 8.435142], [-65.156715, 8.42779400000012], [-65.160243, 8.430169], [-65.165097, 8.428726000000154], [-65.170685, 8.434338], [-65.17341299999987, 8.432432], [-65.17945020499997, 8.434414687000015], [-65.18140584199995, 8.431584408000049], [-65.18633206799996, 8.432868412000062], [-65.19561442999998, 8.421438082000066], [-65.1952473689999, 8.411745844000166], [-65.20039160399983, 8.411721815000021], [-65.19840048999993, 8.405963682999982], [-65.20319468899993, 8.403100591000054], [-65.20223062799994, 8.398617483000066], [-65.20449669899995, 8.394356368], [-65.19629231599993, 8.390122297000062], [-65.20613070499996, 8.3790069800001], [-65.2031555339999, 8.369155738000131], [-65.21045483699999, 8.365352618000088], [-65.21333298999997, 8.36981871300003], [-65.21702009699999, 8.356995378000136], [-65.22620450399995, 8.357575344000168], [-65.22611843299995, 8.343434995000166], [-65.22904854099994, 8.338617864000128], [-65.23231869799997, 8.340535901000123], [-65.23559983699994, 8.338763841000059], [-65.23661785299987, 8.331625649000046], [-65.24818534299993, 8.327543504000062], [-65.24821535999996, 8.33105259100006], [-65.25349258999995, 8.329399519999981], [-65.25566670299997, 8.33243158800002], [-65.2580937869999, 8.327110441000059], [-65.26342900299983, 8.324195352000174], [-65.26237693799999, 8.319983244000184], [-65.26701314399998, 8.319093204000069], [-65.26750314899994, 8.31424808200012], [-65.27142333199993, 8.3160481110001], [-65.27456843899995, 8.311040970000136], [-65.26808109599989, 8.298045683000055], [-65.27839556399994, 8.299260662000108], [-65.28541879099993, 8.280317155000091], [-65.28081758199988, 8.279877168000041], [-65.28019153699995, 8.276923105000094], [-65.28850290699995, 8.276298042000178], [-65.29133998999993, 8.267715820000092], [-65.29786928599998, 8.266715773000044], [-65.29811024699984, 8.257101533000025], [-65.30339748699998, 8.256801502000144], [-65.30216340499999, 8.252981404000082], [-65.30630757199998, 8.248677285000042], [-65.31091178599996, 8.249576283000124], [-65.30788558499995, 8.235976957000105], [-65.30943765199987, 8.233851897000136], [-65.32811447299986, 8.232742790000088], [-65.3235272369999, 8.22571863200011], [-65.32606234399998, 8.225121609000041], [-65.32495128599999, 8.22210353800017], [-65.3354137579999, 8.224830559000111], [-65.33266561099998, 8.219441439999969], [-65.33645177799991, 8.21926942500005], [-65.33738980899989, 8.215522326999974], [-65.3408689709999, 8.217279350000126], [-65.3443531129999, 8.214243261000036], [-65.34563615299999, 8.210354163000147], [-65.34152895999989, 8.208143123000127], [-65.34625315799997, 8.206862068000135], [-65.35172340999998, 8.209152107000136], [-65.34606712999994, 8.201426938000168], [-65.35113335699992, 8.202389944000117], [-65.35311942999994, 8.199664867000138], [-65.35401448999994, 8.204381973000181], [-65.35705963299989, 8.203941952999969], [-65.35905073499998, 8.207158022000101], [-65.36597301699993, 8.201084839000032], [-65.36319583599993, 8.189754574], [-65.36547693099993, 8.189229545000046], [-65.36647598999997, 8.192592631000082], [-65.37711843199992, 8.184098367], [-65.37258921699998, 8.181112323000036], [-65.36902806399996, 8.18325539000017], [-65.36565089099992, 8.177230251000026], [-65.37331622099993, 8.174453153000059], [-65.37682135299997, 8.168525992000014], [-65.38120456499996, 8.17334908500004], [-65.38263460199988, 8.167829941000093], [-65.38601378599998, 8.173970081000107], [-65.38848888299998, 8.17176802300014], [-65.38486267899987, 8.163771833000055], [-65.37584825199997, 8.157454717000121], [-65.38224750799992, 8.149848506000069], [-65.38772368799988, 8.136884163000047], [-65.39271590799996, 8.134750089000079], [-65.39107981299992, 8.129878973000075], [-65.39562801699992, 8.129814955000086], [-65.40002719099994, 8.125874842000144], [-65.39824006499987, 8.116784616000132], [-65.41074558099996, 8.107883343000026], [-65.41819092699984, 8.109077346000163], [-65.42102603599994, 8.105885249000096], [-65.42127501999994, 8.100056111000072], [-65.42750123999997, 8.088529805000064], [-65.43430952699998, 8.082984634000013], [-65.43930567699994, 8.068257250000045], [-65.44911404199996, 8.052086817000145], [-65.4567973579999, 8.046372636000115], [-65.46089357099999, 8.052780780000091], [-65.47397113399995, 8.048942623000073], [-65.47979136499998, 8.044025476000058], [-65.47752120499996, 8.030009143000086], [-65.48956171599986, 8.026456005000057], [-65.48877966099997, 8.021485897000048], [-65.48341641399998, 8.017980832000035], [-65.48262734299993, 8.009660631000031], [-65.4973589089999, 7.990014086000144], [-65.49390674499983, 7.988218052000036], [-65.4907665749999, 7.980788885000038], [-65.49497972899997, 7.973237685000186], [-65.48984250799998, 7.973587724000083], [-65.49045851199998, 7.968202590000033], [-65.4876353759999, 7.967087571000036], [-65.49231156999991, 7.962118434000047], [-65.49911787299988, 7.962712411999973], [-65.49790180099995, 7.958650323000086], [-65.50178595099999, 7.95517721900012], [-65.49985386399993, 7.953228182000032], [-65.50047885199996, 7.944157957000186], [-65.50406798299991, 7.938856817000158], [-65.50335791599997, 7.929914594000024], [-65.49708562099994, 7.927300557000024], [-65.49536851999989, 7.919215377], [-65.49161234399998, 7.916942335000044], [-65.48265194399994, 7.917560387000037], [-65.47137647399995, 7.924152597000159], [-65.47328352999989, 7.918823463000081], [-65.46109098699998, 7.916543457000103], [-65.4564087849999, 7.918582524000158], [-65.42153523499996, 7.916440616000045], [-65.41016170199993, 7.910603523000134], [-65.40981566599999, 7.905822417000138], [-65.40205831499998, 7.904481415000021], [-65.38993275399997, 7.897209290999967], [-65.37660208999984, 7.881866966000018], [-65.37125182099999, 7.873938805000137], [-65.36684255099993, 7.856524392000154], [-65.35608108299994, 7.859088503000123], [-65.33454110199995, 7.8521114240001], [-65.32462943999997, 7.854035462000127], [-65.3107190469999, 7.851749517000087], [-65.28279071999998, 7.832252166000046], [-65.2465791059999, 7.832194315000152], [-65.22848627799993, 7.825309222000044], [-65.18985654699998, 7.820444258000066], [-65.12214598099996, 7.796655578000127], [-65.128284, 7.806652], [-65.14192999999989, 7.818071000000145], [-65.15659099999988, 7.822196], [-65.15283699999986, 7.840829], [-65.154727, 7.850044], [-65.139461, 7.849848], [-65.128991, 7.846198000000186], [-65.11905699999988, 7.840077000000178], [-65.102667, 7.834948000000168], [-65.100586, 7.831393], [-65.089972, 7.826509], [-65.0858209999999, 7.828216], [-65.08598, 7.830527000000131], [-65.0815429999999, 7.829194000000143], [-65.069719, 7.832004], [-65.068647, 7.838562], [-65.055846, 7.856103000000132], [-65.046934, 7.875829000000124], [-65.034783, 7.886175000000151], [-65.02863799999989, 7.908554], [-65.02916, 7.928722000000107], [-65.031422, 7.936898000000156], [-65.038154, 7.944804], [-65.031806, 7.959745000000112], [-65.03417399999984, 7.980032], [-65.031439, 7.983651000000123], [-65.036289, 7.997181000000182], [-65.031937, 8.00171500000016], [-65.036079, 8.005902], [-65.041729, 8.022858000000156], [-65.03850099999983, 8.041286], [-65.036804, 8.084414000000152], [-65.032111, 8.101592], [-65.040809, 8.130224000000112], [-65.038266, 8.12992400000013], [-65.03913799999987, 8.132074], [-65.03289299999989, 8.136806], [-65.03330199999988, 8.141850000000147], [-65.026621, 8.149982000000136], [-65.02643499999988, 8.158725000000175], [-65.022102, 8.16303]]]}}, {"type": "Feature", "properties": {"parroquia": "Capital Libertad", "municipio": "Libertad", "estado": "Anzoátegui", "pcode": "VE031101", "estado_pcode": "VE03", "municipio_pcode": "VE0311", "center_lat": 9.751012, "center_lon": -64.50852491, "area_sqkm": 1138.12550775}, "geometry": {"type": "Polygon", "coordinates": [[[-64.325366, 9.742595000000165], [-64.35063, 9.759429000000182], [-64.35541599999982, 9.76545700000014], [-64.357378, 9.769596], [-64.35252, 9.777054], [-64.35657, 9.7834], [-64.352949, 9.788769], [-64.357246, 9.79825], [-64.366353, 9.80328], [-64.36758499999985, 9.807859000000178], [-64.362192, 9.81292], [-64.37554599999987, 9.816748], [-64.386217, 9.825544], [-64.384015, 9.831111], [-64.379985, 9.82613300000014], [-64.377699, 9.832654], [-64.37424, 9.83233700000011], [-64.373891, 9.835133000000155], [-64.37075399999986, 9.834195], [-64.37029799999988, 9.840566], [-64.36792999999989, 9.841629000000125], [-64.380196, 9.856305], [-64.3778329999999, 9.861893], [-64.383607, 9.865731], [-64.386988, 9.872261], [-64.425089, 9.875005000000101], [-64.435504, 9.880509], [-64.44644, 9.878463], [-64.4545609999999, 9.882049000000109], [-64.462821, 9.888199], [-64.482091, 9.935447000000124], [-64.550414, 9.919315000000154], [-64.575906, 9.910606], [-64.64326099999988, 9.885872], [-64.67211909499991, 9.874935071000095], [-64.669652, 9.875797], [-64.6705429999999, 9.850394], [-64.673368, 9.843251], [-64.67511899999988, 9.822399], [-64.672133, 9.816607000000147], [-64.676028, 9.809211000000118], [-64.679347, 9.809749], [-64.678929, 9.726572], [-64.741858, 9.714003], [-64.73867299999984, 9.711559000000136], [-64.73876699999988, 9.703598000000113], [-64.7335609999999, 9.699345000000108], [-64.733296, 9.695414], [-64.720369, 9.68625], [-64.714253, 9.666964000000178], [-64.706155, 9.663038], [-64.705628, 9.658496000000127], [-64.69781599999988, 9.650872000000106], [-64.679886, 9.654291000000171], [-64.668485, 9.649995], [-64.670821, 9.642641], [-64.664492, 9.637685], [-64.66138499999988, 9.631311], [-64.644309, 9.628268000000162], [-64.637864, 9.619242], [-64.63622, 9.620366], [-64.625166, 9.612458000000117], [-64.61689499999989, 9.610856000000126], [-64.614832, 9.606759], [-64.608763, 9.606656], [-64.60665299999988, 9.603363], [-64.589138, 9.597741000000156], [-64.579313, 9.590432], [-64.57952, 9.585029000000134], [-64.574236, 9.5726], [-64.555368, 9.562323000000106], [-64.550329, 9.56395], [-64.545371, 9.561019], [-64.537727, 9.563624000000118], [-64.51769, 9.562546], [-64.51043999999985, 9.55650500000013], [-64.500462, 9.556367], [-64.488142, 9.551174], [-64.453586, 9.619496], [-64.325366, 9.742595000000165]]]}}, {"type": "Feature", "properties": {"parroquia": "El Carito", "municipio": "Libertad", "estado": "Anzoátegui", "pcode": "VE031102", "estado_pcode": "VE03", "municipio_pcode": "VE0311", "center_lat": 9.7890265, "center_lon": -64.76401915, "area_sqkm": 305.31326722}, "geometry": {"type": "Polygon", "coordinates": [[[-64.67211909499991, 9.874935071000095], [-64.761566, 9.843685], [-64.820822, 9.890831], [-64.854395, 9.768842], [-64.874219, 9.737676000000135], [-64.87733899999989, 9.737296000000129], [-64.876133, 9.733958000000143], [-64.871256, 9.731796000000145], [-64.868792, 9.723434000000168], [-64.855325, 9.71249100000017], [-64.838512, 9.71192200000013], [-64.83073, 9.70915500000018], [-64.815288, 9.71516800000012], [-64.808723, 9.711602000000141], [-64.790765, 9.715233000000183], [-64.783484, 9.723041], [-64.771764, 9.722076], [-64.758562, 9.730839], [-64.750759, 9.729842000000133], [-64.745402, 9.716872], [-64.741858, 9.714003], [-64.678929, 9.726572], [-64.679347, 9.809749], [-64.676028, 9.809211000000118], [-64.672133, 9.816607000000147], [-64.67511899999988, 9.822399], [-64.673368, 9.843251], [-64.6705429999999, 9.850394], [-64.669652, 9.875797], [-64.67211909499991, 9.874935071000095]]]}}, {"type": "Feature", "properties": {"parroquia": "Santa Inés", "municipio": "Libertad", "estado": "Anzoátegui", "pcode": "VE031103", "estado_pcode": "VE03", "municipio_pcode": "VE0311", "center_lat": 9.9211185, "center_lon": -64.32721414, "area_sqkm": 667.97586828}, "geometry": {"type": "Polygon", "coordinates": [[[-64.11236087399993, 10.08612770500008], [-64.16006515299995, 10.076129715000093], [-64.17811892599997, 10.068457417000161], [-64.18778502499993, 10.070426143000134], [-64.31997899999988, 9.99218900000011], [-64.391688, 9.975929000000122], [-64.414273, 9.96467500000017], [-64.456584, 9.941889], [-64.482091, 9.935447000000124], [-64.462821, 9.888199], [-64.4545609999999, 9.882049000000109], [-64.44644, 9.878463], [-64.435504, 9.880509], [-64.425089, 9.875005000000101], [-64.386988, 9.872261], [-64.383607, 9.865731], [-64.3778329999999, 9.861893], [-64.380196, 9.856305], [-64.36792999999989, 9.841629000000125], [-64.37029799999988, 9.840566], [-64.37075399999986, 9.834195], [-64.373891, 9.835133000000155], [-64.37424, 9.83233700000011], [-64.377699, 9.832654], [-64.379985, 9.82613300000014], [-64.384015, 9.831111], [-64.386217, 9.825544], [-64.37554599999987, 9.816748], [-64.362192, 9.81292], [-64.36758499999985, 9.807859000000178], [-64.366353, 9.80328], [-64.357246, 9.79825], [-64.352949, 9.788769], [-64.35657, 9.7834], [-64.35252, 9.777054], [-64.357378, 9.769596], [-64.35541599999982, 9.76545700000014], [-64.35063, 9.759429000000182], [-64.325366, 9.742595000000165], [-64.205459, 9.857885], [-64.18466099999983, 9.906790000000115], [-64.11236087399993, 10.08612770500008]]]}}, {"type": "Feature", "properties": {"parroquia": "Capital Manuel Ezequiel Bruzual", "municipio": "Manuel Ezequiel Bruzual", "estado": "Anzoátegui", "pcode": "VE031201", "estado_pcode": "VE03", "municipio_pcode": "VE0312", "center_lat": 9.883335, "center_lon": -65.19888833, "area_sqkm": 713.10945195}, "geometry": {"type": "Polygon", "coordinates": [[[-65.378708, 9.765069], [-65.3751989999999, 9.765086000000167], [-65.377838, 9.758244000000161], [-65.373682, 9.759899000000132], [-65.369643, 9.75543], [-65.369256, 9.758232], [-65.365685, 9.756142000000182], [-65.3598429999999, 9.75855], [-65.358187, 9.757630000000177], [-65.360147, 9.754465000000152], [-65.354092, 9.755195000000128], [-65.352289, 9.750522], [-65.353786, 9.743166000000144], [-65.36094, 9.739871], [-65.36474599999985, 9.725218000000154], [-65.37624199999988, 9.716070000000173], [-65.37772, 9.711214], [-65.375443, 9.697987000000182], [-65.37745299999989, 9.695789], [-65.29836099999989, 9.68115500000016], [-65.28762099999989, 9.729365], [-65.281329, 9.73000500000012], [-65.276394, 9.737034000000108], [-65.268717, 9.741365], [-65.257066, 9.745146], [-65.248941, 9.744437000000175], [-65.234786, 9.752696000000128], [-65.22221699999983, 9.755111000000113], [-65.212998, 9.760904], [-65.184599, 9.760218], [-65.184205, 9.769167000000152], [-65.173704, 9.769859], [-65.16112, 9.766515], [-65.150583, 9.756887000000177], [-65.145981, 9.760677], [-65.139614, 9.75951], [-65.133244, 9.762655000000109], [-65.136372, 9.76693200000011], [-65.134337, 9.772115000000156], [-65.1268869999999, 9.776304], [-65.122449, 9.775597000000118], [-65.125335, 9.781046000000174], [-65.124197, 9.787732], [-65.127776, 9.790651000000139], [-65.128164, 9.794614000000138], [-65.125791, 9.798494000000176], [-65.121163, 9.797399000000155], [-65.11709599999983, 9.801321000000144], [-65.124028, 9.805372], [-65.126048, 9.81012], [-65.120057, 9.820920000000115], [-65.123138, 9.825082], [-65.121412, 9.831019], [-65.125893, 9.838101], [-65.12321899999984, 9.839829], [-65.11581299999989, 9.83716], [-65.11531899999989, 9.841110000000128], [-65.11068099999983, 9.843493000000137], [-65.10480699999982, 9.923072000000104], [-65.11145, 9.963706], [-65.186568, 10.016549], [-65.190419, 10.004792000000123], [-65.221468, 10.003922000000102], [-65.24345, 10.028641], [-65.260207, 10.037439], [-65.268584, 10.038013000000149], [-65.276889, 10.033028000000115], [-65.297751, 10.035368000000119], [-65.31697999999989, 10.025694000000101], [-65.32679, 10.017285000000129], [-65.353482, 10.023541000000137], [-65.36894599999988, 10.01087600000011], [-65.362801, 10.005061000000183], [-65.3541, 10.002357000000131], [-65.348951, 9.993337], [-65.34013399999986, 9.974548], [-65.338618, 9.961174], [-65.334368, 9.956570000000113], [-65.333032, 9.946885], [-65.325546, 9.945690000000127], [-65.299427, 9.927562], [-65.29286599999989, 9.92381], [-65.289875, 9.92457], [-65.290204, 9.840515000000153], [-65.378708, 9.765069]]]}}, {"type": "Feature", "properties": {"parroquia": "Guanape", "municipio": "Manuel Ezequiel Bruzual", "estado": "Anzoátegui", "pcode": "VE031202", "estado_pcode": "VE03", "municipio_pcode": "VE0312", "center_lat": 9.8673465, "center_lon": -65.45654542, "area_sqkm": 737.77213506}, "geometry": {"type": "Polygon", "coordinates": [[[-65.378708, 9.765069], [-65.290204, 9.840515000000153], [-65.289875, 9.92457], [-65.29286599999989, 9.92381], [-65.299427, 9.927562], [-65.325546, 9.945690000000127], [-65.333032, 9.946885], [-65.334368, 9.956570000000113], [-65.338618, 9.961174], [-65.34013399999986, 9.974548], [-65.348951, 9.993337], [-65.3541, 10.002357000000131], [-65.362801, 10.005061000000183], [-65.36894599999988, 10.01087600000011], [-65.36940799999985, 10.010713000000123], [-65.39573599999989, 10.007162000000108], [-65.44812199999984, 9.992436000000112], [-65.459083, 9.986718], [-65.47953299999989, 9.984517], [-65.486011, 9.972002], [-65.48140299999989, 9.960463000000175], [-65.541387, 9.936430000000144], [-65.552513, 9.935811], [-65.55957, 9.931058], [-65.57048, 9.933141000000148], [-65.571627, 9.935757], [-65.567574, 9.941885], [-65.57290599999988, 9.948716], [-65.58131599999984, 9.948359], [-65.581252, 9.952393], [-65.59190299999989, 9.96441], [-65.602377, 9.965921], [-65.6078838119999, 9.970704976000093], [-65.62701937499992, 9.96805698300011], [-65.62874043199997, 9.96458787500012], [-65.6272423339999, 9.959339747000058], [-65.63824124899992, 9.950189679000061], [-65.634333, 9.915714], [-65.59147499999983, 9.912433], [-65.615025, 9.894178], [-65.650521, 9.77463], [-65.554105, 9.793441], [-65.462765, 9.796783000000175], [-65.455612, 9.784067000000164], [-65.447945, 9.778680000000122], [-65.44645899999989, 9.772232], [-65.44245399999983, 9.770768], [-65.439356, 9.765485000000126], [-65.436777, 9.767213], [-65.42993299999989, 9.762802], [-65.429109, 9.765861000000143], [-65.426042, 9.76537100000013], [-65.425758, 9.768997000000127], [-65.42759199999989, 9.769205], [-65.425602, 9.777965000000108], [-65.413191, 9.773643000000106], [-65.4124819999999, 9.770304], [-65.408659, 9.772757000000183], [-65.410649, 9.774476000000107], [-65.408022, 9.773866000000112], [-65.409911, 9.77693900000014], [-65.39952099999988, 9.77910500000013], [-65.39585099999988, 9.778576], [-65.39656899999989, 9.776389000000108], [-65.392892, 9.777442], [-65.394137, 9.778826000000151], [-65.390073, 9.778462], [-65.392419, 9.77448900000013], [-65.390975, 9.769713], [-65.387231, 9.770951000000139], [-65.382355, 9.759842], [-65.378708, 9.765069]]]}}, {"type": "Feature", "properties": {"parroquia": "Sabana de Uchire", "municipio": "Manuel Ezequiel Bruzual", "estado": "Anzoátegui", "pcode": "VE031203", "estado_pcode": "VE03", "municipio_pcode": "VE0312", "center_lat": 10.00137152, "center_lon": -65.50607021, "area_sqkm": 178.50294188}, "geometry": {"type": "Polygon", "coordinates": [[[-65.48869730599984, 10.067703274], [-65.49653914399994, 10.071954472000016], [-65.49512503299991, 10.062994232000108], [-65.49816119199994, 10.067563342000142], [-65.5014583229999, 10.064584242000024], [-65.50573752199995, 10.066885285000069], [-65.51016171299989, 10.06472719900006], [-65.50690954599992, 10.061832141000139], [-65.5102296739999, 10.0583330340001], [-65.52062012599998, 10.055567898000106], [-65.52148416899996, 10.057486942000082], [-65.52365523899982, 10.052780807000147], [-65.52886947499996, 10.05364079900005], [-65.53299560999994, 10.044234526000082], [-65.53693877699988, 10.042566460000103], [-65.53552468799995, 10.037487327000065], [-65.53889283199999, 10.036887292000074], [-65.53885180999998, 10.032746182999972], [-65.54192294099988, 10.03156814000016], [-65.54324294699995, 10.021730861000037], [-65.55314634399991, 10.015396645000123], [-65.55446832999996, 10.002085277000106], [-65.56626088399992, 10.007518357000038], [-65.57087107699994, 10.005039271999976], [-65.58557974799993, 10.008280276000107], [-65.59836028199993, 10.001595034000104], [-65.60387853799989, 10.001973012000121], [-65.60496754899992, 9.995215817000144], [-65.59979027799994, 9.989708699000118], [-65.60266140499994, 9.988650661000179], [-65.60215033499998, 9.978913399000078], [-65.6078838119999, 9.970704976000093], [-65.602377, 9.965921], [-65.59190299999989, 9.96441], [-65.581252, 9.952393], [-65.58131599999984, 9.948359], [-65.57290599999988, 9.948716], [-65.567574, 9.941885], [-65.571627, 9.935757], [-65.57048, 9.933141000000148], [-65.55957, 9.931058], [-65.552513, 9.935811], [-65.541387, 9.936430000000144], [-65.48140299999989, 9.960463000000175], [-65.486011, 9.972002], [-65.47953299999989, 9.984517], [-65.459083, 9.986718], [-65.44812199999984, 9.992436000000112], [-65.39573599999989, 10.007162000000108], [-65.36940799999985, 10.010713000000123], [-65.403835, 10.024900000000173], [-65.43313699999987, 10.042089], [-65.48869730599984, 10.067703274]]]}}, {"type": "Feature", "properties": {"parroquia": "Capital Pedro María Freites", "municipio": "Pedro María Freites", "estado": "Anzoátegui", "pcode": "VE031301", "estado_pcode": "VE03", "municipio_pcode": "VE0313", "center_lat": 9.15181971, "center_lon": -64.03604028, "area_sqkm": 5541.76508192}, "geometry": {"type": "Polygon", "coordinates": [[[-63.825636537999856, 9.543520951000062], [-64.016668, 9.546505000000138], [-64.126767, 9.503663], [-64.16763, 9.4929], [-64.167092, 9.489092], [-64.171939, 9.492292000000191], [-64.174118, 9.482432], [-64.17691899999988, 9.483209], [-64.179726, 9.489068], [-64.196364, 9.479979000000128], [-64.204678, 9.481207000000154], [-64.22155, 9.477056], [-64.228962, 9.485638000000108], [-64.24003, 9.487527000000114], [-64.269683, 9.476948000000164], [-64.270515, 9.470589000000189], [-64.29594799999984, 9.456639], [-64.300486, 9.451243], [-64.34093499999989, 9.443038], [-64.34305499999988, 9.44456200000019], [-64.348073, 9.432946], [-64.356639, 9.432855000000188], [-64.373395, 9.432517000000132], [-64.38166899999987, 9.427049000000125], [-64.389978, 9.403504000000112], [-64.397028, 9.398472], [-64.397611, 9.39393], [-64.406377, 9.381829000000153], [-64.409763, 9.368794], [-64.4177729999999, 9.356249000000162], [-64.418375, 9.311102], [-64.413178, 9.282346000000189], [-64.3964519999999, 9.265923], [-64.394509, 9.260358], [-64.443933, 9.127482], [-64.428552, 9.123875], [-64.42180999999988, 9.117376], [-64.410306, 9.114541], [-64.38907399999988, 9.119269000000145], [-64.378182, 9.11693], [-64.361751, 9.100844000000109], [-64.371059, 9.10001], [-64.37391899999989, 9.096283], [-64.379112, 9.096248000000173], [-64.394736, 9.086222], [-64.420121, 9.066516], [-64.443052, 9.042889000000173], [-64.356196, 8.82873700000016], [-64.345615, 8.939127], [-64.333961, 8.939025], [-64.328284, 8.942098000000158], [-64.323431, 8.939665000000105], [-64.30182699999989, 8.945089], [-64.29396, 8.942516000000126], [-64.28953799999988, 8.945915000000127], [-64.28096526299998, 8.945822201], [-64.277057, 8.946191], [-64.262116, 8.936572000000183], [-64.249295, 8.932577], [-64.241002, 8.935802], [-64.232217, 8.930505], [-64.20785690299988, 8.928872867000052], [-64.197152, 8.930925000000116], [-64.18208, 8.926592], [-64.16206, 8.90803], [-64.160609, 8.903683000000115], [-64.14481299999989, 8.897175], [-64.125126, 8.882215], [-64.10902999999985, 8.87564], [-64.086483, 8.873203000000103], [-64.055983, 8.876993000000141], [-64.03452299999987, 8.869363], [-64.002315, 8.87007], [-63.993075, 8.864992], [-63.97224, 8.860167000000104], [-63.94454999999982, 8.861774], [-63.92589799999985, 8.855025], [-63.913132, 8.846231], [-63.870278, 8.846983], [-63.858578, 8.842216], [-63.85278, 8.845478], [-63.843512, 8.844654000000105], [-63.839053, 8.848174], [-63.83352, 8.84488400000015], [-63.81686, 8.8466], [-63.808269, 8.844628000000114], [-63.800432, 8.848454000000118], [-63.795415999999875, 8.848039], [-63.785176, 8.834356000000184], [-63.779577, 8.830627], [-63.766912, 8.829348], [-63.75819, 8.834204], [-63.746544, 8.8241680000001], [-63.743407, 8.827027], [-63.73447999999985, 8.827305000000138], [-63.71895099999989, 8.821228], [-63.696201, 8.82031000000012], [-63.684134, 8.815628000000117], [-63.6762159999999, 8.81724300000019], [-63.67191899999983, 8.812554], [-63.665794, 8.812224], [-63.66049, 8.805551], [-63.651078, 8.80571], [-63.641205, 8.801497000000154], [-63.634926, 8.803649], [-63.628857, 8.801617000000135], [-63.619182, 8.791381000000172], [-63.610961, 8.78959], [-63.6061, 8.782825000000116], [-63.599153, 8.776537000000133], [-63.590631, 8.774882000000161], [-63.578193, 8.76686], [-63.57317299999988, 8.767362], [-63.557533, 8.757368], [-63.550579, 8.760366], [-63.528641, 8.759741], [-63.528006, 8.757622], [-63.514917, 8.761712000000102], [-63.51303499999989, 8.759425], [-63.505603, 8.764903000000118], [-63.503618999999844, 8.760385], [-63.501832, 8.765596], [-63.495229, 8.768436], [-63.49727, 8.77361], [-63.49646399999989, 8.784753000000137], [-63.488636, 8.791513], [-63.490715, 8.791961000000185], [-63.488273, 8.793217], [-63.488553, 8.796287000000177], [-63.481804999999895, 8.801446000000169], [-63.47899799999982, 8.808468000000119], [-63.477402, 8.826255000000117], [-63.473873, 8.82851600000015], [-63.471955, 8.835086], [-63.475385, 8.844965000000116], [-63.464123, 8.861305], [-63.46511, 8.868172000000186], [-63.463867, 8.872391], [-63.45872, 8.875711000000138], [-63.459981, 8.878214], [-63.44605599999983, 8.88661100000013], [-63.444235999999876, 8.8963940000001], [-63.438208, 8.897892], [-63.428675, 8.906125], [-63.42932899999988, 8.909533], [-63.426932, 8.909343], [-63.420476, 8.918535], [-63.409299, 8.921976], [-63.407968, 8.926472000000103], [-63.40037999999987, 8.934030000000178], [-63.39121699999987, 8.936795000000131], [-63.389372, 8.94084000000015], [-63.374368, 8.941061000000161], [-63.371593999999845, 8.946062], [-63.36461985999995, 8.947581685000102], [-63.370167686999935, 8.95067906800017], [-63.375373982999974, 8.962320349000095], [-63.381050208999966, 8.96566530300015], [-63.380577278999965, 8.977291723], [-63.3838224189999, 8.974275637000062], [-63.38750559999983, 8.976350668000066], [-63.3855775319999, 8.982314835000125], [-63.38729364799997, 8.988494999000068], [-63.39138583499988, 8.989809009999988], [-63.39421394599992, 8.986544913000046], [-63.394268962999945, 8.990056004], [-63.3977711199999, 8.989974985000174], [-63.39440200699994, 8.996581178999975], [-63.400318291999895, 8.9995912280001], [-63.40215639199994, 9.003916342000025], [-63.40328242299995, 8.999464210000042], [-63.405085502999896, 9.000322224000172], [-63.40734059599998, 8.997390137000139], [-63.409245701999964, 9.002221256000098], [-63.41519797899997, 9.001717222000138], [-63.41868314699991, 9.004969287000165], [-63.417768125999885, 9.008365381000146], [-63.42778255699989, 9.004499236000072], [-63.4266285299999, 9.010581404999982], [-63.43029771699992, 9.014202478000016], [-63.43302984299993, 9.014143469000032], [-63.43926708299995, 9.00399217200004], [-63.44218420699991, 9.003981161000127], [-63.450066619999916, 9.014829413000143], [-63.44956062299997, 9.021144585000059], [-63.452492786999926, 9.025563681000108], [-63.45980807199999, 9.016589413000077], [-63.45915102499998, 9.01224530200011], [-63.46605336199991, 9.01835842800017], [-63.467608460999884, 9.024589582999965], [-63.471985624999945, 9.016727358000026], [-63.474389739999936, 9.017953384000066], [-63.47552586099994, 9.031945747000066], [-63.48407927099987, 9.036158820000026], [-63.49003353199993, 9.034917761000088], [-63.48741345899998, 9.043636001000095], [-63.482804242999975, 9.044124042000021], [-63.48418232499995, 9.047552125000095], [-63.4815872129999, 9.048116157000038], [-63.484013359999835, 9.057198381000092], [-63.4932427949999, 9.06010341800004], [-63.490291641999875, 9.056211328000074], [-63.50137211299983, 9.048231067000131], [-63.50780243199995, 9.053978189000134], [-63.512134671999945, 9.064090437000175], [-63.50911257099989, 9.071489649000057], [-63.51320274399984, 9.06930757400005], [-63.51727596099988, 9.075237705], [-63.51581486599997, 9.069652566], [-63.51944403199997, 9.070182559999978], [-63.52108208799996, 9.066253448000168], [-63.52639832799997, 9.065818417000116], [-63.522778208999966, 9.075330685000097], [-63.53431474299998, 9.077240681000035], [-63.542536188999975, 9.092042040000138], [-63.54445527599995, 9.092640050000057], [-63.54613632799993, 9.086044860000072], [-63.550854554999944, 9.088849922000179], [-63.55513073699984, 9.087930874000165], [-63.55888194499988, 9.093884018000153], [-63.56331813199995, 9.091539935000071], [-63.56750433499991, 9.093309965000174], [-63.5697724499999, 9.095838018000165], [-63.565317265999965, 9.10213420600013], [-63.56654433999989, 9.103881249000153], [-63.58702927199994, 9.10569920200004], [-63.58713724499995, 9.099379029000147], [-63.592644526999834, 9.103838118000056], [-63.59934179699991, 9.097541920000083], [-63.598743781999985, 9.100459998000133], [-63.60126390099998, 9.10089700300017], [-63.60858931299998, 9.117764415000067], [-63.606837248999966, 9.122107544000187], [-63.604476138999985, 9.119809494000094], [-63.60202702799995, 9.12105053700003], [-63.60238609999993, 9.131229806000022], [-63.60847138999998, 9.135550891000037], [-63.6060273249999, 9.145911184000056], [-63.621437056999866, 9.150947243000132], [-63.624932229999956, 9.154233318000138], [-63.63006345299988, 9.152486244000158], [-63.63137649699996, 9.148786143000166], [-63.63292958399995, 9.152095227000075], [-63.63466063899995, 9.148970129000134], [-63.64084195399994, 9.156070295000177], [-63.64465812999998, 9.156622294000101], [-63.64595017799991, 9.154530223999984], [-63.646022193999954, 9.15666728300016], [-63.6514824599999, 9.159057320000102], [-63.65335253099994, 9.15742527499998], [-63.660661871999935, 9.159538296000107], [-63.669280246999904, 9.155332142000077], [-63.67044332399996, 9.160249270000179], [-63.68040475799995, 9.157835155000157], [-63.67666862799996, 9.164361342000063], [-63.68235989499988, 9.166957386999968], [-63.68741710099988, 9.162429247000148], [-63.68916221999996, 9.170081439], [-63.69652559499991, 9.17761660500014], [-63.69604759499998, 9.182649747000028], [-63.70668808799991, 9.18542777200014], [-63.71715862399992, 9.198086053000054], [-63.72374791899995, 9.197716019000154], [-63.725071, 9.200956092000126], [-63.73160726999993, 9.195668925000064], [-63.73246632399986, 9.198080978000064], [-63.74400784799991, 9.200029985000128], [-63.74849311799994, 9.213977337000017], [-63.76147374899989, 9.223005517000047], [-63.767022002999965, 9.22175945700019], [-63.7709081889999, 9.225446537999971], [-63.78132866999994, 9.226363505999984], [-63.79130608199989, 9.217213215000072], [-63.80707379199998, 9.216521123000177], [-63.81331207399984, 9.217011110000158], [-63.82348556799997, 9.223208227000157], [-63.82721176399997, 9.228828358000044], [-63.83736321899994, 9.228431299000135], [-63.85066677999998, 9.220013003000076], [-63.85567200799994, 9.219465975000105], [-63.86103621899997, 9.213043772000162], [-63.86934060499988, 9.214599779000025], [-63.87543284499992, 9.208299575000126], [-63.88641533799995, 9.207694503000141], [-63.890197486999966, 9.202383344000054], [-63.90879929899995, 9.195549073000109], [-63.91031134299993, 9.189636914000062], [-63.91848404499996, 9.258303702000035], [-63.92737947199993, 9.264927837000073], [-63.92866456899998, 9.272937049000177], [-63.93312377799998, 9.27276402400014], [-63.93832207699995, 9.285926348000089], [-63.943508334999876, 9.291123469000127], [-63.951852716999895, 9.293168476000176], [-63.956854971999974, 9.299031611000089], [-63.96337233799994, 9.311984929000175], [-63.96433846699995, 9.33004240200006], [-63.97173584699988, 9.339002612000172], [-63.972628255999894, 9.414619636000054], [-63.82532198499996, 9.543413103000034], [-63.825250224999934, 9.543475845000046], [-63.82530816499997, 9.543549968000036], [-63.825636537999856, 9.543520951000062]]]}}, {"type": "Feature", "properties": {"parroquia": "Libertador", "municipio": "Pedro María Freites", "estado": "Anzoátegui", "pcode": "VE031302", "estado_pcode": "VE03", "municipio_pcode": "VE0313", "center_lat": 9.98941439, "center_lon": -64.10153876, "area_sqkm": 377.9612904}, "geometry": {"type": "Polygon", "coordinates": [[[-63.9877082459999, 10.109099288000152], [-64.01134159299994, 10.110341450000078], [-64.01564282499993, 10.116824606000023], [-64.02381821499995, 10.119778638000184], [-64.03794985199988, 10.11954156000013], [-64.04822528699992, 10.114872381000055], [-64.05330443399998, 10.098563898000066], [-64.06211078599995, 10.095773138000084], [-64.0841428249999, 10.097905715000081], [-64.09958508299997, 10.091188046000184], [-64.10706643799989, 10.09024421100014], [-64.11236087399993, 10.08612770500008], [-64.18466099999983, 9.906790000000115], [-64.171852, 9.89507900000018], [-64.172069, 9.884406000000126], [-64.165912, 9.885134000000107], [-64.140034, 9.860016], [-64.130514, 9.860035000000153], [-64.126562, 9.860138000000177], [-64.11121, 9.871937000000116], [-64.098135, 9.870749], [-64.056273, 9.87635], [-64.027797, 9.886264], [-64.001052, 9.889352], [-63.98921, 9.894496], [-63.9849, 9.899297000000104], [-63.98293717499996, 9.907720708000056], [-63.988178545999915, 9.921091338], [-63.98508449999997, 9.939114846000052], [-64.00435032899986, 9.930543512000156], [-64.01486984499991, 9.937508648], [-64.02095908099989, 9.93178846800015], [-64.03772383199993, 9.930188332000057], [-64.03801589999995, 9.93929657700005], [-64.04347917199988, 9.944363689999989], [-64.04694751099998, 9.97856661600008], [-64.0522568159999, 9.99067592700004], [-64.06132626699997, 9.99871709200005], [-64.06272236699994, 10.005502282000123], [-64.05641721599994, 10.030388000000187], [-64.06290160399993, 10.049643495000112], [-64.06115953699992, 10.051922564000108], [-64.04942101599994, 10.05302666200015], [-64.02237373199995, 10.04104547300011], [-64.01229026599998, 10.040075494000064], [-63.99904167599993, 10.042212624000172], [-63.99452549499989, 10.047601794000173], [-63.99121034099994, 10.046449776000088], [-63.958560905999946, 10.054282170000135], [-63.9562388089999, 10.05676424800015], [-63.9595720019999, 10.065443468000069], [-63.957438955999976, 10.073977715000183], [-63.95933508699994, 10.08296796000019], [-63.95641296699995, 10.084034999000096], [-63.961519239999916, 10.091681184000095], [-63.96002021399988, 10.10106646100013], [-63.9877082459999, 10.109099288000152]]]}}, {"type": "Feature", "properties": {"parroquia": "Santa Rosa", "municipio": "Pedro María Freites", "estado": "Anzoátegui", "pcode": "VE031303", "estado_pcode": "VE03", "municipio_pcode": "VE0313", "center_lat": 9.651939, "center_lon": -64.25531689, "area_sqkm": 1203.14616351}, "geometry": {"type": "Polygon", "coordinates": [[[-63.825636537999856, 9.543520951000062], [-64.1702, 9.684382], [-64.205459, 9.857885], [-64.325366, 9.742595000000165], [-64.453586, 9.619496], [-64.488142, 9.551174], [-64.484941, 9.55027100000018], [-64.473436, 9.557965000000138], [-64.446538, 9.554361], [-64.431583, 9.546366], [-64.426298, 9.54688], [-64.42032099999989, 9.541819], [-64.356595, 9.544708000000128], [-64.355946, 9.53086500000012], [-64.347826, 9.51644000000016], [-64.344509, 9.515425], [-64.34784199999984, 9.506622000000107], [-64.3515589999999, 9.50474], [-64.354459, 9.494715], [-64.356639, 9.432855000000188], [-64.348073, 9.432946], [-64.34305499999988, 9.44456200000019], [-64.34093499999989, 9.443038], [-64.300486, 9.451243], [-64.29594799999984, 9.456639], [-64.270515, 9.470589000000189], [-64.269683, 9.476948000000164], [-64.24003, 9.487527000000114], [-64.228962, 9.485638000000108], [-64.22155, 9.477056], [-64.204678, 9.481207000000154], [-64.196364, 9.479979000000128], [-64.179726, 9.489068], [-64.17691899999988, 9.483209], [-64.174118, 9.482432], [-64.171939, 9.492292000000191], [-64.167092, 9.489092], [-64.16763, 9.4929], [-64.126767, 9.503663], [-64.016668, 9.546505000000138], [-63.825636537999856, 9.543520951000062]]]}}, {"type": "Feature", "properties": {"parroquia": "Úrica", "municipio": "Pedro María Freites", "estado": "Anzoátegui", "pcode": "VE031304", "estado_pcode": "VE03", "municipio_pcode": "VE0313", "center_lat": 9.72526716, "center_lon": -64.06540651, "area_sqkm": 786.23870651}, "geometry": {"type": "Polygon", "coordinates": [[[-63.82530816499997, 9.543549968000036], [-63.90492934599996, 9.645418218000032], [-63.94793059899985, 9.704991629000062], [-63.953955022999935, 9.734356390000073], [-63.95855523899991, 9.736503433000166], [-63.961035409999965, 9.745737676000147], [-63.958562324999946, 9.75303888100018], [-63.96039951299991, 9.772825411000042], [-63.94604894599996, 9.788480915999969], [-63.944692941999904, 9.799041212000134], [-63.94517599099993, 9.805653389000042], [-63.95439450499998, 9.823426833000156], [-63.945548171999974, 9.83696825100003], [-63.9395369049999, 9.838893326000061], [-63.93600878499984, 9.844624501000055], [-63.92901145299999, 9.843282504000115], [-63.91094965999997, 9.848887755000021], [-63.925689427999885, 9.86728617600005], [-63.932196740999984, 9.870003225000062], [-63.93318380699998, 9.874386337000033], [-63.94269025999995, 9.878335392000167], [-63.94191325099996, 9.882746516000111], [-63.956861998999955, 9.896402826000099], [-63.97448280899988, 9.898485790000109], [-63.98293717499996, 9.907720708000056], [-63.9849, 9.899297000000104], [-63.98921, 9.894496], [-64.001052, 9.889352], [-64.027797, 9.886264], [-64.056273, 9.87635], [-64.098135, 9.870749], [-64.11121, 9.871937000000116], [-64.126562, 9.860138000000177], [-64.130514, 9.860035000000153], [-64.140034, 9.860016], [-64.165912, 9.885134000000107], [-64.172069, 9.884406000000126], [-64.171852, 9.89507900000018], [-64.18466099999983, 9.906790000000115], [-64.205459, 9.857885], [-64.1702, 9.684382], [-63.825636537999856, 9.543520951000062], [-63.82530816499997, 9.543549968000036]]]}}, {"type": "Feature", "properties": {"parroquia": "Capital Piritu", "municipio": "Piritu", "estado": "Anzoátegui", "pcode": "VE031401", "estado_pcode": "VE03", "municipio_pcode": "VE0314", "center_lat": 9.9512615, "center_lon": -65.05920183, "area_sqkm": 133.05911792}, "geometry": {"type": "Polygon", "coordinates": [[[-64.95309726199991, 9.96577320300014], [-64.972743, 9.976952], [-64.967112, 9.99873], [-64.971319, 10.012578], [-64.976187, 10.02132], [-65.00733, 10.057163000000116], [-65.05418, 10.050087000000133], [-65.057224, 10.018453], [-65.05437199999983, 10.00627800000018], [-65.055317, 9.998619], [-65.084386, 9.960762], [-65.090669, 9.928718000000117], [-65.08857199999989, 9.900958], [-65.11068099999983, 9.843493000000137], [-65.080758, 9.86808400000018], [-65.055928, 9.877290000000187], [-65.062816, 9.914294], [-65.0084399999999, 9.977975000000129], [-64.95309726199991, 9.96577320300014]]]}}, {"type": "Feature", "properties": {"parroquia": "San Francisco", "municipio": "Piritu", "estado": "Anzoátegui", "pcode": "VE031402", "estado_pcode": "VE03", "municipio_pcode": "VE0314", "center_lat": 9.838835, "center_lon": -65.06201759, "area_sqkm": 66.12218111}, "geometry": {"type": "Polygon", "coordinates": [[[-65.11068099999983, 9.843493000000137], [-65.114126, 9.811835], [-65.007443, 9.803444], [-65.007629, 9.834177000000125], [-65.055928, 9.877290000000187], [-65.080758, 9.86808400000018], [-65.11068099999983, 9.843493000000137]]]}}, {"type": "Feature", "properties": {"parroquia": "Capital San José de Guanipa", "municipio": "San José de Guanipa", "estado": "Anzoátegui", "pcode": "VE031501", "estado_pcode": "VE03", "municipio_pcode": "VE0315", "center_lat": 8.744993, "center_lon": -63.87417047, "area_sqkm": 1024.83231498}, "geometry": {"type": "Polygon", "coordinates": [[[-63.6061, 8.782825000000116], [-63.610961, 8.78959], [-63.619182, 8.791381000000172], [-63.628857, 8.801617000000135], [-63.634926, 8.803649], [-63.641205, 8.801497000000154], [-63.651078, 8.80571], [-63.66049, 8.805551], [-63.665794, 8.812224], [-63.67191899999983, 8.812554], [-63.6762159999999, 8.81724300000019], [-63.684134, 8.815628000000117], [-63.696201, 8.82031000000012], [-63.71895099999989, 8.821228], [-63.73447999999985, 8.827305000000138], [-63.743407, 8.827027], [-63.746544, 8.8241680000001], [-63.75819, 8.834204], [-63.766912, 8.829348], [-63.779577, 8.830627], [-63.785176, 8.834356000000184], [-63.795415999999875, 8.848039], [-63.800432, 8.848454000000118], [-63.808269, 8.844628000000114], [-63.81686, 8.8466], [-63.83352, 8.84488400000015], [-63.839053, 8.848174], [-63.843512, 8.844654000000105], [-63.85278, 8.845478], [-63.858578, 8.842216], [-63.870278, 8.846983], [-63.913132, 8.846231], [-63.92589799999985, 8.855025], [-63.94454999999982, 8.861774], [-63.97224, 8.860167000000104], [-63.993075, 8.864992], [-64.002315, 8.87007], [-64.03452299999987, 8.869363], [-64.055983, 8.876993000000141], [-64.086483, 8.873203000000103], [-64.10902999999985, 8.87564], [-64.125126, 8.882215], [-64.14481299999989, 8.897175], [-64.160609, 8.903683000000115], [-64.16206, 8.90803], [-64.18208, 8.926592], [-64.197152, 8.930925000000116], [-64.20785690299988, 8.928872867000052], [-64.18323843199988, 8.895128552000187], [-64.0461049999999, 8.707161], [-64.040152, 8.705534], [-64.033943, 8.691000000000145], [-64.009915, 8.677651], [-63.99837799999989, 8.660117000000128], [-63.997118999999884, 8.657740000000103], [-64.002108, 8.65308], [-64.003547, 8.645071], [-63.997793999999885, 8.625709], [-63.999853, 8.612286000000154], [-63.99069999999983, 8.59189], [-63.99344899999983, 8.587425000000167], [-63.992106, 8.581839000000173], [-63.994226, 8.576279], [-63.987783, 8.569313], [-63.987773, 8.569302], [-63.6061, 8.782825000000116]]]}}, {"type": "Feature", "properties": {"parroquia": "Capital San Juan de Capistrano", "municipio": "San Juan de Capistrano", "estado": "Anzoátegui", "pcode": "VE031601", "estado_pcode": "VE03", "municipio_pcode": "VE0316", "center_lat": 10.09132107, "center_lon": -65.44860324, "area_sqkm": 51.91321281}, "geometry": {"type": "Polygon", "coordinates": [[[-65.38773781799989, 10.129717876000086], [-65.43135761299982, 10.140524669000115], [-65.42822346599985, 10.1379906250001], [-65.42864843399991, 10.130486415], [-65.43402064899988, 10.125271241000178], [-65.43622875399996, 10.126404260000015], [-65.43431064599997, 10.122929187000182], [-65.4390198609999, 10.12395617900006], [-65.44097192999993, 10.120527084000116], [-65.4392368309999, 10.116522980000127], [-65.44685116199992, 10.114757891000181], [-65.4482172459999, 10.11887799200008], [-65.45151037399995, 10.114867865], [-65.45641052799988, 10.103667543000029], [-65.45703750499996, 10.094946305000178], [-65.45435239099993, 10.095421331000068], [-65.45357134499989, 10.092352250000033], [-65.46330077299996, 10.091767187000016], [-65.46404877899994, 10.08848208500018], [-65.46837298999998, 10.091369143000122], [-65.47463722799984, 10.084036911999988], [-65.47874843199997, 10.085916939000015], [-65.48601971999989, 10.080642758000181], [-65.49185598299988, 10.080148711999982], [-65.49202696499998, 10.077417641000068], [-65.48654671799989, 10.075157604000026], [-65.49040187299983, 10.07238151700011], [-65.48869730599984, 10.067703274], [-65.43313699999987, 10.042089], [-65.429367, 10.052555], [-65.425946, 10.054295000000138], [-65.42197299999987, 10.05200200000013], [-65.421707, 10.063633], [-65.412163, 10.068552], [-65.40726199999983, 10.066103000000112], [-65.403194, 10.068305], [-65.400677, 10.065429000000108], [-65.3949879999999, 10.067618], [-65.39860599999986, 10.072874], [-65.398785, 10.080856], [-65.407993, 10.082569], [-65.41534799999988, 10.089156], [-65.425494, 10.088202], [-65.43371199999984, 10.091273000000115], [-65.43518099999989, 10.097055000000125], [-65.38773781799989, 10.129717876000086]]]}}, {"type": "Feature", "properties": {"parroquia": "Boca de Chávez", "municipio": "San Juan de Capistrano", "estado": "Anzoátegui", "pcode": "VE031602", "estado_pcode": "VE03", "municipio_pcode": "VE0316", "center_lat": 10.077823, "center_lon": -65.37489498, "area_sqkm": 64.32415985}, "geometry": {"type": "Polygon", "coordinates": [[[-65.35052177199992, 10.122954097000104], [-65.38773781799989, 10.129717876000086], [-65.43518099999989, 10.097055000000125], [-65.43371199999984, 10.091273000000115], [-65.425494, 10.088202], [-65.41534799999988, 10.089156], [-65.407993, 10.082569], [-65.398785, 10.080856], [-65.39860599999986, 10.072874], [-65.3949879999999, 10.067618], [-65.400677, 10.065429000000108], [-65.403194, 10.068305], [-65.40726199999983, 10.066103000000112], [-65.412163, 10.068552], [-65.421707, 10.063633], [-65.42197299999987, 10.05200200000013], [-65.425946, 10.054295000000138], [-65.429367, 10.052555], [-65.43313699999987, 10.042089], [-65.403835, 10.024900000000173], [-65.403813, 10.029809], [-65.383969, 10.046119], [-65.380977, 10.05499], [-65.37186999999989, 10.054813], [-65.357683, 10.063128000000177], [-65.353813, 10.063035000000127], [-65.350682, 10.067159000000117], [-65.349055, 10.070884], [-65.35052177199992, 10.122954097000104]]]}}, {"type": "Feature", "properties": {"parroquia": "Santa Ana", "municipio": "Santa Ana", "estado": "Anzoátegui", "pcode": "VE031701", "estado_pcode": "VE03", "municipio_pcode": "VE0317", "center_lat": 9.27448, "center_lon": -64.68605392, "area_sqkm": 621.86147608}, "geometry": {"type": "Polygon", "coordinates": [[[-64.509055, 9.080833000000155], [-64.518681, 9.117150000000152], [-64.53284699999989, 9.133665], [-64.533194, 9.147791], [-64.541372, 9.157169], [-64.547225, 9.159942000000115], [-64.547207, 9.165822000000105], [-64.55189, 9.166419000000133], [-64.55457, 9.174215000000174], [-64.562152, 9.179919000000154], [-64.5707139999999, 9.182517000000132], [-64.571559, 9.189197], [-64.58111, 9.204126], [-64.586094, 9.209016000000133], [-64.59273, 9.210865000000183], [-64.59186299999988, 9.222493], [-64.601103, 9.230645], [-64.602557, 9.238332000000128], [-64.608971, 9.24179], [-64.603638, 9.272531], [-64.60832199999987, 9.282016], [-64.6111959999999, 9.28207], [-64.61523199999988, 9.287263], [-64.615471, 9.29307400000016], [-64.56649999999985, 9.322476000000165], [-64.55971599999987, 9.468663000000163], [-64.56774899999988, 9.463977], [-64.573261, 9.466035000000147], [-64.576526, 9.464409000000103], [-64.578146, 9.458779], [-64.583425, 9.456168000000162], [-64.584928, 9.449342], [-64.6000729999999, 9.450546], [-64.607269, 9.433474], [-64.61271, 9.433899], [-64.614214, 9.429395], [-64.62028, 9.430511], [-64.620441, 9.42605], [-64.625535, 9.425554], [-64.62722299999984, 9.419717000000105], [-64.641765, 9.424827000000107], [-64.650563, 9.42291200000011], [-64.657069, 9.425408], [-64.664037, 9.422914000000105], [-64.677052, 9.427744], [-64.684296, 9.423664], [-64.684135, 9.425986], [-64.691361, 9.43046], [-64.703724, 9.427447], [-64.711707, 9.419965], [-64.713254, 9.41313700000012], [-64.717304, 9.409672000000114], [-64.727447, 9.376761], [-64.736057, 9.375373000000138], [-64.732442, 9.368009], [-64.73899, 9.364548], [-64.7315559999999, 9.357408000000135], [-64.733266, 9.353985], [-64.727267, 9.346248000000116], [-64.731705, 9.336506000000156], [-64.732416, 9.327171000000135], [-64.735854, 9.322775], [-64.736986, 9.313108], [-64.73988899999989, 9.307353000000148], [-64.74497, 9.304418000000112], [-64.743027, 9.301262000000122], [-64.744404, 9.29671500000012], [-64.747143, 9.294021], [-64.755538, 9.292896], [-64.760448, 9.280746000000136], [-64.76454399999989, 9.28140900000011], [-64.76767499999988, 9.277765], [-64.769066, 9.268325], [-64.774298, 9.266533], [-64.767763, 9.258210000000133], [-64.76083899999986, 9.254758000000152], [-64.762109, 9.249790000000132], [-64.756139, 9.243209], [-64.73074, 9.229916000000117], [-64.729464, 9.216875], [-64.736319, 9.203813], [-64.7340119999999, 9.201299], [-64.73685299999988, 9.191338], [-64.728276, 9.181921], [-64.7271449999999, 9.174371000000122], [-64.7210649999999, 9.172268], [-64.72167899999982, 9.163179], [-64.717587, 9.15908], [-64.7144459999999, 9.160935], [-64.70652499999989, 9.152618], [-64.70118899999983, 9.155266000000154], [-64.697666, 9.150852000000157], [-64.687595, 9.15619], [-64.6861679999999, 9.153695], [-64.682912, 9.155573000000118], [-64.677347, 9.154478], [-64.665904, 9.145995], [-64.648665, 9.140850000000171], [-64.64596399999988, 9.13826900000015], [-64.646231, 9.131766000000141], [-64.642273, 9.127722], [-64.642812, 9.124549], [-64.633048, 9.113437], [-64.627504, 9.111835], [-64.62543699999986, 9.106264], [-64.616459, 9.10360100000014], [-64.61514299999988, 9.100025], [-64.605922, 9.099499], [-64.600253, 9.09162600000019], [-64.58974799999987, 9.09372500000012], [-64.58577999999983, 9.096847], [-64.57632499999983, 9.09129], [-64.56067899999988, 9.093782], [-64.554873, 9.090780000000166], [-64.546678, 9.091855000000123], [-64.5364009999999, 9.088507], [-64.516928, 9.090028000000132], [-64.509055, 9.080833000000155]]]}}, {"type": "Feature", "properties": {"parroquia": "Pueblo Nuevo", "municipio": "Santa Ana", "estado": "Anzoátegui", "pcode": "VE031702", "estado_pcode": "VE03", "municipio_pcode": "VE0317", "center_lat": 9.182244, "center_lon": -64.53527902, "area_sqkm": 169.21873276}, "geometry": {"type": "Polygon", "coordinates": [[[-64.56649999999985, 9.322476000000165], [-64.615471, 9.29307400000016], [-64.61523199999988, 9.287263], [-64.6111959999999, 9.28207], [-64.60832199999987, 9.282016], [-64.603638, 9.272531], [-64.608971, 9.24179], [-64.602557, 9.238332000000128], [-64.601103, 9.230645], [-64.59186299999988, 9.222493], [-64.59273, 9.210865000000183], [-64.586094, 9.209016000000133], [-64.58111, 9.204126], [-64.571559, 9.189197], [-64.5707139999999, 9.182517000000132], [-64.562152, 9.179919000000154], [-64.55457, 9.174215000000174], [-64.55189, 9.166419000000133], [-64.547207, 9.165822000000105], [-64.547225, 9.159942000000115], [-64.541372, 9.157169], [-64.533194, 9.147791], [-64.53284699999989, 9.133665], [-64.518681, 9.117150000000152], [-64.509055, 9.080833000000155], [-64.443691, 9.042241], [-64.48507499999988, 9.151488], [-64.56770199999983, 9.296575000000132], [-64.56649999999985, 9.322476000000165]]]}}, {"type": "Feature", "properties": {"parroquia": "El Carmen", "municipio": "Simón Bolívar", "estado": "Anzoátegui", "pcode": "VE031801", "estado_pcode": "VE03", "municipio_pcode": "VE0318", "center_lat": 10.133427, "center_lon": -64.64953427, "area_sqkm": 79.53306262}, "geometry": {"type": "Polygon", "coordinates": [[[-64.659387, 10.187766000000124], [-64.669369, 10.176866000000132], [-64.68195, 10.176925], [-64.682131, 10.174088], [-64.70908769099992, 10.171290190999969], [-64.70909909699998, 10.171221911000032], [-64.70181, 10.169647], [-64.693922, 10.160466], [-64.685962, 10.145309000000111], [-64.67016099999984, 10.079158], [-64.663435, 10.085719], [-64.65766799999989, 10.08327700000018], [-64.660128, 10.08801700000015], [-64.663174, 10.087486000000126], [-64.664834, 10.090206], [-64.659946, 10.093394000000103], [-64.664986, 10.097275], [-64.65595, 10.103527], [-64.655615, 10.110595000000103], [-64.650581, 10.111696], [-64.659062, 10.118051], [-64.654741, 10.125572], [-64.64829799999984, 10.124698], [-64.64834099999985, 10.127362], [-64.64629599999984, 10.124433000000181], [-64.64176199999986, 10.124273], [-64.643704, 10.1164], [-64.6419729999999, 10.11815700000011], [-64.639404, 10.114541], [-64.635508, 10.117688], [-64.635589, 10.112410000000125], [-64.633534, 10.115318], [-64.630396, 10.112788], [-64.632322, 10.11193100000014], [-64.630769, 10.109673], [-64.637212, 10.106723000000159], [-64.635054, 10.10719100000017], [-64.636271, 10.104107], [-64.640128, 10.10538], [-64.6395169999999, 10.103186], [-64.64483, 10.098877], [-64.64135099999987, 10.098665], [-64.64317999999986, 10.093073000000174], [-64.638917, 10.092220000000111], [-64.639896, 10.089147], [-64.636769, 10.089563000000169], [-64.634897, 10.08838], [-64.635524, 10.085361000000148], [-64.637293, 10.088956], [-64.63814799999989, 10.085372000000177], [-64.633285, 10.081425], [-64.6306919999999, 10.081537], [-64.63180099999983, 10.084178000000122], [-64.62893199999985, 10.088979000000165], [-64.624894, 10.085232000000133], [-64.620788, 10.088684000000114], [-64.617416, 10.087784], [-64.62180699999988, 10.082008], [-64.618742, 10.08090900000019], [-64.60892, 10.08973200000014], [-64.60514399999983, 10.090373], [-64.601952, 10.088448000000142], [-64.601046, 10.084103000000141], [-64.597757, 10.086353000000145], [-64.598259, 10.083203], [-64.596085, 10.084494000000177], [-64.596385, 10.088973], [-64.592564, 10.089681], [-64.586556, 10.08780000000013], [-64.585305, 10.085580000000164], [-64.58738, 10.082939000000124], [-64.57141299999984, 10.082422000000122], [-64.567203, 10.085262000000114], [-64.567662, 10.093284], [-64.593226, 10.096777], [-64.592543, 10.106274000000155], [-64.616217, 10.132831000000124], [-64.61119799999989, 10.138285], [-64.612649, 10.149601000000189], [-64.609636, 10.160847], [-64.617302, 10.167182], [-64.636938, 10.170249], [-64.659387, 10.187766000000124]]]}}, {"type": "Feature", "properties": {"parroquia": "San Cristóbal", "municipio": "Simón Bolívar", "estado": "Anzoátegui", "pcode": "VE031802", "estado_pcode": "VE03", "municipio_pcode": "VE0318", "center_lat": 10.0285, "center_lon": -64.70064874, "area_sqkm": 458.78528726}, "geometry": {"type": "Polygon", "coordinates": [[[-64.67016099999984, 10.079158], [-64.685962, 10.145309000000111], [-64.693922, 10.160466], [-64.70181, 10.169647], [-64.70909909699998, 10.171221911000032], [-64.71194255099988, 10.169592365000028], [-64.7082683189999, 10.156172009000045], [-64.7152715599999, 10.141883582000048], [-64.71412648099994, 10.13735946600002], [-64.71732658899992, 10.130836267000177], [-64.73410925599995, 10.115260754000133], [-64.76124239199993, 10.100259201000142], [-64.82102500199994, 10.085290465000071], [-64.88482823699997, 10.08525472500014], [-64.88827, 10.075209], [-64.88727, 10.068139], [-64.882765, 10.064894], [-64.882481, 10.060701000000108], [-64.877799, 10.05874400000016], [-64.884327, 10.052064], [-64.883978, 10.038443], [-64.882672, 10.034934], [-64.877463, 10.032115], [-64.875296, 10.011805], [-64.863603, 10.008758], [-64.866097, 9.98863200000011], [-64.86262939499989, 9.985603904000016], [-64.844401, 9.985177], [-64.789996, 10.042429], [-64.763554, 10.044379000000163], [-64.770679, 10.012699000000111], [-64.770556, 9.990097], [-64.752195, 9.967593], [-64.764985, 9.968846], [-64.764654, 9.958618000000115], [-64.757513, 9.948343], [-64.722493, 9.92750800000016], [-64.704582, 9.930772], [-64.64326099999988, 9.885872], [-64.575906, 9.910606], [-64.60264, 9.970153], [-64.596092, 10.016051], [-64.610709, 10.024930000000154], [-64.614504, 10.022478000000149], [-64.617824, 10.024462000000142], [-64.620515, 10.022167000000138], [-64.6256489999999, 10.024763000000178], [-64.62878, 10.023561], [-64.637403, 10.031488], [-64.645281, 10.031144], [-64.65298, 10.041481], [-64.66059, 10.041428], [-64.666099, 10.048022000000117], [-64.664882, 10.052378000000147], [-64.668944, 10.054434], [-64.66475099999985, 10.057718], [-64.66798, 10.062079], [-64.66767199999987, 10.06832], [-64.675947, 10.075347], [-64.67496299999988, 10.077841], [-64.668121, 10.07422], [-64.67016099999984, 10.079158]]]}}, {"type": "Feature", "properties": {"parroquia": "Bergantín", "municipio": "Simón Bolívar", "estado": "Anzoátegui", "pcode": "VE031803", "estado_pcode": "VE03", "municipio_pcode": "VE0318", "center_lat": 10.01895972, "center_lon": -64.38399048, "area_sqkm": 287.51680068}, "geometry": {"type": "Polygon", "coordinates": [[[-64.2731079639999, 10.078855218000058], [-64.28601994099995, 10.093033526999989], [-64.29329827899988, 10.095712553000169], [-64.32049049599993, 10.092695330000026], [-64.33238096999992, 10.08203597500011], [-64.34993775299995, 10.079530816000045], [-64.35233888699986, 10.08498794500008], [-64.3678055989999, 10.086624914000083], [-64.3688716659999, 10.090056004000132], [-64.36537944299988, 10.094820949000109], [-64.374742, 10.09407300000015], [-64.375723, 10.090956000000176], [-64.37811, 10.092057000000125], [-64.379103, 10.09003], [-64.393426, 10.086777], [-64.40932099999986, 10.092033], [-64.41535899999985, 10.088292], [-64.439109, 10.087252], [-64.441884, 10.084448], [-64.452529, 10.083595], [-64.458093, 10.081753], [-64.458988, 10.079155000000185], [-64.46076099999988, 10.080618], [-64.46330299999988, 10.075331000000176], [-64.47708399999988, 10.067455], [-64.484134, 10.07029000000017], [-64.496077, 10.058289000000173], [-64.50411099999985, 10.055631000000176], [-64.50849099999988, 10.04887600000012], [-64.517661, 10.046589], [-64.51815299999987, 10.041978], [-64.461347, 9.98753], [-64.456398, 9.979155], [-64.43805599999985, 9.974729000000139], [-64.433483, 9.96827100000013], [-64.42709799999983, 9.969988000000114], [-64.42139599999985, 9.965084], [-64.414273, 9.96467500000017], [-64.391688, 9.975929000000122], [-64.31997899999988, 9.99218900000011], [-64.18778502499993, 10.070426143000134], [-64.22954822199989, 10.062867988000164], [-64.26271371799999, 10.061524776000056], [-64.27210614599989, 10.06270575800005], [-64.2731079639999, 10.078855218000058]]]}}, {"type": "Feature", "properties": {"parroquia": "Caigua", "municipio": "Simón Bolívar", "estado": "Anzoátegui", "pcode": "VE031804", "estado_pcode": "VE03", "municipio_pcode": "VE0318", "center_lat": 9.8839255, "center_lon": -64.86278742, "area_sqkm": 315.8456065}, "geometry": {"type": "Polygon", "coordinates": [[[-64.820822, 9.890831], [-64.81845, 9.992552000000103], [-64.789996, 10.042429], [-64.844401, 9.985177], [-64.86262939499989, 9.985603904000016], [-64.948241, 9.964698000000112], [-64.90594, 9.90347], [-64.902142, 9.877276000000109], [-64.94547099999988, 9.803805000000125], [-64.9851, 9.73567], [-64.977551, 9.737569000000121], [-64.972339, 9.731617], [-64.957808, 9.733345], [-64.9482579999999, 9.721014000000139], [-64.930279, 9.719892000000186], [-64.927236, 9.714852000000121], [-64.91576699999985, 9.713566], [-64.902299, 9.719693], [-64.899004, 9.731955], [-64.891138, 9.736046000000101], [-64.887918, 9.742440000000101], [-64.87733899999989, 9.737296000000129], [-64.874219, 9.737676000000135], [-64.854395, 9.768842], [-64.820822, 9.890831]]]}}, {"type": "Feature", "properties": {"parroquia": "El Pilar", "municipio": "Simón Bolívar", "estado": "Anzoátegui", "pcode": "VE031805", "estado_pcode": "VE03", "municipio_pcode": "VE0318", "center_lat": 9.9442945, "center_lon": -64.78599944, "area_sqkm": 191.21002339}, "geometry": {"type": "Polygon", "coordinates": [[[-64.64326099999988, 9.885872], [-64.704582, 9.930772], [-64.722493, 9.92750800000016], [-64.757513, 9.948343], [-64.764654, 9.958618000000115], [-64.764985, 9.968846], [-64.752195, 9.967593], [-64.770556, 9.990097], [-64.770679, 10.012699000000111], [-64.763554, 10.044379000000163], [-64.789996, 10.042429], [-64.81845, 9.992552000000103], [-64.820822, 9.890831], [-64.761566, 9.843685], [-64.67211909499991, 9.874935071000095], [-64.64326099999988, 9.885872]]]}}, {"type": "Feature", "properties": {"parroquia": "Naricual", "municipio": "Simón Bolívar", "estado": "Anzoátegui", "pcode": "VE031806", "estado_pcode": "VE03", "municipio_pcode": "VE0318", "center_lat": 10.0242255, "center_lon": -64.554428, "area_sqkm": 364.61749781}, "geometry": {"type": "Polygon", "coordinates": [[[-64.36537944299988, 10.094820949000109], [-64.36537654799997, 10.097036219000074], [-64.38434840599996, 10.09824715000019], [-64.38572548999997, 10.102699261000055], [-64.39269683299989, 10.106884337999986], [-64.38467251199995, 10.114310581000097], [-64.39598303299994, 10.115911576000144], [-64.39917019299992, 10.12034967599999], [-64.39922027599988, 10.133747041000163], [-64.42046224899985, 10.137658037999984], [-64.42948862399999, 10.131279821000135], [-64.44368023599998, 10.126415609000162], [-64.567662, 10.093284], [-64.567203, 10.085262000000114], [-64.57141299999984, 10.082422000000122], [-64.58738, 10.082939000000124], [-64.585305, 10.085580000000164], [-64.586556, 10.08780000000013], [-64.592564, 10.089681], [-64.596385, 10.088973], [-64.596085, 10.084494000000177], [-64.598259, 10.083203], [-64.597757, 10.086353000000145], [-64.601046, 10.084103000000141], [-64.601952, 10.088448000000142], [-64.60514399999983, 10.090373], [-64.60892, 10.08973200000014], [-64.618742, 10.08090900000019], [-64.62180699999988, 10.082008], [-64.617416, 10.087784], [-64.620788, 10.088684000000114], [-64.624894, 10.085232000000133], [-64.62893199999985, 10.088979000000165], [-64.63180099999983, 10.084178000000122], [-64.6306919999999, 10.081537], [-64.633285, 10.081425], [-64.63814799999989, 10.085372000000177], [-64.637293, 10.088956], [-64.635524, 10.085361000000148], [-64.634897, 10.08838], [-64.636769, 10.089563000000169], [-64.639896, 10.089147], [-64.638917, 10.092220000000111], [-64.64317999999986, 10.093073000000174], [-64.64135099999987, 10.098665], [-64.64483, 10.098877], [-64.6395169999999, 10.103186], [-64.640128, 10.10538], [-64.636271, 10.104107], [-64.635054, 10.10719100000017], [-64.637212, 10.106723000000159], [-64.630769, 10.109673], [-64.632322, 10.11193100000014], [-64.630396, 10.112788], [-64.633534, 10.115318], [-64.635589, 10.112410000000125], [-64.635508, 10.117688], [-64.639404, 10.114541], [-64.6419729999999, 10.11815700000011], [-64.643704, 10.1164], [-64.64176199999986, 10.124273], [-64.64629599999984, 10.124433000000181], [-64.64834099999985, 10.127362], [-64.64829799999984, 10.124698], [-64.654741, 10.125572], [-64.659062, 10.118051], [-64.650581, 10.111696], [-64.655615, 10.110595000000103], [-64.65595, 10.103527], [-64.664986, 10.097275], [-64.659946, 10.093394000000103], [-64.664834, 10.090206], [-64.663174, 10.087486000000126], [-64.660128, 10.08801700000015], [-64.65766799999989, 10.08327700000018], [-64.663435, 10.085719], [-64.67016099999984, 10.079158], [-64.668121, 10.07422], [-64.67496299999988, 10.077841], [-64.675947, 10.075347], [-64.66767199999987, 10.06832], [-64.66798, 10.062079], [-64.66475099999985, 10.057718], [-64.668944, 10.054434], [-64.664882, 10.052378000000147], [-64.666099, 10.048022000000117], [-64.66059, 10.041428], [-64.65298, 10.041481], [-64.645281, 10.031144], [-64.637403, 10.031488], [-64.62878, 10.023561], [-64.6256489999999, 10.024763000000178], [-64.620515, 10.022167000000138], [-64.617824, 10.024462000000142], [-64.614504, 10.022478000000149], [-64.610709, 10.024930000000154], [-64.596092, 10.016051], [-64.60264, 9.970153], [-64.575906, 9.910606], [-64.550414, 9.919315000000154], [-64.482091, 9.935447000000124], [-64.456584, 9.941889], [-64.414273, 9.96467500000017], [-64.42139599999985, 9.965084], [-64.42709799999983, 9.969988000000114], [-64.433483, 9.96827100000013], [-64.43805599999985, 9.974729000000139], [-64.456398, 9.979155], [-64.461347, 9.98753], [-64.51815299999987, 10.041978], [-64.517661, 10.046589], [-64.50849099999988, 10.04887600000012], [-64.50411099999985, 10.055631000000176], [-64.496077, 10.058289000000173], [-64.484134, 10.07029000000017], [-64.47708399999988, 10.067455], [-64.46330299999988, 10.075331000000176], [-64.46076099999988, 10.080618], [-64.458988, 10.079155000000185], [-64.458093, 10.081753], [-64.452529, 10.083595], [-64.441884, 10.084448], [-64.439109, 10.087252], [-64.41535899999985, 10.088292], [-64.40932099999986, 10.092033], [-64.393426, 10.086777], [-64.379103, 10.09003], [-64.37811, 10.092057000000125], [-64.375723, 10.090956000000176], [-64.374742, 10.09407300000015], [-64.36537944299988, 10.094820949000109]]]}}, {"type": "Feature", "properties": {"parroquia": "Miguel Otero Silva", "municipio": "Simón Rodríguez", "estado": "Anzoátegui", "pcode": "VE031902", "estado_pcode": "VE03", "municipio_pcode": "VE0319", "center_lat": 8.7569735, "center_lon": -64.14684108, "area_sqkm": 620.58126231}, "geometry": {"type": "Polygon", "coordinates": [[[-64.28096526299998, 8.945822201], [-64.28953799999988, 8.945915000000127], [-64.29396, 8.942516000000126], [-64.30182699999989, 8.945089], [-64.323431, 8.939665000000105], [-64.328284, 8.942098000000158], [-64.333961, 8.939025], [-64.345615, 8.939127], [-64.356196, 8.82873700000016], [-64.354886, 8.824642], [-64.34755999999987, 8.819303000000104], [-64.33348499999988, 8.817972000000111], [-64.32810399999988, 8.810972], [-64.306821, 8.799516], [-64.305533, 8.795259], [-64.298089, 8.79284], [-64.291234, 8.795976], [-64.286474, 8.79515], [-64.281188, 8.791434], [-64.277257, 8.79179100000016], [-64.27224499999983, 8.786209000000156], [-64.255541, 8.777443000000119], [-64.240581, 8.775662], [-64.224271, 8.761945], [-64.214522, 8.760156000000109], [-64.20823, 8.755649], [-64.202422, 8.746055000000126], [-64.19527, 8.744549], [-64.18716299999988, 8.734343], [-64.180272, 8.691934000000117], [-64.157871, 8.672554000000162], [-64.156217, 8.663451000000123], [-64.14967899999988, 8.655589000000134], [-64.150235, 8.651630000000125], [-64.140537, 8.638655], [-64.137127, 8.638382], [-64.126293, 8.625410000000159], [-64.12544799999989, 8.627674], [-64.107229, 8.614158000000145], [-64.099841, 8.613614], [-64.098979, 8.609941000000106], [-64.094434, 8.609954], [-64.089592, 8.60516100000018], [-64.083067, 8.60829], [-64.081917, 8.603486000000146], [-64.072259, 8.603513], [-64.068546, 8.596173], [-64.040427, 8.597098], [-64.037282, 8.589474], [-64.0256179999999, 8.58272], [-64.010574, 8.586435000000108], [-64.001478, 8.585774000000129], [-63.994409999999846, 8.571349000000168], [-63.987783, 8.569313], [-63.994226, 8.576279], [-63.992106, 8.581839000000173], [-63.99344899999983, 8.587425000000167], [-63.99069999999983, 8.59189], [-63.999853, 8.612286000000154], [-63.997793999999885, 8.625709], [-64.003547, 8.645071], [-64.002108, 8.65308], [-63.997118999999884, 8.657740000000103], [-63.99837799999989, 8.660117000000128], [-64.009915, 8.677651], [-64.033943, 8.691000000000145], [-64.040152, 8.705534], [-64.0461049999999, 8.707161], [-64.18323843199988, 8.895128552000187], [-64.26551149099993, 8.89873849200012], [-64.28096526299998, 8.945822201]]]}}, {"type": "Feature", "properties": {"parroquia": "Capital Sir Arthur Mc Gregor", "municipio": "Sir Arthur Mc Gregor", "estado": "Anzoátegui", "pcode": "VE032001", "estado_pcode": "VE03", "municipio_pcode": "VE0320", "center_lat": 9.14444859, "center_lon": -64.92921992, "area_sqkm": 1180.03464954}, "geometry": {"type": "Polygon", "coordinates": [[[-64.78732199999985, 9.156523], [-64.78945199999987, 9.160281000000111], [-64.784847, 9.16118100000017], [-64.7829569999999, 9.167003000000136], [-64.787015, 9.167829], [-64.789842, 9.171902000000102], [-64.793792, 9.169926], [-64.79287099999988, 9.174939], [-64.796368, 9.178823], [-64.79505, 9.183448000000112], [-64.80185299999982, 9.182099], [-64.80635, 9.190755], [-64.81102, 9.188845], [-64.812864, 9.19540300000017], [-64.818787, 9.194013], [-64.822116, 9.200838], [-64.828344, 9.20025], [-64.83144, 9.210752], [-64.838621, 9.214638], [-64.84501099999989, 9.209890000000144], [-64.84779999999989, 9.219360000000165], [-64.845236, 9.224612], [-64.850618, 9.227259], [-64.867131, 9.184462000000167], [-64.907246, 9.191722], [-64.917594, 9.26437900000019], [-64.931273, 9.254415], [-64.950073, 9.252122], [-64.9615409999999, 9.254211000000168], [-65.007894, 9.333551000000114], [-65.015071, 9.339168000000143], [-65.029689, 9.338559], [-65.052763, 9.357119], [-65.053758, 9.366039000000171], [-65.08498, 9.351093], [-65.10860999999989, 9.350888000000168], [-65.15561999999983, 9.358896000000186], [-65.1894989999999, 9.354876000000104], [-65.20985999999988, 9.348353], [-65.22005999999988, 9.341168], [-65.246765, 9.340839], [-65.26049199999983, 9.34608900000012], [-65.31390759499988, 9.344288069000015], [-65.3118040359999, 9.341965081000012], [-65.29812742699994, 9.34099513200016], [-65.29440423899996, 9.3359770080001], [-65.29671431399998, 9.332264900999974], [-65.29354616099994, 9.33006385900012], [-65.28819793899993, 9.333386976000043], [-65.28813891899995, 9.328936863000138], [-65.28522180099998, 9.332056963000014], [-65.28302568399988, 9.327781851000168], [-65.27893751099992, 9.329294921000098], [-65.2762962999999, 9.310143427000185], [-65.27123005999994, 9.309143432000155], [-65.27535423699993, 9.30662134500011], [-65.27467718899987, 9.304036275999977], [-65.26804189299992, 9.303695302000051], [-65.26646478499993, 9.295040080000092], [-65.26173156799996, 9.294793097000024], [-65.26927588399997, 9.29120096700018], [-65.26824879999998, 9.284030789000042], [-65.27289100899998, 9.284461775000182], [-65.26995984799998, 9.277129599000148], [-65.26293350999987, 9.272754517000124], [-65.26266346799997, 9.266930375000186], [-65.26042737399996, 9.268239413000117], [-65.25507911699998, 9.264603345000012], [-65.25716419499997, 9.260038221000116], [-65.24893684299997, 9.264830386000085], [-65.2469277379999, 9.261250307000068], [-65.2419285339999, 9.264332410000065], [-65.23878737299998, 9.261062337000112], [-65.24051643899992, 9.257992252000065], [-65.23446613399989, 9.251519107000092], [-65.24101239899994, 9.245666929000151], [-65.23458210899992, 9.24493294000007], [-65.23757523599994, 9.242973873000096], [-65.23784619399999, 9.233540619999985], [-65.23494507099991, 9.233227630000044], [-65.23337001599998, 9.237741761000052], [-65.23033084399998, 9.23102959900018], [-65.22458661699994, 9.235908751000125], [-65.21802332799996, 9.235749781000095], [-65.21739128699994, 9.23298071000005], [-65.22343454399993, 9.232273668000175], [-65.21972937099997, 9.230477634000067], [-65.22170043999989, 9.226051505000044], [-65.21687823699995, 9.228328587000135], [-65.21335305899999, 9.223800492], [-65.21774224999996, 9.22446448500017], [-65.21702821599996, 9.22275145000009], [-65.20073041599989, 9.209595186000115], [-65.20242348999989, 9.20742012500017], [-65.20600064599995, 9.208070121000105], [-65.20579157499998, 9.194742772000097], [-65.19963228699999, 9.193270764000147], [-65.19876020799995, 9.185226565000107], [-65.19416201099989, 9.186606625000024], [-65.19265894199998, 9.184763575000147], [-65.19619506699996, 9.179288415000087], [-65.19113885899986, 9.18126949800012], [-65.19072379799996, 9.174849326000071], [-65.18768568699994, 9.179172462], [-65.18873969299995, 9.171337254000093], [-65.18044032199998, 9.171287286000052], [-65.1728209609999, 9.165287172000092], [-65.17100489699993, 9.169023282000126], [-65.16924480999995, 9.166954227000076], [-65.16352757099997, 9.170019341], [-65.16242450399989, 9.166498252999986], [-65.15593420399989, 9.164317225000048], [-65.15383510599992, 9.16537226600019], [-65.15478517899993, 9.16976737400006], [-65.15121900399993, 9.167900341], [-65.14903093199996, 9.171525448000011], [-65.14352868499992, 9.173028519000127], [-65.14098957299996, 9.171907504000046], [-65.14083853199998, 9.166196352000156], [-65.13885644799996, 9.167272394], [-65.13961650799996, 9.171371492999981], [-65.13613434699988, 9.170857499000078], [-65.13717737199994, 9.166349378000064], [-65.13246818299996, 9.17055150200008], [-65.12579486099997, 9.166329425000072], [-65.11688748899996, 9.170460582000032], [-65.11613243499994, 9.166889496000124], [-65.11192523599993, 9.165716481000175], [-65.10745403899989, 9.166061506], [-65.10673503399994, 9.170565629000123], [-65.10153980499996, 9.170344651000107], [-65.10246986099997, 9.172973721000062], [-65.09916969399995, 9.169817644000148], [-65.09752763699998, 9.172496724000098], [-65.0875521829999, 9.171842761999983], [-65.08248563399991, 9.167079594000086], [-65.08447000299998, 9.16287954600017], [-65.07836471399992, 9.15970649000019], [-65.07529057699992, 9.160656527000185], [-65.07705462899997, 9.153938346000075], [-65.07406350199994, 9.15621741700005], [-65.07117736899994, 9.155007407000141], [-65.07259940699993, 9.14895823300003], [-65.07025131299997, 9.152860348000047], [-65.06959327699997, 9.149631273000125], [-65.0630229709999, 9.14871227700013], [-65.06261493699998, 9.144976179000082], [-65.04616516699997, 9.136677043000134], [-65.04569812799997, 9.134019980000119], [-65.04444908099993, 9.13660205500014], [-65.04178394999985, 9.134427015000142], [-65.0389068319999, 9.136429078000106], [-65.03010743499988, 9.135073089000116], [-65.02070794299993, 9.12000073500019], [-65.01669275799992, 9.119466747000047], [-65.01338662699993, 9.122666846000072], [-65.0100534739999, 9.120864815000118], [-65.01244556899996, 9.118981752000025], [-65.00660928199994, 9.114818668000169], [-65.00129404599983, 9.114493687], [-64.99693586799998, 9.117529786000148], [-64.99318668499996, 9.11429172600009], [-64.98501732799991, 9.115146783000057], [-64.98402125699994, 9.111455695000188], [-64.97616488299985, 9.106842608000136], [-64.97999003699988, 9.103626507000058], [-64.97108861399994, 9.098422420000134], [-64.96853748199999, 9.094028311999978], [-64.96638634699997, 9.086830137000106], [-64.97229460299997, 9.083532030000185], [-64.96978346099996, 9.078218894000031], [-64.97129951999989, 9.076188836000085], [-64.96708733799989, 9.076558869999985], [-64.96731732499984, 9.0725387600001], [-64.96395916899996, 9.07242177600017], [-64.96454719399998, 9.070098715000086], [-64.96206407599993, 9.06928670700006], [-64.9606690199999, 9.072074779000161], [-64.95911291599992, 9.063654574000054], [-64.96123300199991, 9.062034520000111], [-64.95509370799982, 9.057754437000085], [-64.94570029199986, 9.059121524000147], [-64.94519624999998, 9.056023437000079], [-64.94757335199995, 9.054699393000135], [-64.9464972539999, 9.045313152], [-64.94115202199993, 9.045919201000174], [-64.94894832699993, 9.036983924000083], [-64.94667420699994, 9.032311814000025], [-64.95168538199988, 9.022405537999987], [-64.95676759599996, 9.020467464000035], [-64.9574435749999, 9.00976117900018], [-64.95165832499998, 9.010141224999984], [-64.94817014799992, 9.007727176], [-64.94582805699986, 9.01091127], [-64.94253590799997, 9.010150268000132], [-64.94414996299992, 9.005249131000085], [-64.93983375399995, 9.003621114000111], [-64.93980273399995, 8.998384973000043], [-64.93509551599993, 8.997195961000045], [-64.93750361299993, 8.995694915], [-64.93424046399997, 8.993202865000057], [-64.93383941299999, 8.988357742000176], [-64.93119430699988, 8.989513784999986], [-64.92532502699993, 8.985464708999984], [-64.9233229429999, 8.98831379000012], [-64.92398094999993, 8.983112649000077], [-64.91915475799993, 8.987578796000037], [-64.90841825899986, 8.984341762999975], [-64.90658518999999, 8.985671799999977], [-64.90441505699994, 8.979697652000027], [-64.90218596199998, 8.980824698000049], [-64.89665367399988, 8.971715487000154], [-64.88985337299988, 8.973261560000083], [-64.89035037499997, 8.968130426000073], [-64.88760124699996, 8.968160440000077], [-64.88615115099998, 8.960431247000145], [-64.88235399099995, 8.96178329999998], [-64.88308299799996, 8.956695162000187], [-64.87625565799993, 8.949507014000176], [-64.87489857799994, 8.945959924000135], [-64.87745568199995, 8.943127845], [-64.87482056299996, 8.943018852000137], [-64.87522955999998, 8.9403247730001], [-64.86703118399993, 8.936645721000161], [-64.8601768829999, 8.939523833000067], [-64.85709372899998, 8.93443270900002], [-64.85486062399997, 8.933031681000045], [-64.85222951399993, 8.935427761000085], [-64.84581417499999, 8.92570554200006], [-64.83914427399998, 8.922852867000017], [-64.821045, 8.929762000000153], [-64.811545, 8.925359000000185], [-64.796642, 8.929680000000133], [-64.770051, 8.928171000000134], [-64.7556009999999, 8.923176], [-64.74043482099995, 8.925653902000079], [-64.746142, 8.935347], [-64.754408, 8.942447], [-64.755574, 8.948984], [-64.753546, 8.953538], [-64.775431, 8.966315000000122], [-64.78323499999982, 8.967772], [-64.78859, 8.97346000000016], [-64.790553, 8.988264], [-64.775964, 8.999846], [-64.781967, 9.014537000000189], [-64.79188, 9.027619], [-64.790848, 9.037662], [-64.793736, 9.04476700000015], [-64.803599, 9.060811000000172], [-64.8106939999999, 9.066513000000157], [-64.811786, 9.075326000000132], [-64.8182379999999, 9.081812000000127], [-64.80307199999987, 9.102963000000102], [-64.804328, 9.116163], [-64.802655, 9.123408], [-64.798484, 9.127199], [-64.79789, 9.132761], [-64.8011499999999, 9.135797], [-64.795857, 9.145957000000124], [-64.797363, 9.149991000000114], [-64.787705, 9.150483000000179], [-64.78732199999985, 9.156523]]]}}, {"type": "Feature", "properties": {"parroquia": "Tomas Alfaro Calatrava", "municipio": "Sir Arthur Mc Gregor", "estado": "Anzoátegui", "pcode": "VE032002", "estado_pcode": "VE03", "municipio_pcode": "VE0320", "center_lat": 9.39038717, "center_lon": -65.16852519, "area_sqkm": 163.89647561}, "geometry": {"type": "Polygon", "coordinates": [[[-65.20147897599992, 9.438375390999965], [-65.2038257019999, 9.436309099000084], [-65.20832693199986, 9.439992176999965], [-65.21414616699997, 9.437354074000098], [-65.21457317799991, 9.435607023000046], [-65.21010298699997, 9.435871058000146], [-65.2080858789999, 9.43290399000017], [-65.21310306999999, 9.425338767000085], [-65.22367555099999, 9.428951809000068], [-65.22889973199995, 9.418264501000067], [-65.23792911999993, 9.41424734900005], [-65.23839412099994, 9.411513275000175], [-65.23130877999995, 9.406291169000099], [-65.23076473599997, 9.40191306200012], [-65.23556795199994, 9.40272505900009], [-65.23957309699995, 9.396360868000102], [-65.24438533199987, 9.401233972000057], [-65.25267470599988, 9.40047991300014], [-65.25349573299997, 9.398844858000075], [-65.2472604169999, 9.392606729000079], [-65.2490834809999, 9.388760620000085], [-65.25849192699997, 9.394652723999968], [-65.2668252869999, 9.390618583000048], [-65.27259447799986, 9.378963241000065], [-65.28488104599995, 9.382583274000012], [-65.28952119799987, 9.37162496999997], [-65.2915072799999, 9.37089794000002], [-65.29830061899997, 9.37726907700005], [-65.30900206499996, 9.37096585900008], [-65.30693094499992, 9.366966761000128], [-65.29771553799998, 9.367820832000177], [-65.29322828599993, 9.357094574000143], [-65.28748600599988, 9.351771462000045], [-65.29094315199995, 9.349449379000077], [-65.30302470399994, 9.353690431000132], [-65.31158806999997, 9.349699286000032], [-65.31390759499988, 9.344288069000015], [-65.26049199999983, 9.34608900000012], [-65.246765, 9.340839], [-65.22005999999988, 9.341168], [-65.20985999999988, 9.348353], [-65.1894989999999, 9.354876000000104], [-65.15561999999983, 9.358896000000186], [-65.10860999999989, 9.350888000000168], [-65.08498, 9.351093], [-65.053758, 9.366039000000171], [-65.06598, 9.373982000000126], [-65.069422, 9.37895900000018], [-65.088925, 9.387032], [-65.08963, 9.391478], [-65.100599, 9.39860300000015], [-65.10522999999989, 9.405129000000102], [-65.125205, 9.416456], [-65.134947, 9.414502], [-65.1400589999999, 9.419374000000118], [-65.148918, 9.42011], [-65.152602, 9.429124], [-65.16286, 9.434003000000132], [-65.1680889999999, 9.432839000000115], [-65.169399, 9.428354], [-65.177639, 9.430013], [-65.184737, 9.42493300000018], [-65.19743, 9.432959], [-65.194578, 9.435757000000137], [-65.199178, 9.437213000000156], [-65.200994, 9.43529500000011], [-65.20147897599992, 9.438375390999965]]]}}, {"type": "Feature", "properties": {"parroquia": "Capital Diego Bautista Urbaneja", "municipio": "Diego Bautista Urbaneja", "estado": "Anzoátegui", "pcode": "VE032101", "estado_pcode": "VE03", "municipio_pcode": "VE0321", "center_lat": 10.18926748, "center_lon": -64.69196465, "area_sqkm": 4.89045632}, "geometry": {"type": "Polygon", "coordinates": [[[-64.682131, 10.174088], [-64.690523, 10.202216], [-64.70859468599991, 10.207152661000066], [-64.71069921399993, 10.204993102000174], [-64.70706351399997, 10.202178278000133], [-64.70743454399991, 10.205021357000078], [-64.70351137099993, 10.204187350000097], [-64.7064144819999, 10.202324289000046], [-64.70327435099995, 10.204127349000032], [-64.6989991499999, 10.202324329000021], [-64.69629399299998, 10.194626137000114], [-64.70057609999992, 10.179156681], [-64.70908769099992, 10.171290190999969], [-64.682131, 10.174088]]]}}, {"type": "Feature", "properties": {"parroquia": "El Morro", "municipio": "Diego Bautista Urbaneja", "estado": "Anzoátegui", "pcode": "VE032102", "estado_pcode": "VE03", "municipio_pcode": "VE0321", "center_lat": 10.2914495, "center_lon": -64.74473772, "area_sqkm": 16.78026889}, "geometry": {"type": "MultiPolygon", "coordinates": [[[[-64.72971799999988, 10.308137000000158], [-64.732084, 10.311039000000108], [-64.743081, 10.311751], [-64.744868, 10.306697], [-64.750123, 10.3024190000001], [-64.750489, 10.29778000000016], [-64.756568, 10.294805], [-64.75762699999984, 10.287942], [-64.76303999999988, 10.290213], [-64.758817, 10.284405000000163], [-64.7529219999999, 10.285161000000187], [-64.744192, 10.2761670000001], [-64.743537, 10.271033], [-64.73465, 10.278668], [-64.728055, 10.304121], [-64.72971799999988, 10.308137000000158]]], [[[-64.67843615099991, 10.202793997000185], [-64.7065573939999, 10.206645748000085], [-64.70671562599995, 10.225054911000143], [-64.71132980499982, 10.220207754000114], [-64.71081374799991, 10.21321756900005], [-64.71411187899997, 10.211395492000179], [-64.71095171599995, 10.206817393], [-64.71345782199995, 10.205069324000078], [-64.71069921399993, 10.204993102000174], [-64.70859468599991, 10.207152661000066], [-64.690523, 10.202216], [-64.682131, 10.174088], [-64.68195, 10.176925], [-64.669369, 10.176866000000132], [-64.659387, 10.187766000000124], [-64.67843615099991, 10.202793997000185]]], [[[-64.760726, 10.247101], [-64.762891, 10.250408000000107], [-64.762864, 10.247284], [-64.760726, 10.247101]]], [[[-64.744688, 10.263062000000104], [-64.74134, 10.264199], [-64.746573, 10.269193], [-64.752132, 10.26491300000015], [-64.751395, 10.262198], [-64.744688, 10.263062000000104]]]]}}, {"type": "Feature", "properties": {"parroquia": "Guanta", "municipio": "Guanta", "estado": "Anzoátegui", "pcode": "VE030601", "estado_pcode": "VE03", "municipio_pcode": "VE0306", "center_lat": 10.2917075, "center_lon": -64.64158279, "area_sqkm": 20.82855507}, "geometry": {"type": "MultiPolygon", "coordinates": [[[[-64.632881, 10.30179900000013], [-64.634019, 10.303906], [-64.645693, 10.300383], [-64.652835, 10.302641000000165], [-64.66575599999987, 10.30213], [-64.66816199999988, 10.297877], [-64.664454, 10.292668000000106], [-64.671048, 10.29029400000013], [-64.675178, 10.285322000000178], [-64.660334, 10.286958], [-64.65895599999988, 10.292411000000186], [-64.650088, 10.290671], [-64.649752, 10.287147000000175], [-64.64341899999982, 10.284277], [-64.638537, 10.28815800000018], [-64.637321, 10.285335], [-64.626124, 10.284924000000103], [-64.629654, 10.281166], [-64.627835, 10.27906], [-64.62234, 10.282638000000134], [-64.62018, 10.279833], [-64.611631, 10.279803], [-64.6092349999999, 10.285366], [-64.619953, 10.289208], [-64.628093, 10.289040000000114], [-64.62184, 10.295743000000186], [-64.628568, 10.297199], [-64.632881, 10.30179900000013]]], [[[-64.58134945299997, 10.241808392000166], [-64.58351919799998, 10.246034160000022], [-64.57887098899988, 10.247299210999984], [-64.5783540079999, 10.255281442000069], [-64.59229463299988, 10.254601339000033], [-64.58640332299996, 10.245116120000091], [-64.5894964439999, 10.242531026999984], [-64.59769084099997, 10.246429085000102], [-64.60201902599988, 10.245011027000032], [-64.60196703199995, 10.247621102000096], [-64.60435513099992, 10.245968038000058], [-64.60171103699997, 10.250623188000134], [-64.5983638919999, 10.250952211000083], [-64.59803190299988, 10.255424339000115], [-64.60098804899997, 10.25723737100003], [-64.60457419999994, 10.25682234200002], [-64.60473819099991, 10.253662246000033], [-64.62393005899997, 10.254535171000043], [-64.62773421399993, 10.252052080000055], [-64.62858725099994, 10.250292028000104], [-64.62444106899989, 10.25108007900019], [-64.6194058239999, 10.248418023], [-64.61728874899995, 10.251160116000165], [-64.60866535599996, 10.251338169000064], [-64.60885433899995, 10.246986045000028], [-64.61525163199991, 10.246401993000177], [-64.6126925079999, 10.245096975000024], [-64.61326252099991, 10.24269890100004], [-64.61823412799993, 10.241325327000084], [-64.603004, 10.227829], [-64.587185, 10.240564], [-64.58134945299997, 10.241808392000166]]], [[[-64.614942, 10.274233000000152], [-64.627968, 10.274226000000112], [-64.635371, 10.271243], [-64.639826, 10.268584], [-64.63684699999988, 10.265283000000181], [-64.63430799999986, 10.265909000000136], [-64.636502, 10.26055], [-64.64339399999989, 10.257267], [-64.64083, 10.254971000000182], [-64.63555399999984, 10.256728], [-64.631467, 10.266839000000175], [-64.62859999999989, 10.264747], [-64.617643, 10.268668000000162], [-64.614942, 10.274233000000152]]], [[[-64.574983, 10.292907000000184], [-64.5767489999999, 10.293616], [-64.57363, 10.291818000000148], [-64.574983, 10.292907000000184]]], [[[-64.597092, 10.293528], [-64.599139, 10.295023000000128], [-64.608681, 10.292122], [-64.601621, 10.287544], [-64.58659, 10.291295], [-64.597092, 10.293528]]], [[[-64.674967, 10.296409], [-64.67675, 10.302541], [-64.680418, 10.303014000000132], [-64.683022, 10.298054], [-64.679689, 10.289315000000158], [-64.678818, 10.294462], [-64.674967, 10.296409]]]]}}, {"type": "Feature", "properties": {"parroquia": "Edmundo Barrios", "municipio": "Simón Rodríguez", "estado": "Anzoátegui", "pcode": "VE031901", "estado_pcode": "VE03", "municipio_pcode": "VE0319", "center_lat": 8.91355875, "center_lon": -64.23356139, "area_sqkm": 33.51716347}, "geometry": {"type": "Polygon", "coordinates": [[[-64.18323843199988, 8.895128552000187], [-64.20785690299988, 8.928872867000052], [-64.232217, 8.930505], [-64.241002, 8.935802], [-64.249295, 8.932577], [-64.262116, 8.936572000000183], [-64.277057, 8.946191], [-64.28096526299998, 8.945822201], [-64.26551149099993, 8.89873849200012], [-64.18323843199988, 8.895128552000187]]]}}, {"type": "Feature", "properties": {"parroquia": "Cachipo", "municipio": "Aragua", "estado": "Anzoátegui", "pcode": "VE030202", "estado_pcode": "VE03", "municipio_pcode": "VE0302", "center_lat": 8.9960545, "center_lon": -64.60234983, "area_sqkm": 904.5090657}, "geometry": {"type": "Polygon", "coordinates": [[[-64.72167899999982, 9.163179], [-64.734791, 9.157583000000159], [-64.7383109999999, 9.153337], [-64.740368, 9.143930000000125], [-64.749662, 9.148977], [-64.762481, 9.150719000000151], [-64.773277, 9.146707], [-64.77954299999988, 9.15310200000016], [-64.78732199999985, 9.156523], [-64.787705, 9.150483000000179], [-64.797363, 9.149991000000114], [-64.795857, 9.145957000000124], [-64.8011499999999, 9.135797], [-64.79789, 9.132761], [-64.798484, 9.127199], [-64.802655, 9.123408], [-64.804328, 9.116163], [-64.80307199999987, 9.102963000000102], [-64.8182379999999, 9.081812000000127], [-64.811786, 9.075326000000132], [-64.8106939999999, 9.066513000000157], [-64.803599, 9.060811000000172], [-64.793736, 9.04476700000015], [-64.790848, 9.037662], [-64.79188, 9.027619], [-64.781967, 9.014537000000189], [-64.775964, 8.999846], [-64.790553, 8.988264], [-64.78859, 8.97346000000016], [-64.78323499999982, 8.967772], [-64.775431, 8.966315000000122], [-64.753546, 8.953538], [-64.755574, 8.948984], [-64.754408, 8.942447], [-64.746142, 8.935347], [-64.74043482099995, 8.925653902000079], [-64.63247599999988, 8.950128], [-64.356196, 8.82873700000016], [-64.443052, 9.042889000000173], [-64.443691, 9.042241], [-64.509055, 9.080833000000155], [-64.516928, 9.090028000000132], [-64.5364009999999, 9.088507], [-64.546678, 9.091855000000123], [-64.554873, 9.090780000000166], [-64.56067899999988, 9.093782], [-64.57632499999983, 9.09129], [-64.58577999999983, 9.096847], [-64.58974799999987, 9.09372500000012], [-64.600253, 9.09162600000019], [-64.605922, 9.099499], [-64.61514299999988, 9.100025], [-64.616459, 9.10360100000014], [-64.62543699999986, 9.106264], [-64.627504, 9.111835], [-64.633048, 9.113437], [-64.642812, 9.124549], [-64.642273, 9.127722], [-64.646231, 9.131766000000141], [-64.64596399999988, 9.13826900000015], [-64.648665, 9.140850000000171], [-64.665904, 9.145995], [-64.677347, 9.154478], [-64.682912, 9.155573000000118], [-64.6861679999999, 9.153695], [-64.687595, 9.15619], [-64.697666, 9.150852000000157], [-64.70118899999983, 9.155266000000154], [-64.70652499999989, 9.152618], [-64.7144459999999, 9.160935], [-64.717587, 9.15908], [-64.72167899999982, 9.163179]]]}}]}