{"type": "FeatureCollection", "features": [{"type": "Feature", "properties": {"parroquia": "Urbana Achaguas", "municipio": "Achaguas", "estado": "Apure", "pcode": "VE040101", "estado_pcode": "VE04", "municipio_pcode": "VE0401", "center_lat": 7.6576605, "center_lon": -68.30057529, "area_sqkm": 2133.59064637}, "geometry": {"type": "Polygon", "coordinates": [[[-68.14417886699994, 7.897676132000129], [-68.15048803699995, 7.899121189000084], [-68.15566327999994, 7.903846273000056], [-68.16774680799995, 7.905800262000184], [-68.17706518299991, 7.901403121000044], [-68.18505654199998, 7.90379114000001], [-68.19683202499994, 7.900150002000032], [-68.20239827999995, 7.902720034000026], [-68.21651484099993, 7.895274802000074], [-68.21732289199991, 7.898186866000117], [-68.22249812299992, 7.900503886000024], [-68.21895699899994, 7.905752030000087], [-68.22254017699993, 7.911347141000022], [-68.22904746199993, 7.911853115000156], [-68.23286160199996, 7.906535982000094], [-68.24025989299997, 7.902480849000085], [-68.24878830799997, 7.912570050000056], [-68.25876472999994, 7.912090987000113], [-68.26410296599994, 7.914706027000136], [-68.26449302399988, 7.923578220000138], [-68.26914422399994, 7.923991208000189], [-68.27248035199995, 7.921150136000108], [-68.27249932299998, 7.914134970000021], [-68.27923059599988, 7.909825845000114], [-68.28122567899993, 7.910078838000175], [-68.28354082399989, 7.919203042000163], [-68.29057813899988, 7.922231072000045], [-68.29416727499995, 7.919549001000064], [-68.29699636399988, 7.912052818000063], [-68.30448367199989, 7.909392724000043], [-68.30746677399998, 7.904007588000184], [-68.32446846399984, 7.896719335000114], [-68.32767954099995, 7.884271045000105], [-68.33743495899995, 7.884524003000024], [-68.34312031599995, 7.881262443000026], [-68.620151, 7.595322], [-68.68065799999988, 7.531026], [-68.681809, 7.527084000000173], [-68.683453, 7.528323000000171], [-68.68529199999989, 7.521021000000133], [-68.699457, 7.505005000000153], [-68.697007, 7.495391000000154], [-68.70465399999989, 7.487646], [-68.704168, 7.484685000000184], [-68.69711499999988, 7.484625], [-68.69427799999988, 7.482286000000101], [-68.694529, 7.477902], [-68.704298, 7.472726000000137], [-68.69578799999988, 7.465804000000105], [-68.691185, 7.475565000000188], [-68.683322, 7.471718], [-68.681179, 7.47312], [-68.680975, 7.478882], [-68.677979, 7.478541], [-68.6797949999999, 7.472020000000157], [-68.675023, 7.470166], [-68.67113199999989, 7.477125000000115], [-68.657604, 7.480493], [-68.652444, 7.486328], [-68.63751, 7.491532], [-68.635115, 7.494954], [-68.622529, 7.494692], [-68.614583, 7.505695], [-68.598149, 7.510370000000137], [-68.59349199999986, 7.509342000000174], [-68.589597, 7.513524000000132], [-68.579524, 7.512913], [-68.57754499999987, 7.521224], [-68.569917, 7.526854000000128], [-68.5666, 7.532642000000124], [-68.558209, 7.534898000000112], [-68.558028, 7.544332000000168], [-68.540998, 7.559611], [-68.536041, 7.560052], [-68.533848, 7.551423000000113], [-68.52485599999989, 7.5456], [-68.52109799999982, 7.546177], [-68.51022, 7.560095], [-68.491265, 7.566127000000108], [-68.481107, 7.576623], [-68.47840899999983, 7.576469000000145], [-68.468895, 7.56321400000013], [-68.46225599999985, 7.565916], [-68.455774, 7.562852], [-68.443719, 7.566645000000165], [-68.43145, 7.565569000000153], [-68.42160799999988, 7.569266000000141], [-68.423804, 7.575164], [-68.409596, 7.577595], [-68.401637, 7.56650500000012], [-68.39204299999989, 7.565124], [-68.38832499999984, 7.558446000000174], [-68.379934, 7.559864], [-68.37642299999987, 7.552131], [-68.36736, 7.551529000000187], [-68.36180599999989, 7.55464], [-68.36097199999989, 7.5492670000001], [-68.3562189999999, 7.544935000000123], [-68.353083, 7.545079000000158], [-68.35430199999985, 7.540323], [-68.34984499999985, 7.532591], [-68.33006699999987, 7.536924], [-68.325845, 7.534291000000167], [-68.31586299999987, 7.536354000000131], [-68.311709, 7.529494], [-68.297668, 7.530186000000128], [-68.296144, 7.526904], [-68.27958599999988, 7.520985], [-68.271397, 7.511789000000135], [-68.261621, 7.509923], [-68.25641, 7.511425], [-68.254587, 7.50672], [-68.243821, 7.506945], [-68.237716, 7.516005], [-68.229208, 7.515629], [-68.22586399999989, 7.512488], [-68.219895, 7.516976000000113], [-68.211823, 7.511661], [-68.211636, 7.506356], [-68.207416, 7.503675], [-68.20649099999986, 7.496649000000104], [-68.19657599999988, 7.489935], [-68.187955, 7.495783], [-68.187888, 7.499182], [-68.190216, 7.499500000000126], [-68.189943, 7.507654000000116], [-68.183535, 7.50957], [-68.18770499999988, 7.502513], [-68.171731, 7.507246000000123], [-68.169238, 7.497466], [-68.1654319999999, 7.49519800000013], [-68.161077, 7.500923], [-68.147822, 7.50177], [-68.142447, 7.491741000000104], [-68.132487, 7.487599], [-68.127579, 7.492498], [-68.12040899999988, 7.493565], [-68.1007019999999, 7.5065], [-68.08408, 7.503170000000182], [-68.074607, 7.509063], [-68.068589, 7.507693000000131], [-68.063656, 7.511811], [-68.04906399999987, 7.514953000000105], [-68.05097799999987, 7.524045], [-68.044707, 7.528578000000152], [-68.04102599999987, 7.535448000000144], [-68.040292, 7.804892], [-68.042255, 7.855916], [-68.041584, 7.862714], [-68.038196, 7.862493], [-68.0396631889999, 7.875906161000046], [-68.04374834999999, 7.87390609800002], [-68.04845056699992, 7.877257145999977], [-68.05517482499994, 7.869787954000174], [-68.06646230099994, 7.867732848000117], [-68.06758136899998, 7.872135948000107], [-68.07790281399991, 7.87418295100008], [-68.08108397999996, 7.878815038000084], [-68.09625664899988, 7.883020060000035], [-68.10949427299988, 7.897425335000094], [-68.12443494599984, 7.903531401000123], [-68.14417886699994, 7.897676132000129]]]}}, {"type": "Feature", "properties": {"parroquia": "El Yagual", "municipio": "Achaguas", "estado": "Apure", "pcode": "VE040103", "estado_pcode": "VE04", "municipio_pcode": "VE0401", "center_lat": 7.3511565, "center_lon": -68.50836158, "area_sqkm": 2787.85691417}, "geometry": {"type": "Polygon", "coordinates": [[[-68.929413, 7.145928], [-68.91351799999984, 7.148854], [-68.904496, 7.147538], [-68.896711, 7.15301], [-68.890849, 7.153233000000171], [-68.884098, 7.144767000000115], [-68.87579299999987, 7.141961], [-68.858327, 7.138527], [-68.84962599999983, 7.139275000000112], [-68.84201799999988, 7.133878000000152], [-68.83167799999984, 7.134165], [-68.8213, 7.145615000000134], [-68.809138, 7.145394000000124], [-68.799809, 7.148775000000114], [-68.78824999999989, 7.161505], [-68.605104, 7.240292000000181], [-68.37854, 7.318734], [-68.301131, 7.331998], [-68.300258, 7.327805], [-68.281942, 7.3387120000001], [-68.274239, 7.337699000000157], [-68.255409, 7.341207000000168], [-68.250784, 7.331512], [-68.25384, 7.325566], [-68.25061, 7.318928], [-68.24259599999988, 7.31603900000016], [-68.242296, 7.312307], [-68.23551699999985, 7.312622], [-68.238116, 7.298089000000175], [-68.2311059999999, 7.299746000000141], [-68.225892, 7.294456000000139], [-68.226217, 7.290979], [-68.21986299999986, 7.288709], [-68.216339, 7.289736], [-68.2138, 7.296259000000134], [-68.208134, 7.295431000000178], [-68.2091999999999, 7.289274], [-68.197075, 7.301102], [-68.189316, 7.299013], [-68.18341599999985, 7.302901], [-68.180023, 7.310247], [-68.17056, 7.308385000000158], [-68.172998, 7.311088000000154], [-68.169978, 7.313467000000173], [-68.1693489999999, 7.320082000000184], [-68.166931, 7.32063], [-68.163204, 7.316667], [-68.154788, 7.325245000000166], [-68.15359199999983, 7.323298], [-68.144863, 7.323863], [-68.14560399999988, 7.320956], [-68.13614199999984, 7.31724], [-68.129724, 7.311352000000113], [-68.11394699999988, 7.312208000000112], [-68.104077, 7.316061], [-68.097545, 7.313982000000124], [-68.08096399999988, 7.316017000000102], [-68.039286, 7.52640700000012], [-68.04102599999987, 7.535448000000144], [-68.044707, 7.528578000000152], [-68.05097799999987, 7.524045], [-68.04906399999987, 7.514953000000105], [-68.063656, 7.511811], [-68.068589, 7.507693000000131], [-68.074607, 7.509063], [-68.08408, 7.503170000000182], [-68.1007019999999, 7.5065], [-68.12040899999988, 7.493565], [-68.127579, 7.492498], [-68.132487, 7.487599], [-68.142447, 7.491741000000104], [-68.147822, 7.50177], [-68.161077, 7.500923], [-68.1654319999999, 7.49519800000013], [-68.169238, 7.497466], [-68.171731, 7.507246000000123], [-68.18770499999988, 7.502513], [-68.183535, 7.50957], [-68.189943, 7.507654000000116], [-68.190216, 7.499500000000126], [-68.187888, 7.499182], [-68.187955, 7.495783], [-68.19657599999988, 7.489935], [-68.20649099999986, 7.496649000000104], [-68.207416, 7.503675], [-68.211636, 7.506356], [-68.211823, 7.511661], [-68.219895, 7.516976000000113], [-68.22586399999989, 7.512488], [-68.229208, 7.515629], [-68.237716, 7.516005], [-68.243821, 7.506945], [-68.254587, 7.50672], [-68.25641, 7.511425], [-68.261621, 7.509923], [-68.271397, 7.511789000000135], [-68.27958599999988, 7.520985], [-68.296144, 7.526904], [-68.297668, 7.530186000000128], [-68.311709, 7.529494], [-68.31586299999987, 7.536354000000131], [-68.325845, 7.534291000000167], [-68.33006699999987, 7.536924], [-68.34984499999985, 7.532591], [-68.35430199999985, 7.540323], [-68.353083, 7.545079000000158], [-68.3562189999999, 7.544935000000123], [-68.36097199999989, 7.5492670000001], [-68.36180599999989, 7.55464], [-68.36736, 7.551529000000187], [-68.37642299999987, 7.552131], [-68.379934, 7.559864], [-68.38832499999984, 7.558446000000174], [-68.39204299999989, 7.565124], [-68.401637, 7.56650500000012], [-68.409596, 7.577595], [-68.423804, 7.575164], [-68.42160799999988, 7.569266000000141], [-68.43145, 7.565569000000153], [-68.443719, 7.566645000000165], [-68.455774, 7.562852], [-68.46225599999985, 7.565916], [-68.468895, 7.56321400000013], [-68.47840899999983, 7.576469000000145], [-68.481107, 7.576623], [-68.491265, 7.566127000000108], [-68.51022, 7.560095], [-68.52109799999982, 7.546177], [-68.52485599999989, 7.5456], [-68.533848, 7.551423000000113], [-68.536041, 7.560052], [-68.540998, 7.559611], [-68.558028, 7.544332000000168], [-68.558209, 7.534898000000112], [-68.5666, 7.532642000000124], [-68.569917, 7.526854000000128], [-68.57754499999987, 7.521224], [-68.579524, 7.512913], [-68.589597, 7.513524000000132], [-68.59349199999986, 7.509342000000174], [-68.598149, 7.510370000000137], [-68.614583, 7.505695], [-68.622529, 7.494692], [-68.635115, 7.494954], [-68.63751, 7.491532], [-68.652444, 7.486328], [-68.657604, 7.480493], [-68.67113199999989, 7.477125000000115], [-68.675023, 7.470166], [-68.6797949999999, 7.472020000000157], [-68.677979, 7.478541], [-68.680975, 7.478882], [-68.681179, 7.47312], [-68.683322, 7.471718], [-68.691185, 7.475565000000188], [-68.69578799999988, 7.465804000000105], [-68.704298, 7.472726000000137], [-68.694529, 7.477902], [-68.69427799999988, 7.482286000000101], [-68.69711499999988, 7.484625], [-68.704168, 7.484685000000184], [-68.70465399999989, 7.487646], [-68.697007, 7.495391000000154], [-68.699457, 7.505005000000153], [-68.68529199999989, 7.521021000000133], [-68.683453, 7.528323000000171], [-68.693425, 7.524437], [-68.7000369999999, 7.524575], [-68.698671, 7.52182], [-68.70297, 7.520535000000109], [-68.703922, 7.526090000000181], [-68.7118, 7.51863], [-68.7155719999999, 7.522877], [-68.719085, 7.522257], [-68.721994, 7.517047000000161], [-68.72377599999987, 7.519273000000112], [-68.732214, 7.519044000000179], [-68.732264, 7.523014], [-68.740816, 7.520994], [-68.745804, 7.515187], [-68.758098, 7.508530000000121], [-68.758742, 7.504674000000136], [-68.762185, 7.502769], [-68.762526, 7.496111], [-68.760304, 7.493173000000127], [-68.763634, 7.49354000000011], [-68.765741, 7.49792500000018], [-68.77091899999988, 7.497763], [-68.773484, 7.496477], [-68.77199999999988, 7.491589000000147], [-68.778309, 7.489752], [-68.783195, 7.498289000000113], [-68.797197, 7.490805000000137], [-68.79694, 7.487660000000119], [-68.79973499999988, 7.485984], [-68.80235, 7.488577], [-68.80539999999985, 7.486695], [-68.810835, 7.488874], [-68.824172, 7.488435000000152], [-68.833737, 7.481960000000129], [-68.83468099999988, 7.478907000000106], [-68.84055199999989, 7.478424000000132], [-68.840316, 7.47342], [-68.84343299999989, 7.469678000000158], [-68.847039, 7.470067], [-68.845972, 7.466441], [-68.854782, 7.468733000000157], [-68.856997, 7.464623], [-68.863143, 7.462464000000125], [-68.872045, 7.465192], [-68.879968, 7.458923], [-68.888634, 7.45768], [-68.891172, 7.453158], [-68.89660999999984, 7.459032], [-68.89465, 7.462728000000141], [-68.899345, 7.465297], [-68.89807599999989, 7.467684], [-68.895025, 7.46741], [-68.897663, 7.470232000000181], [-68.902746, 7.466718], [-68.90676799999983, 7.467291], [-68.908842, 7.461666], [-68.915312, 7.460217], [-68.917788, 7.461984], [-68.922559, 7.428859], [-68.95326099999988, 7.308146], [-68.955409, 7.288872], [-68.929413, 7.145928]]]}}, {"type": "Feature", "properties": {"parroquia": "Guachara", "municipio": "Achaguas", "estado": "Apure", "pcode": "VE040104", "estado_pcode": "VE04", "municipio_pcode": "VE0401", "center_lat": 6.93214, "center_lon": -68.48867037, "area_sqkm": 6431.52368219}, "geometry": {"type": "Polygon", "coordinates": [[[-68.08096399999988, 7.316017000000102], [-68.097545, 7.313982000000124], [-68.104077, 7.316061], [-68.11394699999988, 7.312208000000112], [-68.129724, 7.311352000000113], [-68.13614199999984, 7.31724], [-68.14560399999988, 7.320956], [-68.144863, 7.323863], [-68.15359199999983, 7.323298], [-68.154788, 7.325245000000166], [-68.163204, 7.316667], [-68.166931, 7.32063], [-68.1693489999999, 7.320082000000184], [-68.169978, 7.313467000000173], [-68.172998, 7.311088000000154], [-68.17056, 7.308385000000158], [-68.180023, 7.310247], [-68.18341599999985, 7.302901], [-68.189316, 7.299013], [-68.197075, 7.301102], [-68.2091999999999, 7.289274], [-68.208134, 7.295431000000178], [-68.2138, 7.296259000000134], [-68.216339, 7.289736], [-68.21986299999986, 7.288709], [-68.226217, 7.290979], [-68.225892, 7.294456000000139], [-68.2311059999999, 7.299746000000141], [-68.238116, 7.298089000000175], [-68.23551699999985, 7.312622], [-68.242296, 7.312307], [-68.24259599999988, 7.31603900000016], [-68.25061, 7.318928], [-68.25384, 7.325566], [-68.250784, 7.331512], [-68.255409, 7.341207000000168], [-68.274239, 7.337699000000157], [-68.281942, 7.3387120000001], [-68.300258, 7.327805], [-68.301131, 7.331998], [-68.37854, 7.318734], [-68.605104, 7.240292000000181], [-68.78824999999989, 7.161505], [-68.799809, 7.148775000000114], [-68.809138, 7.145394000000124], [-68.8213, 7.145615000000134], [-68.83167799999984, 7.134165], [-68.84201799999988, 7.133878000000152], [-68.84962599999983, 7.139275000000112], [-68.858327, 7.138527], [-68.87579299999987, 7.141961], [-68.884098, 7.144767000000115], [-68.890849, 7.153233000000171], [-68.896711, 7.15301], [-68.904496, 7.147538], [-68.91351799999984, 7.148854], [-68.929413, 7.145928], [-68.887676, 6.899881000000164], [-68.87742, 6.827044], [-68.586309, 6.615998], [-68.572351, 6.617432000000179], [-68.56032, 6.62791], [-68.559075, 6.634358], [-68.552542, 6.636625000000151], [-68.542385, 6.625416000000143], [-68.531877, 6.624259000000166], [-68.527211, 6.621386000000143], [-68.521789, 6.614151000000106], [-68.522599, 6.60609600000015], [-68.538197, 6.59149], [-68.538572, 6.579671], [-68.525744, 6.576194000000157], [-68.525563, 6.57068500000014], [-68.521011, 6.570291], [-68.521498, 6.562993000000176], [-68.513383, 6.560691000000133], [-68.5124919999999, 6.552106], [-68.50773699999985, 6.546019000000115], [-68.484905, 6.54869600000012], [-68.483602, 6.556748], [-68.472249, 6.558876], [-68.47108499999985, 6.568855], [-68.462817, 6.578936000000169], [-68.462709, 6.58744600000017], [-68.440931, 6.576469], [-68.443129, 6.593256], [-68.440237, 6.599315], [-68.42964099999983, 6.601693000000182], [-68.40949099999989, 6.584819], [-68.4041969999999, 6.575628], [-68.40361499999989, 6.564689000000158], [-68.40007299999985, 6.562286000000142], [-68.393361, 6.562914], [-68.37936, 6.55798], [-68.36779799999988, 6.558798], [-68.352691, 6.5499650000001], [-68.344279, 6.55188], [-68.339456, 6.558766], [-68.3341, 6.559003], [-68.324534, 6.553143], [-68.316091, 6.539141], [-68.284261, 6.547161000000131], [-68.285764, 6.564567], [-68.2807519999999, 6.562188], [-68.27674699999983, 6.551802], [-68.268517, 6.548463], [-68.266616, 6.563718000000108], [-68.25463599999989, 6.555865000000153], [-68.250147, 6.538049], [-68.239757, 6.53407], [-68.225387, 6.523008], [-68.221527, 6.526475], [-68.219393, 6.53409100000016], [-68.210476, 6.538550000000157], [-68.208845, 6.541969], [-68.1986619999999, 6.539617000000135], [-68.198572, 6.544756], [-68.196847, 6.542372000000171], [-68.19441199999989, 6.545425], [-68.196759, 6.553358], [-68.190967, 6.555565], [-68.176349, 6.556176000000107], [-68.17234799999989, 6.552189000000112], [-68.162902, 6.552038], [-68.158648, 6.546996000000149], [-68.150856, 6.544641000000126], [-68.1446519999999, 6.553063000000122], [-68.146492, 6.557924000000185], [-68.133782, 6.564058], [-68.11999, 6.557557], [-68.118174, 6.552559], [-68.11068, 6.549056], [-68.103442, 6.571859000000131], [-68.09965, 6.573652000000152], [-68.098938, 6.578514], [-68.0938819999999, 6.580353000000173], [-68.080182, 6.580134], [-68.072918, 6.565759], [-68.051634, 6.569629], [-68.057909, 6.586343], [-68.05634599999985, 6.589325], [-68.04313, 6.589266000000123], [-68.041015, 6.593854000000135], [-68.043819, 6.613255], [-68.054944, 6.618017], [-68.049381, 6.637514000000181], [-68.04489899999987, 6.638137], [-68.04367999999988, 6.632312000000127], [-68.02848499999988, 6.628859], [-68.023313, 6.633885], [-68.02057699999989, 6.64267], [-68.01303699999988, 6.644418000000144], [-68.013431, 6.645993], [-68.0921699999999, 6.964399000000128], [-68.08096399999988, 7.316017000000102]]]}}, {"type": "Feature", "properties": {"parroquia": "Mucuritas", "municipio": "Achaguas", "estado": "Apure", "pcode": "VE040105", "estado_pcode": "VE04", "municipio_pcode": "VE0401", "center_lat": 7.7633876, "center_lon": -68.7514762, "area_sqkm": 1046.95858387}, "geometry": {"type": "Polygon", "coordinates": [[[-68.683453, 7.528323000000171], [-68.62787665299993, 7.960207488000037], [-68.64084123299995, 7.9586562880001], [-68.64228051199996, 7.954567427000086], [-68.64194722499991, 7.948374057000137], [-68.64883146699992, 7.938229787000125], [-68.67348546899984, 7.927373436999972], [-68.69474535999996, 7.924160259000075], [-68.71812225899998, 7.904189707000057], [-68.74104421499999, 7.901524540000082], [-68.7633471929999, 7.907211564000079], [-68.76914643399994, 7.905121492000148], [-68.77658170099988, 7.89570924100002], [-68.78464302299994, 7.891668120000077], [-68.79083628799992, 7.89159709200004], [-68.80713101099997, 7.897674153000082], [-68.82047067299999, 7.892991961000121], [-68.917788, 7.461984], [-68.915312, 7.460217], [-68.908842, 7.461666], [-68.90676799999983, 7.467291], [-68.902746, 7.466718], [-68.897663, 7.470232000000181], [-68.895025, 7.46741], [-68.89807599999989, 7.467684], [-68.899345, 7.465297], [-68.89465, 7.462728000000141], [-68.89660999999984, 7.459032], [-68.891172, 7.453158], [-68.888634, 7.45768], [-68.879968, 7.458923], [-68.872045, 7.465192], [-68.863143, 7.462464000000125], [-68.856997, 7.464623], [-68.854782, 7.468733000000157], [-68.845972, 7.466441], [-68.847039, 7.470067], [-68.84343299999989, 7.469678000000158], [-68.840316, 7.47342], [-68.84055199999989, 7.478424000000132], [-68.83468099999988, 7.478907000000106], [-68.833737, 7.481960000000129], [-68.824172, 7.488435000000152], [-68.810835, 7.488874], [-68.80539999999985, 7.486695], [-68.80235, 7.488577], [-68.79973499999988, 7.485984], [-68.79694, 7.487660000000119], [-68.797197, 7.490805000000137], [-68.783195, 7.498289000000113], [-68.778309, 7.489752], [-68.77199999999988, 7.491589000000147], [-68.773484, 7.496477], [-68.77091899999988, 7.497763], [-68.765741, 7.49792500000018], [-68.763634, 7.49354000000011], [-68.760304, 7.493173000000127], [-68.762526, 7.496111], [-68.762185, 7.502769], [-68.758742, 7.504674000000136], [-68.758098, 7.508530000000121], [-68.745804, 7.515187], [-68.740816, 7.520994], [-68.732264, 7.523014], [-68.732214, 7.519044000000179], [-68.72377599999987, 7.519273000000112], [-68.721994, 7.517047000000161], [-68.719085, 7.522257], [-68.7155719999999, 7.522877], [-68.7118, 7.51863], [-68.703922, 7.526090000000181], [-68.70297, 7.520535000000109], [-68.698671, 7.52182], [-68.7000369999999, 7.524575], [-68.693425, 7.524437], [-68.683453, 7.528323000000171]]]}}, {"type": "Feature", "properties": {"parroquia": "Queseras del Medio", "municipio": "Achaguas", "estado": "Apure", "pcode": "VE040106", "estado_pcode": "VE04", "municipio_pcode": "VE0401", "center_lat": 7.6564345, "center_lon": -67.92736715, "area_sqkm": 727.25657699}, "geometry": {"type": "Polygon", "coordinates": [[[-68.038196, 7.862493], [-68.041584, 7.862714], [-68.042255, 7.855916], [-68.040292, 7.804892], [-68.04102599999987, 7.535448000000144], [-68.0260239999999, 7.540918], [-68.014307, 7.540462], [-68.001862, 7.546499], [-67.987319, 7.546603000000118], [-67.983077, 7.554958], [-67.97554, 7.547961], [-67.967542, 7.552956000000108], [-67.96702, 7.543810000000121], [-67.965085, 7.542805000000101], [-67.961021, 7.54785900000013], [-67.961422, 7.553245], [-67.957283, 7.554814], [-67.95943299999988, 7.561091], [-67.957945, 7.565312000000176], [-67.951708, 7.564639000000113], [-67.950681, 7.569548], [-67.943788, 7.575869], [-67.93527099999989, 7.574239], [-67.930908, 7.579659000000106], [-67.917933, 7.581935000000158], [-67.911917, 7.58956], [-67.876188, 7.57971300000014], [-67.872788, 7.583090000000141], [-67.861952, 7.584581], [-67.859712, 7.57915300000019], [-67.855664, 7.580032], [-67.848063, 7.575257], [-67.835959, 7.574045000000126], [-67.821582, 7.578040000000101], [-67.821356, 7.580975000000137], [-67.81839, 7.582150000000183], [-67.808054, 7.579741000000126], [-67.78750899999989, 7.581341], [-67.788471, 7.577465000000132], [-67.77892, 7.576292], [-67.77834, 7.572740000000181], [-67.773783, 7.571419000000105], [-67.845703, 7.723309], [-67.859159, 7.777158], [-67.828582, 7.848139], [-67.838912, 7.842293], [-67.849139, 7.830682], [-67.87731, 7.836095], [-67.88161, 7.832674000000111], [-67.89641399999988, 7.844707], [-67.914369, 7.841195000000141], [-67.917002, 7.845638], [-67.90949599999988, 7.846016], [-67.905016, 7.851501], [-67.906841, 7.854867000000183], [-67.911887, 7.856486000000189], [-67.91515, 7.852562], [-67.929647, 7.846626], [-67.931698, 7.847677], [-67.93560399999984, 7.843110000000138], [-67.958526, 7.835966], [-67.984688, 7.860698000000184], [-67.999715, 7.855194], [-68.005961, 7.857797000000119], [-68.0138649999999, 7.85567600000013], [-68.021538, 7.864116], [-68.038196, 7.862493]]]}}, {"type": "Feature", "properties": {"parroquia": "Urbana Biruaca", "municipio": "Biruaca", "estado": "Apure", "pcode": "VE040201", "estado_pcode": "VE04", "municipio_pcode": "VE0402", "center_lat": 7.81232, "center_lon": -67.67271941, "area_sqkm": 1126.73841738}, "geometry": {"type": "Polygon", "coordinates": [[[-67.53554282699997, 7.944281010000168], [-67.54530923799996, 7.942422919000137], [-67.55640872899988, 7.945922950000124], [-67.56360405699996, 7.951094041000147], [-67.56818130199997, 7.959435216999964], [-67.57540361199989, 7.961052220000113], [-67.58429905499997, 7.97338146300018], [-67.59049933999995, 7.976407500000164], [-67.59480056499996, 7.98472868000016], [-67.60064980999988, 7.985374669], [-67.61546241999997, 7.976610391000179], [-67.62081261899988, 7.970107221000148], [-67.64249652899997, 7.964474991000088], [-67.64793173699991, 7.959414848000165], [-67.65141687999989, 7.959260831000108], [-67.65110885199982, 7.954747728000029], [-67.64527057999993, 7.951167675000022], [-67.6472036319999, 7.944816511000113], [-67.64164536899989, 7.939468412000053], [-67.64358143499999, 7.935341311000059], [-67.6561249749999, 7.933916225000075], [-67.66485133399993, 7.930011089000118], [-67.66128522199989, 7.940713360000188], [-67.66275229699988, 7.943655423000166], [-67.67366078099997, 7.944563389000166], [-67.68593729499992, 7.942039276000116], [-67.68403816699998, 7.931925054000089], [-67.6898433689999, 7.921196782000095], [-67.69287249899998, 7.921597775000123], [-67.69527557199996, 7.916020633000187], [-67.70364594599994, 7.917049619000068], [-67.70906315799988, 7.912492487000122], [-67.71805753599995, 7.909798389000116], [-67.72219371099999, 7.910026373000164], [-67.72685292799991, 7.915430480000111], [-67.7331862229999, 7.917903507000176], [-67.7512319519999, 7.909531236000134], [-67.75597716799996, 7.910531231], [-67.76084734899996, 7.904742074000183], [-67.76999076699991, 7.910461173999977], [-67.77959917699991, 7.908859090000135], [-67.77975520299998, 7.914040204000173], [-67.78658052099996, 7.918936287000179], [-67.79260778399998, 7.919073267000158], [-67.79400185499992, 7.92352836200007], [-67.79965309099998, 7.921169277000047], [-67.80372922399994, 7.912798075000183], [-67.80942750099996, 7.918028168000092], [-67.81318865499992, 7.916035107000141], [-67.82101201999996, 7.923167226000032], [-67.82888635699999, 7.923258198000099], [-67.82987439199991, 7.920999140000049], [-67.83826174799998, 7.919594070000187], [-67.84435697299989, 7.912137875000099], [-67.8566794969999, 7.911534802000176], [-67.8613016669999, 7.904416615000173], [-67.86000559599995, 7.90044153100007], [-67.8676669009999, 7.896429405000106], [-67.86642983299993, 7.893486348000067], [-67.86821790499994, 7.892456312000093], [-67.87607524999999, 7.893051288000095], [-67.87927941599997, 7.900053433000096], [-67.88592572399995, 7.903505485000096], [-67.89474707799991, 7.899938363], [-67.89832924799998, 7.902005392999968], [-67.91012273699994, 7.89975528500014], [-67.91269185599998, 7.900320285000021], [-67.9133469109999, 7.906504428000176], [-67.93581885599986, 7.90330025600008], [-67.93688092199989, 7.906911336000064], [-67.94783440799995, 7.909485341000163], [-67.96668416599988, 7.899191023000185], [-67.97025728899985, 7.893322868000041], [-67.98718505699998, 7.900800965000144], [-68.00942698499989, 7.89545873700007], [-68.02530659399997, 7.881092341000169], [-68.03738911699998, 7.880402270000161], [-68.0396631889999, 7.875906161000046], [-68.038196, 7.862493], [-68.021538, 7.864116], [-68.0138649999999, 7.85567600000013], [-68.005961, 7.857797000000119], [-67.999715, 7.855194], [-67.984688, 7.860698000000184], [-67.958526, 7.835966], [-67.93560399999984, 7.843110000000138], [-67.931698, 7.847677], [-67.929647, 7.846626], [-67.91515, 7.852562], [-67.911887, 7.856486000000189], [-67.906841, 7.854867000000183], [-67.905016, 7.851501], [-67.90949599999988, 7.846016], [-67.917002, 7.845638], [-67.914369, 7.841195000000141], [-67.89641399999988, 7.844707], [-67.88161, 7.832674000000111], [-67.87731, 7.836095], [-67.849139, 7.830682], [-67.838912, 7.842293], [-67.828582, 7.848139], [-67.859159, 7.777158], [-67.845703, 7.723309], [-67.834732, 7.714290000000176], [-67.828313, 7.711840000000166], [-67.821269, 7.713492], [-67.81803899999989, 7.710068], [-67.80157899999989, 7.71539300000012], [-67.795722, 7.712266], [-67.790011, 7.713508000000161], [-67.7877089999999, 7.710325], [-67.782689, 7.711322000000109], [-67.78025799999989, 7.708897], [-67.77147, 7.71140400000013], [-67.768698, 7.703962], [-67.760498, 7.705293], [-67.75412, 7.691999], [-67.7395269999999, 7.698997000000134], [-67.73573599999986, 7.696771000000183], [-67.722006, 7.702658], [-67.716431, 7.699878000000183], [-67.715232, 7.696292000000142], [-67.71196, 7.700456], [-67.702399, 7.703775], [-67.699594, 7.701760000000149], [-67.68562, 7.702152], [-67.68529799999988, 7.696989], [-67.6806739999999, 7.689674], [-67.669727, 7.691897], [-67.664241, 7.685104], [-67.65626, 7.691154], [-67.652439, 7.692068], [-67.651962, 7.69005], [-67.632873, 7.700603000000115], [-67.626509, 7.700656], [-67.61686999999989, 7.684553000000165], [-67.610675, 7.683934], [-67.604848, 7.688699], [-67.595653, 7.684215000000108], [-67.582373, 7.685439], [-67.576494, 7.680299000000105], [-67.571664, 7.679825000000108], [-67.57663899999989, 7.675161], [-67.567193, 7.672789], [-67.56905199999989, 7.666212], [-67.566389, 7.663673], [-67.56880199999989, 7.660617000000173], [-67.56495, 7.657199000000162], [-67.561165, 7.659363000000155], [-67.55851899999988, 7.648530000000164], [-67.553451, 7.647609000000159], [-67.55058, 7.643074], [-67.540127, 7.643786], [-67.541301, 7.663157000000183], [-67.506021, 7.75566], [-67.49812999999989, 7.883729], [-67.50078367899982, 7.90589180500001], [-67.50617645899996, 7.923950663000142], [-67.51591186499991, 7.919566527000086], [-67.51109264699994, 7.919148537000183], [-67.51539282699997, 7.915950443000042], [-67.51286969799997, 7.91289138500008], [-67.51903097699989, 7.914930401000049], [-67.52439428799983, 7.933890815000098], [-67.53554282699997, 7.944281010000168]]]}}, {"type": "Feature", "properties": {"parroquia": "Urbana Bruzual", "municipio": "Muñoz", "estado": "Apure", "pcode": "VE040301", "estado_pcode": "VE04", "municipio_pcode": "VE0403", "center_lat": 7.87247, "center_lon": -69.19659945, "area_sqkm": 1741.87605467}, "geometry": {"type": "Polygon", "coordinates": [[[-68.97816375299993, 8.006223835000071], [-68.98450801299998, 8.004523715000119], [-68.99235231699993, 7.996606507000138], [-68.99864856899995, 7.993836420000036], [-69.00986104899988, 7.995850412000038], [-69.02153258199996, 8.002778510000041], [-69.03275904499998, 8.001086415000088], [-69.03608416799995, 7.997077314000137], [-69.03827617699994, 7.979057900999976], [-69.04574746499998, 7.972812729000168], [-69.06476330799995, 7.981939843000077], [-69.07823492099993, 7.991971995000029], [-69.07834493799999, 7.995321076000096], [-69.08383519599994, 7.999462140999981], [-69.10227295999994, 7.995832974], [-69.10930222699994, 7.990571820000071], [-69.11502947299982, 7.990950805000068], [-69.12134177099995, 7.997940927000059], [-69.12423502799999, 8.026724563000073], [-69.13465751199982, 8.035398703000112], [-69.14106583399996, 8.045221900000115], [-69.14776412499998, 8.049054946000012], [-69.16309576299994, 8.044923787000073], [-69.17040307699995, 8.048237831], [-69.17623135899998, 8.055684967000161], [-69.21053385999994, 8.066728044000172], [-69.24595731199997, 8.058193687000085], [-69.25161257799994, 8.06368478200011], [-69.25658079599987, 8.064776786000039], [-69.26787523999991, 8.057750572000089], [-69.30321969399989, 8.0510472630001], [-69.32400158299998, 8.053567212000132], [-69.33949122699988, 8.050902078000092], [-69.35661696299996, 8.055268098], [-69.36774942299985, 8.05365700600015], [-69.37511171299997, 8.04964088600019], [-69.38547316599994, 8.051278872000182], [-69.40132089099995, 8.064442093000139], [-69.41524348499996, 8.065769058000058], [-69.41813461899989, 8.068204090999984], [-69.42554865299996, 8.067029429000172], [-69.43792342699987, 8.063880904000143], [-69.45298699299985, 8.047360418000153], [-69.45996582099997, 8.040631877000067], [-69.46087699999987, 8.013258], [-69.435549, 7.67681], [-69.431922, 7.684844], [-69.435461, 7.697334], [-69.428329, 7.698335], [-69.426363, 7.702762], [-69.41676299999989, 7.701395000000105], [-69.415362, 7.696068], [-69.410216, 7.696336], [-69.409544, 7.69847], [-69.402324, 7.695568], [-69.398984, 7.700761], [-69.395742, 7.699507], [-69.395968, 7.703041], [-69.393061, 7.702854], [-69.393127, 7.705287000000112], [-69.388582, 7.704454000000112], [-69.385981, 7.698712000000171], [-69.379069, 7.708663000000172], [-69.37457599999988, 7.702254000000153], [-69.37049, 7.703441000000112], [-69.367507, 7.708027000000129], [-69.367556, 7.705915000000175], [-69.363934, 7.704786], [-69.3597989999999, 7.707925], [-69.35641, 7.705188], [-69.3517169999999, 7.711126], [-69.348236, 7.707862], [-69.349222, 7.716902000000118], [-69.347184, 7.718326000000161], [-69.337501, 7.711013], [-69.332905, 7.71412700000019], [-69.327159, 7.712993000000154], [-69.326532, 7.71565500000014], [-69.32386, 7.712277], [-69.315511, 7.724956000000191], [-69.315822, 7.733287], [-69.31272599999988, 7.735279], [-69.31384699999984, 7.742190000000107], [-69.30946, 7.744043], [-69.302797, 7.739349], [-69.29881899999987, 7.74398], [-69.295591, 7.742161000000181], [-69.293345, 7.747046], [-69.28692, 7.73767], [-69.282837, 7.736447], [-69.28105, 7.742803], [-69.27794199999983, 7.737679], [-69.27402, 7.736341], [-69.27119, 7.745494], [-69.269049, 7.741773], [-69.261874, 7.742898], [-69.260726, 7.736709], [-69.251834, 7.739792], [-69.250422, 7.742682000000116], [-69.253026, 7.745808000000125], [-69.243487, 7.749739000000147], [-69.239455, 7.745302], [-69.237537, 7.746928], [-69.237656, 7.744840000000124], [-69.233127, 7.747838], [-69.2331779999999, 7.744832], [-69.22863, 7.745053], [-69.228129, 7.740944000000184], [-69.21760299999988, 7.742325], [-69.220169, 7.739346000000126], [-69.218745, 7.73535], [-69.213047, 7.733595], [-69.21201999999988, 7.740892000000144], [-69.198683, 7.738435], [-69.19823199999985, 7.745939000000135], [-69.19555, 7.748665], [-69.189095, 7.744659], [-69.188835, 7.748285], [-69.183824, 7.749768], [-69.178079, 7.747898], [-69.175594, 7.743326], [-69.167264, 7.74269], [-69.15849999999989, 7.751922], [-69.142908, 7.746062000000165], [-69.13959699999987, 7.751518], [-69.13505, 7.751853], [-69.132378, 7.748451000000159], [-69.1216859999999, 7.75178], [-69.118674, 7.745485], [-69.10994399999987, 7.747946], [-69.112006, 7.744462000000112], [-69.110531, 7.742829], [-69.102885, 7.746577000000173], [-69.10306399999985, 7.749333], [-69.10585499999985, 7.749981], [-69.104672, 7.753215000000125], [-69.099361, 7.754765000000134], [-69.091842, 7.751742], [-69.088345, 7.758207], [-69.089628, 7.763122], [-69.086671, 7.764401], [-69.075016, 7.763412], [-69.07400399999989, 7.761528000000169], [-69.071498, 7.76804], [-69.069262, 7.766590000000122], [-69.0711629999999, 7.762669], [-69.067243, 7.760778], [-69.064563, 7.762196000000188], [-69.060435, 7.760121], [-69.059736, 7.763057000000174], [-69.05389, 7.766373000000101], [-69.049996, 7.763128], [-69.049314, 7.769277], [-69.057665, 7.771338], [-69.054632, 7.776037], [-69.053752, 7.788682000000165], [-69.050401, 7.790947000000131], [-69.05112899999989, 7.795906000000116], [-69.041643, 7.795564], [-69.042491, 7.798596], [-69.046646, 7.798536000000126], [-69.040325, 7.801699], [-69.033447, 7.79589], [-69.033017, 7.791827000000126], [-69.029488, 7.801458000000139], [-69.02455599999985, 7.797936], [-69.02360399999986, 7.800848], [-69.021091, 7.799259], [-69.017867, 7.806688000000122], [-69.024486, 7.809388], [-69.015012, 7.813728], [-69.01147, 7.818700000000149], [-69.011532, 7.821937000000105], [-69.019073, 7.825811], [-69.008242, 7.827691000000129], [-69.009058, 7.834555], [-69.00635199999988, 7.836982], [-69.001512, 7.833092], [-69.00191199999989, 7.829306], [-69.00044, 7.833019], [-68.99905, 7.830495000000155], [-68.993808, 7.831511], [-68.993364, 7.828182], [-68.991732, 7.833994], [-68.995179, 7.837273000000152], [-68.99211, 7.839252000000101], [-68.988365, 7.837856000000102], [-68.992183, 7.841801], [-68.979771, 7.838946], [-68.980127, 7.844985000000179], [-68.970394, 7.840748], [-68.973222, 7.847588], [-68.978195, 7.85121], [-68.977763, 7.856148000000132], [-68.965389, 7.862914], [-68.966572, 7.866059000000178], [-68.960479, 7.870751], [-68.956271, 7.86885000000018], [-68.951699, 7.871289], [-68.951764, 7.867936], [-68.945484, 7.871549], [-68.944832, 7.867967000000135], [-68.94308499999983, 7.874445], [-68.94755199999986, 7.879882000000123], [-68.939952, 7.881406], [-68.937844, 7.877275], [-68.93096, 7.878040000000112], [-68.93193799999989, 7.883458], [-68.928543, 7.885506], [-68.92917299999982, 7.889317], [-68.92567999999989, 7.887415], [-68.92742, 7.892465000000129], [-68.924971, 7.892973], [-68.920806, 7.888132], [-68.918733, 7.893485000000112], [-68.922547, 7.894192], [-68.91714299999984, 7.896633000000179], [-68.923991, 7.90255000000019], [-68.920803, 7.903128], [-68.91760699999986, 7.897896], [-68.912868, 7.896018], [-68.902263, 7.897206000000153], [-68.902231, 7.89093], [-68.896151, 7.888112], [-68.88841599999989, 7.892759], [-68.8795889999999, 7.892768000000103], [-68.87993776999997, 7.896862520000184], [-68.89523181599992, 7.913306089000116], [-68.92571511499989, 7.915639002000148], [-68.93776667199995, 7.924903157000074], [-68.93976177899992, 7.930527268999981], [-68.93361058199997, 7.944174604000068], [-68.93401463999993, 7.952578797000058], [-68.95680067299992, 7.967892023], [-68.9599069119999, 7.990300515000115], [-68.96407611999996, 7.996955651000064], [-68.97816375299993, 8.006223835000071]]]}}, {"type": "Feature", "properties": {"parroquia": "Mantecal", "municipio": "Muñoz", "estado": "Apure", "pcode": "VE040302", "estado_pcode": "VE04", "municipio_pcode": "VE0403", "center_lat": 7.5988935, "center_lon": -69.18823145, "area_sqkm": 3107.17046482}, "geometry": {"type": "Polygon", "coordinates": [[[-68.87993776999997, 7.896862520000184], [-68.8795889999999, 7.892768000000103], [-68.88841599999989, 7.892759], [-68.896151, 7.888112], [-68.902231, 7.89093], [-68.902263, 7.897206000000153], [-68.912868, 7.896018], [-68.91760699999986, 7.897896], [-68.920803, 7.903128], [-68.923991, 7.90255000000019], [-68.91714299999984, 7.896633000000179], [-68.922547, 7.894192], [-68.918733, 7.893485000000112], [-68.920806, 7.888132], [-68.924971, 7.892973], [-68.92742, 7.892465000000129], [-68.92567999999989, 7.887415], [-68.92917299999982, 7.889317], [-68.928543, 7.885506], [-68.93193799999989, 7.883458], [-68.93096, 7.878040000000112], [-68.937844, 7.877275], [-68.939952, 7.881406], [-68.94755199999986, 7.879882000000123], [-68.94308499999983, 7.874445], [-68.944832, 7.867967000000135], [-68.945484, 7.871549], [-68.951764, 7.867936], [-68.951699, 7.871289], [-68.956271, 7.86885000000018], [-68.960479, 7.870751], [-68.966572, 7.866059000000178], [-68.965389, 7.862914], [-68.977763, 7.856148000000132], [-68.978195, 7.85121], [-68.973222, 7.847588], [-68.970394, 7.840748], [-68.980127, 7.844985000000179], [-68.979771, 7.838946], [-68.992183, 7.841801], [-68.988365, 7.837856000000102], [-68.99211, 7.839252000000101], [-68.995179, 7.837273000000152], [-68.991732, 7.833994], [-68.993364, 7.828182], [-68.993808, 7.831511], [-68.99905, 7.830495000000155], [-69.00044, 7.833019], [-69.00191199999989, 7.829306], [-69.001512, 7.833092], [-69.00635199999988, 7.836982], [-69.009058, 7.834555], [-69.008242, 7.827691000000129], [-69.019073, 7.825811], [-69.011532, 7.821937000000105], [-69.01147, 7.818700000000149], [-69.015012, 7.813728], [-69.024486, 7.809388], [-69.017867, 7.806688000000122], [-69.021091, 7.799259], [-69.02360399999986, 7.800848], [-69.02455599999985, 7.797936], [-69.029488, 7.801458000000139], [-69.033017, 7.791827000000126], [-69.033447, 7.79589], [-69.040325, 7.801699], [-69.046646, 7.798536000000126], [-69.042491, 7.798596], [-69.041643, 7.795564], [-69.05112899999989, 7.795906000000116], [-69.050401, 7.790947000000131], [-69.053752, 7.788682000000165], [-69.054632, 7.776037], [-69.057665, 7.771338], [-69.049314, 7.769277], [-69.049996, 7.763128], [-69.05389, 7.766373000000101], [-69.059736, 7.763057000000174], [-69.060435, 7.760121], [-69.064563, 7.762196000000188], [-69.067243, 7.760778], [-69.0711629999999, 7.762669], [-69.069262, 7.766590000000122], [-69.071498, 7.76804], [-69.07400399999989, 7.761528000000169], [-69.075016, 7.763412], [-69.086671, 7.764401], [-69.089628, 7.763122], [-69.088345, 7.758207], [-69.091842, 7.751742], [-69.099361, 7.754765000000134], [-69.104672, 7.753215000000125], [-69.10585499999985, 7.749981], [-69.10306399999985, 7.749333], [-69.102885, 7.746577000000173], [-69.110531, 7.742829], [-69.112006, 7.744462000000112], [-69.10994399999987, 7.747946], [-69.118674, 7.745485], [-69.1216859999999, 7.75178], [-69.132378, 7.748451000000159], [-69.13505, 7.751853], [-69.13959699999987, 7.751518], [-69.142908, 7.746062000000165], [-69.15849999999989, 7.751922], [-69.167264, 7.74269], [-69.175594, 7.743326], [-69.178079, 7.747898], [-69.183824, 7.749768], [-69.188835, 7.748285], [-69.189095, 7.744659], [-69.19555, 7.748665], [-69.19823199999985, 7.745939000000135], [-69.198683, 7.738435], [-69.21201999999988, 7.740892000000144], [-69.213047, 7.733595], [-69.218745, 7.73535], [-69.220169, 7.739346000000126], [-69.21760299999988, 7.742325], [-69.228129, 7.740944000000184], [-69.22863, 7.745053], [-69.2331779999999, 7.744832], [-69.233127, 7.747838], [-69.237656, 7.744840000000124], [-69.237537, 7.746928], [-69.239455, 7.745302], [-69.243487, 7.749739000000147], [-69.253026, 7.745808000000125], [-69.250422, 7.742682000000116], [-69.251834, 7.739792], [-69.260726, 7.736709], [-69.261874, 7.742898], [-69.269049, 7.741773], [-69.27119, 7.745494], [-69.27402, 7.736341], [-69.27794199999983, 7.737679], [-69.28105, 7.742803], [-69.282837, 7.736447], [-69.28692, 7.73767], [-69.293345, 7.747046], [-69.295591, 7.742161000000181], [-69.29881899999987, 7.74398], [-69.302797, 7.739349], [-69.30946, 7.744043], [-69.31384699999984, 7.742190000000107], [-69.31272599999988, 7.735279], [-69.315822, 7.733287], [-69.315511, 7.724956000000191], [-69.32386, 7.712277], [-69.326532, 7.71565500000014], [-69.327159, 7.712993000000154], [-69.332905, 7.71412700000019], [-69.337501, 7.711013], [-69.347184, 7.718326000000161], [-69.349222, 7.716902000000118], [-69.348236, 7.707862], [-69.3517169999999, 7.711126], [-69.35641, 7.705188], [-69.3597989999999, 7.707925], [-69.363934, 7.704786], [-69.367556, 7.705915000000175], [-69.367507, 7.708027000000129], [-69.37049, 7.703441000000112], [-69.37457599999988, 7.702254000000153], [-69.379069, 7.708663000000172], [-69.385981, 7.698712000000171], [-69.388582, 7.704454000000112], [-69.393127, 7.705287000000112], [-69.393061, 7.702854], [-69.395968, 7.703041], [-69.395742, 7.699507], [-69.398984, 7.700761], [-69.402324, 7.695568], [-69.409544, 7.69847], [-69.410216, 7.696336], [-69.415362, 7.696068], [-69.41676299999989, 7.701395000000105], [-69.426363, 7.702762], [-69.428329, 7.698335], [-69.435461, 7.697334], [-69.431922, 7.684844], [-69.435549, 7.67681], [-69.4377219999999, 7.668283], [-69.447899, 7.657396000000119], [-69.440568, 7.654171], [-69.448787, 7.650368000000185], [-69.449379, 7.645889000000125], [-69.455403, 7.64156], [-69.453324, 7.634286], [-69.463197, 7.62816000000015], [-69.46440799999988, 7.621522], [-69.474812, 7.616658], [-69.477604, 7.619753000000173], [-69.480317, 7.616602], [-69.485594, 7.616799000000185], [-69.48207999999988, 7.609113], [-69.48718999999988, 7.606991000000107], [-69.489379, 7.593025], [-69.492486, 7.591091000000119], [-69.50623399999989, 7.591317000000117], [-69.511401, 7.588067], [-69.524908, 7.590309], [-69.530123, 7.581600000000151], [-69.534437, 7.578761], [-69.538908, 7.580602000000169], [-69.540917, 7.574572], [-69.548824, 7.573825], [-69.549702, 7.569904000000179], [-69.552975, 7.571032], [-69.554615, 7.565575], [-69.556435, 7.566357000000153], [-69.559689, 7.562577], [-69.565427, 7.564992000000188], [-69.5747889999999, 7.558420000000126], [-69.586225, 7.556208], [-69.588647, 7.552289], [-69.601071, 7.552418], [-69.604459, 7.554692], [-69.607018, 7.552608000000134], [-69.607409, 7.556713000000116], [-69.611329, 7.553094], [-69.620088, 7.554663000000176], [-69.620827, 7.551889000000131], [-69.624859, 7.555425000000128], [-69.629332, 7.553686000000141], [-69.63184499999988, 7.556051], [-69.640905, 7.551703], [-69.64062699999988, 7.555877], [-69.64918, 7.552904], [-69.654989, 7.553942000000177], [-69.662182, 7.548743], [-69.666054, 7.553173000000129], [-69.671889, 7.549973], [-69.67736199999985, 7.554367000000184], [-69.61801299999985, 7.367132], [-69.567637, 7.295074000000113], [-69.555271, 7.297290000000146], [-69.548575, 7.295445], [-69.547136, 7.302893], [-69.54171, 7.310729], [-69.509884, 7.329704000000163], [-69.492835, 7.332378], [-69.48473399999989, 7.330792000000145], [-69.483289, 7.334407000000112], [-69.485683, 7.337202], [-69.481863, 7.336292], [-69.482135, 7.339208000000156], [-69.476808, 7.341632000000118], [-69.47957999999988, 7.344451000000163], [-69.47490899999985, 7.343988], [-69.470792, 7.346937000000139], [-69.462724, 7.345757], [-69.456717, 7.351352], [-69.4330609999999, 7.353043000000184], [-69.42196799999988, 7.358478000000105], [-69.415082, 7.35272], [-69.39994699999988, 7.36053800000019], [-69.379382, 7.358473], [-69.373929, 7.364994], [-69.35745599999984, 7.358817], [-69.355289, 7.356019], [-69.345298, 7.356195000000184], [-69.33828, 7.359718], [-69.337535, 7.364604000000156], [-69.3405479999999, 7.368579], [-69.338685, 7.371314], [-69.335828, 7.369619000000114], [-69.317378, 7.381266000000153], [-69.307822, 7.380889], [-69.294521, 7.385661], [-69.282019, 7.386206000000129], [-69.273062, 7.399652000000117], [-69.26698, 7.403471], [-69.261616, 7.405131000000154], [-69.255279, 7.399513000000184], [-69.246368, 7.399203000000114], [-69.23251499999986, 7.407167], [-69.22312, 7.406305], [-69.209934, 7.414450000000102], [-69.2033689999999, 7.411496000000113], [-69.197689, 7.418988], [-69.188431, 7.418654000000117], [-69.183416, 7.423551], [-69.176138, 7.421217], [-69.176165, 7.42574100000013], [-69.17369899999989, 7.427487000000156], [-69.164585, 7.428302], [-69.15079999999989, 7.423124000000143], [-69.13718299999988, 7.428354000000127], [-69.125217, 7.438080000000184], [-69.116972, 7.436802000000114], [-69.11752699999988, 7.439374000000157], [-69.113293, 7.443029], [-69.102262, 7.440996], [-69.093974, 7.44456300000013], [-69.092525, 7.448353], [-69.085891, 7.444823000000156], [-69.078965, 7.452062000000126], [-69.060282, 7.440184], [-69.051025, 7.438538], [-69.049186, 7.444969000000128], [-69.046237, 7.442997], [-69.042646, 7.445365], [-69.039098, 7.442566000000113], [-69.019297, 7.447404000000176], [-69.010545, 7.44392], [-68.980148, 7.454193], [-68.949895, 7.456790000000183], [-68.93963699999989, 7.460135], [-68.934269, 7.456388000000118], [-68.92831299999989, 7.457193000000132], [-68.92425, 7.461585], [-68.917788, 7.461984], [-68.82047067299999, 7.892991961000121], [-68.85136990099988, 7.901756032000037], [-68.86223336099988, 7.900828963000151], [-68.87049668499998, 7.896642827], [-68.87993776999997, 7.896862520000184]]]}}, {"type": "Feature", "properties": {"parroquia": "Quintero", "municipio": "Muñoz", "estado": "Apure", "pcode": "VE040303", "estado_pcode": "VE04", "municipio_pcode": "VE0403", "center_lat": 7.7289975, "center_lon": -69.7591694, "area_sqkm": 394.04357222}, "geometry": {"type": "Polygon", "coordinates": [[[-69.67736199999985, 7.554367000000184], [-69.675967, 7.829369], [-69.67837478699988, 7.865738577000059], [-69.68250074499986, 7.864374350000048], [-69.69222509999992, 7.854085073000022], [-69.70842474399996, 7.846553830000119], [-69.72789044899991, 7.823885245000099], [-69.7535885339999, 7.823600125000155], [-69.76426896999993, 7.821294019000106], [-69.77588341799992, 7.813683806000085], [-69.79048001699982, 7.812718714000141], [-69.80078843799998, 7.808760586], [-69.80719164599992, 7.797837315000152], [-69.81581197699995, 7.790992128000141], [-69.82133921599996, 7.791342106000172], [-69.83644690799997, 7.80481233200004], [-69.84315018699994, 7.806281329000171], [-69.86367601599994, 7.799970092000137], [-69.89090814899993, 7.797100909000108], [-69.89714439999989, 7.795403837000038], [-69.90156406199998, 7.790741638000043], [-69.67736199999985, 7.554367000000184]]]}}, {"type": "Feature", "properties": {"parroquia": "Rincón Hondo", "municipio": "Muñoz", "estado": "Apure", "pcode": "VE040304", "estado_pcode": "VE04", "municipio_pcode": "VE0403", "center_lat": 7.305387, "center_lon": -69.24941036, "area_sqkm": 1481.13502394}, "geometry": {"type": "Polygon", "coordinates": [[[-68.917788, 7.461984], [-68.92425, 7.461585], [-68.92831299999989, 7.457193000000132], [-68.934269, 7.456388000000118], [-68.93963699999989, 7.460135], [-68.949895, 7.456790000000183], [-68.980148, 7.454193], [-69.010545, 7.44392], [-69.019297, 7.447404000000176], [-69.039098, 7.442566000000113], [-69.042646, 7.445365], [-69.046237, 7.442997], [-69.049186, 7.444969000000128], [-69.051025, 7.438538], [-69.060282, 7.440184], [-69.078965, 7.452062000000126], [-69.085891, 7.444823000000156], [-69.092525, 7.448353], [-69.093974, 7.44456300000013], [-69.102262, 7.440996], [-69.113293, 7.443029], [-69.11752699999988, 7.439374000000157], [-69.116972, 7.436802000000114], [-69.125217, 7.438080000000184], [-69.13718299999988, 7.428354000000127], [-69.15079999999989, 7.423124000000143], [-69.164585, 7.428302], [-69.17369899999989, 7.427487000000156], [-69.176165, 7.42574100000013], [-69.176138, 7.421217], [-69.183416, 7.423551], [-69.188431, 7.418654000000117], [-69.197689, 7.418988], [-69.2033689999999, 7.411496000000113], [-69.209934, 7.414450000000102], [-69.22312, 7.406305], [-69.23251499999986, 7.407167], [-69.246368, 7.399203000000114], [-69.255279, 7.399513000000184], [-69.261616, 7.405131000000154], [-69.26698, 7.403471], [-69.273062, 7.399652000000117], [-69.282019, 7.386206000000129], [-69.294521, 7.385661], [-69.307822, 7.380889], [-69.317378, 7.381266000000153], [-69.335828, 7.369619000000114], [-69.338685, 7.371314], [-69.3405479999999, 7.368579], [-69.337535, 7.364604000000156], [-69.33828, 7.359718], [-69.345298, 7.356195000000184], [-69.355289, 7.356019], [-69.35745599999984, 7.358817], [-69.373929, 7.364994], [-69.379382, 7.358473], [-69.39994699999988, 7.36053800000019], [-69.415082, 7.35272], [-69.42196799999988, 7.358478000000105], [-69.4330609999999, 7.353043000000184], [-69.456717, 7.351352], [-69.462724, 7.345757], [-69.470792, 7.346937000000139], [-69.47490899999985, 7.343988], [-69.47957999999988, 7.344451000000163], [-69.476808, 7.341632000000118], [-69.482135, 7.339208000000156], [-69.481863, 7.336292], [-69.485683, 7.337202], [-69.483289, 7.334407000000112], [-69.48473399999989, 7.330792000000145], [-69.492835, 7.332378], [-69.509884, 7.329704000000163], [-69.54171, 7.310729], [-69.547136, 7.302893], [-69.548575, 7.295445], [-69.555271, 7.297290000000146], [-69.567637, 7.295074000000113], [-69.493027, 7.188594000000137], [-69.487356, 7.191931000000181], [-69.48199399999987, 7.203907], [-69.465904, 7.208163000000127], [-69.442958, 7.218427], [-69.126242, 7.14994600000017], [-69.11147, 7.163103], [-69.101003, 7.159269000000108], [-69.09343699999982, 7.163248000000181], [-69.089435, 7.176351000000182], [-69.065976, 7.184269], [-69.060051, 7.189142000000174], [-69.055683, 7.202393], [-69.052498, 7.204733], [-69.04779699999989, 7.205669000000171], [-69.03510099999988, 7.199808000000189], [-69.016628, 7.204735], [-69.014035, 7.208412000000123], [-69.015838, 7.214144], [-69.014428, 7.219647000000123], [-68.996432, 7.223567000000116], [-69.005285, 7.234548], [-69.005173, 7.237856], [-68.991213, 7.245067], [-68.990141, 7.255973], [-68.984611, 7.256274], [-68.980083, 7.259833000000185], [-68.98128899999989, 7.270497], [-68.972002, 7.271904], [-68.96745, 7.276426000000129], [-68.964144, 7.287549000000126], [-68.959828, 7.285593000000119], [-68.955409, 7.288872], [-68.95326099999988, 7.308146], [-68.922559, 7.428859], [-68.917788, 7.461984]]]}}, {"type": "Feature", "properties": {"parroquia": "San Vicente", "municipio": "Muñoz", "estado": "Apure", "pcode": "VE040305", "estado_pcode": "VE04", "municipio_pcode": "VE0403", "center_lat": 7.7961, "center_lon": -69.56034361, "area_sqkm": 1048.78743202}, "geometry": {"type": "Polygon", "coordinates": [[[-69.435549, 7.67681], [-69.46087699999987, 8.013258], [-69.45996582099997, 8.040631877000067], [-69.47207070599995, 8.031339015000128], [-69.4922234199999, 8.00245427700014], [-69.5025888269999, 7.997689130000083], [-69.52154362999988, 7.998616058000039], [-69.53635520699999, 7.990361799000027], [-69.54600854099988, 7.973006380000129], [-69.54518945999996, 7.963207165000142], [-69.54861356599997, 7.957735032000073], [-69.55945399199993, 7.950681813000131], [-69.56380809799992, 7.933959426], [-69.5697933379999, 7.93137235], [-69.57823943799991, 7.933578337000029], [-69.59639444899989, 7.929762179000136], [-69.60050959099993, 7.924403045000076], [-69.60729777999995, 7.90397756599998], [-69.6304347169999, 7.897394310000095], [-69.66254694499997, 7.872557619000077], [-69.67837478699988, 7.865738577000059], [-69.675967, 7.829369], [-69.67736199999985, 7.554367000000184], [-69.671889, 7.549973], [-69.666054, 7.553173000000129], [-69.662182, 7.548743], [-69.654989, 7.553942000000177], [-69.64918, 7.552904], [-69.64062699999988, 7.555877], [-69.640905, 7.551703], [-69.63184499999988, 7.556051], [-69.629332, 7.553686000000141], [-69.624859, 7.555425000000128], [-69.620827, 7.551889000000131], [-69.620088, 7.554663000000176], [-69.611329, 7.553094], [-69.607409, 7.556713000000116], [-69.607018, 7.552608000000134], [-69.604459, 7.554692], [-69.601071, 7.552418], [-69.588647, 7.552289], [-69.586225, 7.556208], [-69.5747889999999, 7.558420000000126], [-69.565427, 7.564992000000188], [-69.559689, 7.562577], [-69.556435, 7.566357000000153], [-69.554615, 7.565575], [-69.552975, 7.571032], [-69.549702, 7.569904000000179], [-69.548824, 7.573825], [-69.540917, 7.574572], [-69.538908, 7.580602000000169], [-69.534437, 7.578761], [-69.530123, 7.581600000000151], [-69.524908, 7.590309], [-69.511401, 7.588067], [-69.50623399999989, 7.591317000000117], [-69.492486, 7.591091000000119], [-69.489379, 7.593025], [-69.48718999999988, 7.606991000000107], [-69.48207999999988, 7.609113], [-69.485594, 7.616799000000185], [-69.480317, 7.616602], [-69.477604, 7.619753000000173], [-69.474812, 7.616658], [-69.46440799999988, 7.621522], [-69.463197, 7.62816000000015], [-69.453324, 7.634286], [-69.455403, 7.64156], [-69.449379, 7.645889000000125], [-69.448787, 7.650368000000185], [-69.440568, 7.654171], [-69.447899, 7.657396000000119], [-69.4377219999999, 7.668283], [-69.435549, 7.67681]]]}}, {"type": "Feature", "properties": {"parroquia": "Urbana Guasdualito", "municipio": "Páez", "estado": "Apure", "pcode": "VE040401", "estado_pcode": "VE04", "municipio_pcode": "VE0404", "center_lat": 7.29960159, "center_lon": -71.08599597, "area_sqkm": 2077.92760238}, "geometry": {"type": "Polygon", "coordinates": [[[-70.50139268099997, 7.414928730999975], [-70.5152622889999, 7.407044763000101], [-70.50917491599995, 7.377937186000054], [-70.50946390299987, 7.374449114000129], [-70.51660316899995, 7.367205928000146], [-70.52117135599997, 7.367178910000064], [-70.52863570599993, 7.376046064000093], [-70.54711145699991, 7.374238941000044], [-70.55109860799996, 7.370896847999973], [-70.55666977899995, 7.356068517000097], [-70.57803759699982, 7.341423123000027], [-70.58927303999997, 7.33775799100016], [-70.61048284999993, 7.324102620000133], [-70.61692012099991, 7.325328609000053], [-70.62204035599996, 7.330313697000065], [-70.6443832839999, 7.332395634000136], [-70.66101293099996, 7.322323358], [-70.68302682599995, 7.319145189000039], [-70.68688992599982, 7.30493188700018], [-70.69403517099994, 7.294323638000037], [-70.70173747499996, 7.293101571000079], [-70.71397099099988, 7.295337565000182], [-70.71768816999997, 7.301007660000096], [-70.72206134399988, 7.29872060200006], [-70.73205378699993, 7.306026704000033], [-70.73625591199993, 7.294657455000049], [-70.74319122299988, 7.300743548000071], [-70.74572232399998, 7.300059517000079], [-70.74536825999996, 7.289968314000077], [-70.74882339199996, 7.286395230000039], [-70.75494868599998, 7.296310400000095], [-70.7623749899999, 7.296962387000121], [-70.77048335599994, 7.303439476000051], [-70.78718602099991, 7.29795629500012], [-70.79619141999996, 7.304159378000122], [-70.80276669199998, 7.305061366000132], [-70.80271071999994, 7.312674531000027], [-70.80921600499988, 7.315159554000047], [-70.81862338599996, 7.313152461000186], [-70.83075790199996, 7.318921530000125], [-70.84272237499994, 7.313225362000082], [-70.83915025399995, 7.319527501000039], [-70.84549552499988, 7.321322510000186], [-70.84854966299997, 7.32501857200009], [-70.85657599899992, 7.32445352600007], [-70.86098319799999, 7.330764640000154], [-70.86602140699983, 7.329416587000082], [-70.87452476899995, 7.333667642000023], [-70.88351912699994, 7.330374531000132], [-70.88156902999998, 7.327185471000064], [-70.87565680199992, 7.328967539000075], [-70.87775685999998, 7.322067379999964], [-70.88385508099998, 7.317992278000133], [-70.8899463439999, 7.320658300000105], [-70.89427450999989, 7.315663179000069], [-70.90453590099992, 7.310491030000151], [-70.9164414139999, 7.315868082000065], [-70.92217262699984, 7.310873960000038], [-70.93339607899998, 7.307742845], [-70.9427754749999, 7.309722845000067], [-70.94737764799993, 7.307044762000089], [-70.96172424299994, 7.30854672800001], [-70.96309533799996, 7.316596888000163], [-70.96780256599999, 7.323755019000089], [-70.97527188399982, 7.328324072000044], [-70.98633433599997, 7.326153983000154], [-70.9885634339999, 7.327394004000155], [-70.98835243899987, 7.331635082000048], [-70.99659379699989, 7.336333144000093], [-70.99787886699994, 7.340198220000161], [-71.00491515699997, 7.338830161000033], [-71.01622462699987, 7.341129151000189], [-71.01381451499992, 7.336955086000046], [-71.01476352699996, 7.332892992000041], [-71.01980675999994, 7.339152095000031], [-71.02533998399991, 7.337991044000148], [-71.0322173219999, 7.348558229999981], [-71.03893757899993, 7.345474140000078], [-71.04123870799998, 7.35215326499997], [-71.06509366699999, 7.348000072000161], [-71.07301499699997, 7.35105810400006], [-71.07588315099997, 7.358935254000073], [-71.08152637799998, 7.358440212000176], [-71.08735066599996, 7.368472393000047], [-71.09712905499998, 7.36588730200009], [-71.10351634399984, 7.371050377000188], [-71.11003857399999, 7.363276183000153], [-71.1188889579999, 7.368407247000164], [-71.12822331299998, 7.363314107000122], [-71.13581764699995, 7.367036151000036], [-71.14688708299991, 7.364159031000042], [-71.16088067299995, 7.367918048000092], [-71.17716138399999, 7.377273162000165], [-71.17645039799999, 7.387150366000128], [-71.17844348399996, 7.388609391000159], [-71.18378970099997, 7.387698350000164], [-71.19029598799989, 7.392537424000182], [-71.1985122939999, 7.385829244000035], [-71.20284953699996, 7.39826247600007], [-71.20580164899997, 7.397475446000158], [-71.21859721899995, 7.408370612000112], [-71.21886427599992, 7.416736783000033], [-71.21334405699997, 7.419508870000129], [-71.21567716499993, 7.421865903000025], [-71.23009075399995, 7.421555826000031], [-71.24144320399995, 7.417575693000174], [-71.24348032599988, 7.426341868000122], [-71.25238770199996, 7.430136903000118], [-71.25848993199997, 7.426310793000084], [-71.27269453299994, 7.429766798000173], [-71.27584062999989, 7.423925669000084], [-71.27853573999988, 7.423687650000033], [-71.28228791299983, 7.427269712000111], [-71.27872579699988, 7.433430846000078], [-71.28843018499998, 7.431554762000133], [-71.29088030999998, 7.43712787100003], [-71.30664399299997, 7.445232963000024], [-71.32035652699989, 7.439172782000185], [-71.32421468299998, 7.440755786000068], [-71.32586777499989, 7.445061870000188], [-71.33160902299994, 7.447183884000083], [-71.33824326699988, 7.442968769000117], [-71.34890771599993, 7.445644773000026], [-71.35295183399995, 7.435855557000082], [-71.36139520399996, 7.440243606000138], [-71.37004954099996, 7.436842496000111], [-71.37445694099995, 7.440245994000179], [-71.383525, 7.247067000000129], [-71.358839, 7.23337400000014], [-71.35140299999989, 7.235277], [-71.343743, 7.22543], [-71.335831, 7.225482000000113], [-71.331258, 7.220577000000162], [-71.320215, 7.218092], [-71.313235, 7.21007], [-71.313308, 7.203196], [-71.30059099999988, 7.195182], [-71.275324, 7.197389], [-71.26114399999989, 7.187004], [-71.2401129999999, 7.194989], [-71.2275479999999, 7.191118], [-71.22678899999988, 7.190667], [-71.219639, 7.191283], [-71.2208389999999, 7.195052000000146], [-71.218402, 7.196174], [-71.209323, 7.189358], [-71.208103, 7.185884000000101], [-71.200889, 7.18418400000013], [-71.1925609999999, 7.177977], [-71.17489599999988, 7.180016], [-71.166584, 7.166976], [-71.159461, 7.168140000000108], [-71.15281699999986, 7.174825], [-71.145583, 7.1765860000001], [-71.133146, 7.169681], [-71.129824, 7.164139000000148], [-71.125725, 7.167798], [-71.119715, 7.164756], [-71.1156289999999, 7.167199], [-71.108527, 7.183105000000182], [-71.094485, 7.179331], [-71.083522, 7.17929], [-71.074392, 7.187945], [-71.058184, 7.179901], [-71.05218999999988, 7.172639], [-71.03949199999988, 7.16759], [-71.030183, 7.151859000000172], [-70.722479, 7.16984], [-70.551975, 7.211415000000102], [-70.369725, 7.243542000000161], [-70.369268, 7.243628000000172], [-70.3718669999999, 7.24563], [-70.405861, 7.339815000000101], [-70.44056544499995, 7.421519764999971], [-70.4637642159999, 7.419401257000061], [-70.47736578999996, 7.421683244000121], [-70.50139268099997, 7.414928730999975]]]}}, {"type": "Feature", "properties": {"parroquia": "Arismendi", "municipio": "Páez", "estado": "Apure", "pcode": "VE040402", "estado_pcode": "VE04", "municipio_pcode": "VE0404", "center_lat": 7.50135094, "center_lon": -70.01009108, "area_sqkm": 3845.730795}, "geometry": {"type": "Polygon", "coordinates": [[[-69.67736199999985, 7.554367000000184], [-69.90156406199998, 7.790741638000043], [-69.90158921399996, 7.790664860000049], [-69.90825576699996, 7.775217357000145], [-69.91988521399998, 7.766105101000051], [-69.9299375619999, 7.751158731000089], [-69.94300108299996, 7.746295568000164], [-69.95199540399994, 7.733946255000035], [-69.95651558799995, 7.735181264000175], [-69.9619478699999, 7.746042479000096], [-69.96829415199988, 7.75099654700017], [-69.97624548499994, 7.750733505000085], [-69.98294373599992, 7.744498346000114], [-69.99020303699996, 7.743271288000187], [-70.01422305299991, 7.747739268000032], [-70.03079574799989, 7.746610162000081], [-70.0416731759999, 7.742702029999975], [-70.05104050499995, 7.729691707000086], [-70.06608809899996, 7.723135502000048], [-70.08975407899999, 7.721663360999969], [-70.09650133799994, 7.715993201000174], [-70.09911841699994, 7.708997048000128], [-70.1114949059999, 7.705437907000032], [-70.11846713399984, 7.689913548000163], [-70.14047902099998, 7.685631355000112], [-70.14578223199993, 7.6824582590001], [-70.14845230499998, 7.67351005200004], [-70.15611657499994, 7.663500800000179], [-70.15178933999994, 7.652857593000022], [-70.15194631799994, 7.64640346200008], [-70.16934190599989, 7.615725725000118], [-70.19012476399996, 7.615722626000093], [-70.19637301199992, 7.612982544000033], [-70.20897946999992, 7.599234196000111], [-70.21349362299992, 7.590340981000111], [-70.21912185199994, 7.590975971999967], [-70.23550658599999, 7.60195413200006], [-70.25172628299998, 7.607443175000128], [-70.25920563399995, 7.614643290000174], [-70.27472224699994, 7.607617067000092], [-70.29914926499998, 7.608613978000108], [-70.30213935099994, 7.600594798000031], [-70.30841060299997, 7.59861072800004], [-70.31551891299995, 7.602388769000072], [-70.3225281949999, 7.600793712000154], [-70.32742734199991, 7.587559409], [-70.32206707199998, 7.577670222000052], [-70.32240806499993, 7.573491128000114], [-70.32897531299983, 7.567348967000044], [-70.34370690099996, 7.562733811000101], [-70.34733096399998, 7.544311398000048], [-70.35852034699997, 7.527553994000129], [-70.36150139899996, 7.511865654000076], [-70.35953721399989, 7.487115137999979], [-70.37566381999989, 7.474642806000077], [-70.37976095699997, 7.468069650000132], [-70.38209900199996, 7.455642376000071], [-70.39601051399995, 7.442807044000119], [-70.4037068259999, 7.439532940000163], [-70.41495729199988, 7.439330891000054], [-70.44056544499995, 7.421519764999971], [-70.405861, 7.339815000000101], [-70.3718669999999, 7.24563], [-70.369268, 7.243628000000172], [-70.35638, 7.24011], [-70.349586, 7.234986000000106], [-70.341532, 7.234570000000133], [-70.325788, 7.242391000000111], [-70.317824, 7.240437], [-70.302919, 7.241391], [-70.286586, 7.232410000000129], [-70.275048, 7.231496000000163], [-70.272757, 7.228059], [-70.260064, 7.227790000000141], [-70.247337, 7.232731], [-70.238441, 7.226692], [-70.221084, 7.223724000000118], [-70.201199, 7.226683], [-70.196986, 7.232201], [-70.184476, 7.230966], [-70.17223699999988, 7.238705000000152], [-70.162773, 7.237669], [-70.160359, 7.242334], [-70.15361799999988, 7.240994000000171], [-70.14783199999988, 7.244357], [-70.14242, 7.237436000000116], [-70.14120799999989, 7.230208000000175], [-70.13342099999988, 7.223682], [-70.126567, 7.223558], [-70.115777, 7.214972], [-70.115911, 7.212791], [-70.112409, 7.215461000000175], [-70.105154, 7.209989], [-70.10133, 7.213784000000146], [-70.09126799999984, 7.213437], [-70.083681, 7.216344], [-70.059353, 7.212442000000124], [-70.043972, 7.21977], [-70.03658699999988, 7.21898], [-70.034237, 7.221119000000101], [-70.027541, 7.218652], [-70.025308, 7.222582000000159], [-70.01551599999988, 7.21732], [-70.00730699999986, 7.2211], [-70.004421, 7.220346], [-70.004739, 7.216765], [-69.991828, 7.215445000000102], [-69.990007, 7.21886], [-69.98404, 7.220504000000176], [-69.982607, 7.231394], [-69.98430999999988, 7.234927], [-69.96753499999988, 7.239815000000135], [-69.962815, 7.234145000000126], [-69.953392, 7.235831000000189], [-69.945862, 7.227085], [-69.942567, 7.228136000000177], [-69.937916, 7.223177], [-69.933838, 7.22367700000018], [-69.92980399999988, 7.228280000000154], [-69.92254599999984, 7.22873], [-69.919133, 7.233174], [-69.910839, 7.234768], [-69.896118, 7.231836], [-69.892756, 7.228988000000129], [-69.883056, 7.23103900000018], [-69.882619, 7.2291120000001], [-69.880037, 7.231791], [-69.878632, 7.230093], [-69.87704, 7.233576000000141], [-69.87436999999989, 7.230683], [-69.87446, 7.233595], [-69.865429, 7.232895], [-69.851371, 7.238034], [-69.848264, 7.234016000000111], [-69.844324, 7.233965000000182], [-69.8349209999999, 7.238767000000109], [-69.832959, 7.243534000000182], [-69.830032, 7.243461], [-69.82276699999989, 7.252554], [-69.811449, 7.25976], [-69.799743, 7.260659], [-69.796907, 7.263177], [-69.78965399999987, 7.257020000000125], [-69.782785, 7.260724000000153], [-69.780657, 7.270856], [-69.773006, 7.270685000000128], [-69.769616, 7.273798000000113], [-69.765563, 7.271475000000123], [-69.760723, 7.273646000000156], [-69.756062, 7.280334], [-69.74407799999983, 7.281942000000186], [-69.743688, 7.280107], [-69.738433, 7.281382], [-69.731548, 7.277564000000154], [-69.72878, 7.279188], [-69.724958, 7.275948], [-69.72379, 7.269158], [-69.717429, 7.271211000000108], [-69.712216, 7.276659], [-69.707148, 7.274541000000113], [-69.703459, 7.276713], [-69.70247, 7.274647000000186], [-69.69477499999988, 7.273556000000156], [-69.69493199999982, 7.277982], [-69.688644, 7.276228], [-69.690205, 7.281161], [-69.687808, 7.281569], [-69.685221, 7.287940000000162], [-69.67973499999988, 7.289077], [-69.679086, 7.291850000000181], [-69.67678399999988, 7.289690000000178], [-69.667464, 7.299833], [-69.659058, 7.295712000000151], [-69.66066399999988, 7.301586000000157], [-69.652735, 7.302879], [-69.651526, 7.31276], [-69.64541499999984, 7.316303000000175], [-69.645152, 7.324237], [-69.640192, 7.328791000000138], [-69.637653, 7.336807], [-69.621281, 7.340789], [-69.61463, 7.340073000000132], [-69.61167399999982, 7.350948000000187], [-69.616499, 7.354555], [-69.615206, 7.358593], [-69.61968499999989, 7.365848], [-69.61801299999985, 7.367132], [-69.67736199999985, 7.554367000000184]]]}}, {"type": "Feature", "properties": {"parroquia": "El Amparo", "municipio": "Páez", "estado": "Apure", "pcode": "VE040403", "estado_pcode": "VE04", "municipio_pcode": "VE0404", "center_lat": 7.08874958, "center_lon": -70.42430649, "area_sqkm": 2151.80690608}, "geometry": {"type": "Polygon", "coordinates": [[[-70.369725, 7.243542000000161], [-70.551975, 7.211415000000102], [-70.722479, 7.16984], [-71.030183, 7.151859000000172], [-71.03949199999988, 7.16759], [-71.05218999999988, 7.172639], [-71.058184, 7.179901], [-71.074392, 7.187945], [-71.083522, 7.17929], [-71.094485, 7.179331], [-71.108527, 7.183105000000182], [-71.1156289999999, 7.167199], [-71.119715, 7.164756], [-71.125725, 7.167798], [-71.129824, 7.164139000000148], [-71.133146, 7.169681], [-71.145583, 7.1765860000001], [-71.15281699999986, 7.174825], [-71.159461, 7.168140000000108], [-71.166584, 7.166976], [-71.17489599999988, 7.180016], [-71.1925609999999, 7.177977], [-71.200889, 7.18418400000013], [-71.208103, 7.185884000000101], [-71.209323, 7.189358], [-71.218402, 7.196174], [-71.2208389999999, 7.195052000000146], [-71.219639, 7.191283], [-71.22678899999988, 7.190667], [-71.24432969799994, 7.013123540000151], [-71.23943012799998, 7.012250254000037], [-71.23329169699997, 7.024096627000063], [-71.22792009499994, 7.027410126000063], [-71.21223854699997, 7.019037188000084], [-71.2071172499999, 7.01966706800016], [-71.20031213599998, 7.025167759000055], [-71.19147212099995, 7.01895565600006], [-71.16729792599995, 7.026369956000167], [-71.14828038299993, 7.027489948000095], [-71.14425869899998, 7.032984865000117], [-71.12998499799988, 7.032706385000154], [-71.12296004799992, 7.022757167000123], [-71.12472876699991, 7.016121041000076], [-71.12319385299992, 7.013056968000171], [-71.11777976699994, 7.010333464000041], [-71.10917693599993, 7.011916521000046], [-71.10311629799997, 7.006872408000049], [-71.10356413699998, 7.004148358000066], [-71.10981771399986, 7.002077284000109], [-71.11506097099988, 7.006652321000047], [-71.11144484999994, 6.999300044], [-71.11403620199991, 6.994254224000144], [-71.11167099199997, 6.989927641000179], [-71.09801338399996, 6.988240900000164], [-71.09102952199999, 6.983380882], [-71.08423196999996, 6.984466118000114], [-71.07726752899987, 6.980778011000041], [-71.0720938529999, 6.983145954000122], [-71.06708935599988, 6.980360825000162], [-71.06265488599996, 6.982512784000164], [-71.05562552399994, 6.980518668000173], [-71.04135557899997, 6.982100206000098], [-71.02204930999994, 6.974028046000115], [-70.99544174299996, 6.983075542000165], [-70.98650741299997, 6.994150773], [-70.98568277799995, 6.999720690000174], [-70.97725677799991, 7.00117479000005], [-70.97484715499996, 7.011618163000037], [-70.96977785399997, 7.016364242000066], [-70.95001165699995, 7.016294867000113], [-70.94019308899993, 7.012304432000064], [-70.93562944999991, 7.019708723000122], [-70.9215636109999, 7.02369192499998], [-70.91932173099985, 7.029232967000155], [-70.92517200899994, 7.032301378000113], [-70.92757536199991, 7.045214563000172], [-70.91895574699993, 7.052554059000101], [-70.91547099299999, 7.052742760000172], [-70.91287698199994, 7.043943706999983], [-70.90768269099988, 7.041283411000165], [-70.90261260799997, 7.045459065000159], [-70.89532056999997, 7.05931810300001], [-70.88632153499992, 7.064378180000119], [-70.8723826189999, 7.063992487000064], [-70.86852103099989, 7.057787781000059], [-70.86301017199997, 7.05487367000012], [-70.8491337079999, 7.057018020000044], [-70.85223532999993, 7.063095923000162], [-70.84550005799991, 7.069807615], [-70.84799224399995, 7.071676073000049], [-70.85217887099998, 7.068685136000113], [-70.85666680799994, 7.069618634999983], [-70.85666434699993, 7.074807755], [-70.85330484499997, 7.077654452000104], [-70.84640007999997, 7.074422998000045], [-70.83676713099999, 7.078532332000066], [-70.83265101399991, 7.074036191000118], [-70.82593478699994, 7.074032624000097], [-70.82264290199998, 7.069853320000163], [-70.81839188499998, 7.079408602000115], [-70.79678341399989, 7.083193805], [-70.78759641599993, 7.083378052000114], [-70.77743170599996, 7.076685165000072], [-70.76986415299996, 7.08893641100002], [-70.76439701799995, 7.090897686000176], [-70.76216508399995, 7.097315092000031], [-70.75837698199996, 7.097476895], [-70.74228230799991, 7.088929871000175], [-70.73596245899995, 7.088701443000105], [-70.71503927499992, 7.093959595000115], [-70.69704426799996, 7.094008497000118], [-70.68721431699993, 7.104380671000115], [-70.68430022799993, 7.103618675000121], [-70.67987428299995, 7.092538332000061], [-70.67443015099997, 7.086773827000115], [-70.64649587799988, 7.0780774320001], [-70.64152946399992, 7.068704910000179], [-70.62451735499985, 7.070524535000175], [-70.60653037899993, 7.063733098], [-70.58599756899991, 7.068395662000171], [-70.58427871499998, 7.076115700000116], [-70.57623327699991, 7.075031110000111], [-70.57096820599992, 7.080785161000051], [-70.56197480399993, 7.077484007000123], [-70.55633491099985, 7.079320027000165], [-70.55501948999989, 7.075934600000096], [-70.54960142699997, 7.074716873000114], [-70.54404602999995, 7.068976819], [-70.54230764599998, 7.061601128], [-70.53543482399994, 7.05457666], [-70.54164477899997, 7.04870655700006], [-70.5397594669999, 7.04521308000011], [-70.53352394599995, 7.047800892], [-70.53220803099993, 7.046021500000052], [-70.53880188999989, 7.040724920000059], [-70.52805086099988, 7.041768049000098], [-70.5257229579999, 7.035723052000094], [-70.51118768699996, 7.027548771000056], [-70.51464967699997, 7.020744385], [-70.50922405099993, 7.017997010000158], [-70.50911432099997, 7.014268221000123], [-70.50233736799998, 7.005667911000103], [-70.4927121259999, 7.005371217000061], [-70.49288590499998, 7.008434363000049], [-70.49052094699988, 7.008981850000112], [-70.47449999799983, 7.001393532], [-70.4669794639999, 7.000707954000177], [-70.46574979599995, 7.003342056000122], [-70.45970430499989, 7.002692179000121], [-70.45541384299997, 7.011911446000056], [-70.45035776499998, 7.007275312000161], [-70.45521085999997, 7.003755443000159], [-70.44448162499998, 7.00267194200012], [-70.43941240499993, 7.007865245], [-70.43693735699998, 7.001191301000063], [-70.43688937799993, 7.006502162000118], [-70.43110665299997, 7.007284271000117], [-70.42652100499998, 6.998088107], [-70.42770340399994, 6.993780211000114], [-70.4166710049999, 6.980871293000121], [-70.4110717609999, 6.982501108000065], [-70.41035550699996, 6.985064556000054], [-70.40621032999991, 6.984697011000094], [-70.4041126379999, 6.988225946000171], [-70.39738393399989, 6.981555916], [-70.38729042699998, 6.985600994000038], [-70.37991812399991, 6.980639816000064], [-70.37211170199998, 6.980913020000116], [-70.37105564199999, 6.971579281000118], [-70.36600082199993, 6.966977401], [-70.36151035099988, 6.966970618000062], [-70.36075412199995, 6.956215538000151], [-70.35225801799999, 6.95659138700006], [-70.35450346399995, 6.951988104000122], [-70.34929720599996, 6.952695544000051], [-70.34415008399998, 6.944433720000177], [-70.3277955989999, 6.940595975000178], [-70.3223875519999, 6.934567947000062], [-70.30773267899991, 6.937536051000109], [-70.29447966299989, 6.933953148000057], [-70.28838117099997, 6.936044068000058], [-70.28381021099995, 6.94109404500017], [-70.27753697299994, 6.937646831000052], [-70.27331342999997, 6.940942384000152], [-70.26550284899997, 6.941233868000097], [-70.24960680299995, 6.953536520000171], [-70.24999055399991, 6.958523544000172], [-70.23037367499995, 6.965398730000061], [-70.22886622099992, 6.970916918000114], [-70.22433276499999, 6.974719692000178], [-70.21085871099996, 6.974409225000159], [-70.20611098899997, 6.978389977000177], [-70.20188562799996, 6.975736433000179], [-70.19667413299999, 6.97908897200017], [-70.19177289599997, 6.976201275000108], [-70.18904018599994, 6.978611302000104], [-70.18233838599991, 6.976885315], [-70.18022080499992, 6.979367647000061], [-70.17278621299994, 6.976403737000112], [-70.14903051699991, 6.984335342000122], [-70.14526327099998, 6.978985702000159], [-70.13368665499985, 6.975080635000097], [-70.12569498099987, 6.97880309400017], [-70.11765697599986, 6.979241219000073], [-70.111479, 6.983156], [-70.107406, 6.989625000000103], [-70.101005, 6.989972], [-70.10088799999988, 6.993553], [-70.095185, 6.995633000000169], [-70.096699, 7.001293], [-70.09064599999988, 7.009725000000174], [-70.092741, 7.014692], [-70.088518, 7.021992000000125], [-70.090587, 7.024804], [-70.369725, 7.243542000000161]]]}}, {"type": "Feature", "properties": {"parroquia": "San Camilo", "municipio": "Páez", "estado": "Apure", "pcode": "VE040404", "estado_pcode": "VE04", "municipio_pcode": "VE0404", "center_lat": 7.31747695, "center_lon": -71.76996494, "area_sqkm": 2247.207735}, "geometry": {"type": "Polygon", "coordinates": [[[-71.46250720999996, 7.457605946000172], [-71.4655465539999, 7.461163557000077], [-71.46970770499996, 7.458312484000032], [-71.46776559999995, 7.452076367000132], [-71.46964765999996, 7.449145295000108], [-71.47618192899995, 7.449615271000084], [-71.48046712099995, 7.452853322000067], [-71.48338121199993, 7.446688183], [-71.49421961399992, 7.439482988000066], [-71.50223889099988, 7.426854691000187], [-71.50985819299996, 7.426943665000067], [-71.51827451299982, 7.419877476000067], [-71.53470017499995, 7.420768421], [-71.54063145499993, 7.427572532000113], [-71.55197388699997, 7.421064351000155], [-71.55782014299996, 7.425437405000139], [-71.55865619899987, 7.429429485000014], [-71.57354181899996, 7.43334249600008], [-71.58339719299994, 7.426440317000186], [-71.59012345799988, 7.426479286000074], [-71.59279653899989, 7.419009114000175], [-71.59904478799996, 7.417740059000096], [-71.60830821299999, 7.428518240000074], [-71.6187776509999, 7.432235268000113], [-71.62536796499995, 7.441470421000133], [-71.64102753699996, 7.427196063000167], [-71.65060290299988, 7.421988915999975], [-71.66810860899994, 7.420354800000155], [-71.67476188399996, 7.42234181200007], [-71.68133813099996, 7.417426679000073], [-71.69713279799998, 7.423858733000088], [-71.71250642199993, 7.423640664000061], [-71.71247943399993, 7.42556670099998], [-71.73144424899994, 7.436430829000074], [-71.7481359979999, 7.451027050000107], [-71.74563491499998, 7.454988139000022], [-71.7448779369999, 7.466452372000106], [-71.75050017499996, 7.469353409000064], [-71.75914952199997, 7.469027358000176], [-71.76494180499998, 7.478302519000124], [-71.76864894999994, 7.47785149900011], [-71.77324609199997, 7.467129259000046], [-71.78549461799992, 7.47433034900007], [-71.79510301399995, 7.474624303000041], [-71.80332338199992, 7.482619429000067], [-71.81251177999997, 7.486993472000051], [-71.82354720799998, 7.483230344999981], [-71.84060492599997, 7.488802379000049], [-71.85215578999998, 7.48250118600015], [-71.84838014999997, 7.469595951000031], [-71.84999019299988, 7.465184857000111], [-71.85390034499994, 7.464601830000106], [-71.85345329199998, 7.45645466700006], [-71.85630839699996, 7.453072588000055], [-71.85375826199999, 7.446837469000116], [-71.86102852999988, 7.44091932800012], [-71.85748137999991, 7.440661330000069], [-71.85779437799988, 7.438275289999979], [-71.86155552799994, 7.437435255000025], [-71.86183651199985, 7.429489094000076], [-71.86326155699999, 7.427659049000113], [-71.86614468199997, 7.430486096000152], [-71.8703968189999, 7.423089920000166], [-71.87438098199993, 7.42142887], [-71.87506598699997, 7.416715775000057], [-71.88060020899991, 7.417295754000179], [-71.8876234629999, 7.410804599000187], [-71.9062512139999, 7.40884847600006], [-71.91755261599991, 7.399055221000026], [-71.92971109599995, 7.394784078000043], [-71.93719039599989, 7.395148060000167], [-71.9377764009999, 7.391151978000096], [-71.94300561199992, 7.389933930000041], [-71.94393463299997, 7.387195863000045], [-71.95586310599998, 7.385205774000156], [-71.97817893399997, 7.369099353000024], [-71.99421356099992, 7.362960147000138], [-72.00441097499998, 7.364200130000143], [-72.0164904419999, 7.361130018000154], [-72.03281212099989, 7.36539002100011], [-72.03604324399998, 7.362775954000085], [-72.05864418299984, 7.369530982000128], [-72.07100974899998, 7.383130197000128], [-72.07612000499995, 7.394332400000167], [-72.08996359599996, 7.401330476000112], [-72.10326414999992, 7.403441456000166], [-72.12220086899998, 7.395155200000033], [-72.12890014499999, 7.395035166000071], [-72.13480634599989, 7.387401995000062], [-72.15741925399993, 7.387263878000113], [-72.16278945399995, 7.382336761000033], [-72.16621359499999, 7.38270375400009], [-72.17080185899994, 7.400856087000022], [-72.18051326099993, 7.403055087000041], [-72.19344484599998, 7.417488310000124], [-72.20037187499992, 7.4201598410001], [-72.20972452399997, 7.422707338000123], [-72.21262667699995, 7.428409443000021], [-72.22205208399998, 7.433980505000022], [-72.22943834899996, 7.428903375], [-72.23596561499994, 7.429540359000157], [-72.24456893699988, 7.424788217000071], [-72.25763348199996, 7.427929223000092], [-72.26358270499998, 7.423186104000138], [-72.2744301439999, 7.425235095000119], [-72.28197347399998, 7.429933144000074], [-72.28815071099996, 7.426726052000106], [-72.29522899399996, 7.426701020000166], [-72.30521642399987, 7.433697115000029], [-72.31007461999991, 7.432142062000025], [-72.32070705199999, 7.435070071000098], [-72.32807130299994, 7.425926858000025], [-72.34002980799988, 7.428629851000153], [-72.34319188599994, 7.419500658000175], [-72.34877310199988, 7.417806596000162], [-72.36532278499982, 7.421947599000021], [-72.38930501299984, 7.411898936000057], [-72.38932123799992, 7.411891282000113], [-72.3926198229999, 7.409637235000048], [-72.4074074269999, 7.411355195000056], [-72.41346664999998, 7.406608080000126], [-72.41377955399992, 7.400668600000074], [-72.37203595399995, 7.397501611000109], [-72.36118777299998, 7.394081976000052], [-72.35348575299997, 7.396249318000173], [-72.33804399099989, 7.387385854000058], [-72.32553873199993, 7.375971914000161], [-72.31093010499984, 7.380769338999983], [-72.3069312369999, 7.387542602000053], [-72.2998389309999, 7.390686695000056], [-72.28679903799991, 7.38857696700012], [-72.28361355899989, 7.385367664000057], [-72.27014951899992, 7.381812814000114], [-72.26576289399998, 7.383596706000048], [-72.25645253899995, 7.37844467900004], [-72.2515968649999, 7.379530113000158], [-72.24839047299997, 7.386021079000045], [-72.24134872399998, 7.390843120000113], [-72.23424528599998, 7.389975490000097], [-72.22214694799999, 7.394884037000054], [-72.20963098099998, 7.391647976000115], [-72.20905991299998, 7.388649848], [-72.2053955419999, 7.386984225000162], [-72.19778126899996, 7.386508334000098], [-72.19445002699996, 7.3837957450001], [-72.19383136699992, 7.37884646800012], [-72.18764476799998, 7.374753800000065], [-72.18686170699993, 7.369441117000065], [-72.17550951699997, 7.3495791040001], [-72.15386421399995, 7.328193193000118], [-72.15924223899998, 7.318171597000116], [-72.15983554899987, 7.310163204], [-72.17066506399982, 7.290156348000039], [-72.16780922199996, 7.271504278000066], [-72.17153839599996, 7.268164432000106], [-72.17448147599993, 7.259090001000061], [-72.1708591719999, 7.255490318], [-72.147437, 7.251166000000183], [-72.135771, 7.244862000000126], [-72.12557, 7.244857], [-72.1066689999999, 7.254848], [-72.093169, 7.253683], [-72.069043, 7.261484000000166], [-72.0632609999999, 7.248179000000107], [-72.055657, 7.249999], [-72.03993899999989, 7.245443], [-72.02509, 7.237868000000162], [-72.014793, 7.237077], [-72.009869, 7.231635], [-71.992141, 7.23722], [-71.984247, 7.23517800000019], [-71.97637899999984, 7.237011000000109], [-71.965238, 7.232272], [-71.95451499999984, 7.230971], [-71.945467, 7.225836], [-71.919098, 7.22625], [-71.895633, 7.235004000000174], [-71.891582, 7.233111], [-71.877984, 7.236012], [-71.86788, 7.234134], [-71.860789, 7.228900000000124], [-71.850547, 7.226954], [-71.84793699999989, 7.210653], [-71.820137, 7.206525000000113], [-71.81628899999987, 7.196924000000138], [-71.802804, 7.196245], [-71.804388, 7.188512000000117], [-71.797442, 7.194491], [-71.79433499999988, 7.19326000000018], [-71.790171, 7.196435000000179], [-71.78384199999988, 7.193009], [-71.780432, 7.184669], [-71.771618, 7.1823270000001], [-71.770195, 7.192811000000177], [-71.760828, 7.187626000000137], [-71.75616, 7.198509000000172], [-71.75234, 7.198930000000189], [-71.749369, 7.193180000000154], [-71.749709, 7.177307], [-71.747752, 7.175408000000175], [-71.739124, 7.177995000000124], [-71.73290899999989, 7.172665], [-71.728055, 7.177171], [-71.716228, 7.18185300000016], [-71.702489, 7.178441], [-71.697082, 7.182536], [-71.68720999999988, 7.182396000000153], [-71.681547, 7.177821000000165], [-71.676116, 7.179185000000189], [-71.676577, 7.183680000000152], [-71.670363, 7.179908000000182], [-71.66903, 7.184682000000123], [-71.66410499999989, 7.185334], [-71.660905, 7.184423000000152], [-71.65901699999989, 7.178486], [-71.653679, 7.182855], [-71.64260899999988, 7.175056000000154], [-71.63835199999983, 7.177449], [-71.637754, 7.183988], [-71.634462, 7.184132], [-71.624313, 7.17282100000017], [-71.615177, 7.176921000000107], [-71.607581, 7.173082], [-71.606546, 7.176249], [-71.611655, 7.179979000000174], [-71.610643, 7.183123], [-71.603946, 7.184374], [-71.602979, 7.178619], [-71.598698, 7.177228000000127], [-71.59991799999989, 7.186447000000101], [-71.59619, 7.189091], [-71.596075, 7.178907], [-71.589493, 7.176304], [-71.5842679999999, 7.182026], [-71.57729499999982, 7.183117], [-71.581483, 7.18808700000011], [-71.577663, 7.19915], [-71.569861, 7.197031], [-71.566592, 7.204539000000125], [-71.563232, 7.203467], [-71.566109, 7.196579], [-71.557547, 7.199784], [-71.552461, 7.189975000000175], [-71.548871, 7.190555000000188], [-71.54673, 7.19822100000016], [-71.543646, 7.197837000000163], [-71.542726, 7.190336], [-71.534324, 7.193265], [-71.53370299999989, 7.184801000000164], [-71.529883, 7.182399], [-71.52815699999985, 7.185223000000121], [-71.52956, 7.19159800000017], [-71.522748, 7.188031], [-71.521688, 7.196384], [-71.515313, 7.191555000000164], [-71.51312599999989, 7.197569], [-71.509396, 7.198355], [-71.51020299999988, 7.191587000000141], [-71.506475, 7.189505], [-71.502184, 7.192124], [-71.50081, 7.19901], [-71.49587799999989, 7.199586000000124], [-71.486677, 7.207923000000164], [-71.484282, 7.201509], [-71.476245, 7.2072], [-71.4752749999999, 7.201459], [-71.465999, 7.199671], [-71.464993, 7.204355], [-71.457191, 7.187134000000128], [-71.447338, 7.187070000000176], [-71.44652699999989, 7.181167], [-71.436893, 7.180229], [-71.433934, 7.176707], [-71.416283, 7.186064], [-71.409703, 7.184134], [-71.398357, 7.1858], [-71.393737, 7.178353000000129], [-71.391616, 7.178832000000114], [-71.391471, 7.182865], [-71.390954, 7.179044], [-71.386271, 7.174576], [-71.380038, 7.17546], [-71.369691, 7.171549], [-71.371094, 7.167572000000177], [-71.364446, 7.160785], [-71.360091, 7.162041000000102], [-71.354865, 7.158058], [-71.346475, 7.160451], [-71.338717, 7.154728], [-71.32709, 7.155685], [-71.3232569999999, 7.151643], [-71.314786, 7.152845], [-71.313929, 7.149165], [-71.308689, 7.148549], [-71.308162, 7.145965000000103], [-71.29952, 7.145954], [-71.2933819999999, 7.149769000000106], [-71.287949, 7.148124], [-71.281905, 7.149716000000126], [-71.28321199999982, 7.155134], [-71.27751799999987, 7.157363000000146], [-71.271256, 7.152679], [-71.262628, 7.154225], [-71.2558, 7.152501], [-71.256518, 7.156092000000115], [-71.251964, 7.165665000000104], [-71.249463, 7.167178], [-71.246008, 7.164391], [-71.238286, 7.167579], [-71.239672, 7.174188000000129], [-71.228974, 7.179465000000107], [-71.2275479999999, 7.191118], [-71.2401129999999, 7.194989], [-71.26114399999989, 7.187004], [-71.275324, 7.197389], [-71.30059099999988, 7.195182], [-71.313308, 7.203196], [-71.313235, 7.21007], [-71.320215, 7.218092], [-71.331258, 7.220577000000162], [-71.335831, 7.225482000000113], [-71.343743, 7.22543], [-71.35140299999989, 7.235277], [-71.358839, 7.23337400000014], [-71.383525, 7.247067000000129], [-71.37445694099995, 7.440245994000179], [-71.3794609609999, 7.444773621000081], [-71.39347253599988, 7.445995577000076], [-71.39514463699993, 7.451150678000033], [-71.40457898899984, 7.444192496000028], [-71.41089627399992, 7.450176584000076], [-71.41229629699995, 7.443291436000095], [-71.42087265599991, 7.444966430000136], [-71.42569783399989, 7.442602364999971], [-71.43141710299989, 7.448444458000097], [-71.43808337299998, 7.449903450000022], [-71.44000148399988, 7.456346579000126], [-71.44857983899993, 7.457584559999987], [-71.45451010799997, 7.46287664800019], [-71.45839224999992, 7.460414579000144], [-71.45440605999988, 7.453410447000067], [-71.46250720999996, 7.457605946000172]]]}}, {"type": "Feature", "properties": {"parroquia": "Urdaneta", "municipio": "Páez", "estado": "Apure", "pcode": "VE040405", "estado_pcode": "VE04", "municipio_pcode": "VE0404", "center_lat": 7.13730113, "center_lon": -71.66828414, "area_sqkm": 1761.03707706}, "geometry": {"type": "Polygon", "coordinates": [[[-71.2275479999999, 7.191118], [-71.228974, 7.179465000000107], [-71.239672, 7.174188000000129], [-71.238286, 7.167579], [-71.246008, 7.164391], [-71.249463, 7.167178], [-71.251964, 7.165665000000104], [-71.256518, 7.156092000000115], [-71.2558, 7.152501], [-71.262628, 7.154225], [-71.271256, 7.152679], [-71.27751799999987, 7.157363000000146], [-71.28321199999982, 7.155134], [-71.281905, 7.149716000000126], [-71.287949, 7.148124], [-71.2933819999999, 7.149769000000106], [-71.29952, 7.145954], [-71.308162, 7.145965000000103], [-71.308689, 7.148549], [-71.313929, 7.149165], [-71.314786, 7.152845], [-71.3232569999999, 7.151643], [-71.32709, 7.155685], [-71.338717, 7.154728], [-71.346475, 7.160451], [-71.354865, 7.158058], [-71.360091, 7.162041000000102], [-71.364446, 7.160785], [-71.371094, 7.167572000000177], [-71.369691, 7.171549], [-71.380038, 7.17546], [-71.386271, 7.174576], [-71.390954, 7.179044], [-71.391471, 7.182865], [-71.391616, 7.178832000000114], [-71.393737, 7.178353000000129], [-71.398357, 7.1858], [-71.409703, 7.184134], [-71.416283, 7.186064], [-71.433934, 7.176707], [-71.436893, 7.180229], [-71.44652699999989, 7.181167], [-71.447338, 7.187070000000176], [-71.457191, 7.187134000000128], [-71.464993, 7.204355], [-71.465999, 7.199671], [-71.4752749999999, 7.201459], [-71.476245, 7.2072], [-71.484282, 7.201509], [-71.486677, 7.207923000000164], [-71.49587799999989, 7.199586000000124], [-71.50081, 7.19901], [-71.502184, 7.192124], [-71.506475, 7.189505], [-71.51020299999988, 7.191587000000141], [-71.509396, 7.198355], [-71.51312599999989, 7.197569], [-71.515313, 7.191555000000164], [-71.521688, 7.196384], [-71.522748, 7.188031], [-71.52956, 7.19159800000017], [-71.52815699999985, 7.185223000000121], [-71.529883, 7.182399], [-71.53370299999989, 7.184801000000164], [-71.534324, 7.193265], [-71.542726, 7.190336], [-71.543646, 7.197837000000163], [-71.54673, 7.19822100000016], [-71.548871, 7.190555000000188], [-71.552461, 7.189975000000175], [-71.557547, 7.199784], [-71.566109, 7.196579], [-71.563232, 7.203467], [-71.566592, 7.204539000000125], [-71.569861, 7.197031], [-71.577663, 7.19915], [-71.581483, 7.18808700000011], [-71.57729499999982, 7.183117], [-71.5842679999999, 7.182026], [-71.589493, 7.176304], [-71.596075, 7.178907], [-71.59619, 7.189091], [-71.59991799999989, 7.186447000000101], [-71.598698, 7.177228000000127], [-71.602979, 7.178619], [-71.603946, 7.184374], [-71.610643, 7.183123], [-71.611655, 7.179979000000174], [-71.606546, 7.176249], [-71.607581, 7.173082], [-71.615177, 7.176921000000107], [-71.624313, 7.17282100000017], [-71.634462, 7.184132], [-71.637754, 7.183988], [-71.63835199999983, 7.177449], [-71.64260899999988, 7.175056000000154], [-71.653679, 7.182855], [-71.65901699999989, 7.178486], [-71.660905, 7.184423000000152], [-71.66410499999989, 7.185334], [-71.66903, 7.184682000000123], [-71.670363, 7.179908000000182], [-71.676577, 7.183680000000152], [-71.676116, 7.179185000000189], [-71.681547, 7.177821000000165], [-71.68720999999988, 7.182396000000153], [-71.697082, 7.182536], [-71.702489, 7.178441], [-71.716228, 7.18185300000016], [-71.728055, 7.177171], [-71.73290899999989, 7.172665], [-71.739124, 7.177995000000124], [-71.747752, 7.175408000000175], [-71.749709, 7.177307], [-71.749369, 7.193180000000154], [-71.75234, 7.198930000000189], [-71.75616, 7.198509000000172], [-71.760828, 7.187626000000137], [-71.770195, 7.192811000000177], [-71.771618, 7.1823270000001], [-71.780432, 7.184669], [-71.78384199999988, 7.193009], [-71.790171, 7.196435000000179], [-71.79433499999988, 7.19326000000018], [-71.797442, 7.194491], [-71.804388, 7.188512000000117], [-71.802804, 7.196245], [-71.81628899999987, 7.196924000000138], [-71.820137, 7.206525000000113], [-71.84793699999989, 7.210653], [-71.850547, 7.226954], [-71.860789, 7.228900000000124], [-71.86788, 7.234134], [-71.877984, 7.236012], [-71.891582, 7.233111], [-71.895633, 7.235004000000174], [-71.919098, 7.22625], [-71.945467, 7.225836], [-71.95451499999984, 7.230971], [-71.965238, 7.232272], [-71.97637899999984, 7.237011000000109], [-71.984247, 7.23517800000019], [-71.992141, 7.23722], [-72.009869, 7.231635], [-72.014793, 7.237077], [-72.02509, 7.237868000000162], [-72.03993899999989, 7.245443], [-72.055657, 7.249999], [-72.0632609999999, 7.248179000000107], [-72.069043, 7.261484000000166], [-72.093169, 7.253683], [-72.1066689999999, 7.254848], [-72.12557, 7.244857], [-72.135771, 7.244862000000126], [-72.147437, 7.251166000000183], [-72.1708591719999, 7.255490318], [-72.04767334899992, 7.038302587999965], [-72.00958483599999, 7.03338092000007], [-72.00323518299996, 7.029094599000075], [-71.98216316699995, 7.023705527000061], [-71.96561567999993, 7.01559179100019], [-71.95043756399997, 7.012905119000095], [-71.9388120889999, 7.006169973000112], [-71.92771723999994, 7.008433566000065], [-71.91657082799986, 7.017050826], [-71.91014515999996, 7.01550488800018], [-71.90441272299995, 7.018007062000095], [-71.89970474299986, 7.016112104000172], [-71.89732536599996, 7.019715894000115], [-71.88895452299988, 7.021397460000117], [-71.87778667599991, 7.018115373000114], [-71.87093369799999, 7.022051019000116], [-71.86425822799993, 7.019944297000052], [-71.85167459099989, 7.027815524000061], [-71.84711800399998, 7.025081188000115], [-71.83495930599992, 7.025661571000057], [-71.82673506799989, 7.030160534000061], [-71.82194403899996, 7.037146022000059], [-71.8255332299999, 7.047185485000171], [-71.82465683399988, 7.056579951000117], [-71.81661335499996, 7.057403104000116], [-71.81456462999984, 7.06103429000018], [-71.80876403799994, 7.063022407000119], [-71.76698457099997, 7.066263053], [-71.74471917099999, 7.065609409000103], [-71.73472971599989, 7.057898561000172], [-71.71882251999995, 7.054618183000173], [-71.71588253999994, 7.048266965000153], [-71.71524156499993, 7.035370870000065], [-71.70501032899995, 7.032519573000116], [-71.69096899699997, 7.037818598000115], [-71.67729186799994, 7.038052198000059], [-71.66166973399993, 7.033552149000116], [-71.6516636159999, 7.041527024000175], [-71.64844337999989, 7.050353599000118], [-71.64038426599996, 7.05351919900005], [-71.6309053889999, 7.051591293], [-71.62496100899995, 7.044682959000056], [-71.61670990799996, 7.04257906800018], [-71.59538734299991, 7.047775166], [-71.59190252699989, 7.054693864000114], [-71.58772440799999, 7.055196884], [-71.58472872499993, 7.053268560000163], [-71.58347525099992, 7.047600586000158], [-71.59293504099998, 7.029210186000171], [-71.5908656009999, 7.018620908000059], [-71.58699647699996, 7.016382702000158], [-71.57129305399997, 7.02736405800016], [-71.55601421999995, 7.027255577000176], [-71.54030618999991, 7.034747987000117], [-71.53425714999992, 7.034878259000095], [-71.5160976709999, 7.022122550000063], [-71.51204322299992, 7.021627878], [-71.50886420199998, 7.022752035000053], [-71.50438307299999, 7.032600699000113], [-71.49846167599998, 7.036281680000116], [-71.49190924699997, 7.031428532], [-71.48597149099993, 7.016480339000168], [-71.47817521899998, 7.015116051000064], [-71.46920214499994, 7.023535062000064], [-71.47220566299995, 7.035495287000174], [-71.46940359299992, 7.040480979], [-71.46522642699989, 7.042229587000122], [-71.45886165599995, 7.038309401000106], [-71.4574794269999, 7.025413055000115], [-71.45934217399991, 7.015069580000045], [-71.45497286699998, 7.009776681000062], [-71.4494866039999, 7.011712687000056], [-71.44931189099992, 7.027475548000155], [-71.43689888999995, 7.024245882000116], [-71.43087444299994, 7.034771156000033], [-71.42436141399992, 7.03892981700011], [-71.41152477999998, 7.03535488000017], [-71.39174485599995, 7.035942755000065], [-71.37902210699991, 7.017992144000118], [-71.36984560999997, 7.015351975000044], [-71.35776586299994, 7.019601390000048], [-71.33399572399998, 7.01689768000017], [-71.31273273599999, 7.022142019], [-71.29826759599996, 7.029065242000058], [-71.28317359099992, 7.024460568000109], [-71.26447641599992, 7.032062786000097], [-71.25857487099995, 7.019133496000052], [-71.24930758999994, 7.018741381000041], [-71.24432969799994, 7.013123540000151], [-71.22678899999988, 7.190667], [-71.2275479999999, 7.191118]]]}}, {"type": "Feature", "properties": {"parroquia": "San Juan de Payara", "municipio": "Pedro Camejo", "estado": "Apure", "pcode": "VE040501", "estado_pcode": "VE04", "municipio_pcode": "VE0405", "center_lat": 7.620994, "center_lon": -67.56552096, "area_sqkm": 631.57888653}, "geometry": {"type": "Polygon", "coordinates": [[[-67.541301, 7.663157000000183], [-67.540127, 7.643786], [-67.55058, 7.643074], [-67.553451, 7.647609000000159], [-67.55851899999988, 7.648530000000164], [-67.561165, 7.659363000000155], [-67.56495, 7.657199000000162], [-67.56880199999989, 7.660617000000173], [-67.566389, 7.663673], [-67.56905199999989, 7.666212], [-67.567193, 7.672789], [-67.57663899999989, 7.675161], [-67.571664, 7.679825000000108], [-67.576494, 7.680299000000105], [-67.582373, 7.685439], [-67.595653, 7.684215000000108], [-67.604848, 7.688699], [-67.610675, 7.683934], [-67.61686999999989, 7.684553000000165], [-67.626509, 7.700656], [-67.632873, 7.700603000000115], [-67.651962, 7.69005], [-67.652439, 7.692068], [-67.65626, 7.691154], [-67.664241, 7.685104], [-67.669727, 7.691897], [-67.6806739999999, 7.689674], [-67.68529799999988, 7.696989], [-67.68562, 7.702152], [-67.699594, 7.701760000000149], [-67.702399, 7.703775], [-67.71196, 7.700456], [-67.715232, 7.696292000000142], [-67.716431, 7.699878000000183], [-67.722006, 7.702658], [-67.73573599999986, 7.696771000000183], [-67.7395269999999, 7.698997000000134], [-67.75412, 7.691999], [-67.760498, 7.705293], [-67.768698, 7.703962], [-67.77147, 7.71140400000013], [-67.78025799999989, 7.708897], [-67.782689, 7.711322000000109], [-67.7877089999999, 7.710325], [-67.790011, 7.713508000000161], [-67.795722, 7.712266], [-67.80157899999989, 7.71539300000012], [-67.81803899999989, 7.710068], [-67.821269, 7.713492], [-67.828313, 7.711840000000166], [-67.834732, 7.714290000000176], [-67.845703, 7.723309], [-67.773783, 7.571419000000105], [-67.7702589999999, 7.568996], [-67.762666, 7.573856000000148], [-67.755871, 7.584166], [-67.75351499999988, 7.584072], [-67.75292699999983, 7.577274000000159], [-67.74835699999988, 7.583014], [-67.740891, 7.584802], [-67.734227, 7.580493], [-67.728077, 7.582316], [-67.691854, 7.56927700000017], [-67.675827, 7.577227000000164], [-67.665487, 7.57504], [-67.663739, 7.58440800000011], [-67.654958, 7.586390000000165], [-67.64951499999984, 7.58147200000019], [-67.637261, 7.576635], [-67.632716, 7.568654], [-67.618524, 7.572450000000117], [-67.608512, 7.567777], [-67.59846199999987, 7.570021], [-67.59377, 7.575093000000152], [-67.582744, 7.579229], [-67.57876299999987, 7.601657], [-67.575228, 7.604329000000121], [-67.56659, 7.592452], [-67.559087, 7.598397], [-67.552821, 7.597207], [-67.545019, 7.585966], [-67.542654, 7.570107], [-67.52927999999986, 7.572308000000135], [-67.52624099999986, 7.56174], [-67.513057, 7.55562], [-67.51103099999983, 7.556326], [-67.510603, 7.563476000000151], [-67.50513199999989, 7.563659], [-67.501925, 7.566833], [-67.502159, 7.576091000000133], [-67.50003, 7.577253], [-67.488696, 7.572521000000165], [-67.484337, 7.566286000000105], [-67.468033, 7.566038], [-67.4637, 7.561111], [-67.463151, 7.539466], [-67.449823, 7.520070000000146], [-67.30260614399998, 7.647902917000067], [-67.303459, 7.650769000000139], [-67.319057, 7.659309000000121], [-67.324605, 7.656342000000109], [-67.33794299999988, 7.658781], [-67.34273099999984, 7.654507], [-67.346984, 7.64273100000014], [-67.34894099999985, 7.642384], [-67.35263, 7.648575000000164], [-67.3609459999999, 7.650285], [-67.368036, 7.644998000000101], [-67.367411, 7.640823000000182], [-67.37279799999988, 7.637717], [-67.38075, 7.646151000000145], [-67.384733, 7.643208000000186], [-67.390999, 7.64522], [-67.399174, 7.644060000000138], [-67.409526, 7.656988], [-67.41563, 7.658103000000153], [-67.420327, 7.655641], [-67.418126, 7.668517000000122], [-67.432143, 7.655716], [-67.432879, 7.664792], [-67.43860399999983, 7.67421], [-67.43839799999984, 7.683473000000163], [-67.454199, 7.683182], [-67.46106099999986, 7.690764000000172], [-67.47905899999989, 7.684127000000103], [-67.488866, 7.683118], [-67.50220299999984, 7.689645], [-67.5095409999999, 7.685319000000106], [-67.52759, 7.682529], [-67.533083, 7.676180000000159], [-67.537542, 7.662995], [-67.541301, 7.663157000000183]]]}}, {"type": "Feature", "properties": {"parroquia": "Codazzi", "municipio": "Pedro Camejo", "estado": "Apure", "pcode": "VE040502", "estado_pcode": "VE04", "municipio_pcode": "VE0405", "center_lat": 6.4062985, "center_lon": -68.1896781, "area_sqkm": 8852.30320688}, "geometry": {"type": "Polygon", "coordinates": [[[-67.4399596799999, 6.197393618000092], [-67.43277339899993, 6.204220789000033], [-67.4229390719999, 6.232777418000182], [-67.41470276199993, 6.24448570300018], [-67.39935813899996, 6.253751956000087], [-67.34441581899989, 6.269062475000112], [-67.32393196799995, 6.277887736000139], [-67.30152014299995, 6.316351639], [-67.28928765699999, 6.330500981000114], [-67.28181039199984, 6.345698331999984], [-67.27470011699995, 6.353609537000068], [-67.25858545299997, 6.363386801000104], [-67.20935652299994, 6.415895111000054], [-67.18033632599997, 6.433805599000095], [-67.15931450199992, 6.457430191000128], [-67.13916185699998, 6.517736573000093], [-67.13423578599998, 6.556689439000081], [-67.12004032199997, 6.595836346000169], [-67.1172972469999, 6.610444670000049], [-67.11740634499995, 6.634601197000109], [-67.10819299299988, 6.647773522000136], [-67.09783264799995, 6.673164115000134], [-67.09581768099991, 6.706211855000163], [-67.07718352999984, 6.731627796000168], [-67.093786, 6.734206000000142], [-67.111525, 6.719487000000129], [-67.116316, 6.701964000000146], [-67.13324099999988, 6.68786], [-67.148564, 6.663423], [-67.14978, 6.657275], [-67.1593539999999, 6.64698], [-67.171844, 6.639602], [-67.205529, 6.632149], [-67.211337, 6.627106], [-67.230807, 6.61824], [-67.232091, 6.613995], [-67.223639, 6.60504], [-67.226324, 6.600292], [-67.236587, 6.599152], [-67.237343, 6.595137], [-67.236028, 6.577376], [-67.229413, 6.570855000000165], [-67.229686, 6.56186], [-67.237811, 6.556496000000152], [-67.25385899999986, 6.553868000000136], [-67.268915, 6.542702000000133], [-67.272448, 6.536555], [-67.274703, 6.544105], [-67.277734, 6.545805], [-67.28533, 6.538122], [-67.290104, 6.536633000000165], [-67.3136679999999, 6.550942000000134], [-67.328593, 6.550651], [-67.332636, 6.553704], [-67.332299, 6.567863], [-67.336778, 6.571054000000117], [-67.3444899999999, 6.56344], [-67.349713, 6.544097], [-67.359004, 6.532214], [-67.363435, 6.532215000000178], [-67.378323, 6.546541000000161], [-67.38234099999988, 6.545486], [-67.384449, 6.540347000000111], [-67.38996, 6.540991000000133], [-67.393426, 6.53778], [-67.395839, 6.541613], [-67.401807, 6.539297000000147], [-67.408653, 6.543797000000154], [-67.410717, 6.541411], [-67.409933, 6.53650000000016], [-67.412803, 6.536157], [-67.4227489999999, 6.541048], [-67.422317, 6.546211], [-67.42491299999989, 6.547933], [-67.43457699999988, 6.544746000000146], [-67.437982, 6.553306], [-67.441749, 6.555097], [-67.444227, 6.552], [-67.445543, 6.532288000000165], [-67.45148599999987, 6.52763], [-67.463331, 6.524145], [-67.479201, 6.529586], [-67.483691, 6.542874000000154], [-67.498636, 6.540352], [-67.502679, 6.537172000000169], [-67.508632, 6.539266], [-67.507707, 6.56888], [-67.51441499999987, 6.581008], [-67.517931, 6.581105], [-67.531974, 6.577579000000185], [-67.538019, 6.566137], [-67.569711, 6.565937], [-67.572032, 6.560833000000173], [-67.56842499999988, 6.554918000000157], [-67.572079, 6.550481], [-67.581961, 6.5550080000001], [-67.577364, 6.574493], [-67.588924, 6.575152], [-67.597266, 6.566485000000114], [-67.60400099999987, 6.566129000000103], [-67.612182, 6.570241000000181], [-67.615124, 6.567062], [-67.61691599999989, 6.553597], [-67.628499, 6.540191], [-67.636679, 6.535370000000114], [-67.65118099999984, 6.539331000000118], [-67.6743939999999, 6.551024], [-67.682901, 6.57625400000012], [-67.68883199999988, 6.583455000000185], [-67.701335, 6.580632], [-67.706523, 6.549761000000103], [-67.732947, 6.52579100000014], [-67.74277699999988, 6.506149000000164], [-67.749168, 6.513327], [-67.750343, 6.522285000000124], [-67.75401899999986, 6.521144], [-67.754134, 6.518373000000111], [-67.7620629999999, 6.521864000000107], [-67.76459099999988, 6.523608], [-67.765583, 6.530367], [-67.767927, 6.531332000000134], [-67.772039, 6.526503], [-67.77780699999988, 6.525159], [-67.785186, 6.531146], [-67.792242, 6.529574000000139], [-67.796609, 6.531182000000172], [-67.800334, 6.53634], [-67.793723, 6.557338000000186], [-67.798783, 6.569003], [-67.806232, 6.573136], [-67.81416, 6.569410000000175], [-67.81889, 6.55782500000015], [-67.825142, 6.559527000000116], [-67.827714, 6.554811], [-67.840791, 6.55274100000014], [-67.844212, 6.543856], [-67.861524, 6.554435000000126], [-67.86538899999988, 6.56241], [-67.87619, 6.560016], [-67.877995, 6.541119], [-67.89298, 6.54008], [-67.907946, 6.545203000000129], [-67.910891, 6.54944300000011], [-67.911635, 6.563944000000163], [-67.928028, 6.571610000000135], [-67.927924, 6.587714000000119], [-67.932708, 6.592553000000123], [-67.944915, 6.595519], [-67.953575, 6.58595], [-67.95946, 6.587398], [-67.962933, 6.591227000000174], [-67.963904, 6.598788000000127], [-67.95991, 6.606688], [-67.954395, 6.608561000000179], [-67.953362, 6.61153800000011], [-67.955046, 6.620153], [-67.961, 6.62070800000015], [-67.965525, 6.616382000000158], [-67.977159, 6.618225], [-67.985133, 6.615299], [-67.98895, 6.616425000000163], [-67.992863, 6.622154], [-68.002471, 6.62175], [-68.006134, 6.623665], [-68.00848899999988, 6.641843], [-68.013431, 6.645993], [-68.01303699999988, 6.644418000000144], [-68.02057699999989, 6.64267], [-68.023313, 6.633885], [-68.02848499999988, 6.628859], [-68.04367999999988, 6.632312000000127], [-68.04489899999987, 6.638137], [-68.049381, 6.637514000000181], [-68.054944, 6.618017], [-68.043819, 6.613255], [-68.041015, 6.593854000000135], [-68.04313, 6.589266000000123], [-68.05634599999985, 6.589325], [-68.057909, 6.586343], [-68.051634, 6.569629], [-68.072918, 6.565759], [-68.080182, 6.580134], [-68.0938819999999, 6.580353000000173], [-68.098938, 6.578514], [-68.09965, 6.573652000000152], [-68.103442, 6.571859000000131], [-68.11068, 6.549056], [-68.118174, 6.552559], [-68.11999, 6.557557], [-68.133782, 6.564058], [-68.146492, 6.557924000000185], [-68.1446519999999, 6.553063000000122], [-68.150856, 6.544641000000126], [-68.158648, 6.546996000000149], [-68.162902, 6.552038], [-68.17234799999989, 6.552189000000112], [-68.176349, 6.556176000000107], [-68.190967, 6.555565], [-68.196759, 6.553358], [-68.19441199999989, 6.545425], [-68.196847, 6.542372000000171], [-68.198572, 6.544756], [-68.1986619999999, 6.539617000000135], [-68.208845, 6.541969], [-68.210476, 6.538550000000157], [-68.219393, 6.53409100000016], [-68.221527, 6.526475], [-68.225387, 6.523008], [-68.239757, 6.53407], [-68.250147, 6.538049], [-68.25463599999989, 6.555865000000153], [-68.266616, 6.563718000000108], [-68.268517, 6.548463], [-68.27674699999983, 6.551802], [-68.2807519999999, 6.562188], [-68.285764, 6.564567], [-68.284261, 6.547161000000131], [-68.316091, 6.539141], [-68.324534, 6.553143], [-68.3341, 6.559003], [-68.339456, 6.558766], [-68.344279, 6.55188], [-68.352691, 6.5499650000001], [-68.36779799999988, 6.558798], [-68.37936, 6.55798], [-68.393361, 6.562914], [-68.40007299999985, 6.562286000000142], [-68.40361499999989, 6.564689000000158], [-68.4041969999999, 6.575628], [-68.40949099999989, 6.584819], [-68.42964099999983, 6.601693000000182], [-68.440237, 6.599315], [-68.443129, 6.593256], [-68.440931, 6.576469], [-68.462709, 6.58744600000017], [-68.462817, 6.578936000000169], [-68.47108499999985, 6.568855], [-68.472249, 6.558876], [-68.483602, 6.556748], [-68.484905, 6.54869600000012], [-68.50773699999985, 6.546019000000115], [-68.5124919999999, 6.552106], [-68.513383, 6.560691000000133], [-68.521498, 6.562993000000176], [-68.521011, 6.570291], [-68.525563, 6.57068500000014], [-68.525744, 6.576194000000157], [-68.538572, 6.579671], [-68.538197, 6.59149], [-68.522599, 6.60609600000015], [-68.521789, 6.614151000000106], [-68.527211, 6.621386000000143], [-68.531877, 6.624259000000166], [-68.542385, 6.625416000000143], [-68.552542, 6.636625000000151], [-68.559075, 6.634358], [-68.56032, 6.62791], [-68.572351, 6.617432000000179], [-68.586309, 6.615998], [-68.595439, 6.61031], [-68.62171, 6.618978], [-68.62780899999984, 6.616555], [-68.630614, 6.614094], [-68.630131, 6.602461000000119], [-68.640902, 6.599295], [-68.6351949999999, 6.589119], [-68.638321, 6.58629], [-68.652653, 6.590826], [-68.65555299999988, 6.600779], [-68.66104199999984, 6.605265000000145], [-68.66456, 6.602297], [-68.665683, 6.587954], [-68.675559, 6.586257], [-68.677966, 6.580539000000101], [-68.682565, 6.577430000000106], [-68.694474, 6.578964], [-68.692942, 6.573093], [-68.70186899999987, 6.569265], [-68.706252, 6.561155000000156], [-68.704797, 6.548400000000129], [-68.711389, 6.540331], [-68.71427099999988, 6.541931], [-68.71377499999988, 6.547003000000188], [-68.725805, 6.54101], [-68.73471499999982, 6.539934], [-68.73626999999988, 6.523845], [-68.739142, 6.521199], [-68.743942, 6.526099], [-68.74900999999988, 6.52728], [-68.754821, 6.520154], [-68.763366, 6.521442], [-68.777182, 6.531345000000158], [-68.781092, 6.529248000000166], [-68.787449, 6.509912], [-68.789635, 6.508966000000157], [-68.79220099999986, 6.513503], [-68.802697, 6.511665], [-68.810932, 6.518139], [-68.8185739999999, 6.507106], [-68.82638799999984, 6.500936000000138], [-68.838338, 6.50054], [-68.84854899999988, 6.495535000000189], [-68.8552, 6.503389], [-68.866368, 6.503567], [-68.878108, 6.511821000000111], [-68.887257, 6.505487], [-68.888189, 6.491143], [-68.89529, 6.485503], [-68.90372799999983, 6.489703], [-68.911684, 6.485552], [-68.9209029999999, 6.489268000000152], [-68.93134, 6.482724000000132], [-68.933509, 6.475236000000166], [-68.94239099999987, 6.473468], [-68.9465919999999, 6.468547], [-68.950821, 6.456328000000155], [-68.960832, 6.446043], [-68.965116, 6.446444], [-68.97428, 6.455552], [-68.982642, 6.457113000000106], [-68.98503099999988, 6.463829000000146], [-68.99148499999984, 6.466978], [-69.000891, 6.462569000000144], [-68.9980369999999, 6.454224000000124], [-69.004515, 6.448240000000112], [-69.008384, 6.439759], [-69.01103099999989, 6.440286000000128], [-69.011512, 6.445066], [-69.01814099999984, 6.444948], [-69.02064999999988, 6.442073], [-69.030271, 6.445032], [-69.03766, 6.439169], [-69.04316, 6.440361000000109], [-69.045833, 6.43048], [-69.061806, 6.427714000000151], [-69.067468, 6.428032], [-69.06894, 6.430306], [-69.077549, 6.427382], [-69.085603, 6.434431], [-69.098585, 6.42592100000013], [-69.100472, 6.428654000000108], [-69.105535, 6.42872], [-69.107744, 6.434761], [-69.115108, 6.434549], [-69.11655899999988, 6.427793000000122], [-69.12376399999988, 6.42188300000015], [-69.12885099999988, 6.420891000000154], [-69.133959, 6.423622000000137], [-69.140542, 6.418103], [-69.145329, 6.422717], [-69.150163, 6.416923000000111], [-69.166065, 6.41482], [-69.167791, 6.410728000000177], [-69.16199199999983, 6.41094], [-69.1596679999999, 6.407564], [-69.167631, 6.403399], [-69.175617, 6.40279500000014], [-69.179898, 6.386824000000161], [-69.183603, 6.393139], [-69.18898799999988, 6.389596000000154], [-69.18664, 6.37579], [-69.189931, 6.37571800000012], [-69.193245, 6.380196], [-69.204959, 6.372005], [-69.212368, 6.374916], [-69.21818999999988, 6.366893], [-69.216924, 6.363378000000182], [-69.219846, 6.360136000000125], [-69.21826699999986, 6.354808], [-69.222884, 6.352896000000101], [-69.227094, 6.340416000000118], [-69.235539, 6.341167], [-69.237471, 6.335812], [-69.258526, 6.334941], [-69.269135, 6.342054], [-69.27597, 6.34285100000011], [-69.2784099999999, 6.349580000000174], [-69.293507, 6.351817], [-69.305195, 6.347531000000117], [-69.31177799999989, 6.354485000000125], [-69.31290399999989, 6.351222000000121], [-69.322914, 6.347235000000126], [-69.333524, 6.355128], [-69.333868, 6.350462000000164], [-69.33704299999982, 6.35062], [-69.339734, 6.345516], [-69.34703, 6.34668], [-69.35193, 6.343917], [-69.35137599999985, 6.339667000000134], [-69.347188, 6.339235], [-69.346658, 6.334962000000189], [-69.351005, 6.329099], [-69.353169, 6.332313], [-69.355084, 6.327845], [-69.352924, 6.324677], [-69.364351, 6.327296], [-69.3641, 6.324909000000105], [-69.36762, 6.323854], [-69.37932399999988, 6.325486], [-69.38031599999982, 6.320506000000137], [-69.388301, 6.312223000000131], [-69.397431, 6.312546], [-69.40664599999985, 6.320878000000164], [-69.409387, 6.314176], [-69.41435499999989, 6.312020000000189], [-69.41660699999989, 6.317047000000116], [-69.43088799999987, 6.315258], [-69.431852, 6.318747], [-69.440084, 6.320584], [-69.444617, 6.316154], [-69.453378, 6.314938], [-69.451633, 6.310004], [-69.45924699999989, 6.304405], [-69.460992, 6.30927], [-69.463847, 6.305323000000101], [-69.466582, 6.307848000000149], [-69.47161899999986, 6.304612], [-69.47752260499993, 6.310855574000129], [-69.48115873899997, 6.305921454999975], [-69.48998910399996, 6.304223388000082], [-69.4885660249999, 6.298279270000137], [-69.49300718899991, 6.292794149999963], [-69.4895160079999, 6.283843981000075], [-69.4951272319999, 6.280837901000041], [-69.49490317799996, 6.269156668000164], [-69.49911035999997, 6.269317653000087], [-69.49477099999984, 6.2653], [-69.499991, 6.26305], [-69.499694, 6.259516], [-69.508954, 6.256019], [-69.50992, 6.248654], [-69.51605399999988, 6.244364000000132], [-69.517111, 6.248746000000153], [-69.52101599999986, 6.24698], [-69.524828, 6.24899900000014], [-69.528917, 6.244571], [-69.533764, 6.245443], [-69.537024, 6.250307], [-69.53880512399985, 6.248304089999976], [-69.42755517199998, 6.107296934000146], [-69.41710209699988, 6.112376600000118], [-69.41222513499997, 6.120309248000126], [-69.40426835299996, 6.125582978000011], [-69.39323455299996, 6.127314587000058], [-69.3844175349999, 6.125520678000044], [-69.36099135599994, 6.140016693000121], [-69.34465521599992, 6.14437928000001], [-69.32925593499988, 6.131966524000063], [-69.31043452199992, 6.090897928000061], [-69.28749226199989, 6.087050417000114], [-69.27824547099988, 6.081756304000066], [-69.25979672599993, 6.082864142000062], [-69.24461915899985, 6.079220466000038], [-69.23747669099998, 6.079873470000052], [-69.23281665199994, 6.08396118100012], [-69.21731740699988, 6.102009330000158], [-69.2119695639999, 6.117884629000173], [-69.17769517099998, 6.147265233000155], [-69.15030421099993, 6.150879750000172], [-69.13868828299991, 6.175473502000102], [-69.1235086779999, 6.191070744000058], [-69.10176398699991, 6.194115754000165], [-69.09670019299989, 6.197241702000156], [-69.08927022699993, 6.209836801000165], [-69.04859810499994, 6.221384205000106], [-69.03151427699993, 6.217408013000068], [-69.0232848359999, 6.201061305000053], [-69.01390328299993, 6.192868411000063], [-69.00424809899982, 6.19166001200017], [-68.97331141499984, 6.196189312000115], [-68.93443782699995, 6.176976610000111], [-68.9178557809999, 6.177301908], [-68.88221973799995, 6.16735420800012], [-68.8684306809999, 6.169178971000179], [-68.8546734119999, 6.177953150000064], [-68.82961148599992, 6.179920720000155], [-68.80932695999996, 6.170420572000182], [-68.79793455699996, 6.15747522800001], [-68.79271185099992, 6.147409892000155], [-68.75181005599995, 6.156865557000117], [-68.72810070299994, 6.151989476000153], [-68.70645452199994, 6.152071943000124], [-68.69567654399998, 6.147341430000154], [-68.69267677199991, 6.137543442000037], [-68.68688986099994, 6.131950614], [-68.64375901799997, 6.129169258000104], [-68.62798060599994, 6.137369008000178], [-68.61568569799994, 6.150596781000104], [-68.59687612099998, 6.163338613000121], [-68.58846870299988, 6.166326282000171], [-68.57667921399991, 6.166886196000121], [-68.55137232999988, 6.1497405880001], [-68.54199567799998, 6.148979032000113], [-68.53347306499995, 6.151623395000172], [-68.5226813779999, 6.159330302000058], [-68.51008480599995, 6.179066934000048], [-68.46337494599999, 6.183645781999985], [-68.44856769199998, 6.187729279999985], [-68.42720354399995, 6.182134990000065], [-68.41271440199995, 6.185442466000154], [-68.39412805199993, 6.182366070000171], [-68.37356968399996, 6.185884681000061], [-68.35484077199999, 6.17909894100012], [-68.32837838799998, 6.163954455000123], [-68.30697303599999, 6.162989562000121], [-68.28458713599997, 6.172836544000063], [-68.26882336499995, 6.184214569000062], [-68.2573880629999, 6.197032944000114], [-68.24057941199993, 6.197492781000051], [-68.21398697899997, 6.207516209000175], [-68.18679322099996, 6.210197536000067], [-68.17618796499988, 6.214379430000065], [-68.16828428999992, 6.22119796800007], [-68.14185391299992, 6.228674985000112], [-68.12049367299994, 6.225495005000084], [-68.09790899399991, 6.231868613000188], [-68.0776860119999, 6.227096296000127], [-68.06445585199992, 6.22030993900006], [-68.04268803799988, 6.198664688000122], [-68.03593336099993, 6.195982330000049], [-68.02593924399991, 6.196396630000038], [-68.00159993099993, 6.208168435000175], [-67.97830477499991, 6.208088456000041], [-67.95489647599987, 6.225501372000167], [-67.92980708199997, 6.236351361], [-67.90294018899993, 6.266881835000163], [-67.86082763499996, 6.294941225000059], [-67.84566636299996, 6.312044431000174], [-67.83513473099998, 6.317617999], [-67.81025960899996, 6.324303969000027], [-67.79735548899987, 6.320851512000104], [-67.76995986499986, 6.294857809000121], [-67.76176763399997, 6.291370332000099], [-67.71879691499993, 6.300460510000164], [-67.6995740349999, 6.293668866000075], [-67.64135365699991, 6.289446726000108], [-67.62525924699992, 6.291350300999966], [-67.61115766099994, 6.285350128000118], [-67.59634841199994, 6.267831947000047], [-67.58663508099988, 6.262522769000043], [-67.55440648599995, 6.267233501000078], [-67.54336436299991, 6.264824056000123], [-67.53461306599996, 6.260010910000176], [-67.51168272399991, 6.234050002000117], [-67.46934785499991, 6.207929626], [-67.45589160799989, 6.191352589000019], [-67.4399596799999, 6.197393618000092]]]}}, {"type": "Feature", "properties": {"parroquia": "Cunaviche", "municipio": "Pedro Camejo", "estado": "Apure", "pcode": "VE040503", "estado_pcode": "VE04", "municipio_pcode": "VE0405", "center_lat": 7.05839227, "center_lon": -67.57995744, "area_sqkm": 11475.59230343}, "geometry": {"type": "Polygon", "coordinates": [[[-67.449823, 7.520070000000146], [-67.463151, 7.539466], [-67.4637, 7.561111], [-67.468033, 7.566038], [-67.484337, 7.566286000000105], [-67.488696, 7.572521000000165], [-67.50003, 7.577253], [-67.502159, 7.576091000000133], [-67.501925, 7.566833], [-67.50513199999989, 7.563659], [-67.510603, 7.563476000000151], [-67.51103099999983, 7.556326], [-67.513057, 7.55562], [-67.52624099999986, 7.56174], [-67.52927999999986, 7.572308000000135], [-67.542654, 7.570107], [-67.545019, 7.585966], [-67.552821, 7.597207], [-67.559087, 7.598397], [-67.56659, 7.592452], [-67.575228, 7.604329000000121], [-67.57876299999987, 7.601657], [-67.582744, 7.579229], [-67.59377, 7.575093000000152], [-67.59846199999987, 7.570021], [-67.608512, 7.567777], [-67.618524, 7.572450000000117], [-67.632716, 7.568654], [-67.637261, 7.576635], [-67.64951499999984, 7.58147200000019], [-67.654958, 7.586390000000165], [-67.663739, 7.58440800000011], [-67.665487, 7.57504], [-67.675827, 7.577227000000164], [-67.691854, 7.56927700000017], [-67.728077, 7.582316], [-67.734227, 7.580493], [-67.740891, 7.584802], [-67.74835699999988, 7.583014], [-67.75292699999983, 7.577274000000159], [-67.75351499999988, 7.584072], [-67.755871, 7.584166], [-67.762666, 7.573856000000148], [-67.7702589999999, 7.568996], [-67.773783, 7.571419000000105], [-67.77834, 7.572740000000181], [-67.77892, 7.576292], [-67.788471, 7.577465000000132], [-67.78750899999989, 7.581341], [-67.808054, 7.579741000000126], [-67.81839, 7.582150000000183], [-67.821356, 7.580975000000137], [-67.821582, 7.578040000000101], [-67.835959, 7.574045000000126], [-67.848063, 7.575257], [-67.855664, 7.580032], [-67.859712, 7.57915300000019], [-67.861952, 7.584581], [-67.872788, 7.583090000000141], [-67.876188, 7.57971300000014], [-67.911917, 7.58956], [-67.917933, 7.581935000000158], [-67.930908, 7.579659000000106], [-67.93527099999989, 7.574239], [-67.943788, 7.575869], [-67.950681, 7.569548], [-67.951708, 7.564639000000113], [-67.957945, 7.565312000000176], [-67.95943299999988, 7.561091], [-67.957283, 7.554814], [-67.961422, 7.553245], [-67.961021, 7.54785900000013], [-67.965085, 7.542805000000101], [-67.96702, 7.543810000000121], [-67.967542, 7.552956000000108], [-67.97554, 7.547961], [-67.983077, 7.554958], [-67.987319, 7.546603000000118], [-68.001862, 7.546499], [-68.014307, 7.540462], [-68.0260239999999, 7.540918], [-68.04102599999987, 7.535448000000144], [-68.039286, 7.52640700000012], [-68.08096399999988, 7.316017000000102], [-68.0921699999999, 6.964399000000128], [-68.013431, 6.645993], [-68.00848899999988, 6.641843], [-68.006134, 6.623665], [-68.002471, 6.62175], [-67.992863, 6.622154], [-67.98895, 6.616425000000163], [-67.985133, 6.615299], [-67.977159, 6.618225], [-67.965525, 6.616382000000158], [-67.961, 6.62070800000015], [-67.955046, 6.620153], [-67.953362, 6.61153800000011], [-67.954395, 6.608561000000179], [-67.95991, 6.606688], [-67.963904, 6.598788000000127], [-67.962933, 6.591227000000174], [-67.95946, 6.587398], [-67.953575, 6.58595], [-67.944915, 6.595519], [-67.932708, 6.592553000000123], [-67.927924, 6.587714000000119], [-67.928028, 6.571610000000135], [-67.911635, 6.563944000000163], [-67.910891, 6.54944300000011], [-67.907946, 6.545203000000129], [-67.89298, 6.54008], [-67.877995, 6.541119], [-67.87619, 6.560016], [-67.86538899999988, 6.56241], [-67.861524, 6.554435000000126], [-67.844212, 6.543856], [-67.840791, 6.55274100000014], [-67.827714, 6.554811], [-67.825142, 6.559527000000116], [-67.81889, 6.55782500000015], [-67.81416, 6.569410000000175], [-67.806232, 6.573136], [-67.798783, 6.569003], [-67.793723, 6.557338000000186], [-67.800334, 6.53634], [-67.796609, 6.531182000000172], [-67.792242, 6.529574000000139], [-67.785186, 6.531146], [-67.77780699999988, 6.525159], [-67.772039, 6.526503], [-67.767927, 6.531332000000134], [-67.765583, 6.530367], [-67.76459099999988, 6.523608], [-67.7620629999999, 6.521864000000107], [-67.754134, 6.518373000000111], [-67.75401899999986, 6.521144], [-67.750343, 6.522285000000124], [-67.749168, 6.513327], [-67.74277699999988, 6.506149000000164], [-67.732947, 6.52579100000014], [-67.706523, 6.549761000000103], [-67.701335, 6.580632], [-67.68883199999988, 6.583455000000185], [-67.682901, 6.57625400000012], [-67.6743939999999, 6.551024], [-67.65118099999984, 6.539331000000118], [-67.636679, 6.535370000000114], [-67.628499, 6.540191], [-67.61691599999989, 6.553597], [-67.615124, 6.567062], [-67.612182, 6.570241000000181], [-67.60400099999987, 6.566129000000103], [-67.597266, 6.566485000000114], [-67.588924, 6.575152], [-67.577364, 6.574493], [-67.581961, 6.5550080000001], [-67.572079, 6.550481], [-67.56842499999988, 6.554918000000157], [-67.572032, 6.560833000000173], [-67.569711, 6.565937], [-67.538019, 6.566137], [-67.531974, 6.577579000000185], [-67.517931, 6.581105], [-67.51441499999987, 6.581008], [-67.507707, 6.56888], [-67.508632, 6.539266], [-67.502679, 6.537172000000169], [-67.498636, 6.540352], [-67.483691, 6.542874000000154], [-67.479201, 6.529586], [-67.463331, 6.524145], [-67.45148599999987, 6.52763], [-67.445543, 6.532288000000165], [-67.444227, 6.552], [-67.441749, 6.555097], [-67.437982, 6.553306], [-67.43457699999988, 6.544746000000146], [-67.42491299999989, 6.547933], [-67.422317, 6.546211], [-67.4227489999999, 6.541048], [-67.412803, 6.536157], [-67.409933, 6.53650000000016], [-67.410717, 6.541411], [-67.408653, 6.543797000000154], [-67.401807, 6.539297000000147], [-67.395839, 6.541613], [-67.393426, 6.53778], [-67.38996, 6.540991000000133], [-67.384449, 6.540347000000111], [-67.38234099999988, 6.545486], [-67.378323, 6.546541000000161], [-67.363435, 6.532215000000178], [-67.359004, 6.532214], [-67.349713, 6.544097], [-67.3444899999999, 6.56344], [-67.336778, 6.571054000000117], [-67.332299, 6.567863], [-67.332636, 6.553704], [-67.328593, 6.550651], [-67.3136679999999, 6.550942000000134], [-67.290104, 6.536633000000165], [-67.28533, 6.538122], [-67.277734, 6.545805], [-67.274703, 6.544105], [-67.272448, 6.536555], [-67.268915, 6.542702000000133], [-67.25385899999986, 6.553868000000136], [-67.237811, 6.556496000000152], [-67.229686, 6.56186], [-67.229413, 6.570855000000165], [-67.236028, 6.577376], [-67.237343, 6.595137], [-67.236587, 6.599152], [-67.226324, 6.600292], [-67.223639, 6.60504], [-67.232091, 6.613995], [-67.230807, 6.61824], [-67.211337, 6.627106], [-67.205529, 6.632149], [-67.171844, 6.639602], [-67.1593539999999, 6.64698], [-67.14978, 6.657275], [-67.148564, 6.663423], [-67.13324099999988, 6.68786], [-67.116316, 6.701964000000146], [-67.111525, 6.719487000000129], [-67.093786, 6.734206000000142], [-67.07718352999984, 6.731627796000168], [-67.04631569499998, 6.74722094599997], [-67.04012747299998, 6.759524235000015], [-67.0339402329999, 6.765675395000073], [-67.03365011399995, 6.795990249000113], [-67.03355545899996, 6.832076863000054], [-67.01720095699989, 6.883541076000029], [-67.01571594699988, 6.899615439000115], [-67.01748006899999, 6.909583647000147], [-67.04195633299997, 6.961127704000148], [-67.06674453999995, 6.996699408000154], [-67.0741850099999, 7.032027165999978], [-67.07007904099999, 7.086620404000143], [-67.05629050799996, 7.10319583200004], [-67.05492048499997, 7.111644023000167], [-67.02683138199995, 7.140889801000014], [-67.00659062999995, 7.171038563000025], [-66.9924877179999, 7.181131918000176], [-67.001401, 7.196806000000151], [-67.00646199999989, 7.195880000000102], [-67.012844, 7.198328000000117], [-67.020899, 7.196263000000158], [-67.02325599999989, 7.204684], [-67.022239, 7.212088000000165], [-67.03498699999989, 7.209279], [-67.03385, 7.21792], [-67.04082199999988, 7.222319], [-67.03311, 7.224867], [-67.029305, 7.221715000000188], [-67.031376, 7.227339], [-67.028185, 7.23171], [-67.023285, 7.22651500000012], [-67.016757, 7.226291], [-67.014317, 7.232773000000122], [-67.016979, 7.234019], [-67.016585, 7.240529], [-67.0262919999999, 7.239295], [-67.027315, 7.242393000000106], [-67.030403, 7.240842], [-67.035422, 7.244914000000165], [-67.037937, 7.242743000000132], [-67.042518, 7.247181000000126], [-67.04592, 7.241342], [-67.046146, 7.248383000000103], [-67.05025, 7.251581], [-67.050761, 7.244428], [-67.054266, 7.247556], [-67.054037, 7.253127], [-67.059621, 7.254013], [-67.06197699999984, 7.251428], [-67.07693699999987, 7.247707000000162], [-67.08147799999989, 7.250654], [-67.081819, 7.25785500000012], [-67.093499, 7.251786000000152], [-67.09717199999989, 7.259729000000107], [-67.109453, 7.253042000000107], [-67.11377, 7.260597000000132], [-67.118182, 7.261342000000127], [-67.120272, 7.256119000000183], [-67.12407999999988, 7.255433], [-67.133683, 7.260945000000163], [-67.130415, 7.267633], [-67.13208, 7.271352], [-67.127594, 7.278128], [-67.131252, 7.277656], [-67.129934, 7.279579], [-67.133118, 7.282797], [-67.129204, 7.284026], [-67.13111499999985, 7.289535000000114], [-67.126875, 7.291955], [-67.126471, 7.295325000000105], [-67.130148, 7.296091], [-67.130845, 7.300083000000143], [-67.138323, 7.305444], [-67.130087, 7.306112], [-67.12678199999988, 7.310437], [-67.117488, 7.311377], [-67.120301, 7.315351], [-67.12074, 7.327162000000158], [-67.13020099999989, 7.335908000000131], [-67.12398999999988, 7.343783000000144], [-67.124152, 7.347936], [-67.135015, 7.349325], [-67.13711099999989, 7.353636], [-67.13890399999985, 7.347004], [-67.14461199999988, 7.350256000000115], [-67.14647999999988, 7.36308], [-67.15469599999989, 7.364746], [-67.16026999999985, 7.374194000000159], [-67.169359, 7.370284], [-67.1698899999999, 7.373496000000102], [-67.174839, 7.375968], [-67.183882, 7.370407000000171], [-67.185329, 7.3647840000001], [-67.191361, 7.370536000000186], [-67.19771299999985, 7.370369], [-67.198107, 7.375875000000121], [-67.200594, 7.377616000000103], [-67.212148, 7.379072000000178], [-67.2175079999999, 7.373353000000179], [-67.220389, 7.38094400000017], [-67.233438, 7.379185], [-67.236044, 7.389278000000104], [-67.232801, 7.393206], [-67.231589, 7.408511], [-67.234008, 7.412408], [-67.242755, 7.414532000000122], [-67.24957399999988, 7.422968], [-67.256523, 7.42016], [-67.260783, 7.42261], [-67.261218, 7.418594], [-67.26510599999989, 7.415011000000163], [-67.288488, 7.407226], [-67.288283, 7.410255], [-67.28476199999989, 7.41239400000012], [-67.289097, 7.422576000000106], [-67.293655, 7.423809000000119], [-67.3049999999999, 7.419618000000128], [-67.31226, 7.431563], [-67.32078099999984, 7.437059], [-67.327548, 7.437004000000172], [-67.331512, 7.442345000000103], [-67.33807399999989, 7.443529000000183], [-67.34418199999982, 7.453754000000117], [-67.351828, 7.459021000000178], [-67.35822799999988, 7.457062000000121], [-67.3763469999999, 7.459423], [-67.378793, 7.465592000000129], [-67.38434499999988, 7.469875000000116], [-67.405531, 7.476452], [-67.407452, 7.487464000000102], [-67.424055, 7.491064], [-67.427397, 7.495166000000154], [-67.43361499999986, 7.497199], [-67.43459, 7.504999000000169], [-67.447837, 7.512964000000181], [-67.449823, 7.520070000000146]]]}}, {"type": "Feature", "properties": {"parroquia": "Urbana Elorza", "municipio": "Rómulo Gallegos", "estado": "Apure", "pcode": "VE040601", "estado_pcode": "VE04", "municipio_pcode": "VE0406", "center_lat": 6.77422354, "center_lon": -69.37945083, "area_sqkm": 10052.80448203}, "geometry": {"type": "Polygon", "coordinates": [[[-68.929413, 7.145928], [-68.955409, 7.288872], [-68.959828, 7.285593000000119], [-68.964144, 7.287549000000126], [-68.96745, 7.276426000000129], [-68.972002, 7.271904], [-68.98128899999989, 7.270497], [-68.980083, 7.259833000000185], [-68.984611, 7.256274], [-68.990141, 7.255973], [-68.991213, 7.245067], [-69.005173, 7.237856], [-69.005285, 7.234548], [-68.996432, 7.223567000000116], [-69.014428, 7.219647000000123], [-69.015838, 7.214144], [-69.014035, 7.208412000000123], [-69.016628, 7.204735], [-69.03510099999988, 7.199808000000189], [-69.04779699999989, 7.205669000000171], [-69.052498, 7.204733], [-69.055683, 7.202393], [-69.060051, 7.189142000000174], [-69.065976, 7.184269], [-69.089435, 7.176351000000182], [-69.09343699999982, 7.163248000000181], [-69.101003, 7.159269000000108], [-69.11147, 7.163103], [-69.126242, 7.14994600000017], [-69.442958, 7.218427], [-69.465904, 7.208163000000127], [-69.48199399999987, 7.203907], [-69.487356, 7.191931000000181], [-69.493027, 7.188594000000137], [-69.520252, 7.052921], [-69.529621, 7.0588], [-69.537245, 7.058915000000184], [-69.541261, 7.073239000000171], [-69.547488, 7.077744], [-69.558488, 7.078322], [-69.577519, 7.058569000000148], [-69.585726, 7.061226], [-69.590905, 7.067868], [-69.594281, 7.064922], [-69.596259, 7.068099000000132], [-69.59969299999989, 7.066135], [-69.6071419999999, 7.069196000000147], [-69.619196, 7.068428], [-69.61691, 7.074966], [-69.627941, 7.074966], [-69.63204599999989, 7.071317000000136], [-69.63546699999989, 7.062322000000165], [-69.642564, 7.062407], [-69.647609, 7.056976000000134], [-69.649148, 7.06037], [-69.6562459999999, 7.056806000000108], [-69.665396, 7.061898], [-69.669843, 7.060285], [-69.678308, 7.062916], [-69.68506399999984, 7.052392000000111], [-69.691553, 7.051211], [-69.698588, 7.058870000000184], [-69.703972, 7.052654000000132], [-69.7288089999999, 7.057561], [-69.73348, 7.054017000000101], [-69.73842499999989, 7.058761], [-69.74979899999988, 7.058652], [-69.756228, 7.053526000000147], [-69.7510079999999, 7.052163000000178], [-69.751722, 7.049382], [-69.761064, 7.045892], [-69.768646, 7.034222], [-69.774852, 7.030884], [-69.783661, 7.033684000000108], [-69.791869, 7.031987], [-69.799993, 7.035212], [-69.80863, 7.034956], [-69.818036, 7.040898000000141], [-69.825048, 7.032835], [-69.836079, 7.036314000000118], [-69.842407, 7.029779000000133], [-69.849162, 7.032156000000157], [-69.853695, 7.02621500000015], [-69.86079199999989, 7.027827000000116], [-69.858313, 7.022311], [-69.864469, 7.024687], [-69.865239, 7.01976400000018], [-69.877222, 7.017335000000116], [-69.883056, 7.009877000000131], [-69.91074, 7.024792000000161], [-69.917859, 7.033378], [-69.924583, 7.03195600000015], [-69.927203, 7.036862000000156], [-69.933036, 7.039511000000118], [-69.93437099999983, 7.046626000000174], [-69.943269, 7.045056000000102], [-69.947769, 7.04898100000014], [-69.955431, 7.047754], [-69.968531, 7.05226800000014], [-69.97456299999988, 7.051728], [-69.98331299999984, 7.058009], [-70.00289, 7.060315000000173], [-70.023732, 7.045156], [-70.02175199999988, 7.040763], [-70.046622, 7.046139], [-70.058561, 7.039434], [-70.067705, 7.02532900000017], [-70.090587, 7.024804], [-70.088518, 7.021992000000125], [-70.092741, 7.014692], [-70.09064599999988, 7.009725000000174], [-70.096699, 7.001293], [-70.095185, 6.995633000000169], [-70.10088799999988, 6.993553], [-70.101005, 6.989972], [-70.107406, 6.989625000000103], [-70.111479, 6.983156], [-70.11765697599986, 6.979241219000073], [-69.83266354999989, 6.620299289000172], [-69.53880512399985, 6.248304089999976], [-69.537024, 6.250307], [-69.533764, 6.245443], [-69.528917, 6.244571], [-69.524828, 6.24899900000014], [-69.52101599999986, 6.24698], [-69.517111, 6.248746000000153], [-69.51605399999988, 6.244364000000132], [-69.50992, 6.248654], [-69.508954, 6.256019], [-69.499694, 6.259516], [-69.499991, 6.26305], [-69.49477099999984, 6.2653], [-69.49911035999997, 6.269317653000087], [-69.49490317799996, 6.269156668000164], [-69.4951272319999, 6.280837901000041], [-69.4895160079999, 6.283843981000075], [-69.49300718899991, 6.292794149999963], [-69.4885660249999, 6.298279270000137], [-69.48998910399996, 6.304223388000082], [-69.48115873899997, 6.305921454999975], [-69.47752260499993, 6.310855574000129], [-69.47161899999986, 6.304612], [-69.466582, 6.307848000000149], [-69.463847, 6.305323000000101], [-69.460992, 6.30927], [-69.45924699999989, 6.304405], [-69.451633, 6.310004], [-69.453378, 6.314938], [-69.444617, 6.316154], [-69.440084, 6.320584], [-69.431852, 6.318747], [-69.43088799999987, 6.315258], [-69.41660699999989, 6.317047000000116], [-69.41435499999989, 6.312020000000189], [-69.409387, 6.314176], [-69.40664599999985, 6.320878000000164], [-69.397431, 6.312546], [-69.388301, 6.312223000000131], [-69.38031599999982, 6.320506000000137], [-69.37932399999988, 6.325486], [-69.36762, 6.323854], [-69.3641, 6.324909000000105], [-69.364351, 6.327296], [-69.352924, 6.324677], [-69.355084, 6.327845], [-69.353169, 6.332313], [-69.351005, 6.329099], [-69.346658, 6.334962000000189], [-69.347188, 6.339235], [-69.35137599999985, 6.339667000000134], [-69.35193, 6.343917], [-69.34703, 6.34668], [-69.339734, 6.345516], [-69.33704299999982, 6.35062], [-69.333868, 6.350462000000164], [-69.333524, 6.355128], [-69.322914, 6.347235000000126], [-69.31290399999989, 6.351222000000121], [-69.31177799999989, 6.354485000000125], [-69.305195, 6.347531000000117], [-69.293507, 6.351817], [-69.2784099999999, 6.349580000000174], [-69.27597, 6.34285100000011], [-69.269135, 6.342054], [-69.258526, 6.334941], [-69.237471, 6.335812], [-69.235539, 6.341167], [-69.227094, 6.340416000000118], [-69.222884, 6.352896000000101], [-69.21826699999986, 6.354808], [-69.219846, 6.360136000000125], [-69.216924, 6.363378000000182], [-69.21818999999988, 6.366893], [-69.212368, 6.374916], [-69.204959, 6.372005], [-69.193245, 6.380196], [-69.189931, 6.37571800000012], [-69.18664, 6.37579], [-69.18898799999988, 6.389596000000154], [-69.183603, 6.393139], [-69.179898, 6.386824000000161], [-69.175617, 6.40279500000014], [-69.167631, 6.403399], [-69.1596679999999, 6.407564], [-69.16199199999983, 6.41094], [-69.167791, 6.410728000000177], [-69.166065, 6.41482], [-69.150163, 6.416923000000111], [-69.145329, 6.422717], [-69.140542, 6.418103], [-69.133959, 6.423622000000137], [-69.12885099999988, 6.420891000000154], [-69.12376399999988, 6.42188300000015], [-69.11655899999988, 6.427793000000122], [-69.115108, 6.434549], [-69.107744, 6.434761], [-69.105535, 6.42872], [-69.100472, 6.428654000000108], [-69.098585, 6.42592100000013], [-69.085603, 6.434431], [-69.077549, 6.427382], [-69.06894, 6.430306], [-69.067468, 6.428032], [-69.061806, 6.427714000000151], [-69.045833, 6.43048], [-69.04316, 6.440361000000109], [-69.03766, 6.439169], [-69.030271, 6.445032], [-69.02064999999988, 6.442073], [-69.01814099999984, 6.444948], [-69.011512, 6.445066], [-69.01103099999989, 6.440286000000128], [-69.008384, 6.439759], [-69.004515, 6.448240000000112], [-68.9980369999999, 6.454224000000124], [-69.000891, 6.462569000000144], [-68.99148499999984, 6.466978], [-68.98503099999988, 6.463829000000146], [-68.982642, 6.457113000000106], [-68.97428, 6.455552], [-68.965116, 6.446444], [-68.960832, 6.446043], [-68.950821, 6.456328000000155], [-68.9465919999999, 6.468547], [-68.94239099999987, 6.473468], [-68.933509, 6.475236000000166], [-68.93134, 6.482724000000132], [-68.9209029999999, 6.489268000000152], [-68.911684, 6.485552], [-68.90372799999983, 6.489703], [-68.89529, 6.485503], [-68.888189, 6.491143], [-68.887257, 6.505487], [-68.878108, 6.511821000000111], [-68.866368, 6.503567], [-68.8552, 6.503389], [-68.84854899999988, 6.495535000000189], [-68.838338, 6.50054], [-68.82638799999984, 6.500936000000138], [-68.8185739999999, 6.507106], [-68.810932, 6.518139], [-68.802697, 6.511665], [-68.79220099999986, 6.513503], [-68.789635, 6.508966000000157], [-68.787449, 6.509912], [-68.781092, 6.529248000000166], [-68.777182, 6.531345000000158], [-68.763366, 6.521442], [-68.754821, 6.520154], [-68.74900999999988, 6.52728], [-68.743942, 6.526099], [-68.739142, 6.521199], [-68.73626999999988, 6.523845], [-68.73471499999982, 6.539934], [-68.725805, 6.54101], [-68.71377499999988, 6.547003000000188], [-68.71427099999988, 6.541931], [-68.711389, 6.540331], [-68.704797, 6.548400000000129], [-68.706252, 6.561155000000156], [-68.70186899999987, 6.569265], [-68.692942, 6.573093], [-68.694474, 6.578964], [-68.682565, 6.577430000000106], [-68.677966, 6.580539000000101], [-68.675559, 6.586257], [-68.665683, 6.587954], [-68.66456, 6.602297], [-68.66104199999984, 6.605265000000145], [-68.65555299999988, 6.600779], [-68.652653, 6.590826], [-68.638321, 6.58629], [-68.6351949999999, 6.589119], [-68.640902, 6.599295], [-68.630131, 6.602461000000119], [-68.630614, 6.614094], [-68.62780899999984, 6.616555], [-68.62171, 6.618978], [-68.595439, 6.61031], [-68.586309, 6.615998], [-68.87742, 6.827044], [-68.887676, 6.899881000000164], [-68.929413, 7.145928]]]}}, {"type": "Feature", "properties": {"parroquia": "La Trinidad", "municipio": "Rómulo Gallegos", "estado": "Apure", "pcode": "VE040602", "estado_pcode": "VE04", "municipio_pcode": "VE0406", "center_lat": 7.1993125, "center_lon": -69.90673961, "area_sqkm": 1838.77747244}, "geometry": {"type": "Polygon", "coordinates": [[[-70.090587, 7.024804], [-70.067705, 7.02532900000017], [-70.058561, 7.039434], [-70.046622, 7.046139], [-70.02175199999988, 7.040763], [-70.023732, 7.045156], [-70.00289, 7.060315000000173], [-69.98331299999984, 7.058009], [-69.97456299999988, 7.051728], [-69.968531, 7.05226800000014], [-69.955431, 7.047754], [-69.947769, 7.04898100000014], [-69.943269, 7.045056000000102], [-69.93437099999983, 7.046626000000174], [-69.933036, 7.039511000000118], [-69.927203, 7.036862000000156], [-69.924583, 7.03195600000015], [-69.917859, 7.033378], [-69.91074, 7.024792000000161], [-69.883056, 7.009877000000131], [-69.877222, 7.017335000000116], [-69.865239, 7.01976400000018], [-69.864469, 7.024687], [-69.858313, 7.022311], [-69.86079199999989, 7.027827000000116], [-69.853695, 7.02621500000015], [-69.849162, 7.032156000000157], [-69.842407, 7.029779000000133], [-69.836079, 7.036314000000118], [-69.825048, 7.032835], [-69.818036, 7.040898000000141], [-69.80863, 7.034956], [-69.799993, 7.035212], [-69.791869, 7.031987], [-69.783661, 7.033684000000108], [-69.774852, 7.030884], [-69.768646, 7.034222], [-69.761064, 7.045892], [-69.751722, 7.049382], [-69.7510079999999, 7.052163000000178], [-69.756228, 7.053526000000147], [-69.74979899999988, 7.058652], [-69.73842499999989, 7.058761], [-69.73348, 7.054017000000101], [-69.7288089999999, 7.057561], [-69.703972, 7.052654000000132], [-69.698588, 7.058870000000184], [-69.691553, 7.051211], [-69.68506399999984, 7.052392000000111], [-69.678308, 7.062916], [-69.669843, 7.060285], [-69.665396, 7.061898], [-69.6562459999999, 7.056806000000108], [-69.649148, 7.06037], [-69.647609, 7.056976000000134], [-69.642564, 7.062407], [-69.63546699999989, 7.062322000000165], [-69.63204599999989, 7.071317000000136], [-69.627941, 7.074966], [-69.61691, 7.074966], [-69.619196, 7.068428], [-69.6071419999999, 7.069196000000147], [-69.59969299999989, 7.066135], [-69.596259, 7.068099000000132], [-69.594281, 7.064922], [-69.590905, 7.067868], [-69.585726, 7.061226], [-69.577519, 7.058569000000148], [-69.558488, 7.078322], [-69.547488, 7.077744], [-69.541261, 7.073239000000171], [-69.537245, 7.058915000000184], [-69.529621, 7.0588], [-69.520252, 7.052921], [-69.493027, 7.188594000000137], [-69.567637, 7.295074000000113], [-69.61801299999985, 7.367132], [-69.61968499999989, 7.365848], [-69.615206, 7.358593], [-69.616499, 7.354555], [-69.61167399999982, 7.350948000000187], [-69.61463, 7.340073000000132], [-69.621281, 7.340789], [-69.637653, 7.336807], [-69.640192, 7.328791000000138], [-69.645152, 7.324237], [-69.64541499999984, 7.316303000000175], [-69.651526, 7.31276], [-69.652735, 7.302879], [-69.66066399999988, 7.301586000000157], [-69.659058, 7.295712000000151], [-69.667464, 7.299833], [-69.67678399999988, 7.289690000000178], [-69.679086, 7.291850000000181], [-69.67973499999988, 7.289077], [-69.685221, 7.287940000000162], [-69.687808, 7.281569], [-69.690205, 7.281161], [-69.688644, 7.276228], [-69.69493199999982, 7.277982], [-69.69477499999988, 7.273556000000156], [-69.70247, 7.274647000000186], [-69.703459, 7.276713], [-69.707148, 7.274541000000113], [-69.712216, 7.276659], [-69.717429, 7.271211000000108], [-69.72379, 7.269158], [-69.724958, 7.275948], [-69.72878, 7.279188], [-69.731548, 7.277564000000154], [-69.738433, 7.281382], [-69.743688, 7.280107], [-69.74407799999983, 7.281942000000186], [-69.756062, 7.280334], [-69.760723, 7.273646000000156], [-69.765563, 7.271475000000123], [-69.769616, 7.273798000000113], [-69.773006, 7.270685000000128], [-69.780657, 7.270856], [-69.782785, 7.260724000000153], [-69.78965399999987, 7.257020000000125], [-69.796907, 7.263177], [-69.799743, 7.260659], [-69.811449, 7.25976], [-69.82276699999989, 7.252554], [-69.830032, 7.243461], [-69.832959, 7.243534000000182], [-69.8349209999999, 7.238767000000109], [-69.844324, 7.233965000000182], [-69.848264, 7.234016000000111], [-69.851371, 7.238034], [-69.865429, 7.232895], [-69.87446, 7.233595], [-69.87436999999989, 7.230683], [-69.87704, 7.233576000000141], [-69.878632, 7.230093], [-69.880037, 7.231791], [-69.882619, 7.2291120000001], [-69.883056, 7.23103900000018], [-69.892756, 7.228988000000129], [-69.896118, 7.231836], [-69.910839, 7.234768], [-69.919133, 7.233174], [-69.92254599999984, 7.22873], [-69.92980399999988, 7.228280000000154], [-69.933838, 7.22367700000018], [-69.937916, 7.223177], [-69.942567, 7.228136000000177], [-69.945862, 7.227085], [-69.953392, 7.235831000000189], [-69.962815, 7.234145000000126], [-69.96753499999988, 7.239815000000135], [-69.98430999999988, 7.234927], [-69.982607, 7.231394], [-69.98404, 7.220504000000176], [-69.990007, 7.21886], [-69.991828, 7.215445000000102], [-70.004739, 7.216765], [-70.004421, 7.220346], [-70.00730699999986, 7.2211], [-70.01551599999988, 7.21732], [-70.025308, 7.222582000000159], [-70.027541, 7.218652], [-70.034237, 7.221119000000101], [-70.03658699999988, 7.21898], [-70.043972, 7.21977], [-70.059353, 7.212442000000124], [-70.083681, 7.216344], [-70.09126799999984, 7.213437], [-70.10133, 7.213784000000146], [-70.105154, 7.209989], [-70.112409, 7.215461000000175], [-70.115911, 7.212791], [-70.115777, 7.214972], [-70.126567, 7.223558], [-70.13342099999988, 7.223682], [-70.14120799999989, 7.230208000000175], [-70.14242, 7.237436000000116], [-70.14783199999988, 7.244357], [-70.15361799999988, 7.240994000000171], [-70.160359, 7.242334], [-70.162773, 7.237669], [-70.17223699999988, 7.238705000000152], [-70.184476, 7.230966], [-70.196986, 7.232201], [-70.201199, 7.226683], [-70.221084, 7.223724000000118], [-70.238441, 7.226692], [-70.247337, 7.232731], [-70.260064, 7.227790000000141], [-70.272757, 7.228059], [-70.275048, 7.231496000000163], [-70.286586, 7.232410000000129], [-70.302919, 7.241391], [-70.317824, 7.240437], [-70.325788, 7.242391000000111], [-70.341532, 7.234570000000133], [-70.349586, 7.234986000000106], [-70.35638, 7.24011], [-70.369268, 7.243628000000172], [-70.369725, 7.243542000000161], [-70.090587, 7.024804]]]}}, {"type": "Feature", "properties": {"parroquia": "Urbana San Fernando de Apure", "municipio": "San Fernando", "estado": "Apure", "pcode": "VE040701", "estado_pcode": "VE04", "municipio_pcode": "VE0407", "center_lat": 7.775122, "center_lon": -67.44457061, "area_sqkm": 374.09654717}, "geometry": {"type": "Polygon", "coordinates": [[[-67.50078367899982, 7.90589180500001], [-67.49812999999989, 7.883729], [-67.506021, 7.75566], [-67.541301, 7.663157000000183], [-67.537542, 7.662995], [-67.533083, 7.676180000000159], [-67.52759, 7.682529], [-67.5095409999999, 7.685319000000106], [-67.50220299999984, 7.689645], [-67.488866, 7.683118], [-67.47905899999989, 7.684127000000103], [-67.46106099999986, 7.690764000000172], [-67.454199, 7.683182], [-67.43839799999984, 7.683473000000163], [-67.43860399999983, 7.67421], [-67.432879, 7.664792], [-67.432143, 7.655716], [-67.418126, 7.668517000000122], [-67.420327, 7.655641], [-67.41563, 7.658103000000153], [-67.409526, 7.656988], [-67.399174, 7.644060000000138], [-67.390999, 7.64522], [-67.384733, 7.643208000000186], [-67.38075, 7.646151000000145], [-67.37279799999988, 7.637717], [-67.367411, 7.640823000000182], [-67.368036, 7.644998000000101], [-67.3609459999999, 7.650285], [-67.35263, 7.648575000000164], [-67.34894099999985, 7.642384], [-67.346984, 7.64273100000014], [-67.34273099999984, 7.654507], [-67.33794299999988, 7.658781], [-67.324605, 7.656342000000109], [-67.319057, 7.659309000000121], [-67.303459, 7.650769000000139], [-67.294026, 7.710701], [-67.288129, 7.730481000000111], [-67.313857, 7.730045], [-67.351934, 7.736616], [-67.460071, 7.864661000000126], [-67.43070099999989, 7.878432], [-67.43110546099996, 7.890022319000082], [-67.4330801349999, 7.885957117000146], [-67.43633327499998, 7.885769092000146], [-67.46475857099989, 7.901464337000164], [-67.47990522099991, 7.90143526200012], [-67.48503445399996, 7.903811292000114], [-67.4896766409999, 7.900775202000091], [-67.49819202399988, 7.90260121200015], [-67.50078367899982, 7.90589180500001]]]}}, {"type": "Feature", "properties": {"parroquia": "Peñalver", "municipio": "San Fernando", "estado": "Apure", "pcode": "VE040703", "estado_pcode": "VE04", "municipio_pcode": "VE0407", "center_lat": 7.6254895, "center_lon": -66.80423964, "area_sqkm": 2672.79163082}, "geometry": {"type": "Polygon", "coordinates": [[[-66.52712657799998, 7.810609897000177], [-66.52927254099995, 7.813435391000041], [-66.53427775899996, 7.81251134200005], [-66.55162647599991, 7.802604033000023], [-66.54400506899992, 7.786132677000182], [-66.54753618199999, 7.77801447600018], [-66.55301340199992, 7.77401436100007], [-66.55473149899996, 7.777350431000059], [-66.55110035799999, 7.780782522000038], [-66.55265943499995, 7.783452582], [-66.56637201099994, 7.777827389000095], [-66.58162368099988, 7.780704391000086], [-66.58437080299996, 7.77954235600015], [-66.58480079499992, 7.774973242999977], [-66.59104507599994, 7.776027238999973], [-66.59658228099988, 7.767755016000081], [-66.60687871799996, 7.763171871], [-66.60988686199988, 7.766811940000025], [-66.61870123799991, 7.764244846000054], [-66.62835369499999, 7.773855033000189], [-66.63486996199987, 7.769144889000017], [-66.63913611499999, 7.761395693000111], [-66.65043363199993, 7.768460801000117], [-66.6561528869999, 7.767697761000022], [-66.65869495499993, 7.758357528000033], [-66.66516321199998, 7.754174402000103], [-66.66187103199991, 7.745298218000016], [-66.65609081199995, 7.750631362000036], [-66.65184862099994, 7.750893393000183], [-66.64993050699997, 7.744892260000029], [-66.65612176399992, 7.740869131000125], [-66.65059851199999, 7.73781908400008], [-66.64832137399986, 7.728623885], [-66.64599826699992, 7.726870845000064], [-66.63584483199998, 7.730443980000075], [-66.65064934899993, 7.69906917600008], [-66.65922771699996, 7.69781011300006], [-66.66447291999998, 7.693714996000097], [-66.66631401599989, 7.69459400900007], [-66.66433095599996, 7.702237193000087], [-66.67047723499985, 7.705012229000033], [-66.68449082299998, 7.697913003000053], [-66.68563786999994, 7.69968504000002], [-66.67949562899997, 7.703387160000091], [-66.67890963799988, 7.714135408000175], [-66.68099076399994, 7.719654530000128], [-66.68469692399998, 7.721251553], [-66.68905108699994, 7.714695374000144], [-66.69056209999997, 7.702525085000104], [-66.70542173199988, 7.69788491200012], [-66.70852384099993, 7.693231792000063], [-66.71565613999996, 7.689945682000143], [-66.71930532999994, 7.69546979900008], [-66.72726365999989, 7.693586719000052], [-66.72869772099989, 7.69184567700006], [-66.7249665519999, 7.69066266800013], [-66.72477052699998, 7.686734571000102], [-66.73094081099998, 7.689463607000107], [-66.7345449799999, 7.694711721000033], [-66.74440143399994, 7.698025749000124], [-66.74917963099995, 7.695650680000028], [-66.75187074999985, 7.697726715000101], [-66.75895305699999, 7.696047649000093], [-66.76304025299987, 7.701640752], [-66.77486776799998, 7.701239694000037], [-66.77747092199996, 7.710090893000086], [-66.7825421419999, 7.710105866], [-66.78358817899993, 7.706938791000084], [-66.78922244499995, 7.712031891000152], [-66.78989242799992, 7.702959676000091], [-66.81577367999995, 7.731472229000133], [-66.83304443199995, 7.730510133000109], [-66.83704562399998, 7.734266203], [-66.84686405099995, 7.735671193000087], [-66.84767704199999, 7.724531930000126], [-66.85236422799994, 7.721718841000154], [-66.86985700599985, 7.724178826000184], [-66.87819238299994, 7.728450885000086], [-66.88375062099993, 7.727615841999977], [-66.88401665299989, 7.73154493200019], [-66.8902439599999, 7.739855097000088], [-66.88967396299995, 7.746424255000022], [-66.91021889799993, 7.754978372000039], [-66.92189937699987, 7.749793197000088], [-66.92856266599989, 7.7497421650001], [-66.93764502999989, 7.741562935000161], [-66.95038260099989, 7.746695997000131], [-66.96020503099999, 7.746972962000029], [-66.96517327199996, 7.752063060000012], [-66.96633830099995, 7.74710294200014], [-66.96986245299996, 7.748604962000059], [-66.96789941799989, 7.759559223000053], [-66.97540576799997, 7.764150296000025], [-67.00555909599996, 7.768820275000166], [-67.00799018599997, 7.766162202000089], [-67.00822616499994, 7.758223016000102], [-67.02316385099988, 7.766327146000037], [-67.03026519799994, 7.775953330000164], [-67.03870957899989, 7.779511377000119], [-67.04941308499991, 7.788808554000127], [-67.05210721099996, 7.789250548000098], [-67.06001951299999, 7.781555331000163], [-67.06521774299995, 7.782690334000165], [-67.09327793799991, 7.775832058999981], [-67.09548502299992, 7.774547020000171], [-67.09696204699992, 7.764899785000182], [-67.12455223999996, 7.764437651000094], [-67.13268658499993, 7.761218539000026], [-67.13816101399993, 7.763911034000159], [-67.14934429199991, 7.758847415000162], [-67.15878671199994, 7.760003401000063], [-67.16030280299998, 7.768260584000132], [-67.15418358499994, 7.776619805000166], [-67.15596566899995, 7.779989884000031], [-67.16519704999985, 7.775657735000152], [-67.17026029599998, 7.780462832000069], [-67.18230081199988, 7.780474770000183], [-67.19291924499987, 7.773952575000123], [-67.20508878899994, 7.776697582000111], [-67.20897894399985, 7.77343249900008], [-67.21163407299997, 7.777155570000161], [-67.22089047799989, 7.778538555000125], [-67.22644864799997, 7.789307834000056], [-67.288129, 7.730481000000111], [-67.294026, 7.710701], [-67.303459, 7.650769000000139], [-67.30260614399998, 7.647902917000067], [-67.300485, 7.645037000000173], [-67.29208299999988, 7.651494], [-67.284665, 7.649781], [-67.27805699999988, 7.651877000000127], [-67.27688099999983, 7.649996000000101], [-67.2819669999999, 7.641501000000176], [-67.277912, 7.638913], [-67.276896, 7.632307], [-67.27021799999983, 7.633301], [-67.266598, 7.626651000000152], [-67.25876999999986, 7.62904500000019], [-67.258797, 7.638659000000189], [-67.255712, 7.639672000000189], [-67.252551, 7.627492000000132], [-67.245385, 7.619194000000107], [-67.239899, 7.605249], [-67.230136, 7.607439], [-67.225551, 7.600629], [-67.215993, 7.597725], [-67.210901, 7.587268000000165], [-67.21879599999988, 7.582143000000144], [-67.213315, 7.577836000000104], [-67.2147169999999, 7.572098000000153], [-67.20023, 7.562085], [-67.205291, 7.55040200000019], [-67.203448, 7.546664], [-67.20856, 7.547324], [-67.2050109999999, 7.540353], [-67.191311, 7.536398], [-67.182816, 7.539159], [-67.176161, 7.53499], [-67.171442, 7.538917], [-67.163408, 7.539636], [-67.1502359999999, 7.532627000000161], [-67.141534, 7.531419], [-67.139717, 7.538762], [-67.122956, 7.544512000000111], [-67.120422, 7.535635000000127], [-67.09942499999988, 7.530375000000163], [-67.101081, 7.522642000000133], [-67.09438199999988, 7.519229], [-67.088419, 7.522285000000124], [-67.079441, 7.520777], [-67.073133, 7.523672], [-67.058699, 7.520746000000145], [-67.05351899999988, 7.514693], [-67.053127, 7.508637], [-67.047371, 7.508755], [-67.039084, 7.503438000000187], [-67.0368739999999, 7.494883000000186], [-67.028588, 7.486628], [-67.019126, 7.486588], [-67.006674, 7.48203], [-66.999533, 7.470186000000126], [-66.97239699999989, 7.449813], [-66.963737, 7.440568000000155], [-66.95657299999988, 7.442609000000118], [-66.95275, 7.450547], [-66.934232, 7.442700000000173], [-66.911475, 7.445198], [-66.898118, 7.437878000000183], [-66.905533, 7.448157000000151], [-66.89546799999988, 7.456643], [-66.881624, 7.460472000000152], [-66.864029, 7.451269], [-66.85928299999989, 7.457186], [-66.85614799999985, 7.472029], [-66.841386, 7.462206], [-66.82769699999983, 7.492024], [-66.81001, 7.484677], [-66.786998, 7.489095], [-66.780459, 7.484940000000165], [-66.775997, 7.469453], [-66.773487, 7.467915000000119], [-66.763904, 7.473072000000172], [-66.752083, 7.48612], [-66.74607, 7.489030000000128], [-66.727207, 7.489088000000152], [-66.712401, 7.483528], [-66.691049, 7.487689], [-66.67581799999988, 7.497542000000124], [-66.66877199999988, 7.495909], [-66.656852, 7.481036], [-66.653514, 7.479841000000135], [-66.648168, 7.484241], [-66.64834, 7.501077], [-66.64495099999988, 7.505387000000155], [-66.640716, 7.502929000000165], [-66.6347439999999, 7.4804], [-66.630438, 7.479158], [-66.627258, 7.482138000000134], [-66.627462, 7.48713800000013], [-66.63166299999989, 7.504643], [-66.63000199999988, 7.507508000000144], [-66.62299999999988, 7.50924700000013], [-66.620259, 7.509199], [-66.61338199999989, 7.498205], [-66.59796199999982, 7.485324000000105], [-66.58769199999989, 7.48414600000018], [-66.582923, 7.486573], [-66.573297, 7.511932], [-66.563304, 7.50995], [-66.540986, 7.511625], [-66.52833399999986, 7.497644], [-66.519239, 7.495846000000142], [-66.513227, 7.497330000000147], [-66.49871426699997, 7.483947974000102], [-66.48285218599989, 7.500768257000175], [-66.47044672499999, 7.522297813000023], [-66.46837970899998, 7.539727219000099], [-66.45601728399998, 7.567394925000144], [-66.43219830499999, 7.580736330000093], [-66.4076883329999, 7.604202979999968], [-66.37126778799995, 7.615872415000183], [-66.33013311399998, 7.64682431600005], [-66.33609446999992, 7.67014183200007], [-66.32842520499997, 7.686626260000082], [-66.33901068199998, 7.690142298000069], [-66.3563515919999, 7.723513006000189], [-66.36549100199994, 7.725623023000026], [-66.37262028899994, 7.719844852000051], [-66.40523967299998, 7.710671498000124], [-66.42281047199992, 7.716803566000124], [-66.44493343699997, 7.718022504000089], [-66.46892253799984, 7.72974167000001], [-66.48387220599989, 7.73210266500007], [-66.48669235599993, 7.737574779000056], [-66.47718297999995, 7.748174069000072], [-66.47660200799993, 7.759959348000052], [-66.47998217299994, 7.763996438000106], [-66.49972808299998, 7.774644606000095], [-66.51212564499991, 7.778555635000089], [-66.51471377599984, 7.783479742000111], [-66.51458981199988, 7.792436957000064], [-66.5225411539999, 7.793291938000038], [-66.52712657799998, 7.810609897000177]]]}}, {"type": "Feature", "properties": {"parroquia": "San Rafael de Atamaica", "municipio": "San Fernando", "estado": "Apure", "pcode": "VE040704", "estado_pcode": "VE04", "municipio_pcode": "VE0407", "center_lat": 7.4112335, "center_lon": -66.88231464, "area_sqkm": 2320.07035659}, "geometry": {"type": "Polygon", "coordinates": [[[-66.49871426699997, 7.483947974000102], [-66.513227, 7.497330000000147], [-66.519239, 7.495846000000142], [-66.52833399999986, 7.497644], [-66.540986, 7.511625], [-66.563304, 7.50995], [-66.573297, 7.511932], [-66.582923, 7.486573], [-66.58769199999989, 7.48414600000018], [-66.59796199999982, 7.485324000000105], [-66.61338199999989, 7.498205], [-66.620259, 7.509199], [-66.62299999999988, 7.50924700000013], [-66.63000199999988, 7.507508000000144], [-66.63166299999989, 7.504643], [-66.627462, 7.48713800000013], [-66.627258, 7.482138000000134], [-66.630438, 7.479158], [-66.6347439999999, 7.4804], [-66.640716, 7.502929000000165], [-66.64495099999988, 7.505387000000155], [-66.64834, 7.501077], [-66.648168, 7.484241], [-66.653514, 7.479841000000135], [-66.656852, 7.481036], [-66.66877199999988, 7.495909], [-66.67581799999988, 7.497542000000124], [-66.691049, 7.487689], [-66.712401, 7.483528], [-66.727207, 7.489088000000152], [-66.74607, 7.489030000000128], [-66.752083, 7.48612], [-66.763904, 7.473072000000172], [-66.773487, 7.467915000000119], [-66.775997, 7.469453], [-66.780459, 7.484940000000165], [-66.786998, 7.489095], [-66.81001, 7.484677], [-66.82769699999983, 7.492024], [-66.841386, 7.462206], [-66.85614799999985, 7.472029], [-66.85928299999989, 7.457186], [-66.864029, 7.451269], [-66.881624, 7.460472000000152], [-66.89546799999988, 7.456643], [-66.905533, 7.448157000000151], [-66.898118, 7.437878000000183], [-66.911475, 7.445198], [-66.934232, 7.442700000000173], [-66.95275, 7.450547], [-66.95657299999988, 7.442609000000118], [-66.963737, 7.440568000000155], [-66.97239699999989, 7.449813], [-66.999533, 7.470186000000126], [-67.006674, 7.48203], [-67.019126, 7.486588], [-67.028588, 7.486628], [-67.0368739999999, 7.494883000000186], [-67.039084, 7.503438000000187], [-67.047371, 7.508755], [-67.053127, 7.508637], [-67.05351899999988, 7.514693], [-67.058699, 7.520746000000145], [-67.073133, 7.523672], [-67.079441, 7.520777], [-67.088419, 7.522285000000124], [-67.09438199999988, 7.519229], [-67.101081, 7.522642000000133], [-67.09942499999988, 7.530375000000163], [-67.120422, 7.535635000000127], [-67.122956, 7.544512000000111], [-67.139717, 7.538762], [-67.141534, 7.531419], [-67.1502359999999, 7.532627000000161], [-67.163408, 7.539636], [-67.171442, 7.538917], [-67.176161, 7.53499], [-67.182816, 7.539159], [-67.191311, 7.536398], [-67.2050109999999, 7.540353], [-67.20856, 7.547324], [-67.203448, 7.546664], [-67.205291, 7.55040200000019], [-67.20023, 7.562085], [-67.2147169999999, 7.572098000000153], [-67.213315, 7.577836000000104], [-67.21879599999988, 7.582143000000144], [-67.210901, 7.587268000000165], [-67.215993, 7.597725], [-67.225551, 7.600629], [-67.230136, 7.607439], [-67.239899, 7.605249], [-67.245385, 7.619194000000107], [-67.252551, 7.627492000000132], [-67.255712, 7.639672000000189], [-67.258797, 7.638659000000189], [-67.25876999999986, 7.62904500000019], [-67.266598, 7.626651000000152], [-67.27021799999983, 7.633301], [-67.276896, 7.632307], [-67.277912, 7.638913], [-67.2819669999999, 7.641501000000176], [-67.27688099999983, 7.649996000000101], [-67.27805699999988, 7.651877000000127], [-67.284665, 7.649781], [-67.29208299999988, 7.651494], [-67.300485, 7.645037000000173], [-67.30260614399998, 7.647902917000067], [-67.449823, 7.520070000000146], [-67.447837, 7.512964000000181], [-67.43459, 7.504999000000169], [-67.43361499999986, 7.497199], [-67.427397, 7.495166000000154], [-67.424055, 7.491064], [-67.407452, 7.487464000000102], [-67.405531, 7.476452], [-67.38434499999988, 7.469875000000116], [-67.378793, 7.465592000000129], [-67.3763469999999, 7.459423], [-67.35822799999988, 7.457062000000121], [-67.351828, 7.459021000000178], [-67.34418199999982, 7.453754000000117], [-67.33807399999989, 7.443529000000183], [-67.331512, 7.442345000000103], [-67.327548, 7.437004000000172], [-67.32078099999984, 7.437059], [-67.31226, 7.431563], [-67.3049999999999, 7.419618000000128], [-67.293655, 7.423809000000119], [-67.289097, 7.422576000000106], [-67.28476199999989, 7.41239400000012], [-67.288283, 7.410255], [-67.288488, 7.407226], [-67.26510599999989, 7.415011000000163], [-67.261218, 7.418594], [-67.260783, 7.42261], [-67.256523, 7.42016], [-67.24957399999988, 7.422968], [-67.242755, 7.414532000000122], [-67.234008, 7.412408], [-67.231589, 7.408511], [-67.232801, 7.393206], [-67.236044, 7.389278000000104], [-67.233438, 7.379185], [-67.220389, 7.38094400000017], [-67.2175079999999, 7.373353000000179], [-67.212148, 7.379072000000178], [-67.200594, 7.377616000000103], [-67.198107, 7.375875000000121], [-67.19771299999985, 7.370369], [-67.191361, 7.370536000000186], [-67.185329, 7.3647840000001], [-67.183882, 7.370407000000171], [-67.174839, 7.375968], [-67.1698899999999, 7.373496000000102], [-67.169359, 7.370284], [-67.16026999999985, 7.374194000000159], [-67.15469599999989, 7.364746], [-67.14647999999988, 7.36308], [-67.14461199999988, 7.350256000000115], [-67.13890399999985, 7.347004], [-67.13711099999989, 7.353636], [-67.135015, 7.349325], [-67.124152, 7.347936], [-67.12398999999988, 7.343783000000144], [-67.13020099999989, 7.335908000000131], [-67.12074, 7.327162000000158], [-67.120301, 7.315351], [-67.117488, 7.311377], [-67.12678199999988, 7.310437], [-67.130087, 7.306112], [-67.138323, 7.305444], [-67.130845, 7.300083000000143], [-67.130148, 7.296091], [-67.126471, 7.295325000000105], [-67.126875, 7.291955], [-67.13111499999985, 7.289535000000114], [-67.129204, 7.284026], [-67.133118, 7.282797], [-67.129934, 7.279579], [-67.131252, 7.277656], [-67.127594, 7.278128], [-67.13208, 7.271352], [-67.130415, 7.267633], [-67.133683, 7.260945000000163], [-67.12407999999988, 7.255433], [-67.120272, 7.256119000000183], [-67.118182, 7.261342000000127], [-67.11377, 7.260597000000132], [-67.109453, 7.253042000000107], [-67.09717199999989, 7.259729000000107], [-67.093499, 7.251786000000152], [-67.081819, 7.25785500000012], [-67.08147799999989, 7.250654], [-67.07693699999987, 7.247707000000162], [-67.06197699999984, 7.251428], [-67.059621, 7.254013], [-67.054037, 7.253127], [-67.054266, 7.247556], [-67.050761, 7.244428], [-67.05025, 7.251581], [-67.046146, 7.248383000000103], [-67.04592, 7.241342], [-67.042518, 7.247181000000126], [-67.037937, 7.242743000000132], [-67.035422, 7.244914000000165], [-67.030403, 7.240842], [-67.027315, 7.242393000000106], [-67.0262919999999, 7.239295], [-67.016585, 7.240529], [-67.016979, 7.234019], [-67.014317, 7.232773000000122], [-67.016757, 7.226291], [-67.023285, 7.22651500000012], [-67.028185, 7.23171], [-67.031376, 7.227339], [-67.029305, 7.221715000000188], [-67.03311, 7.224867], [-67.04082199999988, 7.222319], [-67.03385, 7.21792], [-67.03498699999989, 7.209279], [-67.022239, 7.212088000000165], [-67.02325599999989, 7.204684], [-67.020899, 7.196263000000158], [-67.012844, 7.198328000000117], [-67.00646199999989, 7.195880000000102], [-67.001401, 7.196806000000151], [-66.9924877179999, 7.181131918000176], [-66.97257622499995, 7.189145106000069], [-66.93839173899994, 7.188303225000141], [-66.91313558399986, 7.174743016000036], [-66.88939353599989, 7.170642024000188], [-66.85420613999992, 7.202674887000171], [-66.82044787299998, 7.25302817000005], [-66.80120109899991, 7.267982583000048], [-66.76476353499999, 7.271700821000024], [-66.6590330539999, 7.304437003000089], [-66.62203745599999, 7.305974179000088], [-66.60034617899998, 7.316419488], [-66.58797303799997, 7.322377701000164], [-66.56835924299997, 7.33673111100012], [-66.55831586799997, 7.35210951], [-66.54694446599996, 7.376715118], [-66.55123769099998, 7.386577334000151], [-66.52110053099989, 7.423875316000135], [-66.50432085699993, 7.436839685000166], [-66.50630899299995, 7.449712970000064], [-66.50343093099985, 7.46616737100004], [-66.50858919399997, 7.473476519000144], [-66.49871426699997, 7.483947974000102]]]}}, {"type": "Feature", "properties": {"parroquia": "Apurito", "municipio": "Achaguas", "estado": "Apure", "pcode": "VE040102", "estado_pcode": "VE04", "municipio_pcode": "VE0401", "center_lat": 7.79561911, "center_lon": -68.53778743, "area_sqkm": 816.38094182}, "geometry": {"type": "Polygon", "coordinates": [[[-68.34312031599995, 7.881262443000026], [-68.3491104449999, 7.880943872000046], [-68.3544337109999, 7.889062027000023], [-68.38495009699994, 7.907185299000105], [-68.38524616899991, 7.921869637000043], [-68.39797370999997, 7.920665541000119], [-68.41438944799984, 7.929529678000165], [-68.42533590499994, 7.926605557000073], [-68.43921254899988, 7.937261731000149], [-68.45365115799996, 7.936329644000011], [-68.47131187399998, 7.927316364000148], [-68.49224175299992, 7.926582249999967], [-68.50850145799996, 7.92888122100004], [-68.51132058699994, 7.931177262000062], [-68.51150764999988, 7.942997530000184], [-68.51753992499994, 7.945799572], [-68.53949285299984, 7.945185455000114], [-68.5567096069999, 7.94998747600016], [-68.5619568599999, 7.955909595000151], [-68.57131627299998, 7.95777059], [-68.57903358299995, 7.954512479000186], [-68.58393278599993, 7.954880471000081], [-68.58818598799996, 7.958484533000046], [-68.61795326999999, 7.963101490000042], [-68.62787665299993, 7.960207488000037], [-68.683453, 7.528323000000171], [-68.681809, 7.527084000000173], [-68.68065799999988, 7.531026], [-68.620151, 7.595322], [-68.34312031599995, 7.881262443000026]]]}}, {"type": "Feature", "properties": {"parroquia": "El Recreo", "municipio": "San Fernando", "estado": "Apure", "pcode": "VE040702", "estado_pcode": "VE04", "municipio_pcode": "VE0407", "center_lat": 7.82306844, "center_lon": -67.34096117, "area_sqkm": 262.0711391}, "geometry": {"type": "Polygon", "coordinates": [[[-67.37660494299996, 7.901132659000041], [-67.38131696699998, 7.900522685000055], [-67.38508015499997, 7.906368802000145], [-67.39708570099998, 7.913950928000077], [-67.39687067599993, 7.908485794000171], [-67.40196990399988, 7.912599868000029], [-67.41495544999998, 7.909034725000026], [-67.4181065809999, 7.905898647000072], [-67.42134966599986, 7.894567367000036], [-67.43110546099996, 7.890022319000082], [-67.43070099999989, 7.878432], [-67.460071, 7.864661000000126], [-67.351934, 7.736616], [-67.313857, 7.730045], [-67.288129, 7.730481000000111], [-67.22644864799997, 7.789307834000056], [-67.22647378599999, 7.794159900000068], [-67.23673825699984, 7.79814694900017], [-67.23931239399991, 7.804876088000128], [-67.24589265899994, 7.800353955000162], [-67.24679571799993, 7.80401303400015], [-67.24261054799996, 7.808790170000179], [-67.25596617499997, 7.818730333000076], [-67.25884635699987, 7.830880605000175], [-67.26598164899997, 7.828315517000021], [-67.27642311899996, 7.831132536000155], [-67.28586748999999, 7.82438833700013], [-67.29900109299996, 7.831732451000107], [-67.30234521699998, 7.825890299000093], [-67.30843653299996, 7.837774546000105], [-67.32502728999998, 7.847540698000103], [-67.32799046199995, 7.856683907000104], [-67.32614340299995, 7.862795054000117], [-67.32989359099992, 7.867700151000179], [-67.31953720899998, 7.881344511000066], [-67.32687951599996, 7.880960476000155], [-67.33345384099988, 7.889039631000117], [-67.33721299799998, 7.887218568000151], [-67.3372410259999, 7.892774699000086], [-67.34708739499996, 7.881304383000099], [-67.35143058499995, 7.880844361000072], [-67.35213562399986, 7.883743419000098], [-67.34684942099989, 7.889910586000155], [-67.35319372299989, 7.894061656000076], [-67.35585281999994, 7.891540589000101], [-67.35629580199998, 7.883166386000084], [-67.35998495199988, 7.881367330999979], [-67.36630225399995, 7.887767451000173], [-67.3640151809999, 7.894125605999989], [-67.37254458799998, 7.900801730000126], [-67.37660494299996, 7.901132659000041]]]}}]}