{"type": "FeatureCollection", "features": [{"type": "Feature", "properties": {"parroquia": "Sabaneta", "municipio": "Alberto Arvelo Torrealba", "estado": "Barinas", "pcode": "VE060101", "estado_pcode": "VE06", "municipio_pcode": "VE0601", "center_lat": 8.7193615, "center_lon": -69.892558, "area_sqkm": 399.9827769}, "geometry": {"type": "Polygon", "coordinates": [[[-69.8384472159999, 8.7521603940001], [-69.84780309599995, 8.751899373000072], [-69.84948420899997, 8.760898575], [-69.85384637199996, 8.755769434000058], [-69.85861459399996, 8.760921527000107], [-69.86615689799999, 8.758853435999981], [-69.87179313999991, 8.760290438000027], [-69.87404825499982, 8.763370496000164], [-69.87263124099991, 8.772407709000163], [-69.87996454399996, 8.770865643000093], [-69.88483971499983, 8.764614470000083], [-69.88779683799999, 8.765172466000024], [-69.88974794799992, 8.769284553000034], [-69.88358773499988, 8.77970882400001], [-69.88675191399994, 8.787793984000189], [-69.89168210899993, 8.786016927000162], [-69.89074301699992, 8.776055698999983], [-69.89653723799984, 8.771366558000068], [-69.90416056699996, 8.773151566000138], [-69.91052788799993, 8.784295789000055], [-69.93166280399993, 8.789945806000048], [-69.93268987099998, 8.794146895000097], [-69.93022778599993, 8.797720990000187], [-69.92488456899997, 8.798649042000022], [-69.92482059999992, 8.804362163000121], [-69.92884176899992, 8.804830151000147], [-69.93355093899999, 8.799862021000138], [-69.93799012399995, 8.799574987000028], [-69.94539446299984, 8.804984075999982], [-69.94616651399997, 8.809368173999985], [-69.9551059069999, 8.812005187000125], [-69.95145178699994, 8.819729381000116], [-69.95818709799994, 8.824999468000158], [-69.95985420899996, 8.831565608000062], [-69.96510342999994, 8.83153157099997], [-69.97024087299997, 8.822364337000181], [-69.978006, 8.792188000000124], [-70.01024, 8.77884], [-70.010985, 8.772717], [-70.005743, 8.755085000000122], [-70.03329, 8.724219000000119], [-70.032147, 8.720946], [-70.0366709999999, 8.713002000000188], [-70.046078, 8.713759], [-70.043626, 8.708828000000153], [-70.0366729999999, 8.708684000000119], [-70.033102, 8.703632], [-70.027768, 8.704219], [-70.02862899999985, 8.697823000000142], [-70.02492799999987, 8.695945], [-70.02431, 8.689138], [-70.020952, 8.685626000000127], [-70.007895, 8.683034], [-70.009794, 8.675945], [-70.00576099999984, 8.670686000000103], [-70.009277, 8.663201], [-70.00072899999986, 8.662646000000166], [-69.999576, 8.656010000000151], [-69.993405, 8.651375], [-69.993869, 8.646783], [-69.983117, 8.648579], [-69.986449, 8.640059000000178], [-69.98052999999987, 8.641669], [-69.972765, 8.637011], [-69.97094, 8.6332], [-69.96486, 8.633088], [-69.96460799999983, 8.62473000000017], [-69.958481, 8.626983], [-69.95778999999987, 8.622735000000148], [-69.961466, 8.620713], [-69.957005, 8.61899300000016], [-69.95183099999986, 8.611257], [-69.94411, 8.61146600000012], [-69.935142, 8.607037000000162], [-69.927695, 8.612827000000152], [-69.92563299999989, 8.607822000000112], [-69.84413399999988, 8.64843100000013], [-69.82747099999989, 8.676488], [-69.75191199999989, 8.690102], [-69.75190312799998, 8.734677866000027], [-69.75968630299997, 8.732337387000086], [-69.76455951499992, 8.733544391000123], [-69.76094141299995, 8.74333262700003], [-69.76208646699996, 8.746134691000066], [-69.77038577999997, 8.739435488000083], [-69.78087223199998, 8.74182849000016], [-69.79229970699993, 8.73935837900018], [-69.80141410599998, 8.744110437000074], [-69.80530330099998, 8.749009533000049], [-69.80930046399999, 8.74945551400009], [-69.82469507799988, 8.742935284999987], [-69.8384472159999, 8.7521603940001]]]}}, {"type": "Feature", "properties": {"parroquia": "Rodríguez Domínguez", "municipio": "Alberto Arvelo Torrealba", "estado": "Barinas", "pcode": "VE060102", "estado_pcode": "VE06", "municipio_pcode": "VE0601", "center_lat": 8.89075755, "center_lon": -70.09959622, "area_sqkm": 378.53157583}, "geometry": {"type": "Polygon", "coordinates": [[[-70.2025065489999, 9.054301414000122], [-70.20887582199998, 9.056809438000187], [-70.21484004999996, 9.052987322000092], [-70.23379589499996, 9.061536409000041], [-70.24176118599996, 9.055591232000097], [-70.24219819399997, 9.052854163], [-70.2481344279999, 9.05079608300008], [-70.25157004699986, 9.044593735000092], [-70.251613, 8.927167], [-70.232021, 8.923655], [-70.1999, 8.925521000000117], [-70.18754, 8.920440000000156], [-70.165669, 8.901076], [-70.163848, 8.891667000000155], [-70.15703599999989, 8.884249000000125], [-70.15757599999989, 8.879088000000138], [-70.150305, 8.875707000000148], [-70.149695, 8.872095], [-70.14400299999988, 8.86811], [-70.144094, 8.863863], [-70.123233, 8.85575], [-70.12121199999984, 8.850126000000103], [-70.118057, 8.848968], [-70.118866, 8.846841], [-70.111317, 8.845799], [-70.1099, 8.842087], [-70.086731, 8.83596800000015], [-70.079266, 8.818461], [-70.080998, 8.805688000000146], [-70.07752799999986, 8.805859000000112], [-70.076268, 8.802700000000186], [-70.080704, 8.798521000000108], [-70.08152799999988, 8.790700000000129], [-70.07344499999988, 8.787860000000137], [-70.06868, 8.783929000000171], [-70.068462, 8.780505000000176], [-70.0642519999999, 8.778532], [-70.06624299999987, 8.773961000000156], [-70.071848, 8.775168000000178], [-70.070962, 8.771552000000156], [-70.06369499999988, 8.770167000000129], [-70.06074599999988, 8.764992], [-70.057424, 8.775177], [-70.054316, 8.769748000000106], [-70.05432899999988, 8.762123000000145], [-70.044771, 8.765329], [-70.048358, 8.760705], [-70.047801, 8.754477], [-70.055026, 8.746746], [-70.051976, 8.738148000000137], [-70.04891, 8.737381], [-70.046891, 8.729553], [-70.04902, 8.725166000000115], [-70.044238, 8.724817], [-70.044316, 8.719788000000165], [-70.041104, 8.723957], [-70.03783, 8.721167], [-70.03329, 8.724219000000119], [-70.005743, 8.755085000000122], [-70.010985, 8.772717], [-70.01024, 8.77884], [-69.978006, 8.792188000000124], [-69.97024087299997, 8.822364337000181], [-69.98130511599999, 8.833219531000054], [-69.98337018899997, 8.830608464000079], [-69.97955402699995, 8.83021047], [-69.9848392259999, 8.826665366000157], [-69.99886383199998, 8.829519358000027], [-70.00210101599998, 8.838519545000167], [-70.0019189809999, 8.835305472000073], [-70.00383507399982, 8.836867497000071], [-70.00399310099993, 8.841733609000187], [-70.0138995669999, 8.850323743000047], [-70.01389360599995, 8.856659890000174], [-70.02306401599992, 8.86272398400007], [-70.02391208799992, 8.870575158000065], [-70.03411956599984, 8.880082316000141], [-70.03485065799993, 8.88967853500003], [-70.04409306299993, 8.893561574000046], [-70.04780826499984, 8.901872748000073], [-70.04620921999998, 8.90611885800007], [-70.04973344599995, 8.92200519700009], [-70.05590372099988, 8.92448622500018], [-70.05980591499997, 8.929813325000055], [-70.06590916599998, 8.928621269000189], [-70.06930532099994, 8.93121630700017], [-70.06937234299988, 8.93454437700018], [-70.07443255999988, 8.937484419999976], [-70.07963477399989, 8.935396345000129], [-70.0852490229999, 8.93957541400016], [-70.0918142999999, 8.939072367], [-70.10165973299996, 8.94295340500014], [-70.10415385899995, 8.947039485000175], [-70.10974907999997, 8.944676399000059], [-70.12102657999998, 8.950485469], [-70.12718794299991, 8.969056865000084], [-70.13418926099996, 8.975139960999968], [-70.14487069899991, 8.97273084700015], [-70.15374707899991, 8.974153841000089], [-70.16902475699993, 8.982715955000117], [-70.17849821299995, 8.994078160000072], [-70.1787732709999, 9.002084343000035], [-70.18857577599994, 9.018707671000016], [-70.18658379599998, 9.038338135000117], [-70.19021797999994, 9.044106249000095], [-70.20209451599993, 9.052779385000065], [-70.2025065489999, 9.054301414000122]]]}}, {"type": "Feature", "properties": {"parroquia": "Ticoporo", "municipio": "Antonio José de Sucre", "estado": "Barinas", "pcode": "VE060201", "estado_pcode": "VE06", "municipio_pcode": "VE0602", "center_lat": 8.087096, "center_lon": -70.61379854, "area_sqkm": 1903.20069788}, "geometry": {"type": "Polygon", "coordinates": [[[-70.514277, 8.163825], [-70.511707, 8.155414000000121], [-70.51688699999988, 8.147448], [-70.516044, 8.137645], [-70.525433, 8.149656000000164], [-70.54099999999988, 8.146248], [-70.540826, 8.159964], [-70.548795, 8.1701], [-70.54936, 8.175632000000178], [-70.5576559999999, 8.178346], [-70.562867, 8.191375000000164], [-70.57431, 8.198107000000107], [-70.58007, 8.198336], [-70.584376, 8.191479], [-70.594533, 8.199599], [-70.60196, 8.200159], [-70.61098, 8.196526], [-70.612476, 8.202831000000174], [-70.619048, 8.203352000000109], [-70.62404399999986, 8.211054], [-70.63415899999984, 8.212417000000187], [-70.63837599999988, 8.209948000000168], [-70.643377, 8.214456000000155], [-70.646586, 8.209812000000113], [-70.6503239999999, 8.215823000000114], [-70.667456, 8.214901], [-70.667455, 8.210905000000139], [-70.67331599999989, 8.205182], [-70.679338, 8.210347000000127], [-70.679718, 8.215535], [-70.683218, 8.213095000000123], [-70.683799, 8.217293], [-70.690207, 8.221076], [-70.6931, 8.217836], [-70.694789, 8.221544], [-70.70321499999989, 8.222875], [-70.7125999999999, 8.229297], [-70.713992, 8.233628000000124], [-70.730817, 8.239], [-70.730724, 8.242492], [-70.75119399999988, 8.242595000000108], [-70.756719, 8.253045], [-70.76306099999988, 8.257103], [-70.76290499999988, 8.261721], [-70.767634, 8.270501000000138], [-70.777528, 8.276734], [-70.782774, 8.275954000000127], [-70.797241, 8.291725], [-70.8043019999999, 8.289022000000102], [-70.806453, 8.296032000000139], [-70.813985, 8.294773], [-70.8138909999999, 8.301436], [-70.80115, 8.305565], [-70.800708, 8.312253], [-70.79651499999989, 8.31844500000011], [-70.785294, 8.325133000000108], [-70.788241, 8.331889000000103], [-70.785488, 8.3436200000001], [-70.792875, 8.348538], [-70.79527, 8.354896000000167], [-70.80055299999987, 8.359773], [-70.80842399999989, 8.363748], [-70.80859199999986, 8.366697000000102], [-70.81400999999988, 8.369754000000114], [-70.828732, 8.386965], [-70.82857599999988, 8.390283000000125], [-70.8371709999999, 8.396422], [-70.839365, 8.406211000000155], [-70.84191099999987, 8.406990000000121], [-70.840852, 8.409181], [-70.850289, 8.409489000000121], [-70.85088755699996, 8.41419855100014], [-70.86569154699998, 8.398630225000034], [-70.87338879099997, 8.384232871], [-70.89551167399998, 8.377889616000175], [-70.90549400399988, 8.363123244000178], [-70.90947501199986, 8.331608538000182], [-70.90535277199984, 8.319428292000111], [-70.91097392099988, 8.302431900000158], [-70.90777874999992, 8.294243740000127], [-70.91142385299997, 8.285430533000067], [-70.90675058399995, 8.271302245000072], [-70.90869764399991, 8.267637162000142], [-70.9262773499999, 8.263495985000077], [-70.93579372199991, 8.258478823000075], [-70.94163691199998, 8.249456594000094], [-70.96018863699999, 8.242866366000158], [-70.96655493399987, 8.24938247800003], [-70.96926910999991, 8.261259718000076], [-70.97514438599995, 8.267027813000084], [-70.98467176899999, 8.266940755000178], [-70.99492818299996, 8.264894662000074], [-71.01114570099992, 8.247778335000078], [-70.98642799999988, 8.25349], [-70.978995, 8.248734000000184], [-70.971335, 8.234793], [-70.95598799999988, 8.232634000000132], [-70.946257, 8.225381], [-70.932108, 8.220513], [-70.929053, 8.21353500000015], [-70.921705, 8.210867000000178], [-70.926811, 8.203541000000143], [-70.925592, 8.194319], [-70.915316, 8.182880000000182], [-70.897887, 8.180324], [-70.894697, 8.173644], [-70.885541, 8.166949000000102], [-70.874361, 8.16174100000012], [-70.866543, 8.164726], [-70.850958, 8.157764], [-70.84972, 8.152354], [-70.838185, 8.14593], [-70.830238, 8.146963], [-70.800781, 8.125625], [-70.79984499999989, 8.120418], [-70.796059, 8.121392000000128], [-70.793951, 8.117299], [-70.790028, 8.118412000000149], [-70.781894, 8.101069000000109], [-70.774585, 8.100694], [-70.759512, 8.086304], [-70.753814, 8.084583000000123], [-70.7485779999999, 8.075807000000168], [-70.744356, 8.077151000000185], [-70.736952, 8.068875], [-70.733855, 8.068924000000152], [-70.730781, 8.061851], [-70.73250599999989, 8.056554], [-70.730967, 8.047241], [-70.724683, 8.044260000000122], [-70.723069, 8.037497], [-70.725279, 8.028704000000175], [-70.72351, 8.026675000000125], [-70.726609, 8.019574], [-70.724103, 8.017941000000121], [-70.723982, 8.005975], [-70.727367, 8.003994], [-70.722427, 8.00137], [-70.72077, 7.99547600000011], [-70.716824, 7.994243], [-70.719602, 7.986794000000145], [-70.725891, 7.982394], [-70.72224, 7.978449000000126], [-70.723195, 7.970568000000185], [-70.719198, 7.966486], [-70.724429, 7.963880000000131], [-70.7224599999999, 7.959059], [-70.726051, 7.955147000000181], [-70.724362, 7.95165800000018], [-70.726696, 7.940993], [-70.721036, 7.935651000000178], [-70.721258, 7.930619], [-70.717428, 7.929593], [-70.715345, 7.924911], [-70.70775, 7.919733000000122], [-70.709188, 7.924877], [-70.695254, 7.92207800000017], [-70.694, 7.916383], [-70.681126, 7.89754500000015], [-70.67568399999988, 7.898498000000131], [-70.661099, 7.890828], [-70.657458, 7.891983], [-70.65287199999989, 7.879538], [-70.651465, 7.878622000000121], [-70.65174599999989, 7.881585000000143], [-70.64899999999989, 7.880556], [-70.64927, 7.876007000000129], [-70.646081, 7.87134900000018], [-70.641861, 7.870552000000146], [-70.638945, 7.863619], [-70.636961, 7.862657], [-70.636782, 7.866219000000115], [-70.633504, 7.863582], [-70.634038, 7.866338], [-70.632145, 7.865423000000135], [-70.628056, 7.860077000000103], [-70.62337299999984, 7.858453], [-70.623805, 7.853950000000168], [-70.614671, 7.851461], [-70.614874, 7.848497000000179], [-70.61816899999985, 7.847136], [-70.610291, 7.836626], [-70.611661, 7.826790000000187], [-70.615576, 7.822878000000173], [-70.611104, 7.824034], [-70.607989, 7.822063], [-70.608006, 7.817399000000137], [-70.602819, 7.817913], [-70.600647, 7.814448], [-70.595369, 7.815812000000108], [-70.595105, 7.824726000000112], [-70.589123, 7.817935], [-70.583622, 7.825228], [-70.580415, 7.822981000000141], [-70.57985199999985, 7.815837], [-70.5735739999999, 7.810539000000119], [-70.567446, 7.814225], [-70.55831299999983, 7.812309], [-70.556438, 7.805925], [-70.560168, 7.80261], [-70.557998, 7.800224000000185], [-70.549515, 7.800697], [-70.546705, 7.80311300000011], [-70.54595499999988, 7.811639000000184], [-70.543901, 7.810447000000124], [-70.539017, 7.795290000000136], [-70.53182899999985, 7.799643], [-70.530108, 7.805895], [-70.518159, 7.801524], [-70.520821, 7.809952], [-70.50889299999989, 7.803881], [-70.506906, 7.799840000000188], [-70.504532, 7.800555], [-70.503409, 7.806463000000178], [-70.49254999999982, 7.802839000000176], [-70.491675, 7.807524], [-70.487996, 7.803698], [-70.489469, 7.799406], [-70.485862, 7.800474], [-70.483638, 7.807176], [-70.47969299999988, 7.806107], [-70.477745, 7.797255000000177], [-70.484653, 7.79691], [-70.481664, 7.79373], [-70.474617, 7.794396], [-70.473782, 7.800551], [-70.467546, 7.794833000000153], [-70.46397799999983, 7.797509], [-70.458971, 7.791014000000189], [-70.46460899999988, 7.785105000000101], [-70.45469, 7.78227], [-70.45636599999989, 7.779358000000173], [-70.451391, 7.78157], [-70.448558, 7.784938000000182], [-70.449301, 7.789260000000183], [-70.447107, 7.789000000000158], [-70.439812, 7.783002], [-70.438994, 7.77466], [-70.43154, 7.773372000000109], [-70.438612, 7.761908000000176], [-70.430331, 7.764775], [-70.419937, 7.759686000000158], [-70.396692, 7.761928], [-70.392289, 7.765106], [-70.386711, 7.772783], [-70.387107, 7.77715], [-70.39189499999986, 7.780796000000123], [-70.386566, 7.784455], [-70.373003, 7.785235], [-70.377533, 7.774682000000155], [-70.37581299999988, 7.771804], [-70.366376, 7.779882000000157], [-70.36782399999987, 7.791443000000129], [-70.36002599999983, 7.784478], [-70.3516259999999, 7.787826], [-70.350933, 7.782631], [-70.3429579999999, 7.779042000000118], [-70.340023, 7.774413], [-70.335148, 7.779772], [-70.324864, 7.775922], [-70.3170899999999, 7.788438], [-70.305318, 7.781802], [-70.30424, 7.7850830000001], [-70.3064389999999, 7.788997000000109], [-70.313077, 7.792100000000175], [-70.3132619999999, 7.796833000000106], [-70.299655, 7.806916000000172], [-70.301532, 7.81540200000012], [-70.298816, 7.818057], [-70.3019, 7.825513], [-70.305908, 7.828077], [-70.302699, 7.842288000000167], [-70.306704, 7.845243], [-70.303255, 7.846770000000106], [-70.303772, 7.84975900000012], [-70.306755, 7.849195000000179], [-70.310028, 7.85559400000011], [-70.315939, 7.856304], [-70.3187559999999, 7.861714], [-70.32350699999989, 7.863363], [-70.324611, 7.869432000000188], [-70.322097, 7.873513000000173], [-70.325858, 7.874537], [-70.325656, 7.883175], [-70.336422, 7.883052], [-70.340859, 7.888030000000128], [-70.33994699999982, 7.895379000000162], [-70.34325499999989, 7.894517], [-70.350519, 7.902446000000111], [-70.357649, 7.904515], [-70.362424, 7.911539000000175], [-70.362876, 7.918687], [-70.369249, 7.919512000000111], [-70.372213, 7.923291000000177], [-70.37301, 7.925821], [-70.368203, 7.931043000000102], [-70.369612, 7.941478], [-70.388568, 7.955028], [-70.392195, 7.965586], [-70.395403, 7.96644600000019], [-70.40197299999988, 7.975039], [-70.414985, 7.979929], [-70.42015, 7.987688], [-70.424249, 7.985749], [-70.425514, 7.98187], [-70.430643, 7.987447], [-70.439513, 7.988348], [-70.446801, 7.999514], [-70.45336499999985, 8.002632000000176], [-70.460428, 8.012058], [-70.462935, 8.028201000000138], [-70.459968, 8.042968], [-70.46897899999988, 8.055644], [-70.469468, 8.067275000000166], [-70.46395399999989, 8.07906800000012], [-70.467383, 8.084103], [-70.469371, 8.095178], [-70.47318599999988, 8.097136], [-70.476163, 8.106417000000135], [-70.481089, 8.109678], [-70.480868, 8.113901000000112], [-70.492956, 8.127688], [-70.49776199999985, 8.128999], [-70.49421499999983, 8.142415], [-70.501514, 8.167382], [-70.514934, 8.169448000000102], [-70.514277, 8.163825]]]}}, {"type": "Feature", "properties": {"parroquia": "Andrés Bello", "municipio": "Antonio José de Sucre", "estado": "Barinas", "pcode": "VE060202", "estado_pcode": "VE06", "municipio_pcode": "VE0602", "center_lat": 8.367022, "center_lon": -70.72846927, "area_sqkm": 608.09683343}, "geometry": {"type": "Polygon", "coordinates": [[[-70.514277, 8.163825], [-70.521607, 8.163699000000122], [-70.520359, 8.167774000000179], [-70.524055, 8.171168000000137], [-70.521846, 8.173023000000171], [-70.522651, 8.176279], [-70.52971, 8.176890000000185], [-70.533804, 8.18097], [-70.542353, 8.183613], [-70.539386, 8.186485], [-70.545766, 8.189765], [-70.543597, 8.198536000000104], [-70.55211299999985, 8.210873000000163], [-70.555752, 8.208317], [-70.558878, 8.212933], [-70.56094799999988, 8.210918000000163], [-70.566222, 8.215057000000115], [-70.56590199999988, 8.219516000000112], [-70.561765, 8.22389], [-70.559169, 8.238498], [-70.571161, 8.255563000000166], [-70.577122, 8.254505], [-70.571716, 8.259441], [-70.576085, 8.258969], [-70.574878, 8.26600800000017], [-70.584931, 8.264595000000156], [-70.58958, 8.272001000000103], [-70.593759, 8.270726], [-70.600168, 8.274832], [-70.60417399999989, 8.271653], [-70.60387999999983, 8.280384], [-70.608006, 8.278008], [-70.612087, 8.279445000000123], [-70.609583, 8.289917000000116], [-70.616985, 8.285998], [-70.61961, 8.287837000000138], [-70.621177, 8.290604], [-70.61624499999982, 8.293607], [-70.619234, 8.29441], [-70.617892, 8.298119000000156], [-70.62092399999989, 8.302183000000127], [-70.627229, 8.304314], [-70.624578, 8.30580700000013], [-70.626876, 8.310842], [-70.626157, 8.318106000000114], [-70.632779, 8.315135000000112], [-70.629295, 8.320355], [-70.632242, 8.321801000000107], [-70.63179899999989, 8.324929000000111], [-70.626025, 8.326722000000132], [-70.629934, 8.332295000000101], [-70.62934, 8.337480000000141], [-70.63386999999989, 8.35060900000019], [-70.640686, 8.361271], [-70.647563, 8.365343000000166], [-70.65123, 8.37319600000012], [-70.658753, 8.376668000000166], [-70.662891, 8.37567300000012], [-70.674054, 8.384048], [-70.67851, 8.393190000000118], [-70.682583, 8.393969], [-70.684165, 8.39975], [-70.690279, 8.403753000000165], [-70.69763099999983, 8.414759], [-70.70152, 8.416505], [-70.703899, 8.414474], [-70.709111, 8.418685], [-70.710745, 8.427162], [-70.7167189999999, 8.429713000000106], [-70.722246, 8.442078], [-70.733619, 8.449161], [-70.736516, 8.46491600000013], [-70.735043, 8.468812], [-70.746111, 8.498865000000137], [-70.752266, 8.498695000000112], [-70.751837, 8.50411000000014], [-70.75631799999985, 8.512560000000121], [-70.771371, 8.519912], [-70.78268199999985, 8.541047000000106], [-70.78930299999985, 8.542466000000104], [-70.789612, 8.54682], [-70.794681, 8.547043], [-70.793028, 8.55398], [-70.79700599999984, 8.552707000000112], [-70.79784399999988, 8.555033], [-70.8046839999999, 8.556291], [-70.807781, 8.555211], [-70.805961, 8.55274], [-70.810819, 8.5508430000001], [-70.811158, 8.56163800000013], [-70.81642399999987, 8.566209000000129], [-70.82371499999988, 8.579897], [-70.82333299999988, 8.593818000000113], [-70.825135, 8.596096000000102], [-70.8357218249999, 8.595158875000095], [-70.8450256719999, 8.586448441000073], [-70.85051823899988, 8.585573540999974], [-70.84872069299985, 8.56029485199997], [-70.84153531199996, 8.544735550000098], [-70.84681942599991, 8.52426006700017], [-70.84560633399991, 8.517897939000079], [-70.83072258899995, 8.492274445000078], [-70.83870184599982, 8.477663085000131], [-70.83865773699989, 8.457335647000093], [-70.84594799599995, 8.449824440000043], [-70.83366340899994, 8.435091184000157], [-70.84402282699989, 8.431148044], [-70.85088755699996, 8.41419855100014], [-70.850289, 8.409489000000121], [-70.840852, 8.409181], [-70.84191099999987, 8.406990000000121], [-70.839365, 8.406211000000155], [-70.8371709999999, 8.396422], [-70.82857599999988, 8.390283000000125], [-70.828732, 8.386965], [-70.81400999999988, 8.369754000000114], [-70.80859199999986, 8.366697000000102], [-70.80842399999989, 8.363748], [-70.80055299999987, 8.359773], [-70.79527, 8.354896000000167], [-70.792875, 8.348538], [-70.785488, 8.3436200000001], [-70.788241, 8.331889000000103], [-70.785294, 8.325133000000108], [-70.79651499999989, 8.31844500000011], [-70.800708, 8.312253], [-70.80115, 8.305565], [-70.8138909999999, 8.301436], [-70.813985, 8.294773], [-70.806453, 8.296032000000139], [-70.8043019999999, 8.289022000000102], [-70.797241, 8.291725], [-70.782774, 8.275954000000127], [-70.777528, 8.276734], [-70.767634, 8.270501000000138], [-70.76290499999988, 8.261721], [-70.76306099999988, 8.257103], [-70.756719, 8.253045], [-70.75119399999988, 8.242595000000108], [-70.730724, 8.242492], [-70.730817, 8.239], [-70.713992, 8.233628000000124], [-70.7125999999999, 8.229297], [-70.70321499999989, 8.222875], [-70.694789, 8.221544], [-70.6931, 8.217836], [-70.690207, 8.221076], [-70.683799, 8.217293], [-70.683218, 8.213095000000123], [-70.679718, 8.215535], [-70.679338, 8.210347000000127], [-70.67331599999989, 8.205182], [-70.667455, 8.210905000000139], [-70.667456, 8.214901], [-70.6503239999999, 8.215823000000114], [-70.646586, 8.209812000000113], [-70.643377, 8.214456000000155], [-70.63837599999988, 8.209948000000168], [-70.63415899999984, 8.212417000000187], [-70.62404399999986, 8.211054], [-70.619048, 8.203352000000109], [-70.612476, 8.202831000000174], [-70.61098, 8.196526], [-70.60196, 8.200159], [-70.594533, 8.199599], [-70.584376, 8.191479], [-70.58007, 8.198336], [-70.57431, 8.198107000000107], [-70.562867, 8.191375000000164], [-70.5576559999999, 8.178346], [-70.54936, 8.175632000000178], [-70.548795, 8.1701], [-70.540826, 8.159964], [-70.54099999999988, 8.146248], [-70.525433, 8.149656000000164], [-70.516044, 8.137645], [-70.51688699999988, 8.147448], [-70.511707, 8.155414000000121], [-70.514277, 8.163825]]]}}, {"type": "Feature", "properties": {"parroquia": "Nicolás Pulido", "municipio": "Antonio José de Sucre", "estado": "Barinas", "pcode": "VE060203", "estado_pcode": "VE06", "municipio_pcode": "VE0602", "center_lat": 8.0361935, "center_lon": -70.82031404, "area_sqkm": 688.58201617}, "geometry": {"type": "Polygon", "coordinates": [[[-70.615576, 7.822878000000173], [-70.611661, 7.826790000000187], [-70.610291, 7.836626], [-70.61816899999985, 7.847136], [-70.614874, 7.848497000000179], [-70.614671, 7.851461], [-70.623805, 7.853950000000168], [-70.62337299999984, 7.858453], [-70.628056, 7.860077000000103], [-70.632145, 7.865423000000135], [-70.634038, 7.866338], [-70.633504, 7.863582], [-70.636782, 7.866219000000115], [-70.636961, 7.862657], [-70.638945, 7.863619], [-70.641861, 7.870552000000146], [-70.646081, 7.87134900000018], [-70.64927, 7.876007000000129], [-70.64899999999989, 7.880556], [-70.65174599999989, 7.881585000000143], [-70.651465, 7.878622000000121], [-70.65287199999989, 7.879538], [-70.657458, 7.891983], [-70.661099, 7.890828], [-70.67568399999988, 7.898498000000131], [-70.681126, 7.89754500000015], [-70.694, 7.916383], [-70.695254, 7.92207800000017], [-70.709188, 7.924877], [-70.70775, 7.919733000000122], [-70.715345, 7.924911], [-70.717428, 7.929593], [-70.721258, 7.930619], [-70.721036, 7.935651000000178], [-70.726696, 7.940993], [-70.724362, 7.95165800000018], [-70.726051, 7.955147000000181], [-70.7224599999999, 7.959059], [-70.724429, 7.963880000000131], [-70.719198, 7.966486], [-70.723195, 7.970568000000185], [-70.72224, 7.978449000000126], [-70.725891, 7.982394], [-70.719602, 7.986794000000145], [-70.716824, 7.994243], [-70.72077, 7.99547600000011], [-70.722427, 8.00137], [-70.727367, 8.003994], [-70.723982, 8.005975], [-70.724103, 8.017941000000121], [-70.726609, 8.019574], [-70.72351, 8.026675000000125], [-70.725279, 8.028704000000175], [-70.723069, 8.037497], [-70.724683, 8.044260000000122], [-70.730967, 8.047241], [-70.73250599999989, 8.056554], [-70.730781, 8.061851], [-70.733855, 8.068924000000152], [-70.736952, 8.068875], [-70.744356, 8.077151000000185], [-70.7485779999999, 8.075807000000168], [-70.753814, 8.084583000000123], [-70.759512, 8.086304], [-70.774585, 8.100694], [-70.781894, 8.101069000000109], [-70.790028, 8.118412000000149], [-70.793951, 8.117299], [-70.796059, 8.121392000000128], [-70.79984499999989, 8.120418], [-70.800781, 8.125625], [-70.830238, 8.146963], [-70.838185, 8.14593], [-70.84972, 8.152354], [-70.850958, 8.157764], [-70.866543, 8.164726], [-70.874361, 8.16174100000012], [-70.885541, 8.166949000000102], [-70.894697, 8.173644], [-70.897887, 8.180324], [-70.915316, 8.182880000000182], [-70.925592, 8.194319], [-70.926811, 8.203541000000143], [-70.921705, 8.210867000000178], [-70.929053, 8.21353500000015], [-70.932108, 8.220513], [-70.946257, 8.225381], [-70.95598799999988, 8.232634000000132], [-70.971335, 8.234793], [-70.978995, 8.248734000000184], [-70.98642799999988, 8.25349], [-71.01114570099992, 8.247778335000078], [-71.01833103399997, 8.242610069000023], [-71.0301415209999, 8.243429026000172], [-71.02384121499989, 8.23320883000008], [-71.02686129199992, 8.224028619000023], [-71.02114103699995, 8.220518580000089], [-71.02269608199992, 8.216902491000155], [-71.00942944699995, 8.198900164000179], [-71.01439958999993, 8.186327880000022], [-71.01270150399995, 8.183000817000163], [-71.01840171999999, 8.180482730000108], [-71.01819368799988, 8.176153634000173], [-71.02327886599983, 8.1700434870001], [-71.03534532099997, 8.162433258000021], [-71.04293658799998, 8.15315501800012], [-71.04490973799989, 8.145921266000016], [-71.01112099999983, 8.145013], [-71.002109, 8.150582], [-70.9907649999999, 8.146935], [-70.985704, 8.142223000000115], [-70.98763, 8.134713], [-70.984119, 8.128242], [-70.985117, 8.11884], [-70.980073, 8.117501], [-70.956242, 8.083512000000155], [-70.945921, 8.083757000000162], [-70.942437, 8.079718000000128], [-70.944766, 8.063517], [-70.94335599999982, 8.055173000000138], [-70.93261799999988, 8.051166], [-70.930568, 8.0453720000001], [-70.92421, 8.042913], [-70.920189, 8.036943000000122], [-70.904451, 8.032121], [-70.896499, 8.026053], [-70.894777, 8.02036], [-70.890204, 8.018015], [-70.887129, 8.013775], [-70.88788999999986, 8.010762000000113], [-70.882997, 8.005514], [-70.88026899999988, 7.991141], [-70.875288, 7.98718], [-70.86680599999983, 7.985363], [-70.866216, 7.979018000000167], [-70.8629069999999, 7.978031], [-70.858063, 7.968090000000132], [-70.851568, 7.965675000000147], [-70.844253, 7.95759], [-70.820499, 7.947667], [-70.80754399999984, 7.937205000000176], [-70.802108, 7.93672800000013], [-70.801275, 7.933977], [-70.79106499999989, 7.92953000000017], [-70.78306099999986, 7.93015400000013], [-70.78226, 7.926988000000165], [-70.776294, 7.924507], [-70.775064, 7.926296], [-70.772618, 7.921579], [-70.770345, 7.922577], [-70.76551, 7.918793000000164], [-70.760396, 7.919614], [-70.756085, 7.907607], [-70.747335, 7.893962000000158], [-70.747085, 7.88535300000018], [-70.74486899999988, 7.884626], [-70.74215799999985, 7.874172000000158], [-70.731472, 7.858480000000156], [-70.724699, 7.837871], [-70.728939, 7.830125], [-70.7174619999999, 7.824464], [-70.71122, 7.828174000000104], [-70.699577, 7.82838], [-70.691998, 7.832093], [-70.688672, 7.82874500000014], [-70.677256, 7.826790000000187], [-70.670885, 7.82115], [-70.662904, 7.818867000000125], [-70.65673, 7.822761], [-70.65426, 7.820077], [-70.650803, 7.820933], [-70.649516, 7.823922], [-70.6446279999999, 7.823655000000144], [-70.644068, 7.819314000000134], [-70.639041, 7.818289], [-70.6336649999999, 7.832611], [-70.62651, 7.826650000000143], [-70.619202, 7.827512], [-70.615576, 7.822878000000173]]]}}, {"type": "Feature", "properties": {"parroquia": "Arismendi", "municipio": "Arismendi", "estado": "Barinas", "pcode": "VE060301", "estado_pcode": "VE06", "municipio_pcode": "VE0603", "center_lat": 8.359647, "center_lon": -68.40676766, "area_sqkm": 2110.10580493}, "geometry": {"type": "Polygon", "coordinates": [[[-68.23653005499989, 8.591374120000069], [-68.24546445899989, 8.599677984000039], [-68.25392181699988, 8.599942946999988], [-68.26200018599985, 8.604101007000168], [-68.26504129599994, 8.599918898000055], [-68.26349820699988, 8.594670774000122], [-68.27470767099993, 8.593225693000022], [-68.28279298999996, 8.58708651], [-68.29341047099996, 8.5931566000001], [-68.29981674999993, 8.592913559000124], [-68.29895873999982, 8.597993680000116], [-68.30986526599992, 8.60982290600009], [-68.32384484899984, 8.607102773000179], [-68.32727294199998, 8.596732516000031], [-68.32468481799998, 8.593375449000177], [-68.33120808599995, 8.593087412000045], [-68.33846444999995, 8.601477567000131], [-68.34803587599998, 8.606385639000166], [-68.35655024899995, 8.607543623000083], [-68.36202445499993, 8.602953482000146], [-68.36581964699997, 8.609305614000107], [-68.37967326599994, 8.613898651000056], [-68.38328640999993, 8.61173958400002], [-68.38372940199991, 8.606539462], [-68.38612950099997, 8.60516841499998], [-68.41615476399988, 8.600549157000046], [-68.42070492699997, 8.594112988000177], [-68.42506711199991, 8.594668979000062], [-68.44078284799997, 8.606758182000021], [-68.45219030399994, 8.602673035000123], [-68.45980565799988, 8.6070280940001], [-68.46293877799997, 8.604428018000135], [-68.46733499399988, 8.609227109000074], [-68.47290316499982, 8.597640813000112], [-68.48035348999997, 8.598897803000057], [-68.48801380599997, 8.596602715000017], [-68.49575516599992, 8.601967794000132], [-68.50515355199997, 8.598169656000096], [-68.51491699299999, 8.60396675100003], [-68.52823154599997, 8.601686628000152], [-68.53202069199995, 8.59811252500009], [-68.51194068399985, 8.567408910000097], [-68.51792853699993, 8.557729089000077], [-68.74165429599987, 8.331622312000036], [-68.78831020799998, 8.316755740000133], [-68.79480723099994, 8.264992521000067], [-68.82567631199993, 8.219777350000072], [-68.8473459519999, 8.161765923000189], [-68.83199604299995, 8.107268757000156], [-68.83116800099992, 8.105439723000188], [-68.82291465199995, 8.10589376900009], [-68.815506, 8.107185], [-68.8125639999999, 8.113761], [-68.809108, 8.115244000000189], [-68.80319399999985, 8.116040000000169], [-68.797639, 8.113318], [-68.787113, 8.120225], [-68.77346199999988, 8.120159], [-68.771937, 8.124928000000125], [-68.774111, 8.129614], [-68.7719259999999, 8.133150000000114], [-68.763364, 8.135237000000132], [-68.766523, 8.14014], [-68.763022, 8.14405900000014], [-68.747946, 8.142299], [-68.746793, 8.150793], [-68.734022, 8.151863000000162], [-68.73334, 8.156845], [-68.72622599999988, 8.162339], [-68.718063, 8.16192800000016], [-68.71173599999986, 8.157433], [-68.715583, 8.164057000000128], [-68.698228, 8.166746], [-68.69178199999988, 8.17355], [-68.692511, 8.177823000000103], [-68.682535, 8.199247000000128], [-68.67898, 8.196091], [-68.673222, 8.19557], [-68.665268, 8.203312], [-68.649829, 8.206968000000188], [-68.648153, 8.202048], [-68.642006, 8.199758], [-68.640543, 8.20216500000015], [-68.634247, 8.203296], [-68.63069, 8.20124200000015], [-68.62952699999988, 8.20388], [-68.623769, 8.203221], [-68.62091, 8.199607], [-68.59327899999988, 8.212435], [-68.586449, 8.223278000000164], [-68.579591, 8.218573], [-68.578011, 8.220865000000174], [-68.575951, 8.221272000000113], [-68.576397, 8.218977000000109], [-68.573524, 8.220691000000159], [-68.563074, 8.210004], [-68.552204, 8.209237000000144], [-68.541492, 8.226361000000168], [-68.532728, 8.232994], [-68.526795, 8.228751], [-68.52193, 8.231193000000133], [-68.512251, 8.226364], [-68.50491099999988, 8.228568000000166], [-68.503088, 8.227139], [-68.502007, 8.235561], [-68.4994999999999, 8.232975000000124], [-68.495218, 8.23346], [-68.49124199999989, 8.228754], [-68.490942, 8.224388], [-68.48462399999988, 8.224816], [-68.481387, 8.228568000000166], [-68.478264, 8.228575], [-68.475856, 8.236925], [-68.469725, 8.237124], [-68.464284, 8.24157600000018], [-68.459331, 8.241965], [-68.459278, 8.251063000000158], [-68.45071599999989, 8.263309000000163], [-68.4504409999999, 8.255015000000128], [-68.422064, 8.256939000000159], [-68.418132, 8.24881], [-68.413877, 8.248559000000114], [-68.409588, 8.250007], [-68.40620599999988, 8.258604], [-68.376017, 8.269497], [-68.36846199999985, 8.271456000000114], [-68.359608, 8.270215000000121], [-68.350045, 8.275334000000157], [-68.339739, 8.273005], [-68.339932, 8.275625000000105], [-68.335586, 8.27489], [-68.331911, 8.278109], [-68.32493999999986, 8.275591000000134], [-68.325963, 8.282189000000187], [-68.3210739999999, 8.290846], [-68.31589899999989, 8.293276], [-68.312382, 8.289605], [-68.30196099999989, 8.287343], [-68.29737099999988, 8.288697], [-68.29384, 8.283371000000102], [-68.291409, 8.283657000000119], [-68.281965, 8.291714], [-68.281444, 8.297362], [-68.279114, 8.292686], [-68.2676019999999, 8.283481000000108], [-68.248926, 8.280369], [-68.245365, 8.276536000000135], [-68.229529, 8.27824], [-68.224745, 8.273573000000113], [-68.220648, 8.27754700000014], [-68.215081, 8.272531], [-68.211057, 8.272302000000138], [-68.206431, 8.275767], [-68.201019, 8.271717], [-68.19816199999985, 8.273538], [-68.194055, 8.271815000000174], [-68.19528499999984, 8.274808000000178], [-68.192911, 8.276931000000161], [-68.19636999999989, 8.278788000000134], [-68.190419, 8.28304500000013], [-68.18936899999989, 8.286728], [-68.185828, 8.285568000000126], [-68.185849, 8.289542000000154], [-68.176401, 8.291982], [-68.175718, 8.29652], [-68.172781, 8.295836], [-68.167422, 8.301428], [-68.162346, 8.299310000000105], [-68.160589, 8.303887], [-68.163466, 8.306699], [-68.159866, 8.309636], [-68.15692, 8.307322000000113], [-68.153618, 8.309669000000156], [-68.147591, 8.304305], [-68.142933, 8.30542700000018], [-68.133081, 8.301373000000126], [-68.1263, 8.301494000000162], [-68.1238699999999, 8.308600000000126], [-68.1179479999999, 8.311850000000106], [-68.1090789999999, 8.312993000000176], [-68.09845299999989, 8.310289], [-68.087746, 8.316267], [-68.08246999999989, 8.32321800000011], [-68.079551, 8.320191000000136], [-68.076643, 8.322540000000174], [-68.068824, 8.322286], [-68.065524, 8.324403000000132], [-68.06612, 8.331986000000143], [-68.058325, 8.333362000000136], [-68.057043, 8.338273000000186], [-68.075304, 8.338002000000131], [-68.084603, 8.327926000000105], [-68.09038, 8.330566], [-68.088877, 8.335485], [-68.092766, 8.337352], [-68.089218, 8.34030300000012], [-68.092495, 8.343372], [-68.089309, 8.348528000000158], [-68.096325, 8.350599], [-68.0930469999999, 8.353572], [-68.095112, 8.353924], [-68.094367, 8.356834000000106], [-68.09766099999985, 8.355328], [-68.102208, 8.366268000000161], [-68.106813, 8.364202], [-68.106692, 8.371576], [-68.110508, 8.36842600000017], [-68.116461, 8.372113], [-68.1187829999999, 8.368263000000184], [-68.123324, 8.372512], [-68.1263239999999, 8.368962000000124], [-68.132044, 8.36992000000015], [-68.135215, 8.37254600000017], [-68.133598, 8.378948], [-68.141587, 8.377389000000164], [-68.140686, 8.381427000000144], [-68.142959, 8.38225400000016], [-68.140042, 8.387238], [-68.14292, 8.384781], [-68.14356, 8.387641], [-68.148742, 8.385806], [-68.147299, 8.389646], [-68.151981, 8.394388000000106], [-68.148253, 8.396343], [-68.147934, 8.404061], [-68.15426, 8.416823000000136], [-68.163715, 8.419309000000112], [-68.1652, 8.416253], [-68.172564, 8.416066], [-68.174524, 8.422119], [-68.176446, 8.418786000000182], [-68.19024399999984, 8.422859], [-68.198183, 8.4189310000001], [-68.203509, 8.419387], [-68.20646, 8.422248], [-68.206556, 8.436449], [-68.21340499999985, 8.440928], [-68.217404, 8.439441000000159], [-68.215656, 8.430317000000173], [-68.218131, 8.429186], [-68.222004, 8.432676000000129], [-68.223382, 8.43091800000019], [-68.22811399999989, 8.437375], [-68.24923199999989, 8.451018], [-68.266311, 8.448927], [-68.273676, 8.452549], [-68.28039, 8.452139], [-68.28708099999989, 8.466781], [-68.291602, 8.465246], [-68.323304, 8.476818], [-68.32402, 8.482870000000105], [-68.335116, 8.498654000000101], [-68.331578, 8.512786000000176], [-68.32818599999985, 8.51511100000016], [-68.332906, 8.51740100000012], [-68.3293149999999, 8.521132], [-68.32956899999988, 8.525135], [-68.317733, 8.536754], [-68.309521, 8.537517], [-68.31035, 8.543253], [-68.3043229999999, 8.54592], [-68.300618, 8.543722000000116], [-68.295424, 8.552619000000107], [-68.290131, 8.551738], [-68.287451, 8.545316000000184], [-68.280932, 8.5445], [-68.275693, 8.548924000000113], [-68.270234, 8.547473000000139], [-68.265288, 8.549241], [-68.258112, 8.557429000000184], [-68.251203, 8.560361000000114], [-68.241596, 8.560732], [-68.239788, 8.584544000000164], [-68.23653005499989, 8.591374120000069]]]}}, {"type": "Feature", "properties": {"parroquia": "Guadarrama", "municipio": "Arismendi", "estado": "Barinas", "pcode": "VE060302", "estado_pcode": "VE06", "municipio_pcode": "VE0603", "center_lat": 8.430769, "center_lon": -68.08907062, "area_sqkm": 874.90555198}, "geometry": {"type": "Polygon", "coordinates": [[[-68.02449265499996, 8.534502535000115], [-68.04722662899997, 8.53366740500013], [-68.0506207979999, 8.538177491999988], [-68.05328697999994, 8.550684774000104], [-68.04964687099994, 8.561904065000022], [-68.05636116799997, 8.563386059000038], [-68.05297810299999, 8.577857420000043], [-68.06730867599998, 8.571663207000142], [-68.08000327699989, 8.583126409000045], [-68.08263937299995, 8.578421293000076], [-68.0886876319999, 8.577397241000085], [-68.08961270099996, 8.583624383000029], [-68.08551653899997, 8.587103485000114], [-68.08644059299996, 8.588743517000069], [-68.09359687499995, 8.584660388000032], [-68.09799308199996, 8.587514423000187], [-68.10087319199988, 8.586564389000102], [-68.10180524499998, 8.589213449000056], [-68.09807810999996, 8.592744556000127], [-68.1040573709999, 8.594883578000179], [-68.10555441899987, 8.592082504000018], [-68.10796653299997, 8.593121509000127], [-68.10434642099995, 8.601950745000067], [-68.11396084999996, 8.60526077100019], [-68.11722597399995, 8.60176967100017], [-68.11648890499998, 8.595247523000182], [-68.11873200299993, 8.595207507000055], [-68.12546731499998, 8.599374573000034], [-68.12661638199995, 8.603012652000075], [-68.13554472799996, 8.59629045400004], [-68.14618921699997, 8.601905531000057], [-68.14440511499998, 8.59741143499997], [-68.15226146199996, 8.599253433000172], [-68.15755367799989, 8.59776038200016], [-68.16023482499992, 8.604192519000094], [-68.17912362499999, 8.600850340000022], [-68.1815477419999, 8.604275415000188], [-68.18583892699996, 8.604902406000122], [-68.1866629509999, 8.602229342999976], [-68.19261321699992, 8.604826371000115], [-68.19645535899997, 8.599668234000092], [-68.19902147099998, 8.599654221000094], [-68.20576978299994, 8.604645296000172], [-68.22196741799996, 8.59227892600012], [-68.23287786599997, 8.589110796], [-68.23653005499989, 8.591374120000069], [-68.239788, 8.584544000000164], [-68.241596, 8.560732], [-68.251203, 8.560361000000114], [-68.258112, 8.557429000000184], [-68.265288, 8.549241], [-68.270234, 8.547473000000139], [-68.275693, 8.548924000000113], [-68.280932, 8.5445], [-68.287451, 8.545316000000184], [-68.290131, 8.551738], [-68.295424, 8.552619000000107], [-68.300618, 8.543722000000116], [-68.3043229999999, 8.54592], [-68.31035, 8.543253], [-68.309521, 8.537517], [-68.317733, 8.536754], [-68.32956899999988, 8.525135], [-68.3293149999999, 8.521132], [-68.332906, 8.51740100000012], [-68.32818599999985, 8.51511100000016], [-68.331578, 8.512786000000176], [-68.335116, 8.498654000000101], [-68.32402, 8.482870000000105], [-68.323304, 8.476818], [-68.291602, 8.465246], [-68.28708099999989, 8.466781], [-68.28039, 8.452139], [-68.273676, 8.452549], [-68.266311, 8.448927], [-68.24923199999989, 8.451018], [-68.22811399999989, 8.437375], [-68.223382, 8.43091800000019], [-68.222004, 8.432676000000129], [-68.218131, 8.429186], [-68.215656, 8.430317000000173], [-68.217404, 8.439441000000159], [-68.21340499999985, 8.440928], [-68.206556, 8.436449], [-68.20646, 8.422248], [-68.203509, 8.419387], [-68.198183, 8.4189310000001], [-68.19024399999984, 8.422859], [-68.176446, 8.418786000000182], [-68.174524, 8.422119], [-68.172564, 8.416066], [-68.1652, 8.416253], [-68.163715, 8.419309000000112], [-68.15426, 8.416823000000136], [-68.147934, 8.404061], [-68.148253, 8.396343], [-68.151981, 8.394388000000106], [-68.147299, 8.389646], [-68.148742, 8.385806], [-68.14356, 8.387641], [-68.14292, 8.384781], [-68.140042, 8.387238], [-68.142959, 8.38225400000016], [-68.140686, 8.381427000000144], [-68.141587, 8.377389000000164], [-68.133598, 8.378948], [-68.135215, 8.37254600000017], [-68.132044, 8.36992000000015], [-68.1263239999999, 8.368962000000124], [-68.123324, 8.372512], [-68.1187829999999, 8.368263000000184], [-68.116461, 8.372113], [-68.110508, 8.36842600000017], [-68.106692, 8.371576], [-68.106813, 8.364202], [-68.102208, 8.366268000000161], [-68.09766099999985, 8.355328], [-68.094367, 8.356834000000106], [-68.095112, 8.353924], [-68.0930469999999, 8.353572], [-68.096325, 8.350599], [-68.089309, 8.348528000000158], [-68.092495, 8.343372], [-68.089218, 8.34030300000012], [-68.092766, 8.337352], [-68.088877, 8.335485], [-68.09038, 8.330566], [-68.084603, 8.327926000000105], [-68.075304, 8.338002000000131], [-68.057043, 8.338273000000186], [-68.04865199999989, 8.347285000000113], [-68.0444389999999, 8.346986], [-68.03639699999985, 8.334939], [-68.02423, 8.32318800000013], [-68.01945099999989, 8.325065000000166], [-68.009095, 8.31677900000011], [-68.00548999999984, 8.31949], [-68.004445, 8.316819], [-68.002506, 8.319517000000133], [-68.00232199999988, 8.316025], [-67.9988709999999, 8.319859], [-67.996596, 8.313995000000148], [-67.993985, 8.315459], [-67.995035, 8.30928200000011], [-67.989239, 8.309152000000154], [-67.987725, 8.303497000000164], [-67.981993, 8.306766], [-67.97888599999987, 8.301567], [-67.970859, 8.297272], [-67.970018, 8.302668000000153], [-67.963036, 8.294908], [-67.953138, 8.291159], [-67.946229, 8.28268700000018], [-67.931544, 8.282761], [-67.926451, 8.278244], [-67.923374, 8.28152], [-67.918826, 8.280543], [-67.913695, 8.272419], [-67.906379, 8.270974], [-67.896631, 8.273060000000157], [-67.898892, 8.262912], [-67.89690899999988, 8.261712], [-67.89045, 8.270193], [-67.878989, 8.275076000000126], [-67.86743599999988, 8.268472000000145], [-67.850918, 8.27359100000018], [-67.846464, 8.272659], [-67.84568699999988, 8.269372], [-67.850059, 8.265158], [-67.849116, 8.263364], [-67.8416969999999, 8.257047], [-67.83153194499994, 8.258985702000189], [-67.83255008599997, 8.260542007000083], [-67.82798391599994, 8.266113166000025], [-67.82858701399982, 8.280518496000127], [-67.83148316099988, 8.287182643000051], [-67.83664589699993, 8.289934072000108], [-67.83703237299994, 8.289800193000133], [-67.84076756399992, 8.287969618999966], [-67.84269165299997, 8.289521642000068], [-67.84352879199992, 8.309042091000038], [-67.8589294969999, 8.318407239000067], [-67.86098053699982, 8.308510001000059], [-67.87393807699988, 8.305081861000133], [-67.87839425199991, 8.300681736000115], [-67.88043934499984, 8.303287782000098], [-67.87784627099995, 8.310800974000188], [-67.86956293999998, 8.316366145000131], [-67.85262430599994, 8.334538655000017], [-67.85202031299997, 8.343420864000166], [-67.85476246899992, 8.350183008000101], [-67.8570475809999, 8.352085046000127], [-67.86200177699993, 8.35057298300012], [-67.87078609599996, 8.337785637000081], [-67.87358324999991, 8.343903776000161], [-67.88708883699996, 8.346610767000016], [-67.90190456999989, 8.365968150000015], [-67.90397069599993, 8.372400301000141], [-67.89860047599996, 8.375967411000033], [-67.90082958999994, 8.379455480000047], [-67.91393114799996, 8.37757636900011], [-67.9230175059999, 8.372891219000053], [-67.93715511799991, 8.372895149000044], [-67.9387511939999, 8.374950186000149], [-67.93575108899995, 8.378073281000184], [-67.94014332699999, 8.389186517000098], [-67.95081781399989, 8.394183582000096], [-67.96235036999997, 8.408305857000187], [-67.96349943299998, 8.41101491700016], [-67.95733821599993, 8.419310146000043], [-67.96583059399995, 8.422817188000124], [-67.97312994599986, 8.431681361000187], [-67.99034572599999, 8.438736442000106], [-67.98901869899998, 8.445245604000092], [-67.97652118699995, 8.44934275800017], [-67.97128998099993, 8.453917890000184], [-67.97329813199991, 8.468715235000161], [-67.99875220899986, 8.465290025000058], [-68.00758463299996, 8.474308203000021], [-68.0011154259999, 8.488213560000077], [-68.01739514199988, 8.492138564000129], [-68.01589313799997, 8.50463987000012], [-68.0202273459999, 8.507835928000077], [-68.02449265499996, 8.534502535000115]]]}}, {"type": "Feature", "properties": {"parroquia": "La Unión", "municipio": "Arismendi", "estado": "Barinas", "pcode": "VE060303", "estado_pcode": "VE06", "municipio_pcode": "VE0603", "center_lat": 8.10923945, "center_lon": -67.8303846, "area_sqkm": 1973.25162109}, "geometry": {"type": "Polygon", "coordinates": [[[-67.83153194499994, 8.258985702000189], [-67.8416969999999, 8.257047], [-67.849116, 8.263364], [-67.850059, 8.265158], [-67.84568699999988, 8.269372], [-67.846464, 8.272659], [-67.850918, 8.27359100000018], [-67.86743599999988, 8.268472000000145], [-67.878989, 8.275076000000126], [-67.89045, 8.270193], [-67.89690899999988, 8.261712], [-67.898892, 8.262912], [-67.896631, 8.273060000000157], [-67.906379, 8.270974], [-67.913695, 8.272419], [-67.918826, 8.280543], [-67.923374, 8.28152], [-67.926451, 8.278244], [-67.931544, 8.282761], [-67.946229, 8.28268700000018], [-67.953138, 8.291159], [-67.963036, 8.294908], [-67.970018, 8.302668000000153], [-67.970859, 8.297272], [-67.97888599999987, 8.301567], [-67.981993, 8.306766], [-67.987725, 8.303497000000164], [-67.989239, 8.309152000000154], [-67.995035, 8.30928200000011], [-67.993985, 8.315459], [-67.996596, 8.313995000000148], [-67.9988709999999, 8.319859], [-68.00232199999988, 8.316025], [-68.002506, 8.319517000000133], [-68.004445, 8.316819], [-68.00548999999984, 8.31949], [-68.009095, 8.31677900000011], [-68.01945099999989, 8.325065000000166], [-68.02423, 8.32318800000013], [-68.03639699999985, 8.334939], [-68.0444389999999, 8.346986], [-68.04865199999989, 8.347285000000113], [-68.057043, 8.338273000000186], [-68.058325, 8.333362000000136], [-68.06612, 8.331986000000143], [-68.065524, 8.324403000000132], [-68.068824, 8.322286], [-68.076643, 8.322540000000174], [-68.079551, 8.320191000000136], [-68.08246999999989, 8.32321800000011], [-68.087746, 8.316267], [-68.09845299999989, 8.310289], [-68.1090789999999, 8.312993000000176], [-68.1179479999999, 8.311850000000106], [-68.1238699999999, 8.308600000000126], [-68.1263, 8.301494000000162], [-68.133081, 8.301373000000126], [-68.142933, 8.30542700000018], [-68.147591, 8.304305], [-68.153618, 8.309669000000156], [-68.15692, 8.307322000000113], [-68.159866, 8.309636], [-68.163466, 8.306699], [-68.160589, 8.303887], [-68.162346, 8.299310000000105], [-68.167422, 8.301428], [-68.172781, 8.295836], [-68.175718, 8.29652], [-68.176401, 8.291982], [-68.185849, 8.289542000000154], [-68.185828, 8.285568000000126], [-68.18936899999989, 8.286728], [-68.190419, 8.28304500000013], [-68.19636999999989, 8.278788000000134], [-68.192911, 8.276931000000161], [-68.19528499999984, 8.274808000000178], [-68.194055, 8.271815000000174], [-68.194227, 8.252429], [-68.18774499999984, 8.253013], [-68.18874999999986, 8.244313000000147], [-68.183692, 8.239391], [-68.179698, 8.241688000000181], [-68.173326, 8.2397], [-68.16329699999989, 8.245155000000182], [-68.158412, 8.242049], [-68.156861, 8.249230000000182], [-68.1448, 8.253984], [-68.12885999999986, 8.247023000000183], [-68.11551, 8.257603000000188], [-68.11149399999988, 8.256064], [-68.100071, 8.265622], [-68.097253, 8.265100000000189], [-68.09395999999987, 8.269720000000177], [-68.09052, 8.268666], [-68.088733, 8.26259000000016], [-68.074408, 8.263103000000172], [-68.072665, 8.274532], [-68.07004599999988, 8.275205000000142], [-68.057358, 8.266378], [-68.04880599999984, 8.251717], [-68.041169, 8.245239], [-68.029167, 8.244661000000178], [-68.025833, 8.241793], [-68.021677, 8.24395], [-68.016331, 8.240862], [-68.012384, 8.246328], [-68.00240899999989, 8.246956000000125], [-68.0033, 8.255208], [-68.0005809999999, 8.255634000000157], [-67.984896, 8.247668], [-67.986973, 8.235612000000174], [-67.980316, 8.227761], [-67.972515, 8.226132], [-67.976641, 8.217621000000179], [-67.972791, 8.214417], [-67.962935, 8.214207000000158], [-67.960683, 8.221253000000104], [-67.95747199999988, 8.222462000000178], [-67.947719, 8.215682000000129], [-67.93627299999986, 8.214272], [-67.936473, 8.206325000000106], [-67.944626, 8.203636000000188], [-67.9470639999999, 8.19649900000013], [-67.951217, 8.197016], [-67.9491, 8.194192], [-67.950974, 8.191271], [-67.964843, 8.193767], [-67.967527, 8.190558], [-67.968745, 8.193479], [-67.974631, 8.19321900000017], [-67.983302, 8.185248], [-67.99273, 8.192554], [-68.0022929999999, 8.188399000000118], [-68.001117, 8.179747000000134], [-68.13197899999989, 7.918101], [-68.144354, 7.902352000000121], [-68.14417886699994, 7.897676132000129], [-68.12443494599984, 7.903531401000123], [-68.10949427299988, 7.897425335000094], [-68.09625664899988, 7.883020060000035], [-68.08108397999996, 7.878815038000084], [-68.07790281399991, 7.87418295100008], [-68.06758136899998, 7.872135948000107], [-68.06646230099994, 7.867732848000117], [-68.05517482499994, 7.869787954000174], [-68.04845056699992, 7.877257145999977], [-68.04374834999999, 7.87390609800002], [-68.0396631889999, 7.875906161000046], [-68.03738911699998, 7.880402270000161], [-68.02530659399997, 7.881092341000169], [-68.00942698499989, 7.89545873700007], [-67.98718505699998, 7.900800965000144], [-67.97025728899985, 7.893322868000041], [-67.96668416599988, 7.899191023000185], [-67.94783440799995, 7.909485341000163], [-67.93688092199989, 7.906911336000064], [-67.93581885599986, 7.90330025600008], [-67.9133469109999, 7.906504428000176], [-67.91269185599998, 7.900320285000021], [-67.91012273699994, 7.89975528500014], [-67.89832924799998, 7.902005392999968], [-67.89474707799991, 7.899938363], [-67.88592572399995, 7.903505485000096], [-67.87927941599997, 7.900053433000096], [-67.87607524999999, 7.893051288000095], [-67.86821790499994, 7.892456312000093], [-67.86642983299993, 7.893486348000067], [-67.8676669009999, 7.896429405000106], [-67.86000559599995, 7.90044153100007], [-67.8613016669999, 7.904416615000173], [-67.8566794969999, 7.911534802000176], [-67.84435697299989, 7.912137875000099], [-67.83826174799998, 7.919594070000187], [-67.82987439199991, 7.920999140000049], [-67.82888635699999, 7.923258198000099], [-67.82101201999996, 7.923167226000032], [-67.81318865499992, 7.916035107000141], [-67.80942750099996, 7.918028168000092], [-67.80372922399994, 7.912798075000183], [-67.79965309099998, 7.921169277000047], [-67.79400185499992, 7.92352836200007], [-67.79260778399998, 7.919073267000158], [-67.78658052099996, 7.918936287000179], [-67.77975520299998, 7.914040204000173], [-67.77959917699991, 7.908859090000135], [-67.76999076699991, 7.910461173999977], [-67.76084734899996, 7.904742074000183], [-67.75597716799996, 7.910531231], [-67.7512319519999, 7.909531236000134], [-67.7331862229999, 7.917903507000176], [-67.72685292799991, 7.915430480000111], [-67.72219371099999, 7.910026373000164], [-67.71805753599995, 7.909798389000116], [-67.70906315799988, 7.912492487000122], [-67.70364594599994, 7.917049619000068], [-67.69527557199996, 7.916020633000187], [-67.69287249899998, 7.921597775000123], [-67.6898433689999, 7.921196782000095], [-67.68403816699998, 7.931925054000089], [-67.68593729499992, 7.942039276000116], [-67.67366078099997, 7.944563389000166], [-67.66275229699988, 7.943655423000166], [-67.66128522199989, 7.940713360000188], [-67.66485133399993, 7.930011089000118], [-67.6561249749999, 7.933916225000075], [-67.64358143499999, 7.935341311000059], [-67.64164536899989, 7.939468412000053], [-67.6472036319999, 7.944816511000113], [-67.64527057999993, 7.951167675000022], [-67.65110885199982, 7.954747728000029], [-67.65141687999989, 7.959260831000108], [-67.64793173699991, 7.959414848000165], [-67.64249652899997, 7.964474991000088], [-67.62081261899988, 7.970107221000148], [-67.61546241999997, 7.976610391000179], [-67.60064980999988, 7.985374669], [-67.59480056499996, 7.98472868000016], [-67.59049933999995, 7.976407500000164], [-67.58429905499997, 7.97338146300018], [-67.57540361199989, 7.961052220000113], [-67.56818130199997, 7.959435216999964], [-67.56360405699996, 7.951094041000147], [-67.55640872899988, 7.945922950000124], [-67.54530923799996, 7.942422919000137], [-67.53554282699997, 7.944281010000168], [-67.51992217999998, 7.950822233], [-67.50235142599996, 7.952678349000109], [-67.50171542999982, 7.958719496000185], [-67.50714170299989, 7.967830683000102], [-67.51293997799996, 7.97328978500002], [-67.52856467399982, 7.978193823000083], [-67.53303486699986, 7.977137782], [-67.53699500399995, 7.971332628000027], [-67.5406851859999, 7.975239707000071], [-67.54696745999996, 7.97637870200009], [-67.55041659799997, 7.974295639000104], [-67.55367270599999, 7.966518447000055], [-67.55648382799995, 7.965792409000187], [-67.5575368779999, 7.968427467000083], [-67.5529007319999, 7.981078785000022], [-67.56733770299991, 7.98742533300009], [-67.57172060099998, 7.991797948000112], [-67.56018715799996, 8.003055264000182], [-67.56128023499991, 8.010254430000089], [-67.5692495649999, 8.007427324000105], [-67.5722767019999, 8.008700337000164], [-67.5783180229999, 8.023589660000141], [-67.58060512699996, 8.024177662000113], [-67.58662235899993, 8.01826048900017], [-67.58700141299994, 8.025668670000186], [-67.59437274099992, 8.02846270200007], [-67.58873350999988, 8.031305784000153], [-67.58868152999992, 8.03499887800018], [-67.60436822699995, 8.039987916000143], [-67.60276418899986, 8.047381099000177], [-67.59807000399996, 8.05003618], [-67.59234375499989, 8.049002180000116], [-67.58539241499994, 8.042398065000157], [-67.57474397499993, 8.04443215599997], [-67.57660706799999, 8.04837124300002], [-67.58526745699999, 8.050496253000176], [-67.58722755799988, 8.055329354000094], [-67.5814503229999, 8.058240445000024], [-67.57741818399995, 8.064632619000065], [-67.57638818999999, 8.076725899000053], [-67.58433158399998, 8.08860315000004], [-67.60400946099986, 8.093119158000093], [-67.6095127239999, 8.100898322000035], [-67.61434487599996, 8.087712983000188], [-67.62937253299998, 8.089468956000076], [-67.62901553299986, 8.091994021], [-67.61820307199997, 8.09384711600012], [-67.61712405899988, 8.100228265999988], [-67.62375837299999, 8.10779641500011], [-67.62725357999989, 8.120286685000053], [-67.63119777799994, 8.125157784000123], [-67.66311820299995, 8.136622907000117], [-67.66409831099998, 8.148846186000128], [-67.66724845099992, 8.151450228000101], [-67.67417074999997, 8.151194191000116], [-67.6692405949999, 8.16288948700003], [-67.66687757399995, 8.180769925000106], [-67.67789508299995, 8.187794031000067], [-67.68068327299989, 8.20154734], [-67.68914661999997, 8.200069270000085], [-67.69722099399996, 8.20425933200005], [-67.70760755099997, 8.22862884600005], [-67.72657836899992, 8.228210757], [-67.74972437999998, 8.231996735999985], [-67.75740166199995, 8.220518433], [-67.76400993199996, 8.217233315000158], [-67.76964617699991, 8.21826632200009], [-67.77421239199998, 8.222079386000132], [-67.77554653699997, 8.24005980100003], [-67.78424396699984, 8.253056063000145], [-67.78590110399989, 8.266286369000056], [-67.78881125599997, 8.271184469000104], [-67.79323944499998, 8.270432431000074], [-67.79146029899988, 8.256009097], [-67.79567446399994, 8.253835023000079], [-67.81094815499989, 8.261550131000035], [-67.81471232399997, 8.261947124000073], [-67.81867746299997, 8.256286982], [-67.83153194499994, 8.258985702000189]]]}}, {"type": "Feature", "properties": {"parroquia": "San Antonio", "municipio": "Arismendi", "estado": "Barinas", "pcode": "VE060304", "estado_pcode": "VE06", "municipio_pcode": "VE0603", "center_lat": 8.05195687, "center_lon": -68.38619648, "area_sqkm": 2586.58169333}, "geometry": {"type": "Polygon", "coordinates": [[[-68.194055, 8.271815000000174], [-68.19816199999985, 8.273538], [-68.201019, 8.271717], [-68.206431, 8.275767], [-68.211057, 8.272302000000138], [-68.215081, 8.272531], [-68.220648, 8.27754700000014], [-68.224745, 8.273573000000113], [-68.229529, 8.27824], [-68.245365, 8.276536000000135], [-68.248926, 8.280369], [-68.2676019999999, 8.283481000000108], [-68.279114, 8.292686], [-68.281444, 8.297362], [-68.281965, 8.291714], [-68.291409, 8.283657000000119], [-68.29384, 8.283371000000102], [-68.29737099999988, 8.288697], [-68.30196099999989, 8.287343], [-68.312382, 8.289605], [-68.31589899999989, 8.293276], [-68.3210739999999, 8.290846], [-68.325963, 8.282189000000187], [-68.32493999999986, 8.275591000000134], [-68.331911, 8.278109], [-68.335586, 8.27489], [-68.339932, 8.275625000000105], [-68.339739, 8.273005], [-68.350045, 8.275334000000157], [-68.359608, 8.270215000000121], [-68.36846199999985, 8.271456000000114], [-68.376017, 8.269497], [-68.40620599999988, 8.258604], [-68.409588, 8.250007], [-68.413877, 8.248559000000114], [-68.418132, 8.24881], [-68.422064, 8.256939000000159], [-68.4504409999999, 8.255015000000128], [-68.45071599999989, 8.263309000000163], [-68.459278, 8.251063000000158], [-68.459331, 8.241965], [-68.464284, 8.24157600000018], [-68.469725, 8.237124], [-68.475856, 8.236925], [-68.478264, 8.228575], [-68.481387, 8.228568000000166], [-68.48462399999988, 8.224816], [-68.490942, 8.224388], [-68.49124199999989, 8.228754], [-68.495218, 8.23346], [-68.4994999999999, 8.232975000000124], [-68.502007, 8.235561], [-68.503088, 8.227139], [-68.50491099999988, 8.228568000000166], [-68.512251, 8.226364], [-68.52193, 8.231193000000133], [-68.526795, 8.228751], [-68.532728, 8.232994], [-68.541492, 8.226361000000168], [-68.552204, 8.209237000000144], [-68.563074, 8.210004], [-68.573524, 8.220691000000159], [-68.576397, 8.218977000000109], [-68.575951, 8.221272000000113], [-68.578011, 8.220865000000174], [-68.579591, 8.218573], [-68.586449, 8.223278000000164], [-68.59327899999988, 8.212435], [-68.62091, 8.199607], [-68.623769, 8.203221], [-68.62952699999988, 8.20388], [-68.63069, 8.20124200000015], [-68.634247, 8.203296], [-68.640543, 8.20216500000015], [-68.642006, 8.199758], [-68.648153, 8.202048], [-68.649829, 8.206968000000188], [-68.665268, 8.203312], [-68.673222, 8.19557], [-68.67898, 8.196091], [-68.682535, 8.199247000000128], [-68.692511, 8.177823000000103], [-68.69178199999988, 8.17355], [-68.698228, 8.166746], [-68.715583, 8.164057000000128], [-68.71173599999986, 8.157433], [-68.718063, 8.16192800000016], [-68.72622599999988, 8.162339], [-68.73334, 8.156845], [-68.734022, 8.151863000000162], [-68.746793, 8.150793], [-68.747946, 8.142299], [-68.763022, 8.14405900000014], [-68.766523, 8.14014], [-68.763364, 8.135237000000132], [-68.64228051199996, 7.954567427000086], [-68.64084123299995, 7.9586562880001], [-68.62787665299993, 7.960207488000037], [-68.61795326999999, 7.963101490000042], [-68.58818598799996, 7.958484533000046], [-68.58393278599993, 7.954880471000081], [-68.57903358299995, 7.954512479000186], [-68.57131627299998, 7.95777059], [-68.5619568599999, 7.955909595000151], [-68.5567096069999, 7.94998747600016], [-68.53949285299984, 7.945185455000114], [-68.51753992499994, 7.945799572], [-68.51150764999988, 7.942997530000184], [-68.51132058699994, 7.931177262000062], [-68.50850145799996, 7.92888122100004], [-68.49224175299992, 7.926582249999967], [-68.47131187399998, 7.927316364000148], [-68.45365115799996, 7.936329644000011], [-68.43921254899988, 7.937261731000149], [-68.42533590499994, 7.926605557000073], [-68.41438944799984, 7.929529678000165], [-68.39797370999997, 7.920665541000119], [-68.38524616899991, 7.921869637000043], [-68.38495009699994, 7.907185299000105], [-68.3544337109999, 7.889062027000023], [-68.3491104449999, 7.880943872000046], [-68.34312031599995, 7.881262443000026], [-68.33743495899995, 7.884524003000024], [-68.32767954099995, 7.884271045000105], [-68.32446846399984, 7.896719335000114], [-68.30746677399998, 7.904007588000184], [-68.30448367199989, 7.909392724000043], [-68.29699636399988, 7.912052818000063], [-68.29416727499995, 7.919549001000064], [-68.29057813899988, 7.922231072000045], [-68.28354082399989, 7.919203042000163], [-68.28122567899993, 7.910078838000175], [-68.27923059599988, 7.909825845000114], [-68.27249932299998, 7.914134970000021], [-68.27248035199995, 7.921150136000108], [-68.26914422399994, 7.923991208000189], [-68.26449302399988, 7.923578220000138], [-68.26410296599994, 7.914706027000136], [-68.25876472999994, 7.912090987000113], [-68.24878830799997, 7.912570050000056], [-68.24025989299997, 7.902480849000085], [-68.23286160199996, 7.906535982000094], [-68.22904746199993, 7.911853115000156], [-68.22254017699993, 7.911347141000022], [-68.21895699899994, 7.905752030000087], [-68.22249812299992, 7.900503886000024], [-68.21732289199991, 7.898186866000117], [-68.21651484099993, 7.895274802000074], [-68.20239827999995, 7.902720034000026], [-68.19683202499994, 7.900150002000032], [-68.18505654199998, 7.90379114000001], [-68.17706518299991, 7.901403121000044], [-68.16774680799995, 7.905800262000184], [-68.15566327999994, 7.903846273000056], [-68.15048803699995, 7.899121189000084], [-68.14417886699994, 7.897676132000129], [-68.144354, 7.902352000000121], [-68.13197899999989, 7.918101], [-68.001117, 8.179747000000134], [-68.0022929999999, 8.188399000000118], [-67.99273, 8.192554], [-67.983302, 8.185248], [-67.974631, 8.19321900000017], [-67.968745, 8.193479], [-67.967527, 8.190558], [-67.964843, 8.193767], [-67.950974, 8.191271], [-67.9491, 8.194192], [-67.951217, 8.197016], [-67.9470639999999, 8.19649900000013], [-67.944626, 8.203636000000188], [-67.936473, 8.206325000000106], [-67.93627299999986, 8.214272], [-67.947719, 8.215682000000129], [-67.95747199999988, 8.222462000000178], [-67.960683, 8.221253000000104], [-67.962935, 8.214207000000158], [-67.972791, 8.214417], [-67.976641, 8.217621000000179], [-67.972515, 8.226132], [-67.980316, 8.227761], [-67.986973, 8.235612000000174], [-67.984896, 8.247668], [-68.0005809999999, 8.255634000000157], [-68.0033, 8.255208], [-68.00240899999989, 8.246956000000125], [-68.012384, 8.246328], [-68.016331, 8.240862], [-68.021677, 8.24395], [-68.025833, 8.241793], [-68.029167, 8.244661000000178], [-68.041169, 8.245239], [-68.04880599999984, 8.251717], [-68.057358, 8.266378], [-68.07004599999988, 8.275205000000142], [-68.072665, 8.274532], [-68.074408, 8.263103000000172], [-68.088733, 8.26259000000016], [-68.09052, 8.268666], [-68.09395999999987, 8.269720000000177], [-68.097253, 8.265100000000189], [-68.100071, 8.265622], [-68.11149399999988, 8.256064], [-68.11551, 8.257603000000188], [-68.12885999999986, 8.247023000000183], [-68.1448, 8.253984], [-68.156861, 8.249230000000182], [-68.158412, 8.242049], [-68.16329699999989, 8.245155000000182], [-68.173326, 8.2397], [-68.179698, 8.241688000000181], [-68.183692, 8.239391], [-68.18874999999986, 8.244313000000147], [-68.18774499999984, 8.253013], [-68.194227, 8.252429], [-68.194055, 8.271815000000174]]]}}, {"type": "Feature", "properties": {"parroquia": "Barinas", "municipio": "Barinas", "estado": "Barinas", "pcode": "VE060401", "estado_pcode": "VE06", "municipio_pcode": "VE0604", "center_lat": 8.63414, "center_lon": -70.21110857, "area_sqkm": 2.39093631}, "geometry": {"type": "Polygon", "coordinates": [[[-70.21496899999988, 8.64404900000011], [-70.22174, 8.634100000000103], [-70.2095, 8.624243], [-70.201159, 8.631634000000133], [-70.201431, 8.635281], [-70.206197, 8.635475000000156], [-70.206687, 8.638563], [-70.21225899999985, 8.6400900000001], [-70.21496899999988, 8.64404900000011]]]}}, {"type": "Feature", "properties": {"parroquia": "Alfredo Arvelo Larriva", "municipio": "Barinas", "estado": "Barinas", "pcode": "VE060402", "estado_pcode": "VE06", "municipio_pcode": "VE0604", "center_lat": 8.6993775, "center_lon": -70.33033856, "area_sqkm": 61.09072996}, "geometry": {"type": "Polygon", "coordinates": [[[-70.3808949999999, 8.722342], [-70.385863, 8.713914000000159], [-70.36711899999989, 8.683056], [-70.340689, 8.661898], [-70.286746, 8.672574], [-70.271475, 8.677639], [-70.278886, 8.685097], [-70.27832099999989, 8.688894000000118], [-70.283919, 8.691683000000126], [-70.284699, 8.69697100000019], [-70.28328, 8.701023], [-70.297292, 8.712646], [-70.30252, 8.721148], [-70.31608199999982, 8.730719], [-70.322517, 8.731907], [-70.333691, 8.738788000000113], [-70.35183399999988, 8.716766], [-70.35705, 8.715072], [-70.364836, 8.717650000000162], [-70.369451, 8.725226000000134], [-70.3748619999999, 8.720182], [-70.3808949999999, 8.722342]]]}}, {"type": "Feature", "properties": {"parroquia": "San Silvestre", "municipio": "Barinas", "estado": "Barinas", "pcode": "VE060403", "estado_pcode": "VE06", "municipio_pcode": "VE0604", "center_lat": 8.195423, "center_lon": -70.10200567, "area_sqkm": 788.56052786}, "geometry": {"type": "Polygon", "coordinates": [[[-69.90043899999989, 7.977444000000105], [-69.854351, 8.059015], [-69.853265, 8.070331], [-69.856186, 8.076905], [-69.87648799999988, 8.08190000000019], [-69.880124, 8.085909], [-69.878673, 8.089047000000164], [-69.888249, 8.094705], [-69.88527699999986, 8.103204000000176], [-69.887371, 8.105586], [-69.886266, 8.108335000000181], [-69.893838, 8.116169000000184], [-69.89478, 8.121552], [-69.900673, 8.125743], [-69.899912, 8.129363000000126], [-69.90401, 8.133967], [-69.911055, 8.132684], [-69.927171, 8.133919000000105], [-69.932074, 8.141226], [-69.93117499999988, 8.149197000000186], [-69.940591, 8.14828000000017], [-69.954796, 8.157922], [-69.954474, 8.163328], [-69.959607, 8.176383000000158], [-69.966629, 8.177114], [-69.972501, 8.170196], [-69.977244, 8.168523000000164], [-69.982816, 8.172232], [-69.9833, 8.181852], [-69.98626999999988, 8.186684000000184], [-69.98302399999989, 8.196786], [-69.99202799999989, 8.212361000000158], [-69.998498, 8.211877], [-70.01996399999985, 8.224116], [-70.02883499999984, 8.224204], [-70.03616999999986, 8.23235300000016], [-70.03800299999989, 8.238451], [-70.047783, 8.244641000000115], [-70.048809, 8.251913000000116], [-70.053438, 8.257682000000159], [-70.071828, 8.257511], [-70.073591, 8.262348], [-70.08037, 8.268271], [-70.08739399999985, 8.268708000000117], [-70.089178, 8.272374], [-70.086458, 8.276949], [-70.102112, 8.284933], [-70.126681, 8.33647], [-70.125053, 8.340796], [-70.130024, 8.35110200000014], [-70.138429, 8.358753], [-70.15724299999988, 8.363336], [-70.186705, 8.383559000000105], [-70.1899049999999, 8.38764], [-70.186074, 8.40519300000011], [-70.188344, 8.415345], [-70.247006, 8.375086], [-70.240076, 8.365253], [-70.239785, 8.360630000000128], [-70.232652, 8.360062], [-70.23333699999989, 8.351601000000187], [-70.22782699999982, 8.348278], [-70.226981, 8.343815], [-70.217794, 8.343978], [-70.21759999999989, 8.348691000000144], [-70.208603, 8.345773], [-70.216119, 8.338915], [-70.220772, 8.185033], [-70.2206829999999, 8.179457000000127], [-70.217056, 8.179114], [-70.21071399999988, 8.169774], [-70.208519, 8.173001000000113], [-70.20617, 8.170493], [-70.20443399999988, 8.173281], [-70.19580499999984, 8.16352], [-70.19834599999984, 8.160152], [-70.192428, 8.155351], [-70.191851, 8.151868], [-70.196623, 8.147156], [-70.188289, 8.147349], [-70.18822099999983, 8.151135000000124], [-70.185832, 8.145921], [-70.16615099999984, 8.137081], [-70.165151, 8.13227000000012], [-70.163009, 8.129440000000102], [-70.159824, 8.129621000000157], [-70.153105, 8.11856200000011], [-70.15087499999987, 8.119976], [-70.148755, 8.116962], [-70.13208, 8.123311000000115], [-70.13066699999985, 8.118893000000128], [-70.12309399999987, 8.114973], [-70.12317599999989, 8.109673], [-70.10996, 8.107993000000135], [-70.107702, 8.105071000000123], [-70.089675, 8.09816700000016], [-70.088181, 8.095423000000153], [-70.085465, 8.096749], [-70.082963, 8.099036000000126], [-70.08474199999989, 8.103154000000131], [-70.081952, 8.107462], [-70.076357, 8.105984], [-70.077893, 8.10423], [-70.07386899999989, 8.103270000000123], [-70.071492, 8.099568], [-70.067499, 8.099777000000131], [-70.06506899999988, 8.095021], [-70.065628, 8.088226], [-70.058814, 8.087535000000116], [-70.05961399999984, 8.078696], [-70.05486499999984, 8.075951], [-70.051432, 8.065625], [-70.040821, 8.066954], [-70.040568, 8.063262000000122], [-70.037818, 8.062729], [-70.04037199999988, 8.057459000000108], [-70.036347, 8.05223000000018], [-70.028654, 8.051315000000159], [-70.0183899999999, 8.044886], [-70.007618, 8.03077500000012], [-70.004873, 8.035105000000101], [-70.001827, 8.031247], [-69.993327, 8.029364], [-69.984091, 8.016062], [-69.974062, 8.020645], [-69.972431, 8.010894], [-69.958628, 8.001948], [-69.953631, 8.001859], [-69.948162, 7.99195], [-69.93724999999989, 7.991061], [-69.924346, 7.999366000000123], [-69.920198, 7.993125000000134], [-69.916941, 7.993917000000124], [-69.912611, 7.987793], [-69.907992, 7.987162], [-69.906105, 7.978678], [-69.90043899999989, 7.977444000000105]]]}}, {"type": "Feature", "properties": {"parroquia": "Santa Inés", "municipio": "Barinas", "estado": "Barinas", "pcode": "VE060404", "estado_pcode": "VE06", "municipio_pcode": "VE0604", "center_lat": 8.245993, "center_lon": -69.94520893, "area_sqkm": 288.26603217}, "geometry": {"type": "Polygon", "coordinates": [[[-69.911055, 8.132684], [-69.82493099999988, 8.225976000000117], [-69.826285, 8.232385], [-69.830987, 8.230186000000117], [-69.8365859999999, 8.232079], [-69.844578, 8.247345], [-69.85419799999983, 8.252097000000106], [-69.872668, 8.26819300000011], [-69.882595, 8.270579], [-69.88785399999989, 8.266457], [-69.898162, 8.264455000000112], [-69.899939, 8.272817], [-69.906418, 8.27312400000011], [-69.905382, 8.278313], [-69.915091, 8.282872], [-69.913778, 8.288292000000126], [-69.916155, 8.295782], [-69.927178, 8.299424000000158], [-69.926303, 8.303143], [-69.9292559999999, 8.309210000000178], [-69.933061, 8.307722000000126], [-69.936313, 8.310596], [-69.936911, 8.305407000000116], [-69.939517, 8.304836], [-69.944015, 8.309939], [-69.941735, 8.318503], [-69.945217, 8.320345], [-69.946879, 8.32618], [-69.9546739999999, 8.323318], [-69.9529, 8.328093], [-69.959808, 8.339509000000135], [-69.961979, 8.339416], [-69.963668, 8.334846000000141], [-69.967501, 8.337003], [-69.965624, 8.348739], [-69.967469, 8.354249], [-69.969548, 8.354731000000186], [-69.96936099999988, 8.358221000000128], [-69.975415, 8.358196], [-70.047783, 8.244641000000115], [-70.03800299999989, 8.238451], [-70.03616999999986, 8.23235300000016], [-70.02883499999984, 8.224204], [-70.01996399999985, 8.224116], [-69.998498, 8.211877], [-69.99202799999989, 8.212361000000158], [-69.98302399999989, 8.196786], [-69.98626999999988, 8.186684000000184], [-69.9833, 8.181852], [-69.982816, 8.172232], [-69.977244, 8.168523000000164], [-69.972501, 8.170196], [-69.966629, 8.177114], [-69.959607, 8.176383000000158], [-69.954474, 8.163328], [-69.954796, 8.157922], [-69.940591, 8.14828000000017], [-69.93117499999988, 8.149197000000186], [-69.932074, 8.141226], [-69.927171, 8.133919000000105], [-69.911055, 8.132684]]]}}, {"type": "Feature", "properties": {"parroquia": "Santa Lucia", "municipio": "Barinas", "estado": "Barinas", "pcode": "VE060405", "estado_pcode": "VE06", "municipio_pcode": "VE0604", "center_lat": 8.0808035, "center_lon": -69.68497019, "area_sqkm": 944.70576258}, "geometry": {"type": "Polygon", "coordinates": [[[-69.45298699299985, 8.047360418000153], [-69.458765, 8.06227100000018], [-69.462489, 8.064003000000127], [-69.466523, 8.060709], [-69.469126, 8.06696600000015], [-69.478722, 8.070469000000116], [-69.486043, 8.078088], [-69.496091, 8.077895], [-69.499243, 8.081786000000136], [-69.50502199999988, 8.081291], [-69.51326499999988, 8.091071000000113], [-69.518566, 8.091083], [-69.52130699999987, 8.093685], [-69.528293, 8.092552], [-69.5322599999999, 8.088128000000154], [-69.537996, 8.09294100000011], [-69.547814, 8.093376], [-69.553238, 8.098946000000126], [-69.559452, 8.098064], [-69.56182299999983, 8.10146900000018], [-69.565189, 8.100121000000172], [-69.575721, 8.104668000000174], [-69.5863, 8.105265], [-69.588878, 8.11115], [-69.591436, 8.111201000000165], [-69.59127099999984, 8.117012000000102], [-69.599868, 8.12082], [-69.604911, 8.12847900000014], [-69.611527, 8.128354000000115], [-69.614318, 8.132001], [-69.629954, 8.128925], [-69.6330549999999, 8.131015], [-69.637528, 8.129394], [-69.642138, 8.132136], [-69.648523, 8.131367000000182], [-69.655944, 8.13489600000014], [-69.657893, 8.157524], [-69.67224399999986, 8.157594], [-69.678826, 8.15398000000016], [-69.683809, 8.156842000000154], [-69.680833, 8.150631], [-69.686712, 8.151101000000153], [-69.69447699999984, 8.160325], [-69.69756299999989, 8.168186000000162], [-69.705123, 8.17437800000016], [-69.705997, 8.178376], [-69.71217699999988, 8.175056000000154], [-69.723058, 8.177510000000154], [-69.730482, 8.17332], [-69.73175, 8.176607], [-69.736913, 8.178705], [-69.73864, 8.185484], [-69.737117, 8.191705000000127], [-69.73942199999988, 8.194006], [-69.75678099999988, 8.2019820000001], [-69.76132299999983, 8.200106000000119], [-69.77395499999989, 8.213541], [-69.789333, 8.210762], [-69.79701, 8.221708], [-69.8026129999999, 8.222681], [-69.80282, 8.226815000000101], [-69.810197, 8.230478000000119], [-69.815362, 8.226076], [-69.82493099999988, 8.225976000000117], [-69.911055, 8.132684], [-69.90401, 8.133967], [-69.899912, 8.129363000000126], [-69.900673, 8.125743], [-69.89478, 8.121552], [-69.893838, 8.116169000000184], [-69.886266, 8.108335000000181], [-69.887371, 8.105586], [-69.88527699999986, 8.103204000000176], [-69.888249, 8.094705], [-69.878673, 8.089047000000164], [-69.880124, 8.085909], [-69.87648799999988, 8.08190000000019], [-69.856186, 8.076905], [-69.853265, 8.070331], [-69.854351, 8.059015], [-69.90043899999989, 7.977444000000105], [-69.896489, 7.978087], [-69.88731699999988, 7.969246], [-69.869289, 7.963497], [-69.859299, 7.956415000000106], [-69.84333, 7.965918], [-69.83372, 7.961928000000114], [-69.826243, 7.967314], [-69.822789, 7.966202], [-69.812572, 7.970441000000164], [-69.80097299999989, 7.963522000000182], [-69.79960099999988, 7.959115], [-69.794255, 7.958999], [-69.784295, 7.967136], [-69.776463, 7.965937000000167], [-69.775764, 7.970472], [-69.768223, 7.972483000000182], [-69.7600369999999, 7.966974000000164], [-69.748075, 7.967866], [-69.735332, 7.962526], [-69.726111, 7.963394], [-69.713621, 7.960551], [-69.70399, 7.956627], [-69.696319, 7.947734], [-69.674661, 7.946124], [-69.669073, 7.941511000000105], [-69.659838, 7.940380000000118], [-69.645018, 7.949949000000174], [-69.62709899999987, 7.948711], [-69.61781599999989, 7.952516000000116], [-69.611949, 7.949078], [-69.610803, 7.951943000000142], [-69.607913, 7.948777000000177], [-69.603662, 7.949353], [-69.595703, 7.944802], [-69.580299, 7.945103000000131], [-69.57823943799991, 7.933578337000029], [-69.5697933379999, 7.93137235], [-69.56380809799992, 7.933959426], [-69.55945399199993, 7.950681813000131], [-69.54861356599997, 7.957735032000073], [-69.54518945999996, 7.963207165000142], [-69.54600854099988, 7.973006380000129], [-69.53635520699999, 7.990361799000027], [-69.52154362999988, 7.998616058000039], [-69.5025888269999, 7.997689130000083], [-69.4922234199999, 8.00245427700014], [-69.47207070599995, 8.031339015000128], [-69.45996582099997, 8.040631877000067], [-69.45298699299985, 8.047360418000153]]]}}, {"type": "Feature", "properties": {"parroquia": "Torunos", "municipio": "Barinas", "estado": "Barinas", "pcode": "VE060406", "estado_pcode": "VE06", "municipio_pcode": "VE0604", "center_lat": 8.4002215, "center_lon": -70.08360294, "area_sqkm": 485.74959229}, "geometry": {"type": "Polygon", "coordinates": [[[-70.188344, 8.415345], [-70.186074, 8.40519300000011], [-70.1899049999999, 8.38764], [-70.186705, 8.383559000000105], [-70.15724299999988, 8.363336], [-70.138429, 8.358753], [-70.130024, 8.35110200000014], [-70.125053, 8.340796], [-70.126681, 8.33647], [-70.102112, 8.284933], [-70.086458, 8.276949], [-70.089178, 8.272374], [-70.08739399999985, 8.268708000000117], [-70.08037, 8.268271], [-70.073591, 8.262348], [-70.071828, 8.257511], [-70.053438, 8.257682000000159], [-70.048809, 8.251913000000116], [-70.047783, 8.244641000000115], [-69.975415, 8.358196], [-69.980794, 8.364623000000108], [-69.978042, 8.371834], [-69.981159, 8.375622000000135], [-69.98089899999985, 8.386368], [-69.984432, 8.390822000000128], [-69.980964, 8.394613000000106], [-69.983736, 8.397482], [-69.980154, 8.398586], [-69.980265, 8.407449], [-69.974974, 8.408186000000114], [-69.975065, 8.410345], [-69.984306, 8.412867000000176], [-69.9861049999999, 8.41902], [-69.99409999999989, 8.420233000000167], [-69.996616, 8.426776000000132], [-70.014567, 8.430439000000149], [-70.01555799999988, 8.439056000000107], [-70.018536, 8.438151000000175], [-70.020482, 8.440375000000131], [-70.019663, 8.445413], [-70.025281, 8.446937], [-70.03000399999985, 8.44188800000012], [-70.032088, 8.443628], [-70.03999, 8.452686], [-70.04516899999987, 8.463498], [-70.051689, 8.465524000000187], [-70.047655, 8.469145], [-70.05741099999989, 8.47107], [-70.064433, 8.488289000000123], [-70.071836, 8.491738], [-70.072867, 8.497459000000163], [-70.07652299999984, 8.499148000000105], [-70.076141, 8.503081], [-70.078757, 8.505073], [-70.082009, 8.502763], [-70.090568, 8.506485], [-70.085422, 8.508937], [-70.085314, 8.511834], [-70.08958, 8.517085], [-70.094822, 8.515965000000108], [-70.09589299999988, 8.519042000000184], [-70.08393399999983, 8.522803000000124], [-70.088425, 8.526145], [-70.092741, 8.524040000000184], [-70.096002, 8.52534], [-70.092036, 8.52820300000019], [-70.09647099999984, 8.527637], [-70.09285699999987, 8.533028], [-70.093236, 8.53636], [-70.098718, 8.538204], [-70.09801699999986, 8.543678], [-70.10388199999983, 8.542142000000126], [-70.10234999999989, 8.548123], [-70.105381, 8.549654], [-70.112486, 8.544850000000167], [-70.110483, 8.54773], [-70.112733, 8.550734], [-70.111241, 8.554509000000166], [-70.114547, 8.55500400000011], [-70.1165, 8.550837000000115], [-70.12166999999988, 8.556705], [-70.125432, 8.554992], [-70.14482799999985, 8.545518000000186], [-70.164908, 8.53496], [-70.215824, 8.505315], [-70.20938399999989, 8.49963600000018], [-70.219398, 8.487303], [-70.207332, 8.469806], [-70.20142999999985, 8.466194], [-70.1977, 8.455127], [-70.187514, 8.439807], [-70.18537, 8.433377], [-70.188344, 8.415345]]]}}, {"type": "Feature", "properties": {"parroquia": "El Carmen", "municipio": "Barinas", "estado": "Barinas", "pcode": "VE060407", "estado_pcode": "VE06", "municipio_pcode": "VE0604", "center_lat": 8.6272655, "center_lon": -70.22788727, "area_sqkm": 6.56830498}, "geometry": {"type": "Polygon", "coordinates": [[[-70.22174, 8.634100000000103], [-70.230623, 8.637442], [-70.232386, 8.633420000000115], [-70.243802, 8.643108], [-70.245642, 8.641916], [-70.24486599999983, 8.630859000000157], [-70.23904399999986, 8.616697], [-70.229852, 8.611153000000172], [-70.2223, 8.622484000000156], [-70.214318, 8.619698], [-70.2095, 8.624243], [-70.22174, 8.634100000000103]]]}}, {"type": "Feature", "properties": {"parroquia": "Don Rómulo Betancourt", "municipio": "Barinas", "estado": "Barinas", "pcode": "VE060408", "estado_pcode": "VE06", "municipio_pcode": "VE0604", "center_lat": 8.655571, "center_lon": -70.2485847, "area_sqkm": 11.27619691}, "geometry": {"type": "Polygon", "coordinates": [[[-70.21496899999988, 8.64404900000011], [-70.217973, 8.64903], [-70.231402, 8.650601], [-70.247781, 8.661703000000102], [-70.271475, 8.677639], [-70.286746, 8.672574], [-70.253123, 8.652143000000137], [-70.245642, 8.641916], [-70.243802, 8.643108], [-70.232386, 8.633420000000115], [-70.230623, 8.637442], [-70.22174, 8.634100000000103], [-70.21496899999988, 8.64404900000011]]]}}, {"type": "Feature", "properties": {"parroquia": "Corazón de Jesús", "municipio": "Barinas", "estado": "Barinas", "pcode": "VE060409", "estado_pcode": "VE06", "municipio_pcode": "VE0604", "center_lat": 8.5888755, "center_lon": -70.16089308, "area_sqkm": 25.724073}, "geometry": {"type": "Polygon", "coordinates": [[[-70.125432, 8.554992], [-70.1213, 8.564982], [-70.129981, 8.570448], [-70.128634, 8.576199], [-70.132507, 8.572946000000115], [-70.13357799999983, 8.575678], [-70.137363, 8.573803000000169], [-70.13908, 8.57605], [-70.136247, 8.57962300000014], [-70.141564, 8.580042000000162], [-70.13878199999982, 8.584993], [-70.140407, 8.58779200000015], [-70.143112, 8.587921000000165], [-70.14317099999988, 8.584243000000129], [-70.144263, 8.586354], [-70.150593, 8.585598000000175], [-70.148921, 8.591051000000164], [-70.152117, 8.593386], [-70.151623, 8.59849000000014], [-70.162156, 8.59608800000018], [-70.163715, 8.599829], [-70.166953, 8.600485], [-70.167063, 8.606530000000134], [-70.189177, 8.620437], [-70.1940249999999, 8.628802000000121], [-70.201159, 8.631634000000133], [-70.2095, 8.624243], [-70.214318, 8.619698], [-70.175334, 8.59441], [-70.163625, 8.569729], [-70.14482799999985, 8.545518000000186], [-70.125432, 8.554992]]]}}, {"type": "Feature", "properties": {"parroquia": "Ramón Ignacio Méndez", "municipio": "Barinas", "estado": "Barinas", "pcode": "VE060410", "estado_pcode": "VE06", "municipio_pcode": "VE0604", "center_lat": 8.578353, "center_lon": -70.18697726, "area_sqkm": 32.85633318}, "geometry": {"type": "Polygon", "coordinates": [[[-70.164908, 8.53496], [-70.14482799999985, 8.545518000000186], [-70.163625, 8.569729], [-70.175334, 8.59441], [-70.214318, 8.619698], [-70.2223, 8.622484000000156], [-70.229852, 8.611153000000172], [-70.217332, 8.602828], [-70.211998, 8.6019], [-70.205903, 8.571009], [-70.164908, 8.53496]]]}}, {"type": "Feature", "properties": {"parroquia": "Alto Barinas", "municipio": "Barinas", "estado": "Barinas", "pcode": "VE060411", "estado_pcode": "VE06", "municipio_pcode": "VE0604", "center_lat": 8.521756, "center_lon": -70.23818634, "area_sqkm": 279.78358411}, "geometry": {"type": "Polygon", "coordinates": [[[-70.286746, 8.672574], [-70.340689, 8.661898], [-70.326235, 8.628099], [-70.32008599999989, 8.627847000000145], [-70.31387599999982, 8.622859000000119], [-70.309445, 8.610808], [-70.299923, 8.611004], [-70.29043799999988, 8.607936000000109], [-70.285465, 8.592254], [-70.28034, 8.587101000000189], [-70.278054, 8.580398000000116], [-70.269806, 8.573417], [-70.27255999999983, 8.567638], [-70.266351, 8.547777], [-70.271097, 8.53583], [-70.283873, 8.535462], [-70.284913, 8.528103000000101], [-70.289655, 8.522293], [-70.284264, 8.513118000000134], [-70.28401699999984, 8.507879], [-70.286208, 8.49207900000016], [-70.283921, 8.477652], [-70.287699, 8.466904000000113], [-70.280419, 8.451138], [-70.28852599999988, 8.435938], [-70.283994, 8.427427], [-70.285715, 8.423697], [-70.281337, 8.412404], [-70.281488, 8.401415000000156], [-70.273432, 8.39186], [-70.265436, 8.383588], [-70.258118, 8.383113], [-70.259634, 8.37504500000017], [-70.25643, 8.372049000000118], [-70.247006, 8.375086], [-70.188344, 8.415345], [-70.18537, 8.433377], [-70.187514, 8.439807], [-70.1977, 8.455127], [-70.20142999999985, 8.466194], [-70.207332, 8.469806], [-70.219398, 8.487303], [-70.20938399999989, 8.49963600000018], [-70.215824, 8.505315], [-70.164908, 8.53496], [-70.205903, 8.571009], [-70.211998, 8.6019], [-70.217332, 8.602828], [-70.229852, 8.611153000000172], [-70.23904399999986, 8.616697], [-70.24486599999983, 8.630859000000157], [-70.245642, 8.641916], [-70.253123, 8.652143000000137], [-70.286746, 8.672574]]]}}, {"type": "Feature", "properties": {"parroquia": "Manuel Palacio Fajardo", "municipio": "Barinas", "estado": "Barinas", "pcode": "VE060412", "estado_pcode": "VE06", "municipio_pcode": "VE0604", "center_lat": 8.565177, "center_lon": -70.3039379, "area_sqkm": 252.40044234}, "geometry": {"type": "Polygon", "coordinates": [[[-70.3808949999999, 8.722342], [-70.389011, 8.72661], [-70.392585, 8.72506], [-70.39363799999984, 8.72142], [-70.406054, 8.737106], [-70.42095, 8.739375], [-70.42, 8.733636], [-70.424514, 8.72112], [-70.440971, 8.704264], [-70.444769, 8.693854], [-70.45016099999987, 8.695443], [-70.45136999999988, 8.689876], [-70.44632399999989, 8.690792000000158], [-70.44495599999988, 8.688942], [-70.446358, 8.682619000000159], [-70.450113, 8.679027000000133], [-70.458833, 8.678099], [-70.458986, 8.6742670000001], [-70.46278399999989, 8.675657], [-70.46206499999988, 8.673607], [-70.47067, 8.670463000000154], [-70.470844, 8.666642], [-70.46265599999987, 8.658144000000163], [-70.45216099999988, 8.664405], [-70.4517489999999, 8.661599], [-70.456258, 8.657813], [-70.45635, 8.642479], [-70.419677, 8.642624000000126], [-70.383321, 8.594643000000133], [-70.361843, 8.605575000000158], [-70.356709, 8.604354], [-70.351269, 8.595204], [-70.339263, 8.584469000000183], [-70.338632, 8.568704000000139], [-70.334356, 8.561388], [-70.339412, 8.5531620000001], [-70.33416799999986, 8.53969], [-70.337734, 8.527816000000144], [-70.335777, 8.523387000000128], [-70.338859, 8.51880100000011], [-70.335759, 8.51079], [-70.34261, 8.493365000000153], [-70.343551, 8.470766], [-70.339995, 8.464297000000101], [-70.32567099999989, 8.470948], [-70.323144, 8.468475], [-70.32082, 8.45740400000011], [-70.312044, 8.450977], [-70.310495, 8.443306], [-70.30414699999989, 8.437353], [-70.301197, 8.418079000000148], [-70.302808, 8.412478000000135], [-70.291195, 8.399462], [-70.288321, 8.406056], [-70.28551999999985, 8.397220000000175], [-70.279497, 8.395138], [-70.276641, 8.39120000000014], [-70.273432, 8.39186], [-70.281488, 8.401415000000156], [-70.281337, 8.412404], [-70.285715, 8.423697], [-70.283994, 8.427427], [-70.28852599999988, 8.435938], [-70.280419, 8.451138], [-70.287699, 8.466904000000113], [-70.283921, 8.477652], [-70.286208, 8.49207900000016], [-70.28401699999984, 8.507879], [-70.284264, 8.513118000000134], [-70.289655, 8.522293], [-70.284913, 8.528103000000101], [-70.283873, 8.535462], [-70.271097, 8.53583], [-70.266351, 8.547777], [-70.27255999999983, 8.567638], [-70.269806, 8.573417], [-70.278054, 8.580398000000116], [-70.28034, 8.587101000000189], [-70.285465, 8.592254], [-70.29043799999988, 8.607936000000109], [-70.299923, 8.611004], [-70.309445, 8.610808], [-70.31387599999982, 8.622859000000119], [-70.32008599999989, 8.627847000000145], [-70.326235, 8.628099], [-70.340689, 8.661898], [-70.36711899999989, 8.683056], [-70.385863, 8.713914000000159], [-70.3808949999999, 8.722342]]]}}, {"type": "Feature", "properties": {"parroquia": "Juan Antonio Rodríguez Domínguez", "municipio": "Barinas", "estado": "Barinas", "pcode": "VE060413", "estado_pcode": "VE06", "municipio_pcode": "VE0604", "center_lat": 8.504927, "center_lon": -70.37313509, "area_sqkm": 134.12878185}, "geometry": {"type": "Polygon", "coordinates": [[[-70.383321, 8.594643000000133], [-70.37427799999989, 8.585967000000153], [-70.37359, 8.574133000000131], [-70.365416, 8.562234], [-70.37457199999989, 8.553084], [-70.388698, 8.549650000000156], [-70.41679899999986, 8.532087], [-70.41451199999989, 8.520669000000112], [-70.4164, 8.512203], [-70.41376799999989, 8.506238000000167], [-70.407896, 8.505388], [-70.409728, 8.500600000000134], [-70.40771, 8.498355], [-70.410287, 8.495495000000176], [-70.41315, 8.485919000000138], [-70.409261, 8.476509000000135], [-70.403211, 8.477211000000125], [-70.40201899999988, 8.471622], [-70.396714, 8.467703], [-70.3898099999999, 8.467599], [-70.394203, 8.463445], [-70.390585, 8.458449], [-70.386017, 8.45584300000013], [-70.38128099999989, 8.457697], [-70.385946, 8.441473], [-70.378885, 8.43906800000019], [-70.37914399999988, 8.435597], [-70.370444, 8.432592000000113], [-70.369801, 8.430313], [-70.374543, 8.424781], [-70.361882, 8.430208], [-70.362308, 8.423585], [-70.355261, 8.427389], [-70.346765, 8.427121], [-70.35095699999988, 8.419172000000117], [-70.347844, 8.415924000000189], [-70.343061, 8.418996000000163], [-70.339368, 8.418299], [-70.342937, 8.409592], [-70.338136, 8.409191000000135], [-70.335282, 8.417854000000148], [-70.323969, 8.417832], [-70.317581, 8.414025], [-70.32281, 8.407092], [-70.319375, 8.403912000000162], [-70.302808, 8.412478000000135], [-70.301197, 8.418079000000148], [-70.30414699999989, 8.437353], [-70.310495, 8.443306], [-70.312044, 8.450977], [-70.32082, 8.45740400000011], [-70.323144, 8.468475], [-70.32567099999989, 8.470948], [-70.339995, 8.464297000000101], [-70.343551, 8.470766], [-70.34261, 8.493365000000153], [-70.335759, 8.51079], [-70.338859, 8.51880100000011], [-70.335777, 8.523387000000128], [-70.337734, 8.527816000000144], [-70.33416799999986, 8.53969], [-70.339412, 8.5531620000001], [-70.334356, 8.561388], [-70.338632, 8.568704000000139], [-70.339263, 8.584469000000183], [-70.351269, 8.595204], [-70.356709, 8.604354], [-70.361843, 8.605575000000158], [-70.383321, 8.594643000000133]]]}}, {"type": "Feature", "properties": {"parroquia": "Dominga Ortiz de Páez", "municipio": "Barinas", "estado": "Barinas", "pcode": "VE060414", "estado_pcode": "VE06", "municipio_pcode": "VE0604", "center_lat": 8.5671025, "center_lon": -70.42955936, "area_sqkm": 141.72494081}, "geometry": {"type": "Polygon", "coordinates": [[[-70.383321, 8.594643000000133], [-70.419677, 8.642624000000126], [-70.45635, 8.642479], [-70.45831999999984, 8.632984000000135], [-70.46577899999988, 8.634306], [-70.466848, 8.6286750000001], [-70.47068499999983, 8.626634], [-70.47161299999988, 8.623785000000169], [-70.467087, 8.621938000000114], [-70.466836, 8.618811], [-70.473641, 8.607165], [-70.480297, 8.603381000000184], [-70.47644899999989, 8.595926], [-70.48302299999989, 8.583640000000173], [-70.483143, 8.579175], [-70.49001599999986, 8.566701], [-70.49701499999986, 8.564550000000168], [-70.492989, 8.551393000000132], [-70.48826, 8.546856], [-70.495244, 8.538566000000174], [-70.496706, 8.532223000000101], [-70.487533, 8.536577], [-70.484085, 8.523444], [-70.47239399999984, 8.528277], [-70.47006799999986, 8.523675], [-70.45996, 8.518578000000161], [-70.457079, 8.513285], [-70.444203, 8.506804000000102], [-70.43583699999988, 8.49432800000011], [-70.422103, 8.490994000000114], [-70.410287, 8.495495000000176], [-70.40771, 8.498355], [-70.409728, 8.500600000000134], [-70.407896, 8.505388], [-70.41376799999989, 8.506238000000167], [-70.4164, 8.512203], [-70.41451199999989, 8.520669000000112], [-70.41679899999986, 8.532087], [-70.388698, 8.549650000000156], [-70.37457199999989, 8.553084], [-70.365416, 8.562234], [-70.37359, 8.574133000000131], [-70.37427799999989, 8.585967000000153], [-70.383321, 8.594643000000133]]]}}, {"type": "Feature", "properties": {"parroquia": "Barinitas", "municipio": "Bolívar", "estado": "Barinas", "pcode": "VE060501", "estado_pcode": "VE06", "municipio_pcode": "VE0605", "center_lat": 8.7202455, "center_lon": -70.56086593, "area_sqkm": 482.82312844}, "geometry": {"type": "Polygon", "coordinates": [[[-70.368731, 8.783561], [-70.389246, 8.784155], [-70.397074, 8.789925], [-70.405575, 8.789321], [-70.415987, 8.793932], [-70.418023, 8.801101], [-70.426474, 8.806063000000108], [-70.42803999999984, 8.811003], [-70.435062, 8.816775000000177], [-70.436073, 8.834182000000169], [-70.442042, 8.836277000000166], [-70.452504, 8.853558], [-70.45821, 8.853216000000145], [-70.461967, 8.856814], [-70.462763, 8.82291], [-70.466131, 8.821587], [-70.470967, 8.811265000000105], [-70.46968, 8.800943000000132], [-70.49563199999983, 8.814856], [-70.500531, 8.815184], [-70.50214099999988, 8.812982], [-70.498944, 8.793157], [-70.500738, 8.773232], [-70.497742, 8.769264], [-70.49076799999989, 8.76974900000016], [-70.489619, 8.7653150000001], [-70.492361, 8.763534], [-70.490735, 8.761079000000109], [-70.492907, 8.755183], [-70.49766, 8.753947], [-70.491773, 8.748541000000102], [-70.492197, 8.744859], [-70.49704, 8.748775], [-70.499289, 8.74511], [-70.502316, 8.745515000000182], [-70.504412, 8.750625], [-70.51708599999989, 8.751815], [-70.522073, 8.756705], [-70.53033499999987, 8.758003000000144], [-70.544381, 8.747971000000177], [-70.55403399999989, 8.75176800000014], [-70.562412, 8.750850000000185], [-70.570579, 8.736757000000125], [-70.574166, 8.734748], [-70.580592, 8.73764100000011], [-70.593163, 8.731425], [-70.60275899999988, 8.734028], [-70.610001, 8.733015000000137], [-70.620307, 8.738769000000161], [-70.630113, 8.753488000000118], [-70.640601, 8.761840000000177], [-70.64362099999988, 8.770819], [-70.65235, 8.780500000000131], [-70.658633, 8.783175], [-70.67311299999989, 8.781974], [-70.68331499999988, 8.784755], [-70.69267485799992, 8.781580896000037], [-70.70318981299994, 8.773587352000163], [-70.70498046199998, 8.768104540000024], [-70.697862, 8.766844000000162], [-70.70109099999985, 8.748144000000138], [-70.696083, 8.740338000000122], [-70.69535599999989, 8.717507], [-70.684924, 8.717616], [-70.67293499999988, 8.694181], [-70.660755, 8.689158000000134], [-70.64075, 8.657115], [-70.62567599999988, 8.640726000000143], [-70.621369, 8.639556000000141], [-70.620157, 8.63458], [-70.611483, 8.624382], [-70.602614, 8.62139500000012], [-70.581285, 8.629457000000116], [-70.57243, 8.636147000000165], [-70.563125, 8.636639], [-70.555968, 8.632913], [-70.55377999999985, 8.624643000000106], [-70.541469, 8.627257], [-70.538592, 8.622513], [-70.530189, 8.621759], [-70.528539, 8.616645], [-70.523101, 8.617686], [-70.521869, 8.613747], [-70.518628, 8.614049], [-70.513021, 8.609813000000145], [-70.503926, 8.611110000000167], [-70.493416, 8.595507], [-70.484523, 8.590189], [-70.48302299999989, 8.583640000000173], [-70.47644899999989, 8.595926], [-70.480297, 8.603381000000184], [-70.473641, 8.607165], [-70.466836, 8.618811], [-70.467087, 8.621938000000114], [-70.47161299999988, 8.623785000000169], [-70.47068499999983, 8.626634], [-70.466848, 8.6286750000001], [-70.46577899999988, 8.634306], [-70.45831999999984, 8.632984000000135], [-70.45635, 8.642479], [-70.456258, 8.657813], [-70.4517489999999, 8.661599], [-70.45216099999988, 8.664405], [-70.46265599999987, 8.658144000000163], [-70.470844, 8.666642], [-70.47067, 8.670463000000154], [-70.46206499999988, 8.673607], [-70.46278399999989, 8.675657], [-70.458986, 8.6742670000001], [-70.458833, 8.678099], [-70.450113, 8.679027000000133], [-70.446358, 8.682619000000159], [-70.44495599999988, 8.688942], [-70.44632399999989, 8.690792000000158], [-70.45136999999988, 8.689876], [-70.45016099999987, 8.695443], [-70.444769, 8.693854], [-70.440971, 8.704264], [-70.424514, 8.72112], [-70.42, 8.733636], [-70.42095, 8.739375], [-70.406054, 8.737106], [-70.39363799999984, 8.72142], [-70.392585, 8.72506], [-70.389011, 8.72661], [-70.3808949999999, 8.722342], [-70.3748619999999, 8.720182], [-70.369451, 8.725226000000134], [-70.364836, 8.717650000000162], [-70.35705, 8.715072], [-70.35183399999988, 8.716766], [-70.333691, 8.738788000000113], [-70.336554, 8.740288], [-70.334371, 8.750485], [-70.34424, 8.761901], [-70.342461, 8.768771], [-70.34637199999986, 8.77282700000012], [-70.368731, 8.783561]]]}}, {"type": "Feature", "properties": {"parroquia": "Altamira", "municipio": "Bolívar", "estado": "Barinas", "pcode": "VE060502", "estado_pcode": "VE06", "municipio_pcode": "VE0605", "center_lat": 8.83002443, "center_lon": -70.56159126, "area_sqkm": 264.96735199}, "geometry": {"type": "Polygon", "coordinates": [[[-70.461967, 8.856814], [-70.469973, 8.859729], [-70.4828629999999, 8.858993000000112], [-70.513269, 8.879151], [-70.524655, 8.878979000000129], [-70.526476, 8.894596], [-70.541481, 8.9020900000001], [-70.55599299999989, 8.920284], [-70.55829269399999, 8.927478471000143], [-70.56863999699993, 8.912875204000045], [-70.57521523999998, 8.907744053000158], [-70.57780830899992, 8.900911882000173], [-70.5763031429999, 8.880475434000175], [-70.57796017099997, 8.87466428600004], [-70.57127082899984, 8.861090022999974], [-70.56760065499992, 8.858488980000175], [-70.57062876499992, 8.854708886000026], [-70.58375424099995, 8.842722545000129], [-70.59453070699993, 8.847034583000038], [-70.60661020099997, 8.845010470000148], [-70.61214838099988, 8.83520221900011], [-70.62434889499986, 8.83703819200008], [-70.63121122199993, 8.844519329000093], [-70.63978457799988, 8.845086293000122], [-70.65940131399992, 8.830678859000159], [-70.66144557299998, 8.82423586700014], [-70.66392044499992, 8.82101962400003], [-70.66265835999997, 8.815105494000079], [-70.66599846999998, 8.810585374000027], [-70.68267811399994, 8.801542088000133], [-70.69267485799992, 8.781580896000037], [-70.68331499999988, 8.784755], [-70.67311299999989, 8.781974], [-70.658633, 8.783175], [-70.65235, 8.780500000000131], [-70.64362099999988, 8.770819], [-70.640601, 8.761840000000177], [-70.630113, 8.753488000000118], [-70.620307, 8.738769000000161], [-70.610001, 8.733015000000137], [-70.60275899999988, 8.734028], [-70.593163, 8.731425], [-70.580592, 8.73764100000011], [-70.574166, 8.734748], [-70.570579, 8.736757000000125], [-70.562412, 8.750850000000185], [-70.55403399999989, 8.75176800000014], [-70.544381, 8.747971000000177], [-70.53033499999987, 8.758003000000144], [-70.522073, 8.756705], [-70.51708599999989, 8.751815], [-70.504412, 8.750625], [-70.502316, 8.745515000000182], [-70.499289, 8.74511], [-70.49704, 8.748775], [-70.492197, 8.744859], [-70.491773, 8.748541000000102], [-70.49766, 8.753947], [-70.492907, 8.755183], [-70.490735, 8.761079000000109], [-70.492361, 8.763534], [-70.489619, 8.7653150000001], [-70.49076799999989, 8.76974900000016], [-70.497742, 8.769264], [-70.500738, 8.773232], [-70.498944, 8.793157], [-70.50214099999988, 8.812982], [-70.500531, 8.815184], [-70.49563199999983, 8.814856], [-70.46968, 8.800943000000132], [-70.470967, 8.811265000000105], [-70.466131, 8.821587], [-70.462763, 8.82291], [-70.461967, 8.856814]]]}}, {"type": "Feature", "properties": {"parroquia": "Calderas", "municipio": "Bolívar", "estado": "Barinas", "pcode": "VE060503", "estado_pcode": "VE06", "municipio_pcode": "VE0605", "center_lat": 8.9042795, "center_lon": -70.44554569, "area_sqkm": 352.26048298}, "geometry": {"type": "Polygon", "coordinates": [[[-70.342526, 8.919615], [-70.345845, 8.936828], [-70.349794, 8.939645], [-70.369141, 8.942725000000166], [-70.38357, 8.940384000000108], [-70.387348, 8.962897000000112], [-70.397821, 8.979643000000124], [-70.3956409999999, 8.988714000000186], [-70.388298, 8.997642], [-70.388707, 9.009117], [-70.41304999999988, 9.015861000000143], [-70.41654299999988, 9.018057000000113], [-70.41612, 9.024718], [-70.42030259599994, 9.02514810000008], [-70.44383841599995, 9.021584355000186], [-70.46343716699994, 9.011356014000057], [-70.47863280399991, 9.01257495100009], [-70.48889221399997, 9.008464809000031], [-70.50482080899991, 8.997203467000134], [-70.51191203999991, 8.984610140000086], [-70.52387345299991, 8.971114767000188], [-70.55233053799998, 8.95209718600006], [-70.55335953399998, 8.943684990000179], [-70.54704222799995, 8.935460832000047], [-70.55829269399999, 8.927478471000143], [-70.55599299999989, 8.920284], [-70.541481, 8.9020900000001], [-70.526476, 8.894596], [-70.524655, 8.878979000000129], [-70.513269, 8.879151], [-70.4828629999999, 8.858993000000112], [-70.469973, 8.859729], [-70.461967, 8.856814], [-70.45821, 8.853216000000145], [-70.452504, 8.853558], [-70.442042, 8.836277000000166], [-70.436073, 8.834182000000169], [-70.435062, 8.816775000000177], [-70.42803999999984, 8.811003], [-70.426474, 8.806063000000108], [-70.418023, 8.801101], [-70.415987, 8.793932], [-70.405575, 8.789321], [-70.397074, 8.789925], [-70.389246, 8.784155], [-70.368731, 8.783561], [-70.37294099999986, 8.783862000000113], [-70.380035, 8.790398], [-70.37756099999984, 8.790557], [-70.378732, 8.795941000000141], [-70.37740699999989, 8.799052000000188], [-70.373437, 8.79837], [-70.365463, 8.80302300000011], [-70.359411, 8.812848], [-70.368471, 8.830604], [-70.367208, 8.850705], [-70.378505, 8.872534000000144], [-70.365459, 8.882648000000131], [-70.361158, 8.89082], [-70.3480459999999, 8.904927], [-70.342526, 8.919615]]]}}, {"type": "Feature", "properties": {"parroquia": "Barrancas", "municipio": "Cruz Paredes", "estado": "Barinas", "pcode": "VE060601", "estado_pcode": "VE06", "municipio_pcode": "VE0606", "center_lat": 8.818945, "center_lon": -70.15542401, "area_sqkm": 283.6433121}, "geometry": {"type": "Polygon", "coordinates": [[[-70.251613, 8.927167], [-70.25251, 8.923547], [-70.26251, 8.922609], [-70.24275399999988, 8.862086], [-70.24724499999985, 8.845793], [-70.232156, 8.819617000000164], [-70.221213, 8.809706], [-70.194798, 8.793965], [-70.14411699999988, 8.71904], [-70.136762, 8.715885000000128], [-70.134594, 8.71688], [-70.1347, 8.721733000000143], [-70.13079699999986, 8.722134], [-70.12941699999988, 8.716088], [-70.126363, 8.722537], [-70.121389, 8.71960600000017], [-70.119671, 8.725131], [-70.112064, 8.722781000000168], [-70.108146, 8.72601200000014], [-70.10486, 8.723904000000175], [-70.10067, 8.728837000000112], [-70.098863, 8.726887], [-70.090917, 8.727528000000177], [-70.091604, 8.725249], [-70.08665, 8.72148900000019], [-70.08643299999983, 8.718177], [-70.08123599999988, 8.718259000000103], [-70.080947, 8.722354000000166], [-70.07574099999988, 8.719446], [-70.073878, 8.722257000000127], [-70.072589, 8.715635], [-70.068628, 8.720361000000139], [-70.06382099999985, 8.719636], [-70.065292, 8.716758], [-70.063327, 8.716164000000163], [-70.058251, 8.718500000000176], [-70.051014, 8.715964], [-70.052134, 8.71143000000012], [-70.0475009999999, 8.715559], [-70.046078, 8.713759], [-70.0366709999999, 8.713002000000188], [-70.032147, 8.720946], [-70.03329, 8.724219000000119], [-70.03783, 8.721167], [-70.041104, 8.723957], [-70.044316, 8.719788000000165], [-70.044238, 8.724817], [-70.04902, 8.725166000000115], [-70.046891, 8.729553], [-70.04891, 8.737381], [-70.051976, 8.738148000000137], [-70.055026, 8.746746], [-70.047801, 8.754477], [-70.048358, 8.760705], [-70.044771, 8.765329], [-70.05432899999988, 8.762123000000145], [-70.054316, 8.769748000000106], [-70.057424, 8.775177], [-70.06074599999988, 8.764992], [-70.06369499999988, 8.770167000000129], [-70.070962, 8.771552000000156], [-70.071848, 8.775168000000178], [-70.06624299999987, 8.773961000000156], [-70.0642519999999, 8.778532], [-70.068462, 8.780505000000176], [-70.06868, 8.783929000000171], [-70.07344499999988, 8.787860000000137], [-70.08152799999988, 8.790700000000129], [-70.080704, 8.798521000000108], [-70.076268, 8.802700000000186], [-70.07752799999986, 8.805859000000112], [-70.080998, 8.805688000000146], [-70.079266, 8.818461], [-70.086731, 8.83596800000015], [-70.1099, 8.842087], [-70.111317, 8.845799], [-70.118866, 8.846841], [-70.118057, 8.848968], [-70.12121199999984, 8.850126000000103], [-70.123233, 8.85575], [-70.144094, 8.863863], [-70.14400299999988, 8.86811], [-70.149695, 8.872095], [-70.150305, 8.875707000000148], [-70.15757599999989, 8.879088000000138], [-70.15703599999989, 8.884249000000125], [-70.163848, 8.891667000000155], [-70.165669, 8.901076], [-70.18754, 8.920440000000156], [-70.1999, 8.925521000000117], [-70.232021, 8.923655], [-70.251613, 8.927167]]]}}, {"type": "Feature", "properties": {"parroquia": "El Socorro", "municipio": "Cruz Paredes", "estado": "Barinas", "pcode": "VE060602", "estado_pcode": "VE06", "municipio_pcode": "VE0606", "center_lat": 8.8138725, "center_lon": -70.29303242, "area_sqkm": 329.94333258}, "geometry": {"type": "Polygon", "coordinates": [[[-70.284699, 8.69697100000019], [-70.252346, 8.764899000000185], [-70.250589, 8.757084000000134], [-70.246356, 8.755256], [-70.23800299999988, 8.758317], [-70.23351, 8.75511], [-70.220421, 8.758], [-70.22158, 8.7442190000001], [-70.213687, 8.739480000000185], [-70.204755, 8.741967000000102], [-70.197618, 8.727174], [-70.19063, 8.723283000000151], [-70.178558, 8.726399000000185], [-70.179306, 8.721658000000161], [-70.160607, 8.709795], [-70.15916099999987, 8.705014], [-70.156139, 8.70656300000013], [-70.153085, 8.704847], [-70.153444, 8.708986], [-70.15019, 8.710237000000177], [-70.144645, 8.709838], [-70.14411699999988, 8.71904], [-70.194798, 8.793965], [-70.221213, 8.809706], [-70.232156, 8.819617000000164], [-70.24724499999985, 8.845793], [-70.24275399999988, 8.862086], [-70.26251, 8.922609], [-70.25251, 8.923547], [-70.251613, 8.927167], [-70.29572899999988, 8.929819], [-70.342526, 8.919615], [-70.3480459999999, 8.904927], [-70.361158, 8.89082], [-70.365459, 8.882648000000131], [-70.378505, 8.872534000000144], [-70.367208, 8.850705], [-70.368471, 8.830604], [-70.359411, 8.812848], [-70.365463, 8.80302300000011], [-70.373437, 8.79837], [-70.37740699999989, 8.799052000000188], [-70.378732, 8.795941000000141], [-70.37756099999984, 8.790557], [-70.380035, 8.790398], [-70.37294099999986, 8.783862000000113], [-70.368731, 8.783561], [-70.34637199999986, 8.77282700000012], [-70.342461, 8.768771], [-70.34424, 8.761901], [-70.334371, 8.750485], [-70.336554, 8.740288], [-70.333691, 8.738788000000113], [-70.322517, 8.731907], [-70.31608199999982, 8.730719], [-70.30252, 8.721148], [-70.297292, 8.712646], [-70.28328, 8.701023], [-70.284699, 8.69697100000019]]]}}, {"type": "Feature", "properties": {"parroquia": "Masparrito", "municipio": "Cruz Paredes", "estado": "Barinas", "pcode": "VE060603", "estado_pcode": "VE06", "municipio_pcode": "VE0606", "center_lat": 8.990467, "center_lon": -70.32313692, "area_sqkm": 204.20922056}, "geometry": {"type": "Polygon", "coordinates": [[[-70.25157004699986, 9.044593735000092], [-70.25798876499988, 9.037430725000036], [-70.27561646099986, 9.03027346500005], [-70.29600234399993, 9.035514469000077], [-70.29885549299985, 9.041835607000166], [-70.30440873799995, 9.0447856400001], [-70.33345498799991, 9.052214652000146], [-70.34063031799997, 9.058118747000037], [-70.34596454599989, 9.05937975400002], [-70.36065213999996, 9.054610564000143], [-70.37567478799991, 9.058803571000055], [-70.38508416699995, 9.05628145999998], [-70.38717622499996, 9.051561343000174], [-70.39901670399996, 9.049645241000064], [-70.3989846589999, 9.041507052000043], [-70.40165999499993, 9.040423224999984], [-70.41741536299998, 9.0299446840001], [-70.42030259599994, 9.02514810000008], [-70.41612, 9.024718], [-70.41654299999988, 9.018057000000113], [-70.41304999999988, 9.015861000000143], [-70.388707, 9.009117], [-70.388298, 8.997642], [-70.3956409999999, 8.988714000000186], [-70.397821, 8.979643000000124], [-70.387348, 8.962897000000112], [-70.38357, 8.940384000000108], [-70.369141, 8.942725000000166], [-70.349794, 8.939645], [-70.345845, 8.936828], [-70.342526, 8.919615], [-70.29572899999988, 8.929819], [-70.251613, 8.927167], [-70.25157004699986, 9.044593735000092]]]}}, {"type": "Feature", "properties": {"parroquia": "Santa Barbará", "municipio": "Ezequiel Zamora", "estado": "Barinas", "pcode": "VE060701", "estado_pcode": "VE06", "municipio_pcode": "VE0607", "center_lat": 7.724437, "center_lon": -71.03172832, "area_sqkm": 2589.93759424}, "geometry": {"type": "Polygon", "coordinates": [[[-71.13001836599989, 8.03297177800016], [-71.13005670799987, 8.033150321000107], [-71.13013772499988, 8.033089309], [-71.13572175199988, 8.022587785000098], [-71.14112797999991, 8.023578773000054], [-71.14494311399994, 8.020017686000187], [-71.15102036299999, 8.020165649000091], [-71.15832062599986, 8.012800467000147], [-71.16275781999991, 8.014756484000088], [-71.16756299899993, 8.012021397000183], [-71.16797300399992, 8.008085312], [-71.17194714699997, 8.005370238000069], [-71.16873097399997, 7.996797075000131], [-71.17893039299997, 7.995559997000043], [-71.19686103299995, 7.977717529000131], [-71.22006692199994, 7.965937169000085], [-71.22741019099993, 7.957771962000152], [-71.22870425299982, 7.95999400300002], [-71.23198537399998, 7.957078921000061], [-71.23500550199998, 7.958070926000175], [-71.23487447499991, 7.95309383200015], [-71.23071628499991, 7.949624772000163], [-71.23213930799989, 7.942939631000115], [-71.23722253999995, 7.947536697000146], [-71.23771652799996, 7.940572555000188], [-71.24397777199994, 7.938902479000035], [-71.24750087799993, 7.931209308], [-71.25175404899994, 7.929512245000012], [-71.25262606199988, 7.925042154000096], [-71.25448514299995, 7.926747181000053], [-71.25670721599988, 7.92286708000006], [-71.26141940399998, 7.921046027000159], [-71.26092435899994, 7.917384955000102], [-71.26694160999989, 7.918335936000176], [-71.26690955099991, 7.906288689000178], [-71.26946765199983, 7.906188671000052], [-71.2703727139999, 7.910644764000097], [-71.27306280599993, 7.907121677000021], [-71.28229017599995, 7.905044585999974], [-71.28369425299991, 7.910223685000176], [-71.2889237679999, 7.913997594000023], [-71.29442865999994, 7.902472476000185], [-71.29402160599989, 7.895882336000057], [-71.30202492099994, 7.891486201000021], [-71.30792411999994, 7.883293012000081], [-71.31450238599984, 7.882424959000105], [-71.32131467499994, 7.885665991000053], [-71.33426355599994, 7.87091058600015], [-71.3336834509999, 7.512998452000033], [-71.33349133199988, 7.498086920000105], [-71.32174284799993, 7.497129957000027], [-71.31677261599992, 7.49127485200006], [-71.31865787199996, 7.488972070000159], [-71.31857821699992, 7.488657038000042], [-71.314487, 7.483340000000112], [-71.304116, 7.486622], [-71.301679, 7.481141], [-71.296857, 7.479862], [-71.283283, 7.489133000000152], [-71.259804, 7.499143], [-71.256418, 7.496139], [-71.25731599999989, 7.483499000000108], [-71.253579, 7.479330000000118], [-71.235483, 7.485849], [-71.201329, 7.48721600000016], [-71.18022899999988, 7.477982000000168], [-71.165711, 7.491857], [-71.147392, 7.494934000000171], [-71.132934, 7.486729], [-71.123365, 7.485745000000122], [-71.11500099999989, 7.477751], [-71.10679599999986, 7.474150000000179], [-71.099362, 7.473499000000118], [-71.095395, 7.478531], [-71.090241, 7.47986], [-71.084415, 7.470205], [-71.06723399999987, 7.474617], [-71.056635, 7.474044000000106], [-71.045649, 7.479108], [-71.040518, 7.485381], [-71.028144, 7.487980000000164], [-71.012154, 7.497462], [-71.006267, 7.508729], [-71.007908, 7.516814], [-71.00450199999989, 7.524521], [-70.992694, 7.523868000000164], [-70.993914, 7.532404000000156], [-70.985574, 7.533491], [-70.983087, 7.539584], [-70.976671, 7.537275000000136], [-70.96753199999989, 7.538079], [-70.9638149999999, 7.547046], [-70.937923, 7.557238], [-70.924602, 7.558458], [-70.914103, 7.554389], [-70.90775799999989, 7.560651000000178], [-70.89625299999983, 7.563377000000116], [-70.881918, 7.559682000000123], [-70.873718, 7.562212], [-70.86759599999982, 7.560294000000113], [-70.867272, 7.56572100000011], [-70.858513, 7.575760000000116], [-70.851707, 7.578693000000101], [-70.85024199999987, 7.583651], [-70.836548, 7.580121000000133], [-70.824492, 7.580961], [-70.821405, 7.58361], [-70.821893, 7.590078000000119], [-70.819452, 7.594200000000114], [-70.805158, 7.592543000000148], [-70.79398, 7.59806500000019], [-70.785428, 7.608014], [-70.77784, 7.60401800000011], [-70.769541, 7.60358900000017], [-70.7635279999999, 7.607148000000109], [-70.76244999999989, 7.610574], [-70.755876, 7.611377], [-70.752238, 7.617457], [-70.75074099999989, 7.622669], [-70.755238, 7.630212], [-70.752959, 7.635167], [-70.749088, 7.638711], [-70.737655, 7.642019], [-70.73366399999986, 7.653270000000134], [-70.729527, 7.654831000000115], [-70.728939, 7.830125], [-70.73500499999989, 7.836973], [-70.740347, 7.833172000000104], [-70.738982, 7.830234], [-70.74126, 7.827656], [-70.748514, 7.823139], [-70.75497899999982, 7.828962000000104], [-70.755541, 7.833693], [-70.76236399999988, 7.832645], [-70.76527499999986, 7.836407], [-70.77394099999987, 7.83508], [-70.778308, 7.840538], [-70.783284, 7.837955], [-70.789696, 7.839458], [-70.797366, 7.835536000000161], [-70.80633299999982, 7.834621], [-70.809137, 7.830021], [-70.811289, 7.834037], [-70.81812899999989, 7.830806000000109], [-70.82682199999982, 7.831591], [-70.83077, 7.822277000000156], [-70.839149, 7.815758], [-70.85056, 7.815778000000137], [-70.858388, 7.810431], [-70.862793, 7.81140900000014], [-70.903269, 7.787218000000166], [-70.90917699999989, 7.790213000000165], [-70.92016699999988, 7.788281], [-70.920472, 7.790646], [-70.927133, 7.790538], [-70.945056, 7.785579], [-70.946173, 7.790263], [-70.948963, 7.790738], [-70.95568799999984, 7.788677], [-70.957134, 7.785504000000117], [-70.9654809999999, 7.786494000000118], [-70.987274, 7.801875000000166], [-70.989031, 7.81409100000019], [-70.992935, 7.81798700000013], [-70.995494, 7.817933], [-71.001434, 7.807603], [-71.005765, 7.8088130000001], [-71.01366799999988, 7.817654000000118], [-71.01853299999982, 7.82861000000014], [-71.028556, 7.836394], [-71.026969, 7.84151], [-71.0305, 7.855126], [-71.03596, 7.857687], [-71.04325, 7.879028000000119], [-71.06721, 7.888578], [-71.069059, 7.8969], [-71.086325, 7.916778], [-71.083777, 7.929554], [-71.09447099999988, 7.936073000000135], [-71.13001836599989, 8.03297177800016]]]}}, {"type": "Feature", "properties": {"parroquia": "José Ignacio del Pumar Pedraza", "municipio": "Ezequiel Zamora", "estado": "Barinas", "pcode": "VE060702", "estado_pcode": "VE06", "municipio_pcode": "VE0607", "center_lat": 7.908982, "center_lon": -70.99522033, "area_sqkm": 390.39164735}, "geometry": {"type": "Polygon", "coordinates": [[[-71.13001836599989, 8.03297177800016], [-71.09447099999988, 7.936073000000135], [-71.083777, 7.929554], [-71.086325, 7.916778], [-71.069059, 7.8969], [-71.06721, 7.888578], [-71.04325, 7.879028000000119], [-71.03596, 7.857687], [-71.0305, 7.855126], [-71.026969, 7.84151], [-71.028556, 7.836394], [-71.01853299999982, 7.82861000000014], [-71.01366799999988, 7.817654000000118], [-71.005765, 7.8088130000001], [-71.001434, 7.807603], [-70.995494, 7.817933], [-70.992935, 7.81798700000013], [-70.989031, 7.81409100000019], [-70.987274, 7.801875000000166], [-70.9654809999999, 7.786494000000118], [-70.957134, 7.785504000000117], [-70.95568799999984, 7.788677], [-70.948963, 7.790738], [-70.946173, 7.790263], [-70.945056, 7.785579], [-70.927133, 7.790538], [-70.920472, 7.790646], [-70.92016699999988, 7.788281], [-70.90917699999989, 7.790213000000165], [-70.903269, 7.787218000000166], [-70.862793, 7.81140900000014], [-70.858388, 7.810431], [-70.85056, 7.815778000000137], [-70.839149, 7.815758], [-70.83077, 7.822277000000156], [-70.82682199999982, 7.831591], [-70.81812899999989, 7.830806000000109], [-70.811289, 7.834037], [-70.809137, 7.830021], [-70.80633299999982, 7.834621], [-70.797366, 7.835536000000161], [-70.789696, 7.839458], [-71.13001836599989, 8.03297177800016]]]}}, {"type": "Feature", "properties": {"parroquia": "Pedro Briceño Méndez", "municipio": "Ezequiel Zamora", "estado": "Barinas", "pcode": "VE060703", "estado_pcode": "VE06", "municipio_pcode": "VE0607", "center_lat": 7.9864165, "center_lon": -70.95839848, "area_sqkm": 523.41208732}, "geometry": {"type": "Polygon", "coordinates": [[[-70.728939, 7.830125], [-70.724699, 7.837871], [-70.731472, 7.858480000000156], [-70.74215799999985, 7.874172000000158], [-70.74486899999988, 7.884626], [-70.747085, 7.88535300000018], [-70.747335, 7.893962000000158], [-70.756085, 7.907607], [-70.760396, 7.919614], [-70.76551, 7.918793000000164], [-70.770345, 7.922577], [-70.772618, 7.921579], [-70.775064, 7.926296], [-70.776294, 7.924507], [-70.78226, 7.926988000000165], [-70.78306099999986, 7.93015400000013], [-70.79106499999989, 7.92953000000017], [-70.801275, 7.933977], [-70.802108, 7.93672800000013], [-70.80754399999984, 7.937205000000176], [-70.820499, 7.947667], [-70.844253, 7.95759], [-70.851568, 7.965675000000147], [-70.858063, 7.968090000000132], [-70.8629069999999, 7.978031], [-70.866216, 7.979018000000167], [-70.86680599999983, 7.985363], [-70.875288, 7.98718], [-70.88026899999988, 7.991141], [-70.882997, 8.005514], [-70.88788999999986, 8.010762000000113], [-70.887129, 8.013775], [-70.890204, 8.018015], [-70.894777, 8.02036], [-70.896499, 8.026053], [-70.904451, 8.032121], [-70.920189, 8.036943000000122], [-70.92421, 8.042913], [-70.930568, 8.0453720000001], [-70.93261799999988, 8.051166], [-70.94335599999982, 8.055173000000138], [-70.944766, 8.063517], [-70.942437, 8.079718000000128], [-70.945921, 8.083757000000162], [-70.956242, 8.083512000000155], [-70.980073, 8.117501], [-70.985117, 8.11884], [-70.984119, 8.128242], [-70.98763, 8.134713], [-70.985704, 8.142223000000115], [-70.9907649999999, 8.146935], [-71.002109, 8.150582], [-71.01112099999983, 8.145013], [-71.04490973799989, 8.145921266000016], [-71.04747770199998, 8.13815667900019], [-71.04344950799987, 8.13224157600007], [-71.04430250699994, 8.125586423000186], [-71.04685660499996, 8.124261379000131], [-71.04501149099997, 8.115974213000129], [-71.04882762099999, 8.110509081000032], [-71.05682592199997, 8.106019949000029], [-71.05632488899988, 8.101647859000138], [-71.05927199999985, 8.10125382700005], [-71.06536221399989, 8.092473615000074], [-71.07040240599991, 8.090765550000071], [-71.07480252999994, 8.079088278000029], [-71.08918708199997, 8.070424031000186], [-71.09440230599989, 8.07390007500004], [-71.09521626399999, 8.059234756000137], [-71.10205752799993, 8.055668651000019], [-71.10381654599996, 8.043689387000086], [-71.10779971599993, 8.0441193690001], [-71.11146184099982, 8.040907293000089], [-71.1094727389999, 8.037054221000176], [-71.11522998899994, 8.039161228000125], [-71.11772807699987, 8.034624126000097], [-71.12157524899993, 8.038890197000171], [-71.12555341499996, 8.039090178000095], [-71.13005670799987, 8.033150321000107], [-71.13001836599989, 8.03297177800016], [-70.789696, 7.839458], [-70.783284, 7.837955], [-70.778308, 7.840538], [-70.77394099999987, 7.83508], [-70.76527499999986, 7.836407], [-70.76236399999988, 7.832645], [-70.755541, 7.833693], [-70.75497899999982, 7.828962000000104], [-70.748514, 7.823139], [-70.74126, 7.827656], [-70.738982, 7.830234], [-70.740347, 7.833172000000104], [-70.73500499999989, 7.836973], [-70.728939, 7.830125]]]}}, {"type": "Feature", "properties": {"parroquia": "Ramón Ignacio Méndez", "municipio": "Ezequiel Zamora", "estado": "Barinas", "pcode": "VE060704", "estado_pcode": "VE06", "municipio_pcode": "VE0607", "center_lat": 7.68463116, "center_lon": -71.39691077, "area_sqkm": 465.21583075}, "geometry": {"type": "Polygon", "coordinates": [[[-71.3336834509999, 7.512998452000033], [-71.33426355599994, 7.87091058600015], [-71.34456151899997, 7.862578401000064], [-71.35086376499987, 7.861502343000041], [-71.35570492099993, 7.852455128000088], [-71.36724338599993, 7.851239047000092], [-71.37491061299988, 7.847231984000132], [-71.37700674199988, 7.840950783000096], [-71.38238293099982, 7.836911678000092], [-71.38567501899996, 7.825138420000144], [-71.43374481299992, 7.792531506000159], [-71.43943005399996, 7.794198520000066], [-71.45397359999998, 7.783605226000191], [-71.46008881599988, 7.775511027000107], [-71.46363091899997, 7.768918872000086], [-71.45930371999992, 7.76297777000002], [-71.46383186199995, 7.755055588], [-71.46892205499995, 7.751756496999974], [-71.46538689699992, 7.749285462999978], [-71.4635917949999, 7.743175342000086], [-71.46546078699993, 7.72551296600011], [-71.45439529699996, 7.717124850000062], [-71.44263071599994, 7.695809472000178], [-71.44360373899997, 7.692897405], [-71.4596123689999, 7.687184210000112], [-71.46359647299994, 7.675533945000097], [-71.47457393399998, 7.678944969000042], [-71.47765500899999, 7.667176717000132], [-71.48454230399989, 7.670079735000172], [-71.48455326899995, 7.663311601999965], [-71.49254459599996, 7.662249539000129], [-71.49865482699988, 7.660175468000034], [-71.50352398799998, 7.651526271000023], [-71.50020983099995, 7.647817203000045], [-71.4938865879999, 7.64977127200018], [-71.48947339699998, 7.646855235000032], [-71.5009877999999, 7.633973916000173], [-71.49923071099994, 7.629143832000182], [-71.49225342099993, 7.628117835000126], [-71.49289643199995, 7.62565178400007], [-71.50128177199991, 7.624548721000053], [-71.49842761699995, 7.616329573000144], [-71.50463183799997, 7.609574408000128], [-71.50520483099996, 7.604833298000074], [-71.49411834099988, 7.596728184000028], [-71.49089724499999, 7.601911310999981], [-71.49414439899994, 7.608126420000076], [-71.48411399899999, 7.610649526000088], [-71.47742675599994, 7.615295649000018], [-71.48075983999996, 7.605239420000146], [-71.47309650099993, 7.598038319000182], [-71.4619180069999, 7.592161248000025], [-71.45407670299983, 7.594453325000018], [-71.44621035699998, 7.589873278000084], [-71.43630896799993, 7.591497357000037], [-71.44247119799996, 7.587431241000047], [-71.4430501899999, 7.58092110900003], [-71.43977004699985, 7.578130058999989], [-71.42548344999994, 7.574975067000082], [-71.41663209899997, 7.577828162000174], [-71.42109425299986, 7.572034031000101], [-71.42186424299996, 7.563866851000057], [-71.41779604999988, 7.558509761000039], [-71.42642440999998, 7.558715729000028], [-71.43187264799985, 7.563689804000091], [-71.43504577699991, 7.562828768999964], [-71.43588579499988, 7.55918869400017], [-71.43046354099988, 7.552260580000166], [-71.41860804199996, 7.549882579000098], [-71.41389485999997, 7.551381640000102], [-71.41126777899996, 7.556143749], [-71.41027570699993, 7.549305616000083], [-71.40649457699988, 7.553988727000046], [-71.40245039899992, 7.553204732000097], [-71.40182134299994, 7.54574157400009], [-71.39438602999996, 7.542580543000099], [-71.39433200899992, 7.539524486000118], [-71.39641407999983, 7.535572396000134], [-71.40565847199997, 7.539725439000108], [-71.40818155299985, 7.536090347000084], [-71.40726149899984, 7.531848269000079], [-71.39931016299988, 7.530025267000099], [-71.39920463999988, 7.526863225000113], [-71.39787907099998, 7.520848091000119], [-71.39570798099993, 7.520549088], [-71.39124881999993, 7.526595238000027], [-71.38620458199983, 7.52039813500005], [-71.37637920899994, 7.524915271000054], [-71.36831981099994, 7.510084003000031], [-71.37616709299994, 7.501497798000059], [-71.37143786999997, 7.496789716000023], [-71.36732071299997, 7.497821759999965], [-71.36458362299999, 7.503205878000131], [-71.35716631599996, 7.501767879000113], [-71.35073407799996, 7.506570011000065], [-71.34348677799994, 7.505980035999983], [-71.3336834509999, 7.512998452000033]]]}}, {"type": "Feature", "properties": {"parroquia": "Obispos", "municipio": "Obispos", "estado": "Barinas", "pcode": "VE060801", "estado_pcode": "VE06", "municipio_pcode": "VE0608", "center_lat": 8.568527, "center_lon": -69.99898769, "area_sqkm": 632.79883393}, "geometry": {"type": "Polygon", "coordinates": [[[-70.072867, 8.497459000000163], [-69.953689, 8.50147], [-69.943939, 8.496835], [-69.943551, 8.489166000000182], [-69.94033999999988, 8.485699], [-69.93629599999986, 8.485793000000172], [-69.933317, 8.480374000000154], [-69.929366, 8.478585000000123], [-69.91354699999982, 8.476655000000108], [-69.904083, 8.480291], [-69.88927399999989, 8.474806], [-69.86856499999982, 8.476647000000185], [-69.863162, 8.469414000000143], [-69.85320399999989, 8.46746400000012], [-69.84791499999989, 8.46307800000011], [-69.842986, 8.444087], [-69.83316899999988, 8.438347], [-69.82601299999988, 8.430333], [-69.823544, 8.426246000000162], [-69.823875, 8.417704000000185], [-69.818814, 8.417107000000158], [-69.817733, 8.412032000000181], [-69.812488, 8.41187100000019], [-69.808841, 8.407921], [-69.796078, 8.415614000000119], [-69.80531599999989, 8.421447], [-69.80577099999988, 8.429392], [-69.808636, 8.429116], [-69.80946399999982, 8.433548], [-69.81521799999985, 8.433135000000107], [-69.817689, 8.43552300000016], [-69.813159, 8.435684000000151], [-69.812873, 8.446041], [-69.817169, 8.448544], [-69.815847, 8.45316], [-69.819002, 8.466433], [-69.816734, 8.469969], [-69.8212999999999, 8.481520000000103], [-69.825065, 8.484321], [-69.821134, 8.486755000000187], [-69.827299, 8.493139], [-69.8312959999999, 8.493804], [-69.831454, 8.49858200000017], [-69.836625, 8.506687], [-69.839277, 8.513989], [-69.863096, 8.527902000000154], [-69.860685, 8.537386], [-69.863849, 8.539958], [-69.86069799999984, 8.549948], [-69.86790899999988, 8.55121], [-69.863975, 8.556699], [-69.868434, 8.56062500000013], [-69.872517, 8.571531000000107], [-69.883055, 8.575984000000119], [-69.88044099999985, 8.579498000000115], [-69.883024, 8.58849800000013], [-69.88963, 8.595615000000123], [-69.89934, 8.596187], [-69.905532, 8.600687], [-69.905368, 8.603305], [-69.92563299999989, 8.607822000000112], [-69.927695, 8.612827000000152], [-69.935142, 8.607037000000162], [-69.94411, 8.61146600000012], [-69.95183099999986, 8.611257], [-69.957005, 8.61899300000016], [-69.961466, 8.620713], [-69.95778999999987, 8.622735000000148], [-69.958481, 8.626983], [-69.96460799999983, 8.62473000000017], [-69.96486, 8.633088], [-69.97094, 8.6332], [-69.972765, 8.637011], [-69.98052999999987, 8.641669], [-69.986449, 8.640059000000178], [-69.983117, 8.648579], [-69.993869, 8.646783], [-69.993405, 8.651375], [-69.999576, 8.656010000000151], [-70.00072899999986, 8.662646000000166], [-70.009277, 8.663201], [-70.00576099999984, 8.670686000000103], [-70.009794, 8.675945], [-70.007895, 8.683034], [-70.020952, 8.685626000000127], [-70.02431, 8.689138], [-70.02492799999987, 8.695945], [-70.02862899999985, 8.697823000000142], [-70.027768, 8.704219], [-70.033102, 8.703632], [-70.0366729999999, 8.708684000000119], [-70.043626, 8.708828000000153], [-70.046078, 8.713759], [-70.0475009999999, 8.715559], [-70.052134, 8.71143000000012], [-70.051014, 8.715964], [-70.058251, 8.718500000000176], [-70.063327, 8.716164000000163], [-70.065292, 8.716758], [-70.06382099999985, 8.719636], [-70.068628, 8.720361000000139], [-70.072589, 8.715635], [-70.073878, 8.722257000000127], [-70.07574099999988, 8.719446], [-70.080947, 8.722354000000166], [-70.08123599999988, 8.718259000000103], [-70.08643299999983, 8.718177], [-70.08665, 8.72148900000019], [-70.091604, 8.725249], [-70.090917, 8.727528000000177], [-70.098863, 8.726887], [-70.10067, 8.728837000000112], [-70.10486, 8.723904000000175], [-70.108146, 8.72601200000014], [-70.112064, 8.722781000000168], [-70.119671, 8.725131], [-70.121389, 8.71960600000017], [-70.126363, 8.722537], [-70.12941699999988, 8.716088], [-70.13079699999986, 8.722134], [-70.1347, 8.721733000000143], [-70.134594, 8.71688], [-70.136762, 8.715885000000128], [-70.14411699999988, 8.71904], [-70.144645, 8.709838], [-70.15019, 8.710237000000177], [-70.153444, 8.708986], [-70.153085, 8.704847], [-70.156139, 8.70656300000013], [-70.15916099999987, 8.705014], [-70.198542, 8.646447], [-70.201064, 8.65036600000019], [-70.205753, 8.648722], [-70.2076, 8.651923], [-70.212401, 8.651302000000157], [-70.212485, 8.649259], [-70.219082, 8.65119900000019], [-70.2247129999999, 8.655174000000102], [-70.22658399999989, 8.661481], [-70.236098, 8.658782], [-70.247781, 8.661703000000102], [-70.231402, 8.650601], [-70.217973, 8.64903], [-70.21496899999988, 8.64404900000011], [-70.21225899999985, 8.6400900000001], [-70.206687, 8.638563], [-70.206197, 8.635475000000156], [-70.201431, 8.635281], [-70.201159, 8.631634000000133], [-70.1940249999999, 8.628802000000121], [-70.189177, 8.620437], [-70.167063, 8.606530000000134], [-70.166953, 8.600485], [-70.163715, 8.599829], [-70.162156, 8.59608800000018], [-70.151623, 8.59849000000014], [-70.152117, 8.593386], [-70.148921, 8.591051000000164], [-70.150593, 8.585598000000175], [-70.144263, 8.586354], [-70.14317099999988, 8.584243000000129], [-70.143112, 8.587921000000165], [-70.140407, 8.58779200000015], [-70.13878199999982, 8.584993], [-70.141564, 8.580042000000162], [-70.136247, 8.57962300000014], [-70.13908, 8.57605], [-70.137363, 8.573803000000169], [-70.13357799999983, 8.575678], [-70.132507, 8.572946000000115], [-70.128634, 8.576199], [-70.129981, 8.570448], [-70.1213, 8.564982], [-70.125432, 8.554992], [-70.12166999999988, 8.556705], [-70.1165, 8.550837000000115], [-70.114547, 8.55500400000011], [-70.111241, 8.554509000000166], [-70.112733, 8.550734], [-70.110483, 8.54773], [-70.112486, 8.544850000000167], [-70.105381, 8.549654], [-70.10234999999989, 8.548123], [-70.10388199999983, 8.542142000000126], [-70.09801699999986, 8.543678], [-70.098718, 8.538204], [-70.093236, 8.53636], [-70.09285699999987, 8.533028], [-70.09647099999984, 8.527637], [-70.092036, 8.52820300000019], [-70.096002, 8.52534], [-70.092741, 8.524040000000184], [-70.088425, 8.526145], [-70.08393399999983, 8.522803000000124], [-70.09589299999988, 8.519042000000184], [-70.094822, 8.515965000000108], [-70.08958, 8.517085], [-70.085314, 8.511834], [-70.085422, 8.508937], [-70.090568, 8.506485], [-70.082009, 8.502763], [-70.078757, 8.505073], [-70.076141, 8.503081], [-70.07652299999984, 8.499148000000105], [-70.072867, 8.497459000000163]]]}}, {"type": "Feature", "properties": {"parroquia": "La Luz", "municipio": "Obispos", "estado": "Barinas", "pcode": "VE060802", "estado_pcode": "VE06", "municipio_pcode": "VE0608", "center_lat": 8.2637665, "center_lon": -69.73202697, "area_sqkm": 980.58060274}, "geometry": {"type": "Polygon", "coordinates": [[[-69.796078, 8.415614000000119], [-69.808841, 8.407921], [-69.812488, 8.41187100000019], [-69.817733, 8.412032000000181], [-69.818814, 8.417107000000158], [-69.823875, 8.417704000000185], [-69.823544, 8.426246000000162], [-69.82601299999988, 8.430333], [-69.83316899999988, 8.438347], [-69.842986, 8.444087], [-69.84791499999989, 8.46307800000011], [-69.85320399999989, 8.46746400000012], [-69.863162, 8.469414000000143], [-69.86856499999982, 8.476647000000185], [-69.88927399999989, 8.474806], [-69.904083, 8.480291], [-69.91354699999982, 8.476655000000108], [-69.929366, 8.478585000000123], [-69.963668, 8.379160000000127], [-69.978042, 8.371834], [-69.980794, 8.364623000000108], [-69.975415, 8.358196], [-69.96936099999988, 8.358221000000128], [-69.969548, 8.354731000000186], [-69.967469, 8.354249], [-69.965624, 8.348739], [-69.967501, 8.337003], [-69.963668, 8.334846000000141], [-69.961979, 8.339416], [-69.959808, 8.339509000000135], [-69.9529, 8.328093], [-69.9546739999999, 8.323318], [-69.946879, 8.32618], [-69.945217, 8.320345], [-69.941735, 8.318503], [-69.944015, 8.309939], [-69.939517, 8.304836], [-69.936911, 8.305407000000116], [-69.936313, 8.310596], [-69.933061, 8.307722000000126], [-69.9292559999999, 8.309210000000178], [-69.926303, 8.303143], [-69.927178, 8.299424000000158], [-69.916155, 8.295782], [-69.913778, 8.288292000000126], [-69.915091, 8.282872], [-69.905382, 8.278313], [-69.906418, 8.27312400000011], [-69.899939, 8.272817], [-69.898162, 8.264455000000112], [-69.88785399999989, 8.266457], [-69.882595, 8.270579], [-69.872668, 8.26819300000011], [-69.85419799999983, 8.252097000000106], [-69.844578, 8.247345], [-69.8365859999999, 8.232079], [-69.830987, 8.230186000000117], [-69.826285, 8.232385], [-69.82493099999988, 8.225976000000117], [-69.815362, 8.226076], [-69.810197, 8.230478000000119], [-69.80282, 8.226815000000101], [-69.8026129999999, 8.222681], [-69.79701, 8.221708], [-69.789333, 8.210762], [-69.77395499999989, 8.213541], [-69.76132299999983, 8.200106000000119], [-69.75678099999988, 8.2019820000001], [-69.73942199999988, 8.194006], [-69.737117, 8.191705000000127], [-69.73864, 8.185484], [-69.736913, 8.178705], [-69.73175, 8.176607], [-69.730482, 8.17332], [-69.723058, 8.177510000000154], [-69.71217699999988, 8.175056000000154], [-69.705997, 8.178376], [-69.705123, 8.17437800000016], [-69.69756299999989, 8.168186000000162], [-69.69447699999984, 8.160325], [-69.686712, 8.151101000000153], [-69.680833, 8.150631], [-69.683809, 8.156842000000154], [-69.678826, 8.15398000000016], [-69.67224399999986, 8.157594], [-69.657893, 8.157524], [-69.655944, 8.13489600000014], [-69.648523, 8.131367000000182], [-69.642138, 8.132136], [-69.637528, 8.129394], [-69.6330549999999, 8.131015], [-69.629954, 8.128925], [-69.614318, 8.132001], [-69.611527, 8.128354000000115], [-69.604911, 8.12847900000014], [-69.599868, 8.12082], [-69.59127099999984, 8.117012000000102], [-69.591436, 8.111201000000165], [-69.588878, 8.11115], [-69.5863, 8.105265], [-69.575721, 8.104668000000174], [-69.565189, 8.100121000000172], [-69.56182299999983, 8.10146900000018], [-69.559452, 8.098064], [-69.553238, 8.098946000000126], [-69.547814, 8.093376], [-69.537996, 8.09294100000011], [-69.5322599999999, 8.088128000000154], [-69.528293, 8.092552], [-69.52130699999987, 8.093685], [-69.518566, 8.091083], [-69.51326499999988, 8.091071000000113], [-69.50502199999988, 8.081291], [-69.499243, 8.081786000000136], [-69.496091, 8.077895], [-69.486043, 8.078088], [-69.478722, 8.070469000000116], [-69.469126, 8.06696600000015], [-69.466523, 8.060709], [-69.462489, 8.064003000000127], [-69.458765, 8.06227100000018], [-69.45298699299985, 8.047360418000153], [-69.43792342699987, 8.063880904000143], [-69.42554865299996, 8.067029429000172], [-69.430708, 8.068831000000102], [-69.4286469999999, 8.073883000000137], [-69.43107, 8.072706], [-69.43421999999987, 8.075794000000144], [-69.435688, 8.071521], [-69.444103, 8.07429500000012], [-69.45141, 8.067801000000145], [-69.45421199999987, 8.070822], [-69.4566329999999, 8.068634000000145], [-69.463719, 8.075198], [-69.464028, 8.078547], [-69.469509, 8.081009000000165], [-69.468511, 8.088217], [-69.467164, 8.094165000000146], [-69.469928, 8.10000900000017], [-69.474108, 8.09960500000011], [-69.48294599999986, 8.11272700000012], [-69.489204, 8.111743], [-69.495118, 8.120376], [-69.499786, 8.120659], [-69.509244, 8.132728000000156], [-69.506612, 8.137638], [-69.516633, 8.145814], [-69.513287, 8.149459], [-69.519459, 8.159189], [-69.5234, 8.159543], [-69.518163, 8.16525], [-69.525562, 8.166186], [-69.525762, 8.176568], [-69.522279, 8.178444000000127], [-69.519321, 8.187601], [-69.513668, 8.193285000000117], [-69.517487, 8.20409], [-69.516355, 8.20682], [-69.524887, 8.204933], [-69.53521299999989, 8.208723], [-69.546329, 8.205783000000167], [-69.55840499999982, 8.211736000000144], [-69.563427, 8.219487], [-69.567545, 8.234563], [-69.570381, 8.233398000000136], [-69.57178599999986, 8.236364], [-69.57478299999985, 8.236072], [-69.572981, 8.24275200000011], [-69.578701, 8.239938000000166], [-69.575747, 8.244227000000137], [-69.5771979999999, 8.2459530000001], [-69.58165199999985, 8.240932000000157], [-69.58132499999988, 8.24796], [-69.585171, 8.254973000000177], [-69.597341, 8.264439], [-69.5989009999999, 8.27852200000018], [-69.612618, 8.28539400000011], [-69.616006, 8.289236], [-69.617362, 8.297462000000166], [-69.626656, 8.297526000000119], [-69.63221, 8.304381], [-69.63121699999988, 8.308904], [-69.634168, 8.309599], [-69.63317099999989, 8.321288000000152], [-69.636145, 8.323913], [-69.63538199999988, 8.327494], [-69.65061, 8.334079], [-69.657595, 8.344760000000122], [-69.667783, 8.346303], [-69.67115, 8.350438], [-69.6737389999999, 8.349543], [-69.679303, 8.352967], [-69.68468, 8.357493], [-69.68790599999988, 8.364681000000132], [-69.690729, 8.361858], [-69.692735, 8.364614], [-69.699111, 8.365259000000151], [-69.70051499999988, 8.369416], [-69.705948, 8.367098], [-69.70326399999988, 8.370175000000131], [-69.704554, 8.37316], [-69.70760599999988, 8.37137], [-69.71381, 8.381063], [-69.716356, 8.377504], [-69.719379, 8.380560000000173], [-69.726197, 8.379114], [-69.734649, 8.383709000000124], [-69.73980299999988, 8.381688], [-69.742227, 8.384169000000156], [-69.747636, 8.381621], [-69.749782, 8.383826], [-69.75823899999983, 8.384103], [-69.76057, 8.386767], [-69.77164, 8.383416], [-69.77886299999989, 8.393866000000116], [-69.78161299999988, 8.392948], [-69.784838, 8.403075000000172], [-69.796078, 8.415614000000119]]]}}, {"type": "Feature", "properties": {"parroquia": "El Real", "municipio": "Obispos", "estado": "Barinas", "pcode": "VE060803", "estado_pcode": "VE06", "municipio_pcode": "VE0608", "center_lat": 8.4373865, "center_lon": -69.97925776, "area_sqkm": 110.63494093}, "geometry": {"type": "Polygon", "coordinates": [[[-70.072867, 8.497459000000163], [-70.071836, 8.491738], [-70.064433, 8.488289000000123], [-70.05741099999989, 8.47107], [-70.047655, 8.469145], [-70.051689, 8.465524000000187], [-70.04516899999987, 8.463498], [-70.03999, 8.452686], [-70.032088, 8.443628], [-70.03000399999985, 8.44188800000012], [-70.025281, 8.446937], [-70.019663, 8.445413], [-70.020482, 8.440375000000131], [-70.018536, 8.438151000000175], [-70.01555799999988, 8.439056000000107], [-70.014567, 8.430439000000149], [-69.996616, 8.426776000000132], [-69.99409999999989, 8.420233000000167], [-69.9861049999999, 8.41902], [-69.984306, 8.412867000000176], [-69.975065, 8.410345], [-69.974974, 8.408186000000114], [-69.980265, 8.407449], [-69.980154, 8.398586], [-69.983736, 8.397482], [-69.980964, 8.394613000000106], [-69.984432, 8.390822000000128], [-69.98089899999985, 8.386368], [-69.981159, 8.375622000000135], [-69.978042, 8.371834], [-69.963668, 8.379160000000127], [-69.929366, 8.478585000000123], [-69.933317, 8.480374000000154], [-69.93629599999986, 8.485793000000172], [-69.94033999999988, 8.485699], [-69.943551, 8.489166000000182], [-69.943939, 8.496835], [-69.953689, 8.50147], [-70.072867, 8.497459000000163]]]}}, {"type": "Feature", "properties": {"parroquia": "Guasimitos", "municipio": "Obispos", "estado": "Barinas", "pcode": "VE060804", "estado_pcode": "VE06", "municipio_pcode": "VE0608", "center_lat": 8.7060485, "center_lon": -70.21964548, "area_sqkm": 103.87914003}, "geometry": {"type": "Polygon", "coordinates": [[[-70.247781, 8.661703000000102], [-70.236098, 8.658782], [-70.22658399999989, 8.661481], [-70.2247129999999, 8.655174000000102], [-70.219082, 8.65119900000019], [-70.212485, 8.649259], [-70.212401, 8.651302000000157], [-70.2076, 8.651923], [-70.205753, 8.648722], [-70.201064, 8.65036600000019], [-70.198542, 8.646447], [-70.15916099999987, 8.705014], [-70.160607, 8.709795], [-70.179306, 8.721658000000161], [-70.178558, 8.726399000000185], [-70.19063, 8.723283000000151], [-70.197618, 8.727174], [-70.204755, 8.741967000000102], [-70.213687, 8.739480000000185], [-70.22158, 8.7442190000001], [-70.220421, 8.758], [-70.23351, 8.75511], [-70.23800299999988, 8.758317], [-70.246356, 8.755256], [-70.250589, 8.757084000000134], [-70.252346, 8.764899000000185], [-70.284699, 8.69697100000019], [-70.283919, 8.691683000000126], [-70.27832099999989, 8.688894000000118], [-70.278886, 8.685097], [-70.271475, 8.677639], [-70.247781, 8.661703000000102]]]}}, {"type": "Feature", "properties": {"parroquia": "Ciudad Bolivia", "municipio": "Pedraza", "estado": "Barinas", "pcode": "VE060901", "estado_pcode": "VE06", "municipio_pcode": "VE0609", "center_lat": 8.196639, "center_lon": -70.39161657, "area_sqkm": 2151.24419331}, "geometry": {"type": "Polygon", "coordinates": [[[-70.220772, 8.185033], [-70.225746, 8.183876000000168], [-70.226202, 8.180386], [-70.232881, 8.182222], [-70.231618, 8.186701000000141], [-70.238061, 8.185554], [-70.238695, 8.190945000000113], [-70.241325, 8.189536], [-70.243481, 8.19400300000018], [-70.238358, 8.196224], [-70.246012, 8.201154000000145], [-70.246736, 8.205259000000183], [-70.250389, 8.207151], [-70.252624, 8.204435], [-70.256986, 8.214195], [-70.257045, 8.208963], [-70.260005, 8.210605], [-70.257148, 8.214378], [-70.26015499999988, 8.216823], [-70.258265, 8.218849], [-70.26365, 8.22064300000011], [-70.266468, 8.232842000000119], [-70.262571, 8.236137], [-70.266504, 8.239404], [-70.266682, 8.24794], [-70.26920399999989, 8.250386000000105], [-70.269036, 8.247083], [-70.27236399999987, 8.247782], [-70.27214899999984, 8.25609], [-70.275883, 8.251074000000187], [-70.27769199999989, 8.255014], [-70.286891, 8.257161], [-70.29106, 8.262929000000156], [-70.292714, 8.258104], [-70.295743, 8.259401], [-70.29489299999989, 8.261814], [-70.300359, 8.256975000000125], [-70.30343399999987, 8.258364], [-70.3009699999999, 8.262296], [-70.3035139999999, 8.26348], [-70.3127669999999, 8.258375000000115], [-70.3124279999999, 8.262094000000161], [-70.32141499999983, 8.2619], [-70.325096, 8.266063], [-70.324237, 8.27529], [-70.32791699999984, 8.278237], [-70.325548, 8.283523], [-70.33125599999988, 8.284512000000177], [-70.334486, 8.28234300000014], [-70.339574, 8.284825000000126], [-70.340785, 8.289457], [-70.343858, 8.289147000000128], [-70.345649, 8.283999000000165], [-70.354703, 8.283185000000174], [-70.352793, 8.286565], [-70.35953699999988, 8.285782], [-70.367089, 8.295071], [-70.367098, 8.299293000000148], [-70.37363, 8.296170000000188], [-70.374108, 8.293069000000116], [-70.378157, 8.295969], [-70.383787, 8.292826000000105], [-70.386035, 8.296075000000144], [-70.39168499999988, 8.291097], [-70.391881, 8.296099], [-70.397334, 8.296513000000175], [-70.39526399999988, 8.300722], [-70.400206, 8.299852], [-70.405899, 8.303870000000131], [-70.403414, 8.30856], [-70.4065599999999, 8.310108], [-70.410824, 8.306053], [-70.411185, 8.312017], [-70.416061, 8.312228000000118], [-70.4217579999999, 8.318010000000129], [-70.423265, 8.320133000000112], [-70.419525, 8.321713000000102], [-70.421777, 8.326431], [-70.432803, 8.328613000000132], [-70.43183499999986, 8.33548], [-70.435821, 8.332775], [-70.436721, 8.339185000000157], [-70.441551, 8.340223], [-70.44774899999987, 8.336107], [-70.454669, 8.340401], [-70.45736699999986, 8.339264000000128], [-70.458226, 8.333859000000189], [-70.464436, 8.339833000000112], [-70.465606, 8.331347], [-70.4677789999999, 8.338349000000107], [-70.473909, 8.334876000000122], [-70.471309, 8.337369], [-70.474453, 8.344826], [-70.47735199999988, 8.341873], [-70.48039099999988, 8.345561000000146], [-70.482216, 8.339256], [-70.490874, 8.344989], [-70.49409499999985, 8.341919], [-70.49838999999986, 8.34187900000012], [-70.5029689999999, 8.343607000000134], [-70.50067499999989, 8.347753000000125], [-70.503115, 8.35117], [-70.505931, 8.345569], [-70.516623, 8.350931000000173], [-70.521779, 8.34952200000015], [-70.522315, 8.352448], [-70.515865, 8.3551250000001], [-70.519268, 8.357542], [-70.529902, 8.351522], [-70.540685, 8.355247], [-70.548965, 8.354711000000123], [-70.556995, 8.357240000000104], [-70.559291, 8.361639000000139], [-70.57454, 8.365798000000154], [-70.57947599999989, 8.372154], [-70.585741, 8.369798000000173], [-70.586509, 8.373116], [-70.598108, 8.37983400000013], [-70.602329, 8.387549], [-70.606772, 8.388882], [-70.6068039999999, 8.39538000000016], [-70.618031, 8.400255], [-70.62573, 8.412713], [-70.63184199999989, 8.415702], [-70.63224399999984, 8.421623], [-70.638635, 8.425810000000126], [-70.636635, 8.43337], [-70.638714, 8.445579000000123], [-70.643266, 8.456589], [-70.64341699999989, 8.464146], [-70.64848499999988, 8.465201], [-70.645877, 8.469281], [-70.637851, 8.470395000000167], [-70.637717, 8.473644], [-70.638877, 8.475210000000118], [-70.64394, 8.473408], [-70.645938, 8.478405000000123], [-70.650685, 8.480681000000175], [-70.6495369999999, 8.486581000000172], [-70.661258, 8.493895000000123], [-70.663768, 8.500668], [-70.672791, 8.500727], [-70.677076, 8.503072], [-70.67772999999988, 8.507104], [-70.68939499999988, 8.508265], [-70.694615, 8.516231000000118], [-70.69226299999985, 8.521026000000177], [-70.69285599999989, 8.529481], [-70.686386, 8.534235000000137], [-70.68702, 8.539533], [-70.682707, 8.547971000000132], [-70.666142, 8.563680000000147], [-70.675039, 8.569338], [-70.672406, 8.572244000000126], [-70.684107, 8.580687], [-70.689168, 8.589758], [-70.699248, 8.596451000000172], [-70.701572, 8.602047], [-70.713871, 8.607147], [-70.716194, 8.611176000000114], [-70.72492199999988, 8.612939000000154], [-70.7321948689999, 8.623533965000092], [-70.75045695599994, 8.620515692000026], [-70.76294441099992, 8.610664412000062], [-70.77652696199993, 8.60687925100018], [-70.7925476229999, 8.607752191000088], [-70.80864623299982, 8.596784871000182], [-70.83000811499994, 8.597949784000036], [-70.8357218249999, 8.595158875000095], [-70.825135, 8.596096000000102], [-70.82333299999988, 8.593818000000113], [-70.82371499999988, 8.579897], [-70.81642399999987, 8.566209000000129], [-70.811158, 8.56163800000013], [-70.810819, 8.5508430000001], [-70.805961, 8.55274], [-70.807781, 8.555211], [-70.8046839999999, 8.556291], [-70.79784399999988, 8.555033], [-70.79700599999984, 8.552707000000112], [-70.793028, 8.55398], [-70.794681, 8.547043], [-70.789612, 8.54682], [-70.78930299999985, 8.542466000000104], [-70.78268199999985, 8.541047000000106], [-70.771371, 8.519912], [-70.75631799999985, 8.512560000000121], [-70.751837, 8.50411000000014], [-70.752266, 8.498695000000112], [-70.746111, 8.498865000000137], [-70.735043, 8.468812], [-70.736516, 8.46491600000013], [-70.733619, 8.449161], [-70.722246, 8.442078], [-70.7167189999999, 8.429713000000106], [-70.710745, 8.427162], [-70.709111, 8.418685], [-70.703899, 8.414474], [-70.70152, 8.416505], [-70.69763099999983, 8.414759], [-70.690279, 8.403753000000165], [-70.684165, 8.39975], [-70.682583, 8.393969], [-70.67851, 8.393190000000118], [-70.674054, 8.384048], [-70.662891, 8.37567300000012], [-70.658753, 8.376668000000166], [-70.65123, 8.37319600000012], [-70.647563, 8.365343000000166], [-70.640686, 8.361271], [-70.63386999999989, 8.35060900000019], [-70.62934, 8.337480000000141], [-70.629934, 8.332295000000101], [-70.626025, 8.326722000000132], [-70.63179899999989, 8.324929000000111], [-70.632242, 8.321801000000107], [-70.629295, 8.320355], [-70.632779, 8.315135000000112], [-70.626157, 8.318106000000114], [-70.626876, 8.310842], [-70.624578, 8.30580700000013], [-70.627229, 8.304314], [-70.62092399999989, 8.302183000000127], [-70.617892, 8.298119000000156], [-70.619234, 8.29441], [-70.61624499999982, 8.293607], [-70.621177, 8.290604], [-70.61961, 8.287837000000138], [-70.616985, 8.285998], [-70.609583, 8.289917000000116], [-70.612087, 8.279445000000123], [-70.608006, 8.278008], [-70.60387999999983, 8.280384], [-70.60417399999989, 8.271653], [-70.600168, 8.274832], [-70.593759, 8.270726], [-70.58958, 8.272001000000103], [-70.584931, 8.264595000000156], [-70.574878, 8.26600800000017], [-70.576085, 8.258969], [-70.571716, 8.259441], [-70.577122, 8.254505], [-70.571161, 8.255563000000166], [-70.559169, 8.238498], [-70.561765, 8.22389], [-70.56590199999988, 8.219516000000112], [-70.566222, 8.215057000000115], [-70.56094799999988, 8.210918000000163], [-70.558878, 8.212933], [-70.555752, 8.208317], [-70.55211299999985, 8.210873000000163], [-70.543597, 8.198536000000104], [-70.545766, 8.189765], [-70.539386, 8.186485], [-70.542353, 8.183613], [-70.533804, 8.18097], [-70.52971, 8.176890000000185], [-70.522651, 8.176279], [-70.521846, 8.173023000000171], [-70.524055, 8.171168000000137], [-70.520359, 8.167774000000179], [-70.521607, 8.163699000000122], [-70.514277, 8.163825], [-70.514934, 8.169448000000102], [-70.501514, 8.167382], [-70.49421499999983, 8.142415], [-70.49776199999985, 8.128999], [-70.492956, 8.127688], [-70.480868, 8.113901000000112], [-70.481089, 8.109678], [-70.476163, 8.106417000000135], [-70.47318599999988, 8.097136], [-70.469371, 8.095178], [-70.467383, 8.084103], [-70.46395399999989, 8.07906800000012], [-70.469468, 8.067275000000166], [-70.46897899999988, 8.055644], [-70.459968, 8.042968], [-70.462935, 8.028201000000138], [-70.460428, 8.012058], [-70.45336499999985, 8.002632000000176], [-70.446801, 7.999514], [-70.439513, 7.988348], [-70.430643, 7.987447], [-70.425514, 7.98187], [-70.424249, 7.985749], [-70.42015, 7.987688], [-70.414985, 7.979929], [-70.40197299999988, 7.975039], [-70.395403, 7.96644600000019], [-70.392195, 7.965586], [-70.388568, 7.955028], [-70.369612, 7.941478], [-70.368203, 7.931043000000102], [-70.37301, 7.925821], [-70.372213, 7.923291000000177], [-70.369249, 7.919512000000111], [-70.362876, 7.918687], [-70.362424, 7.911539000000175], [-70.357649, 7.904515], [-70.350519, 7.902446000000111], [-70.34325499999989, 7.894517], [-70.33994699999982, 7.895379000000162], [-70.340859, 7.888030000000128], [-70.336422, 7.883052], [-70.325656, 7.883175], [-70.325858, 7.874537], [-70.322097, 7.873513000000173], [-70.324611, 7.869432000000188], [-70.32350699999989, 7.863363], [-70.3187559999999, 7.861714], [-70.315939, 7.856304], [-70.310028, 7.85559400000011], [-70.306755, 7.849195000000179], [-70.303772, 7.84975900000012], [-70.303255, 7.846770000000106], [-70.306704, 7.845243], [-70.302699, 7.842288000000167], [-70.305908, 7.828077], [-70.3019, 7.825513], [-70.298816, 7.818057], [-70.301532, 7.81540200000012], [-70.299655, 7.806916000000172], [-70.290374, 7.803487000000132], [-70.282165, 7.787867], [-70.27251, 7.787468], [-70.269095, 7.793466], [-70.26582899999988, 7.794573000000128], [-70.26329, 7.790953000000115], [-70.265347, 7.780904], [-70.249941, 7.777094], [-70.24187399999988, 7.780838], [-70.240686, 7.792041], [-70.234163, 7.793106], [-70.2286759999999, 7.797807], [-70.22237, 7.797633000000189], [-70.211849, 7.785948], [-70.210481, 7.780197000000101], [-70.204131, 7.779540000000111], [-70.205206, 7.774516], [-70.203132, 7.770599000000175], [-70.19659899999988, 7.77311], [-70.196784, 7.782713000000115], [-70.193393, 7.778857], [-70.192001, 7.769913], [-70.186085, 7.7702], [-70.18177299999985, 7.778467000000148], [-70.1715, 7.783737], [-70.16734112799998, 7.792481758000122], [-70.12334172499993, 7.93890375], [-70.085465, 8.096749], [-70.088181, 8.095423000000153], [-70.089675, 8.09816700000016], [-70.107702, 8.105071000000123], [-70.10996, 8.107993000000135], [-70.12317599999989, 8.109673], [-70.12309399999987, 8.114973], [-70.13066699999985, 8.118893000000128], [-70.13208, 8.123311000000115], [-70.148755, 8.116962], [-70.15087499999987, 8.119976], [-70.153105, 8.11856200000011], [-70.159824, 8.129621000000157], [-70.163009, 8.129440000000102], [-70.165151, 8.13227000000012], [-70.16615099999984, 8.137081], [-70.185832, 8.145921], [-70.18822099999983, 8.151135000000124], [-70.188289, 8.147349], [-70.196623, 8.147156], [-70.191851, 8.151868], [-70.192428, 8.155351], [-70.19834599999984, 8.160152], [-70.19580499999984, 8.16352], [-70.20443399999988, 8.173281], [-70.20617, 8.170493], [-70.208519, 8.173001000000113], [-70.21071399999988, 8.169774], [-70.217056, 8.179114], [-70.2206829999999, 8.179457000000127], [-70.220772, 8.185033]]]}}, {"type": "Feature", "properties": {"parroquia": "Ignacio Briceño", "municipio": "Pedraza", "estado": "Barinas", "pcode": "VE060902", "estado_pcode": "VE06", "municipio_pcode": "VE0609", "center_lat": 7.60738861, "center_lon": -70.51513592, "area_sqkm": 2405.43687795}, "geometry": {"type": "Polygon", "coordinates": [[[-70.615576, 7.822878000000173], [-70.619202, 7.827512], [-70.62651, 7.826650000000143], [-70.6336649999999, 7.832611], [-70.639041, 7.818289], [-70.644068, 7.819314000000134], [-70.6446279999999, 7.823655000000144], [-70.649516, 7.823922], [-70.650803, 7.820933], [-70.65426, 7.820077], [-70.65673, 7.822761], [-70.662904, 7.818867000000125], [-70.670885, 7.82115], [-70.677256, 7.826790000000187], [-70.688672, 7.82874500000014], [-70.691998, 7.832093], [-70.699577, 7.82838], [-70.71122, 7.828174000000104], [-70.7174619999999, 7.824464], [-70.728939, 7.830125], [-70.729527, 7.654831000000115], [-70.730082, 7.440505], [-70.730967, 7.382224000000178], [-70.713857, 7.393261000000166], [-70.69207, 7.390711], [-70.686965, 7.393540000000144], [-70.653305, 7.393164000000127], [-70.64801, 7.396564], [-70.643814, 7.395986], [-70.639264, 7.402607], [-70.630609, 7.404384000000164], [-70.629551, 7.400358], [-70.62486, 7.401013000000148], [-70.61548, 7.410327], [-70.611603, 7.407895], [-70.61061, 7.412516], [-70.606163, 7.405513000000155], [-70.599473, 7.404172000000187], [-70.598936, 7.407055000000184], [-70.595148, 7.406895], [-70.594282, 7.410485000000108], [-70.597677, 7.412911000000122], [-70.5956379999999, 7.414492], [-70.58863799999989, 7.412115000000142], [-70.588044, 7.409768], [-70.584452, 7.41261500000013], [-70.583268, 7.409619], [-70.581344, 7.413311], [-70.57715599999989, 7.409958], [-70.57395, 7.411249000000112], [-70.571619, 7.408125], [-70.57047, 7.41230800000011], [-70.564476, 7.410286000000156], [-70.56212, 7.413629000000185], [-70.55335799999983, 7.416711000000134], [-70.543928, 7.411826], [-70.535226, 7.411652], [-70.53154099999989, 7.41468], [-70.5166789999999, 7.417068], [-70.50139268099997, 7.414928730999975], [-70.47736578999996, 7.421683244000121], [-70.4637642159999, 7.419401257000061], [-70.44056544499995, 7.421519764999971], [-70.41495729199988, 7.439330891000054], [-70.4037068259999, 7.439532940000163], [-70.39601051399995, 7.442807044000119], [-70.38209900199996, 7.455642376000071], [-70.37976095699997, 7.468069650000132], [-70.37566381999989, 7.474642806000077], [-70.35953721399989, 7.487115137999979], [-70.36150139899996, 7.511865654000076], [-70.35852034699997, 7.527553994000129], [-70.34733096399998, 7.544311398000048], [-70.34370690099996, 7.562733811000101], [-70.32897531299983, 7.567348967000044], [-70.32240806499993, 7.573491128000114], [-70.32206707199998, 7.577670222000052], [-70.32742734199991, 7.587559409], [-70.3225281949999, 7.600793712000154], [-70.31551891299995, 7.602388769000072], [-70.30841060299997, 7.59861072800004], [-70.30213935099994, 7.600594798000031], [-70.29914926499998, 7.608613978000108], [-70.27472224699994, 7.607617067000092], [-70.25920563399995, 7.614643290000174], [-70.25172628299998, 7.607443175000128], [-70.23550658599999, 7.60195413200006], [-70.21912185199994, 7.590975971999967], [-70.21349362299992, 7.590340981000111], [-70.20897946999992, 7.599234196000111], [-70.19637301199992, 7.612982544000033], [-70.19012476399996, 7.615722626000093], [-70.16934190599989, 7.615725725000118], [-70.15194631799994, 7.64640346200008], [-70.15178933999994, 7.652857593000022], [-70.15611657499994, 7.663500800000179], [-70.14845230499998, 7.67351005200004], [-70.14578223199993, 7.6824582590001], [-70.14047902099998, 7.685631355000112], [-70.11846713399984, 7.689913548000163], [-70.1114949059999, 7.705437907000032], [-70.09911841699994, 7.708997048000128], [-70.09650133799994, 7.715993201000174], [-70.08975407899999, 7.721663360999969], [-70.06608809899996, 7.723135502000048], [-70.05104050499995, 7.729691707000086], [-70.0416731759999, 7.742702029999975], [-70.03079574799989, 7.746610162000081], [-70.01422305299991, 7.747739268000032], [-69.99020303699996, 7.743271288000187], [-69.98294373599992, 7.744498346000114], [-69.97624548499994, 7.750733505000085], [-69.96829415199988, 7.75099654700017], [-69.9619478699999, 7.746042479000096], [-69.95651558799995, 7.735181264000175], [-69.95199540399994, 7.733946255000035], [-69.94300108299996, 7.746295568000164], [-69.9299375619999, 7.751158731000089], [-69.91988521399998, 7.766105101000051], [-69.90825576699996, 7.775217357000145], [-69.90158921399996, 7.790664860000049], [-69.922333, 7.783076000000108], [-69.921038, 7.791989], [-69.925448, 7.798961000000133], [-69.927647, 7.793519000000174], [-69.93166899999989, 7.791442], [-69.932569, 7.785332], [-69.934528, 7.785441], [-69.936694, 7.787082000000112], [-69.936636, 7.798704000000157], [-69.942026, 7.801764], [-69.944492, 7.800376000000142], [-69.9421, 7.79436], [-69.946187, 7.796637], [-69.961085, 7.791901], [-69.965044, 7.796266], [-69.97096, 7.79762200000016], [-69.991129, 7.815682], [-70.000237, 7.811833], [-70.000293, 7.803283000000135], [-70.004584, 7.802175000000148], [-70.00851199999988, 7.796066], [-70.01159899999988, 7.800290000000132], [-70.01429899999988, 7.79998], [-70.020521, 7.790972], [-70.018525, 7.783011], [-70.021066, 7.783119000000113], [-70.02483399999983, 7.791964000000121], [-70.035537, 7.797452000000135], [-70.03530099999989, 7.804136], [-70.039925, 7.80389], [-70.043939, 7.798722], [-70.046882, 7.800647], [-70.047073, 7.805955], [-70.05198899999988, 7.806629], [-70.060342, 7.798869000000138], [-70.075564, 7.796597], [-70.08001, 7.792099], [-70.07805999999982, 7.787568], [-70.06495199999989, 7.785138000000188], [-70.06740599999989, 7.781431], [-70.07431899999989, 7.780739], [-70.081893, 7.784346], [-70.08531099999988, 7.781495], [-70.091943, 7.78466], [-70.095449, 7.782361], [-70.09485399999988, 7.778430000000128], [-70.08844199999987, 7.773865], [-70.090699, 7.771674000000132], [-70.1055649999999, 7.782836000000145], [-70.110248, 7.780613], [-70.10682, 7.775493], [-70.10780799999986, 7.773202], [-70.117669, 7.777006], [-70.120476, 7.769189], [-70.12299899999982, 7.768607], [-70.126387, 7.769661], [-70.133865, 7.780113], [-70.143805, 7.785869000000105], [-70.15366599999987, 7.780231], [-70.159348, 7.780541000000142], [-70.16734112799998, 7.792481758000122], [-70.1715, 7.783737], [-70.18177299999985, 7.778467000000148], [-70.186085, 7.7702], [-70.192001, 7.769913], [-70.193393, 7.778857], [-70.196784, 7.782713000000115], [-70.19659899999988, 7.77311], [-70.203132, 7.770599000000175], [-70.205206, 7.774516], [-70.204131, 7.779540000000111], [-70.210481, 7.780197000000101], [-70.211849, 7.785948], [-70.22237, 7.797633000000189], [-70.2286759999999, 7.797807], [-70.234163, 7.793106], [-70.240686, 7.792041], [-70.24187399999988, 7.780838], [-70.249941, 7.777094], [-70.265347, 7.780904], [-70.26329, 7.790953000000115], [-70.26582899999988, 7.794573000000128], [-70.269095, 7.793466], [-70.27251, 7.787468], [-70.282165, 7.787867], [-70.290374, 7.803487000000132], [-70.299655, 7.806916000000172], [-70.3132619999999, 7.796833000000106], [-70.313077, 7.792100000000175], [-70.3064389999999, 7.788997000000109], [-70.30424, 7.7850830000001], [-70.305318, 7.781802], [-70.3170899999999, 7.788438], [-70.324864, 7.775922], [-70.335148, 7.779772], [-70.340023, 7.774413], [-70.3429579999999, 7.779042000000118], [-70.350933, 7.782631], [-70.3516259999999, 7.787826], [-70.36002599999983, 7.784478], [-70.36782399999987, 7.791443000000129], [-70.366376, 7.779882000000157], [-70.37581299999988, 7.771804], [-70.377533, 7.774682000000155], [-70.373003, 7.785235], [-70.386566, 7.784455], [-70.39189499999986, 7.780796000000123], [-70.387107, 7.77715], [-70.386711, 7.772783], [-70.392289, 7.765106], [-70.396692, 7.761928], [-70.419937, 7.759686000000158], [-70.430331, 7.764775], [-70.438612, 7.761908000000176], [-70.43154, 7.773372000000109], [-70.438994, 7.77466], [-70.439812, 7.783002], [-70.447107, 7.789000000000158], [-70.449301, 7.789260000000183], [-70.448558, 7.784938000000182], [-70.451391, 7.78157], [-70.45636599999989, 7.779358000000173], [-70.45469, 7.78227], [-70.46460899999988, 7.785105000000101], [-70.458971, 7.791014000000189], [-70.46397799999983, 7.797509], [-70.467546, 7.794833000000153], [-70.473782, 7.800551], [-70.474617, 7.794396], [-70.481664, 7.79373], [-70.484653, 7.79691], [-70.477745, 7.797255000000177], [-70.47969299999988, 7.806107], [-70.483638, 7.807176], [-70.485862, 7.800474], [-70.489469, 7.799406], [-70.487996, 7.803698], [-70.491675, 7.807524], [-70.49254999999982, 7.802839000000176], [-70.503409, 7.806463000000178], [-70.504532, 7.800555], [-70.506906, 7.799840000000188], [-70.50889299999989, 7.803881], [-70.520821, 7.809952], [-70.518159, 7.801524], [-70.530108, 7.805895], [-70.53182899999985, 7.799643], [-70.539017, 7.795290000000136], [-70.543901, 7.810447000000124], [-70.54595499999988, 7.811639000000184], [-70.546705, 7.80311300000011], [-70.549515, 7.800697], [-70.557998, 7.800224000000185], [-70.560168, 7.80261], [-70.556438, 7.805925], [-70.55831299999983, 7.812309], [-70.567446, 7.814225], [-70.5735739999999, 7.810539000000119], [-70.57985199999985, 7.815837], [-70.580415, 7.822981000000141], [-70.583622, 7.825228], [-70.589123, 7.817935], [-70.595105, 7.824726000000112], [-70.595369, 7.815812000000108], [-70.600647, 7.814448], [-70.602819, 7.817913], [-70.608006, 7.817399000000137], [-70.607989, 7.822063], [-70.611104, 7.824034], [-70.615576, 7.822878000000173]]]}}, {"type": "Feature", "properties": {"parroquia": "José Félix Ribas", "municipio": "Pedraza", "estado": "Barinas", "pcode": "VE060903", "estado_pcode": "VE06", "municipio_pcode": "VE0609", "center_lat": 8.474151, "center_lon": -70.52014028, "area_sqkm": 1169.75987505}, "geometry": {"type": "Polygon", "coordinates": [[[-70.48302299999989, 8.583640000000173], [-70.484523, 8.590189], [-70.493416, 8.595507], [-70.503926, 8.611110000000167], [-70.513021, 8.609813000000145], [-70.518628, 8.614049], [-70.521869, 8.613747], [-70.523101, 8.617686], [-70.528539, 8.616645], [-70.530189, 8.621759], [-70.538592, 8.622513], [-70.541469, 8.627257], [-70.55377999999985, 8.624643000000106], [-70.555968, 8.632913], [-70.563125, 8.636639], [-70.57243, 8.636147000000165], [-70.581285, 8.629457000000116], [-70.602614, 8.62139500000012], [-70.611483, 8.624382], [-70.620157, 8.63458], [-70.621369, 8.639556000000141], [-70.62567599999988, 8.640726000000143], [-70.64075, 8.657115], [-70.660755, 8.689158000000134], [-70.67293499999988, 8.694181], [-70.684924, 8.717616], [-70.69535599999989, 8.717507], [-70.696083, 8.740338000000122], [-70.70109099999985, 8.748144000000138], [-70.697862, 8.766844000000162], [-70.70498046199998, 8.768104540000024], [-70.72093844299997, 8.753199798000082], [-70.73413956999997, 8.748668955000142], [-70.7562211849999, 8.725584497000057], [-70.74485016499995, 8.703935571999978], [-70.72671438499992, 8.698840562000157], [-70.70701744099995, 8.674188119000064], [-70.70754644599998, 8.670306023000023], [-70.7116405989999, 8.668461957000034], [-70.71534271899998, 8.661037775000011], [-70.71766470299997, 8.641189326000074], [-70.7321948689999, 8.623533965000092], [-70.72492199999988, 8.612939000000154], [-70.716194, 8.611176000000114], [-70.713871, 8.607147], [-70.701572, 8.602047], [-70.699248, 8.596451000000172], [-70.689168, 8.589758], [-70.684107, 8.580687], [-70.672406, 8.572244000000126], [-70.675039, 8.569338], [-70.666142, 8.563680000000147], [-70.682707, 8.547971000000132], [-70.68702, 8.539533], [-70.686386, 8.534235000000137], [-70.69285599999989, 8.529481], [-70.69226299999985, 8.521026000000177], [-70.694615, 8.516231000000118], [-70.68939499999988, 8.508265], [-70.67772999999988, 8.507104], [-70.677076, 8.503072], [-70.672791, 8.500727], [-70.663768, 8.500668], [-70.661258, 8.493895000000123], [-70.6495369999999, 8.486581000000172], [-70.650685, 8.480681000000175], [-70.645938, 8.478405000000123], [-70.64394, 8.473408], [-70.638877, 8.475210000000118], [-70.637717, 8.473644], [-70.637851, 8.470395000000167], [-70.645877, 8.469281], [-70.64848499999988, 8.465201], [-70.64341699999989, 8.464146], [-70.643266, 8.456589], [-70.638714, 8.445579000000123], [-70.636635, 8.43337], [-70.638635, 8.425810000000126], [-70.63224399999984, 8.421623], [-70.63184199999989, 8.415702], [-70.62573, 8.412713], [-70.618031, 8.400255], [-70.6068039999999, 8.39538000000016], [-70.606772, 8.388882], [-70.602329, 8.387549], [-70.598108, 8.37983400000013], [-70.586509, 8.373116], [-70.585741, 8.369798000000173], [-70.57947599999989, 8.372154], [-70.57454, 8.365798000000154], [-70.559291, 8.361639000000139], [-70.556995, 8.357240000000104], [-70.548965, 8.354711000000123], [-70.540685, 8.355247], [-70.529902, 8.351522], [-70.519268, 8.357542], [-70.515865, 8.3551250000001], [-70.522315, 8.352448], [-70.521779, 8.34952200000015], [-70.516623, 8.350931000000173], [-70.505931, 8.345569], [-70.503115, 8.35117], [-70.50067499999989, 8.347753000000125], [-70.5029689999999, 8.343607000000134], [-70.49838999999986, 8.34187900000012], [-70.49409499999985, 8.341919], [-70.490874, 8.344989], [-70.482216, 8.339256], [-70.48039099999988, 8.345561000000146], [-70.47735199999988, 8.341873], [-70.474453, 8.344826], [-70.471309, 8.337369], [-70.473909, 8.334876000000122], [-70.4677789999999, 8.338349000000107], [-70.465606, 8.331347], [-70.464436, 8.339833000000112], [-70.458226, 8.333859000000189], [-70.45736699999986, 8.339264000000128], [-70.454669, 8.340401], [-70.44774899999987, 8.336107], [-70.441551, 8.340223], [-70.436721, 8.339185000000157], [-70.435821, 8.332775], [-70.43183499999986, 8.33548], [-70.432803, 8.328613000000132], [-70.421777, 8.326431], [-70.419525, 8.321713000000102], [-70.423265, 8.320133000000112], [-70.4217579999999, 8.318010000000129], [-70.416061, 8.312228000000118], [-70.411185, 8.312017], [-70.410824, 8.306053], [-70.4065599999999, 8.310108], [-70.403414, 8.30856], [-70.405899, 8.303870000000131], [-70.400206, 8.299852], [-70.39526399999988, 8.300722], [-70.397334, 8.296513000000175], [-70.391881, 8.296099], [-70.39168499999988, 8.291097], [-70.386035, 8.296075000000144], [-70.383787, 8.292826000000105], [-70.378157, 8.295969], [-70.374108, 8.293069000000116], [-70.37363, 8.296170000000188], [-70.367098, 8.299293000000148], [-70.367089, 8.295071], [-70.35953699999988, 8.285782], [-70.352793, 8.286565], [-70.354703, 8.283185000000174], [-70.345649, 8.283999000000165], [-70.343858, 8.289147000000128], [-70.340785, 8.289457], [-70.339574, 8.284825000000126], [-70.334486, 8.28234300000014], [-70.33125599999988, 8.284512000000177], [-70.325548, 8.283523], [-70.32791699999984, 8.278237], [-70.324237, 8.27529], [-70.325096, 8.266063], [-70.32141499999983, 8.2619], [-70.3124279999999, 8.262094000000161], [-70.3127669999999, 8.258375000000115], [-70.3035139999999, 8.26348], [-70.3009699999999, 8.262296], [-70.30343399999987, 8.258364], [-70.300359, 8.256975000000125], [-70.29489299999989, 8.261814], [-70.295743, 8.259401], [-70.292714, 8.258104], [-70.29106, 8.262929000000156], [-70.286891, 8.257161], [-70.27769199999989, 8.255014], [-70.275883, 8.251074000000187], [-70.27214899999984, 8.25609], [-70.27236399999987, 8.247782], [-70.269036, 8.247083], [-70.26920399999989, 8.250386000000105], [-70.266682, 8.24794], [-70.266504, 8.239404], [-70.262571, 8.236137], [-70.266468, 8.232842000000119], [-70.26365, 8.22064300000011], [-70.258265, 8.218849], [-70.26015499999988, 8.216823], [-70.257148, 8.214378], [-70.260005, 8.210605], [-70.257045, 8.208963], [-70.256986, 8.214195], [-70.252624, 8.204435], [-70.250389, 8.207151], [-70.246736, 8.205259000000183], [-70.246012, 8.201154000000145], [-70.238358, 8.196224], [-70.243481, 8.19400300000018], [-70.241325, 8.189536], [-70.238695, 8.190945000000113], [-70.238061, 8.185554], [-70.231618, 8.186701000000141], [-70.232881, 8.182222], [-70.226202, 8.180386], [-70.225746, 8.183876000000168], [-70.220772, 8.185033], [-70.216119, 8.338915], [-70.208603, 8.345773], [-70.21759999999989, 8.348691000000144], [-70.217794, 8.343978], [-70.226981, 8.343815], [-70.22782699999982, 8.348278], [-70.23333699999989, 8.351601000000187], [-70.232652, 8.360062], [-70.239785, 8.360630000000128], [-70.240076, 8.365253], [-70.247006, 8.375086], [-70.25643, 8.372049000000118], [-70.259634, 8.37504500000017], [-70.258118, 8.383113], [-70.265436, 8.383588], [-70.273432, 8.39186], [-70.276641, 8.39120000000014], [-70.279497, 8.395138], [-70.28551999999985, 8.397220000000175], [-70.288321, 8.406056], [-70.291195, 8.399462], [-70.302808, 8.412478000000135], [-70.319375, 8.403912000000162], [-70.32281, 8.407092], [-70.317581, 8.414025], [-70.323969, 8.417832], [-70.335282, 8.417854000000148], [-70.338136, 8.409191000000135], [-70.342937, 8.409592], [-70.339368, 8.418299], [-70.343061, 8.418996000000163], [-70.347844, 8.415924000000189], [-70.35095699999988, 8.419172000000117], [-70.346765, 8.427121], [-70.355261, 8.427389], [-70.362308, 8.423585], [-70.361882, 8.430208], [-70.374543, 8.424781], [-70.369801, 8.430313], [-70.370444, 8.432592000000113], [-70.37914399999988, 8.435597], [-70.378885, 8.43906800000019], [-70.385946, 8.441473], [-70.38128099999989, 8.457697], [-70.386017, 8.45584300000013], [-70.390585, 8.458449], [-70.394203, 8.463445], [-70.3898099999999, 8.467599], [-70.396714, 8.467703], [-70.40201899999988, 8.471622], [-70.403211, 8.477211000000125], [-70.409261, 8.476509000000135], [-70.41315, 8.485919000000138], [-70.410287, 8.495495000000176], [-70.422103, 8.490994000000114], [-70.43583699999988, 8.49432800000011], [-70.444203, 8.506804000000102], [-70.457079, 8.513285], [-70.45996, 8.518578000000161], [-70.47006799999986, 8.523675], [-70.47239399999984, 8.528277], [-70.484085, 8.523444], [-70.487533, 8.536577], [-70.496706, 8.532223000000101], [-70.495244, 8.538566000000174], [-70.48826, 8.546856], [-70.492989, 8.551393000000132], [-70.49701499999986, 8.564550000000168], [-70.49001599999986, 8.566701], [-70.483143, 8.579175], [-70.48302299999989, 8.583640000000173]]]}}, {"type": "Feature", "properties": {"parroquia": "Libertad", "municipio": "Rojas", "estado": "Barinas", "pcode": "VE061001", "estado_pcode": "VE06", "municipio_pcode": "VE0610", "center_lat": 8.378723, "center_lon": -69.6029796, "area_sqkm": 169.12549973}, "geometry": {"type": "Polygon", "coordinates": [[[-69.617362, 8.297462000000166], [-69.6036529999999, 8.326041], [-69.5402969999999, 8.367378000000144], [-69.51810299999988, 8.413461], [-69.51010099999985, 8.46079], [-69.610239, 8.43307300000015], [-69.68790599999988, 8.364681000000132], [-69.68468, 8.357493], [-69.679303, 8.352967], [-69.6737389999999, 8.349543], [-69.67115, 8.350438], [-69.667783, 8.346303], [-69.657595, 8.344760000000122], [-69.65061, 8.334079], [-69.63538199999988, 8.327494], [-69.636145, 8.323913], [-69.63317099999989, 8.321288000000152], [-69.634168, 8.309599], [-69.63121699999988, 8.308904], [-69.63221, 8.304381], [-69.626656, 8.297526000000119], [-69.617362, 8.297462000000166]]]}}, {"type": "Feature", "properties": {"parroquia": "Dolores", "municipio": "Rojas", "estado": "Barinas", "pcode": "VE061002", "estado_pcode": "VE06", "municipio_pcode": "VE0610", "center_lat": 8.3117515, "center_lon": -69.54755903, "area_sqkm": 256.55292938}, "geometry": {"type": "Polygon", "coordinates": [[[-69.617362, 8.297462000000166], [-69.616006, 8.289236], [-69.612618, 8.28539400000011], [-69.5989009999999, 8.27852200000018], [-69.597341, 8.264439], [-69.585171, 8.254973000000177], [-69.58132499999988, 8.24796], [-69.58165199999985, 8.240932000000157], [-69.5771979999999, 8.2459530000001], [-69.575747, 8.244227000000137], [-69.578701, 8.239938000000166], [-69.572981, 8.24275200000011], [-69.57478299999985, 8.236072], [-69.57178599999986, 8.236364], [-69.570381, 8.233398000000136], [-69.567545, 8.234563], [-69.563427, 8.219487], [-69.55840499999982, 8.211736000000144], [-69.546329, 8.205783000000167], [-69.53521299999989, 8.208723], [-69.524887, 8.204933], [-69.516355, 8.20682], [-69.517487, 8.20409], [-69.513668, 8.193285000000117], [-69.519321, 8.187601], [-69.522279, 8.178444000000127], [-69.525762, 8.176568], [-69.525562, 8.166186], [-69.518163, 8.16525], [-69.5234, 8.159543], [-69.519459, 8.159189], [-69.513287, 8.149459], [-69.516633, 8.145814], [-69.506612, 8.137638], [-69.486295, 8.26266], [-69.479183, 8.469932], [-69.51010099999985, 8.46079], [-69.51810299999988, 8.413461], [-69.5402969999999, 8.367378000000144], [-69.6036529999999, 8.326041], [-69.617362, 8.297462000000166]]]}}, {"type": "Feature", "properties": {"parroquia": "Palacios Fajardo", "municipio": "Rojas", "estado": "Barinas", "pcode": "VE061003", "estado_pcode": "VE06", "municipio_pcode": "VE0610", "center_lat": 8.62801906, "center_lon": -69.76381772, "area_sqkm": 443.48518474}, "geometry": {"type": "Polygon", "coordinates": [[[-69.69312387699995, 8.708134681000047], [-69.70896408099998, 8.715691271000026], [-69.71658438799989, 8.711583131000111], [-69.71972152399991, 8.713176157000078], [-69.72224668099994, 8.724220394000042], [-69.73294511299991, 8.719066222000095], [-69.73757832599995, 8.722452271000066], [-69.74306360499992, 8.7332304950001], [-69.75190312799998, 8.734677866000027], [-69.75191199999989, 8.690102], [-69.82747099999989, 8.676488], [-69.84413399999988, 8.64843100000013], [-69.92563299999989, 8.607822000000112], [-69.905368, 8.603305], [-69.905532, 8.600687], [-69.89934, 8.596187], [-69.88963, 8.595615000000123], [-69.883024, 8.58849800000013], [-69.88044099999985, 8.579498000000115], [-69.883055, 8.575984000000119], [-69.872517, 8.571531000000107], [-69.868434, 8.56062500000013], [-69.863975, 8.556699], [-69.86790899999988, 8.55121], [-69.86069799999984, 8.549948], [-69.863849, 8.539958], [-69.860685, 8.537386], [-69.863096, 8.527902000000154], [-69.839277, 8.513989], [-69.836625, 8.506687], [-69.833311, 8.527174000000116], [-69.831202, 8.524310000000128], [-69.8156479999999, 8.520488], [-69.813731, 8.522246], [-69.81407, 8.530769], [-69.808385, 8.529752], [-69.805296, 8.525001], [-69.799604, 8.527962000000116], [-69.797594, 8.522823000000187], [-69.799829, 8.517388], [-69.794301, 8.511897000000147], [-69.610211, 8.576831], [-69.69312387699995, 8.708134681000047]]]}}, {"type": "Feature", "properties": {"parroquia": "Santa Rosa", "municipio": "Rojas", "estado": "Barinas", "pcode": "VE061004", "estado_pcode": "VE06", "municipio_pcode": "VE0610", "center_lat": 8.46925, "center_lon": -69.64919515, "area_sqkm": 520.85927524}, "geometry": {"type": "Polygon", "coordinates": [[[-69.68790599999988, 8.364681000000132], [-69.610239, 8.43307300000015], [-69.51010099999985, 8.46079], [-69.479183, 8.469932], [-69.477016, 8.53310400000015], [-69.487333, 8.55672200000015], [-69.56840099999982, 8.510625], [-69.610211, 8.576831], [-69.794301, 8.511897000000147], [-69.799829, 8.517388], [-69.797594, 8.522823000000187], [-69.799604, 8.527962000000116], [-69.805296, 8.525001], [-69.808385, 8.529752], [-69.81407, 8.530769], [-69.813731, 8.522246], [-69.8156479999999, 8.520488], [-69.831202, 8.524310000000128], [-69.833311, 8.527174000000116], [-69.836625, 8.506687], [-69.831454, 8.49858200000017], [-69.8312959999999, 8.493804], [-69.827299, 8.493139], [-69.821134, 8.486755000000187], [-69.825065, 8.484321], [-69.8212999999999, 8.481520000000103], [-69.816734, 8.469969], [-69.819002, 8.466433], [-69.815847, 8.45316], [-69.817169, 8.448544], [-69.812873, 8.446041], [-69.813159, 8.435684000000151], [-69.817689, 8.43552300000016], [-69.81521799999985, 8.433135000000107], [-69.80946399999982, 8.433548], [-69.808636, 8.429116], [-69.80577099999988, 8.429392], [-69.80531599999989, 8.421447], [-69.796078, 8.415614000000119], [-69.784838, 8.403075000000172], [-69.78161299999988, 8.392948], [-69.77886299999989, 8.393866000000116], [-69.77164, 8.383416], [-69.76057, 8.386767], [-69.75823899999983, 8.384103], [-69.749782, 8.383826], [-69.747636, 8.381621], [-69.742227, 8.384169000000156], [-69.73980299999988, 8.381688], [-69.734649, 8.383709000000124], [-69.726197, 8.379114], [-69.719379, 8.380560000000173], [-69.716356, 8.377504], [-69.71381, 8.381063], [-69.70760599999988, 8.37137], [-69.704554, 8.37316], [-69.70326399999988, 8.370175000000131], [-69.705948, 8.367098], [-69.70051499999988, 8.369416], [-69.699111, 8.365259000000151], [-69.692735, 8.364614], [-69.690729, 8.361858], [-69.68790599999988, 8.364681000000132]]]}}, {"type": "Feature", "properties": {"parroquia": "Simón Rodríguez", "municipio": "Rojas", "estado": "Barinas", "pcode": "VE061005", "estado_pcode": "VE06", "municipio_pcode": "VE0610", "center_lat": 8.62862588, "center_lon": -69.58240367, "area_sqkm": 278.70650375}, "geometry": {"type": "Polygon", "coordinates": [[[-69.57393107799999, 8.719780129000128], [-69.58072075599989, 8.727884208000148], [-69.59908454599992, 8.73108818300011], [-69.6102580129999, 8.729060078000089], [-69.62038946099983, 8.733154125], [-69.6342070149999, 8.728746951000062], [-69.63714316399995, 8.734515068000064], [-69.65014766399992, 8.72498777900006], [-69.65259870799986, 8.71297150200013], [-69.65769493599998, 8.716222539000114], [-69.65954804099994, 8.721093644000177], [-69.66475025399996, 8.720833614000128], [-69.6586599549999, 8.711613432000036], [-69.66147704599985, 8.70643630000012], [-69.66699727899999, 8.7075772930001], [-69.67571470499996, 8.718596499000057], [-69.68527808199997, 8.714219360000186], [-69.68902121199994, 8.708334197000056], [-69.69312387699995, 8.708134681000047], [-69.610211, 8.576831], [-69.56840099999982, 8.510625], [-69.487333, 8.55672200000015], [-69.550731, 8.688646], [-69.55058008299994, 8.693129126000088], [-69.55590156099998, 8.698450658000013], [-69.56369888399996, 8.696458579000137], [-69.56049884999987, 8.715700033000019], [-69.57393107799999, 8.719780129000128]]]}}, {"type": "Feature", "properties": {"parroquia": "Ciudad de Nutrias", "municipio": "Sosa", "estado": "Barinas", "pcode": "VE061101", "estado_pcode": "VE06", "municipio_pcode": "VE0611", "center_lat": 8.186235, "center_lon": -69.22787471, "area_sqkm": 702.87892236}, "geometry": {"type": "Polygon", "coordinates": [[[-69.468511, 8.088217], [-69.055323, 8.08903400000014], [-69.050086, 8.09333700000019], [-69.05074, 8.098086], [-69.047968, 8.099216], [-69.043504, 8.095921000000146], [-69.042702, 8.08470100000011], [-69.033057, 8.092478], [-69.026626, 8.10194700000011], [-69.023829, 8.101539000000116], [-69.00908, 8.111392], [-69.004458, 8.110414], [-68.999389, 8.10461800000013], [-68.992962, 8.104723], [-69.00168899999989, 8.160793], [-69.018174, 8.167369], [-69.022978, 8.165638000000172], [-69.04874699999982, 8.168843000000152], [-69.056543, 8.174609], [-69.061049, 8.174623], [-69.0609639999999, 8.178983000000187], [-69.06387499999988, 8.178243], [-69.069987, 8.18571100000014], [-69.072405, 8.195045], [-69.079223, 8.195742], [-69.083738, 8.186759000000166], [-69.088062, 8.187920000000133], [-69.09415399999989, 8.197063], [-69.094582, 8.204292], [-69.105965, 8.211816], [-69.108638, 8.220462], [-69.124877, 8.229627], [-69.130977, 8.228512], [-69.137507, 8.222966], [-69.16071299999987, 8.237345], [-69.16653599999984, 8.23673500000018], [-69.178432, 8.245151], [-69.191631, 8.246886], [-69.198322, 8.252537], [-69.212949, 8.274899], [-69.221368, 8.27715000000012], [-69.222188, 8.282908000000134], [-69.227905, 8.28684], [-69.302472, 8.219763000000114], [-69.506612, 8.137638], [-69.509244, 8.132728000000156], [-69.499786, 8.120659], [-69.495118, 8.120376], [-69.489204, 8.111743], [-69.48294599999986, 8.11272700000012], [-69.474108, 8.09960500000011], [-69.469928, 8.10000900000017], [-69.467164, 8.094165000000146], [-69.468511, 8.088217]]]}}, {"type": "Feature", "properties": {"parroquia": "El Regalo", "municipio": "Sosa", "estado": "Barinas", "pcode": "VE061102", "estado_pcode": "VE06", "municipio_pcode": "VE0611", "center_lat": 8.33920363, "center_lon": -69.18637139, "area_sqkm": 553.98157954}, "geometry": {"type": "Polygon", "coordinates": [[[-68.94679636799987, 8.184138154000038], [-68.95436059899998, 8.184213916999965], [-68.95883482799991, 8.191974077000111], [-68.96118701299986, 8.208560440000099], [-68.95922494599995, 8.21281754800009], [-68.96433916699988, 8.214949572000137], [-68.96321314499988, 8.220281700000044], [-68.96989051499992, 8.238177065000059], [-68.97240662699994, 8.23802605600008], [-68.97340165299994, 8.234186965000106], [-68.98051794999998, 8.235021948], [-68.98107399499997, 8.239496049000081], [-68.99011239099997, 8.241353046000029], [-68.99029241499994, 8.244635114000118], [-68.99745274499998, 8.24925819400005], [-69.00635510999996, 8.24841712600005], [-69.0048340699999, 8.253874260000032], [-69.0071871799999, 8.254012249000027], [-69.00661115999992, 8.25648930400007], [-69.01438750399996, 8.25857831900015], [-69.01752665399988, 8.263326411000094], [-69.03621848999995, 8.271953518999965], [-69.03603449599996, 8.274155563000079], [-69.03287336199998, 8.274245580000184], [-69.0334503979999, 8.276355632000161], [-69.04090472999985, 8.280393690000096], [-69.04344386399998, 8.284704770000133], [-69.04699700299989, 8.282344700000067], [-69.05064316499994, 8.285578752000163], [-69.05588138399992, 8.28447870499997], [-69.05507536999994, 8.289385818000028], [-69.0619496509999, 8.286360715000114], [-69.0703740269999, 8.28991675800006], [-69.07100008999993, 8.29890596000007], [-69.07702133799995, 8.295948868000039], [-69.08422266299993, 8.299733913000125], [-69.08696473099997, 8.29138771700002], [-69.0905878989999, 8.293612743000097], [-69.10101632299995, 8.290679622000141], [-69.10207938399998, 8.29443971100011], [-69.09095994899997, 8.300055895000128], [-69.09440212899983, 8.307279038000104], [-69.09299710199991, 8.313837199000147], [-69.09588121399997, 8.311705136], [-69.10165349399995, 8.319594279000057], [-69.09916441999997, 8.325555435000183], [-69.10912089299995, 8.335570612000083], [-69.11632718999988, 8.335722579000105], [-69.12670665999991, 8.34071364500005], [-69.12680868199993, 8.346061766], [-69.13732815599997, 8.35146582900012], [-69.14082532499998, 8.35653393400014], [-69.14363950299992, 8.366768150000155], [-69.13819133699991, 8.380434492000063], [-69.14288555399997, 8.382975531000056], [-69.13854938399987, 8.38647063000019], [-69.13303622499996, 8.402593022000076], [-69.13498032399997, 8.404518061000147], [-69.13945549099998, 8.400999948999981], [-69.14040955599995, 8.40478703499997], [-69.12099877899988, 8.41325932500007], [-69.11468949999994, 8.412028322000083], [-69.11267044899995, 8.419215497000096], [-69.11528157099997, 8.419946510000102], [-69.1149855669999, 8.422311567000122], [-69.11019139299998, 8.427780709000046], [-69.11013141799992, 8.433175837000022], [-69.12099488299992, 8.435962847000042], [-69.12723014699998, 8.435035797000069], [-69.12751316999993, 8.438042856000095], [-69.1310003189999, 8.437510832000157], [-69.13054731999989, 8.442216938000172], [-69.13818368299997, 8.448634051000056], [-69.14743503799991, 8.442216855000026], [-69.15441734999996, 8.445260894000114], [-69.16353571699995, 8.441552762000072], [-69.1664038479999, 8.443200789000116], [-69.17243516599996, 8.45586404300019], [-69.17757140099997, 8.459277099000133], [-69.17597838799986, 8.471147377000136], [-69.19068904899996, 8.47950449700005], [-69.19013513999994, 8.502552031000107], [-69.19396334099997, 8.509892173000082], [-69.19025164099997, 8.51730418699998], [-69.28704, 8.46987], [-69.26337699999988, 8.388924000000145], [-69.253701, 8.376409], [-69.259129, 8.36658800000015], [-69.255937, 8.365764000000183], [-69.257851, 8.357277000000181], [-69.249909, 8.342926], [-69.25022299999989, 8.329555], [-69.24371899999988, 8.3223], [-69.243613, 8.304585000000145], [-69.24005499999987, 8.294313], [-69.235653, 8.28962], [-69.227905, 8.28684], [-69.222188, 8.282908000000134], [-69.221368, 8.27715000000012], [-69.212949, 8.274899], [-69.198322, 8.252537], [-69.191631, 8.246886], [-69.178432, 8.245151], [-69.16653599999984, 8.23673500000018], [-69.16071299999987, 8.237345], [-69.137507, 8.222966], [-69.130977, 8.228512], [-69.124877, 8.229627], [-69.108638, 8.220462], [-69.105965, 8.211816], [-69.094582, 8.204292], [-69.09415399999989, 8.197063], [-69.088062, 8.187920000000133], [-69.083738, 8.186759000000166], [-69.079223, 8.195742], [-69.072405, 8.195045], [-69.069987, 8.18571100000014], [-69.06387499999988, 8.178243], [-69.0609639999999, 8.178983000000187], [-69.061049, 8.174623], [-69.056543, 8.174609], [-69.04874699999982, 8.168843000000152], [-69.022978, 8.165638000000172], [-69.018174, 8.167369], [-69.00168899999989, 8.160793], [-68.94679636799987, 8.184138154000038]]]}}, {"type": "Feature", "properties": {"parroquia": "Puerto de Nutrias", "municipio": "Sosa", "estado": "Barinas", "pcode": "VE061103", "estado_pcode": "VE06", "municipio_pcode": "VE0611", "center_lat": 8.04222134, "center_lon": -69.0615617, "area_sqkm": 303.31946902}, "geometry": {"type": "Polygon", "coordinates": [[[-68.992962, 8.104723], [-68.999389, 8.10461800000013], [-69.004458, 8.110414], [-69.00908, 8.111392], [-69.023829, 8.101539000000116], [-69.026626, 8.10194700000011], [-69.033057, 8.092478], [-69.042702, 8.08470100000011], [-69.043504, 8.095921000000146], [-69.047968, 8.099216], [-69.05074, 8.098086], [-69.050086, 8.09333700000019], [-69.055323, 8.08903400000014], [-69.468511, 8.088217], [-69.469509, 8.081009000000165], [-69.464028, 8.078547], [-69.463719, 8.075198], [-69.4566329999999, 8.068634000000145], [-69.45421199999987, 8.070822], [-69.45141, 8.067801000000145], [-69.444103, 8.07429500000012], [-69.435688, 8.071521], [-69.43421999999987, 8.075794000000144], [-69.43107, 8.072706], [-69.4286469999999, 8.073883000000137], [-69.430708, 8.068831000000102], [-69.42554865299996, 8.067029429000172], [-69.41813461899989, 8.068204090999984], [-69.41524348499996, 8.065769058000058], [-69.40132089099995, 8.064442093000139], [-69.38547316599994, 8.051278872000182], [-69.37511171299997, 8.04964088600019], [-69.36774942299985, 8.05365700600015], [-69.35661696299996, 8.055268098], [-69.33949122699988, 8.050902078000092], [-69.32400158299998, 8.053567212000132], [-69.30321969399989, 8.0510472630001], [-69.26787523999991, 8.057750572000089], [-69.25658079599987, 8.064776786000039], [-69.25161257799994, 8.06368478200011], [-69.24595731199997, 8.058193687000085], [-69.21053385999994, 8.066728044000172], [-69.17623135899998, 8.055684967000161], [-69.17040307699995, 8.048237831], [-69.16309576299994, 8.044923787000073], [-69.14776412499998, 8.049054946000012], [-69.14106583399996, 8.045221900000115], [-69.13465751199982, 8.035398703000112], [-69.12423502799999, 8.026724563000073], [-69.12134177099995, 7.997940927000059], [-69.11502947299982, 7.990950805000068], [-69.10930222699994, 7.990571820000071], [-69.10227295999994, 7.995832974], [-69.08383519599994, 7.999462140999981], [-69.07834493799999, 7.995321076000096], [-69.07823492099993, 7.991971995000029], [-69.06476330799995, 7.981939843000077], [-69.04574746499998, 7.972812729000168], [-69.03827617699994, 7.979057900999976], [-69.03608416799995, 7.997077314000137], [-69.03275904499998, 8.001086415000088], [-69.02153258199996, 8.002778510000041], [-69.00986104899988, 7.995850412000038], [-68.99864856899995, 7.993836420000036], [-68.99235231699993, 7.996606507000138], [-68.98450801299998, 8.004523715000119], [-68.97816375299993, 8.006223835000071], [-68.992962, 8.104723]]]}}, {"type": "Feature", "properties": {"parroquia": "Santa Catalina", "municipio": "Sosa", "estado": "Barinas", "pcode": "VE061104", "estado_pcode": "VE06", "municipio_pcode": "VE0611", "center_lat": 8.05534139, "center_lon": -68.84760077, "area_sqkm": 779.06751349}, "geometry": {"type": "Polygon", "coordinates": [[[-68.82291465199995, 8.10589376900009], [-68.81932246499991, 8.098328616], [-68.82664074599995, 8.092666452000117], [-68.8366351599999, 8.09123637500005], [-68.84263045199992, 8.098202496000056], [-68.8501057389999, 8.092095323000024], [-68.85445892199994, 8.092608318000146], [-68.86375336599997, 8.102228499000034], [-68.86105726699992, 8.104394558000081], [-68.8666905049999, 8.105391555999972], [-68.86844959999996, 8.108569613000157], [-68.87310976999999, 8.10330047399998], [-68.86837660899988, 8.112748711000052], [-68.87117975099989, 8.115267753000126], [-68.88135417999985, 8.11552471500005], [-68.88560739099995, 8.123612873000127], [-68.88307131199997, 8.127402967000023], [-68.88743949899992, 8.129682007000099], [-68.88459040899983, 8.135716150000121], [-68.89271277399996, 8.139418202], [-68.89145377699998, 8.150260444000082], [-68.90326628799988, 8.153208464000102], [-68.90434430899995, 8.147555328000067], [-68.90781147699994, 8.152771428000165], [-68.91898395399994, 8.152668376000179], [-68.9189399949999, 8.161783580000133], [-68.92356218599991, 8.162586576000137], [-68.92631135199991, 8.1716867720001], [-68.93671781199987, 8.174984791000043], [-68.94020497399998, 8.179443883000033], [-68.94627023399994, 8.178241827000022], [-68.94679636799987, 8.184138154000038], [-69.00168899999989, 8.160793], [-68.992962, 8.104723], [-68.97816375299993, 8.006223835000071], [-68.96407611999996, 7.996955651000064], [-68.9599069119999, 7.990300515000115], [-68.95680067299992, 7.967892023], [-68.93401463999993, 7.952578797000058], [-68.93361058199997, 7.944174604000068], [-68.93976177899992, 7.930527268999981], [-68.93776667199995, 7.924903157000074], [-68.92571511499989, 7.915639002000148], [-68.89523181599992, 7.913306089000116], [-68.87993776999997, 7.896862520000184], [-68.87049668499998, 7.896642827], [-68.86223336099988, 7.900828963000151], [-68.85136990099988, 7.901756032000037], [-68.82047067299999, 7.892991961000121], [-68.80713101099997, 7.897674153000082], [-68.79083628799992, 7.89159709200004], [-68.78464302299994, 7.891668120000077], [-68.77658170099988, 7.89570924100002], [-68.76914643399994, 7.905121492000148], [-68.7633471929999, 7.907211564000079], [-68.74104421499999, 7.901524540000082], [-68.71812225899998, 7.904189707000057], [-68.69474535999996, 7.924160259000075], [-68.67348546899984, 7.927373436999972], [-68.64883146699992, 7.938229787000125], [-68.64194722499991, 7.948374057000137], [-68.64228051199996, 7.954567427000086], [-68.763364, 8.135237000000132], [-68.7719259999999, 8.133150000000114], [-68.774111, 8.129614], [-68.771937, 8.124928000000125], [-68.77346199999988, 8.120159], [-68.787113, 8.120225], [-68.797639, 8.113318], [-68.80319399999985, 8.116040000000169], [-68.809108, 8.115244000000189], [-68.8125639999999, 8.113761], [-68.815506, 8.107185], [-68.82291465199995, 8.10589376900009]]]}}, {"type": "Feature", "properties": {"parroquia": "Simón Bolívar", "municipio": "Sosa", "estado": "Barinas", "pcode": "VE061105", "estado_pcode": "VE06", "municipio_pcode": "VE0611", "center_lat": 8.429397, "center_lon": -69.37789118, "area_sqkm": 1329.86246904}, "geometry": {"type": "Polygon", "coordinates": [[[-69.52265212299994, 8.69007563700012], [-69.52760233299989, 8.68933559800007], [-69.52964037599997, 8.68275644199997], [-69.53310753099987, 8.682768415], [-69.53497663099989, 8.689062550000074], [-69.52849539699992, 8.696681762000026], [-69.53133854799995, 8.702130870000076], [-69.53835979499996, 8.692562613000177], [-69.54777218899989, 8.691126539000038], [-69.55058008299994, 8.693129126000088], [-69.550731, 8.688646], [-69.487333, 8.55672200000015], [-69.477016, 8.53310400000015], [-69.479183, 8.469932], [-69.486295, 8.26266], [-69.506612, 8.137638], [-69.302472, 8.219763000000114], [-69.227905, 8.28684], [-69.235653, 8.28962], [-69.24005499999987, 8.294313], [-69.243613, 8.304585000000145], [-69.24371899999988, 8.3223], [-69.25022299999989, 8.329555], [-69.249909, 8.342926], [-69.257851, 8.357277000000181], [-69.255937, 8.365764000000183], [-69.259129, 8.36658800000015], [-69.253701, 8.376409], [-69.26337699999988, 8.388924000000145], [-69.28704, 8.46987], [-69.19025164099997, 8.51730418699998], [-69.19734060299999, 8.534127714000135], [-69.20639698399998, 8.533517650000078], [-69.21137120699996, 8.5363106960001], [-69.21661253499991, 8.555998121000187], [-69.23308822599995, 8.55567402500003], [-69.2371144089999, 8.558261068000093], [-69.23652540799986, 8.563588192000168], [-69.24059358499994, 8.564155181000103], [-69.24567685299996, 8.574408391000077], [-69.24847497299993, 8.575229406000062], [-69.24827999899998, 8.580900537000048], [-69.25320024799993, 8.590211722000163], [-69.26086355599995, 8.586319595000077], [-69.26787587699988, 8.590692653000076], [-69.27328816399995, 8.602688906000083], [-69.28462366499997, 8.60744395800009], [-69.28575070699986, 8.605100903999983], [-69.28897285699992, 8.609089978000043], [-69.28483172699993, 8.617383184000175], [-69.2871898279999, 8.617632175999972], [-69.28554379299999, 8.62537036200007], [-69.2820296669999, 8.629912492000187], [-69.28560085999999, 8.636189614000159], [-69.29143010899992, 8.63816563500012], [-69.29602329099998, 8.636425569000039], [-69.29970748899984, 8.642855698000119], [-69.30364565999997, 8.644192702999987], [-69.31607912699997, 8.633453397000153], [-69.31983630199989, 8.635685434000152], [-69.32679358299998, 8.634738372000129], [-69.33494794399985, 8.637617395000063], [-69.34421432999994, 8.636223313000187], [-69.34609841499997, 8.638349358000141], [-69.35727189899995, 8.639149316000044], [-69.37115944699991, 8.631909077999978], [-69.37704966299992, 8.625688906000107], [-69.38487301999993, 8.631734006000045], [-69.3888211819999, 8.630408952000039], [-69.39077629399998, 8.637672109000164], [-69.40257082599999, 8.642390156000147], [-69.41534243399997, 8.657473443000185], [-69.42775599699996, 8.664948550000076], [-69.45007696399995, 8.66981755200004], [-69.48771453099988, 8.667386295000028], [-69.49750497399992, 8.672643372000095], [-69.50141012699999, 8.671534330000156], [-69.51419769299997, 8.676341369000056], [-69.52476817699988, 8.683072474000028], [-69.52265212299994, 8.69007563700012]]]}}, {"type": "Feature", "properties": {"parroquia": "El Cantón", "municipio": "Andrés Eloy Blanco", "estado": "Barinas", "pcode": "VE061201", "estado_pcode": "VE06", "municipio_pcode": "VE0612", "center_lat": 7.5269935, "center_lon": -70.86226502, "area_sqkm": 659.88637682}, "geometry": {"type": "Polygon", "coordinates": [[[-70.729527, 7.654831000000115], [-70.73366399999986, 7.653270000000134], [-70.737655, 7.642019], [-70.749088, 7.638711], [-70.752959, 7.635167], [-70.755238, 7.630212], [-70.75074099999989, 7.622669], [-70.752238, 7.617457], [-70.755876, 7.611377], [-70.76244999999989, 7.610574], [-70.7635279999999, 7.607148000000109], [-70.769541, 7.60358900000017], [-70.77784, 7.60401800000011], [-70.785428, 7.608014], [-70.79398, 7.59806500000019], [-70.805158, 7.592543000000148], [-70.819452, 7.594200000000114], [-70.821893, 7.590078000000119], [-70.821405, 7.58361], [-70.824492, 7.580961], [-70.836548, 7.580121000000133], [-70.85024199999987, 7.583651], [-70.851707, 7.578693000000101], [-70.858513, 7.575760000000116], [-70.867272, 7.56572100000011], [-70.86759599999982, 7.560294000000113], [-70.873718, 7.562212], [-70.881918, 7.559682000000123], [-70.89625299999983, 7.563377000000116], [-70.90775799999989, 7.560651000000178], [-70.914103, 7.554389], [-70.924602, 7.558458], [-70.937923, 7.557238], [-70.9638149999999, 7.547046], [-70.96753199999989, 7.538079], [-70.976671, 7.537275000000136], [-70.983087, 7.539584], [-70.985574, 7.533491], [-70.993914, 7.532404000000156], [-70.992694, 7.523868000000164], [-71.00450199999989, 7.524521], [-71.007908, 7.516814], [-71.006267, 7.508729], [-71.012154, 7.497462], [-71.028144, 7.487980000000164], [-71.040518, 7.485381], [-71.045649, 7.479108], [-71.056635, 7.474044000000106], [-71.06723399999987, 7.474617], [-71.084415, 7.470205], [-71.090241, 7.47986], [-71.095395, 7.478531], [-71.099362, 7.473499000000118], [-71.10679599999986, 7.474150000000179], [-71.11500099999989, 7.477751], [-71.123365, 7.485745000000122], [-71.132934, 7.486729], [-71.147392, 7.494934000000171], [-71.165711, 7.491857], [-71.18022899999988, 7.477982000000168], [-71.201329, 7.48721600000016], [-71.235483, 7.485849], [-71.253579, 7.479330000000118], [-71.25731599999989, 7.483499000000108], [-71.256418, 7.496139], [-71.259804, 7.499143], [-71.283283, 7.489133000000152], [-71.296857, 7.479862], [-71.301679, 7.481141], [-71.304116, 7.486622], [-71.314487, 7.483340000000112], [-71.31857821699992, 7.488657038000042], [-71.311492, 7.472312000000159], [-71.1764409999999, 7.45040100000017], [-71.06876999999986, 7.448084000000108], [-71.0616169999999, 7.43376000000012], [-71.050427, 7.430751], [-71.049927, 7.420841], [-71.047833, 7.419784000000163], [-71.042831, 7.42574], [-71.045451, 7.434776], [-71.04178699999989, 7.43611], [-71.03715999999986, 7.43404100000015], [-71.035438, 7.427351000000101], [-71.039657, 7.41951], [-71.036899, 7.413072000000113], [-71.034159, 7.41305], [-71.03203299999984, 7.42245400000013], [-71.02321099999989, 7.425605], [-71.00857, 7.419192], [-71.004176, 7.413698], [-70.989036, 7.408932], [-70.982036, 7.399774], [-70.97909, 7.400429000000145], [-70.981198, 7.407583000000159], [-70.97888299999983, 7.411708], [-70.967636, 7.409175], [-70.965648, 7.403741], [-70.962424, 7.402466], [-70.955804, 7.403241], [-70.946511, 7.409305000000188], [-70.924101, 7.400522], [-70.917192, 7.400352000000169], [-70.914614, 7.401011000000153], [-70.912534, 7.408968000000186], [-70.904689, 7.406104], [-70.896128, 7.410090000000139], [-70.8855999999999, 7.404719000000171], [-70.87193299999984, 7.418391], [-70.865385, 7.418752], [-70.860711, 7.422207000000128], [-70.85560799999985, 7.420567000000119], [-70.8520319999999, 7.426557000000116], [-70.844999, 7.431544], [-70.837889, 7.42634900000013], [-70.84115999999989, 7.414462000000185], [-70.839639, 7.41283900000019], [-70.822809, 7.419273], [-70.826517, 7.42472800000013], [-70.819871, 7.434306], [-70.807832, 7.426301], [-70.7975919999999, 7.426183], [-70.790318, 7.421329000000128], [-70.77465399999988, 7.428142], [-70.760858, 7.442706000000157], [-70.752736, 7.439974], [-70.74344899999988, 7.440783000000181], [-70.740095, 7.436593], [-70.733467, 7.435804000000132], [-70.732849, 7.439948000000186], [-70.730082, 7.440505], [-70.729527, 7.654831000000115]]]}}, {"type": "Feature", "properties": {"parroquia": "Santa Cruz de Guacas", "municipio": "Andrés Eloy Blanco", "estado": "Barinas", "pcode": "VE061202", "estado_pcode": "VE06", "municipio_pcode": "VE0612", "center_lat": 7.39761479, "center_lon": -70.96658799, "area_sqkm": 859.24746923}, "geometry": {"type": "Polygon", "coordinates": [[[-71.31865787199996, 7.488972070000159], [-71.3291440619999, 7.478343534000032], [-71.33716637699996, 7.475753449000081], [-71.34785282399997, 7.478951467000172], [-71.36591454499995, 7.474876298000027], [-71.37686302399999, 7.481310375000135], [-71.39242864099992, 7.476663206000126], [-71.39552979499985, 7.482353311000054], [-71.39811689399994, 7.482808311000042], [-71.4016170129999, 7.477646184999969], [-71.41254647899996, 7.482149235000065], [-71.4146595819999, 7.48362025], [-71.41572066599997, 7.492709424000111], [-71.42296198699995, 7.499595538000051], [-71.43201638699992, 7.505520618000162], [-71.44075374099998, 7.505265566000048], [-71.44699401999998, 7.508898619000149], [-71.45604735099988, 7.501124413000127], [-71.47170636599992, 7.497094138000023], [-71.46250720999996, 7.457605946000172], [-71.45440605999988, 7.453410447000067], [-71.45839224999992, 7.460414579000144], [-71.45451010799997, 7.46287664800019], [-71.44857983899993, 7.457584559999987], [-71.44000148399988, 7.456346579000126], [-71.43808337299998, 7.449903450000022], [-71.43141710299989, 7.448444458000097], [-71.42569783399989, 7.442602364999971], [-71.42087265599991, 7.444966430000136], [-71.41229629699995, 7.443291436000095], [-71.41089627399992, 7.450176584000076], [-71.40457898899984, 7.444192496000028], [-71.39514463699993, 7.451150678000033], [-71.39347253599988, 7.445995577000076], [-71.3794609609999, 7.444773621000081], [-71.37445694099995, 7.440245994000179], [-71.37004954099996, 7.436842496000111], [-71.36139520399996, 7.440243606000138], [-71.35295183399995, 7.435855557000082], [-71.34890771599993, 7.445644773000026], [-71.33824326699988, 7.442968769000117], [-71.33160902299994, 7.447183884000083], [-71.32586777499989, 7.445061870000188], [-71.32421468299998, 7.440755786000068], [-71.32035652699989, 7.439172782000185], [-71.30664399299997, 7.445232963000024], [-71.29088030999998, 7.43712787100003], [-71.28843018499998, 7.431554762000133], [-71.27872579699988, 7.433430846000078], [-71.28228791299983, 7.427269712000111], [-71.27853573999988, 7.423687650000033], [-71.27584062999989, 7.423925669000084], [-71.27269453299994, 7.429766798000173], [-71.25848993199997, 7.426310793000084], [-71.25238770199996, 7.430136903000118], [-71.24348032599988, 7.426341868000122], [-71.24144320399995, 7.417575693000174], [-71.23009075399995, 7.421555826000031], [-71.21567716499993, 7.421865903000025], [-71.21334405699997, 7.419508870000129], [-71.21886427599992, 7.416736783000033], [-71.21859721899995, 7.408370612000112], [-71.20580164899997, 7.397475446000158], [-71.20284953699996, 7.39826247600007], [-71.1985122939999, 7.385829244000035], [-71.19029598799989, 7.392537424000182], [-71.18378970099997, 7.387698350000164], [-71.17844348399996, 7.388609391000159], [-71.17645039799999, 7.387150366000128], [-71.17716138399999, 7.377273162000165], [-71.16088067299995, 7.367918048000092], [-71.14688708299991, 7.364159031000042], [-71.13581764699995, 7.367036151000036], [-71.12822331299998, 7.363314107000122], [-71.1188889579999, 7.368407247000164], [-71.11003857399999, 7.363276183000153], [-71.10351634399984, 7.371050377000188], [-71.09712905499998, 7.36588730200009], [-71.08735066599996, 7.368472393000047], [-71.08152637799998, 7.358440212000176], [-71.07588315099997, 7.358935254000073], [-71.07301499699997, 7.35105810400006], [-71.06509366699999, 7.348000072000161], [-71.04123870799998, 7.35215326499997], [-71.03893757899993, 7.345474140000078], [-71.0322173219999, 7.348558229999981], [-71.02533998399991, 7.337991044000148], [-71.01980675999994, 7.339152095000031], [-71.01476352699996, 7.332892992000041], [-71.01381451499992, 7.336955086000046], [-71.01622462699987, 7.341129151000189], [-71.00491515699997, 7.338830161000033], [-70.99787886699994, 7.340198220000161], [-70.99659379699989, 7.336333144000093], [-70.98835243899987, 7.331635082000048], [-70.9885634339999, 7.327394004000155], [-70.98633433599997, 7.326153983000154], [-70.97527188399982, 7.328324072000044], [-70.96780256599999, 7.323755019000089], [-70.96309533799996, 7.316596888000163], [-70.96172424299994, 7.30854672800001], [-70.94737764799993, 7.307044762000089], [-70.9427754749999, 7.309722845000067], [-70.93339607899998, 7.307742845], [-70.92217262699984, 7.310873960000038], [-70.9164414139999, 7.315868082000065], [-70.90453590099992, 7.310491030000151], [-70.89427450999989, 7.315663179000069], [-70.8899463439999, 7.320658300000105], [-70.88385508099998, 7.317992278000133], [-70.87775685999998, 7.322067379999964], [-70.87565680199992, 7.328967539000075], [-70.88156902999998, 7.327185471000064], [-70.88351912699994, 7.330374531000132], [-70.87452476899995, 7.333667642000023], [-70.86602140699983, 7.329416587000082], [-70.86098319799999, 7.330764640000154], [-70.85657599899992, 7.32445352600007], [-70.84854966299997, 7.32501857200009], [-70.84549552499988, 7.321322510000186], [-70.83915025399995, 7.319527501000039], [-70.84272237499994, 7.313225362000082], [-70.83075790199996, 7.318921530000125], [-70.81862338599996, 7.313152461000186], [-70.80921600499988, 7.315159554000047], [-70.80271071999994, 7.312674531000027], [-70.80276669199998, 7.305061366000132], [-70.79619141999996, 7.304159378000122], [-70.78718602099991, 7.29795629500012], [-70.77048335599994, 7.303439476000051], [-70.7623749899999, 7.296962387000121], [-70.75494868599998, 7.296310400000095], [-70.74882339199996, 7.286395230000039], [-70.74536825999996, 7.289968314000077], [-70.74572232399998, 7.300059517000079], [-70.74319122299988, 7.300743548000071], [-70.73625591199993, 7.294657455000049], [-70.73205378699993, 7.306026704000033], [-70.72206134399988, 7.29872060200006], [-70.71768816999997, 7.301007660000096], [-70.71397099099988, 7.295337565000182], [-70.70173747499996, 7.293101571000079], [-70.69403517099994, 7.294323638000037], [-70.68688992599982, 7.30493188700018], [-70.68302682599995, 7.319145189000039], [-70.66101293099996, 7.322323358], [-70.6443832839999, 7.332395634000136], [-70.62204035599996, 7.330313697000065], [-70.61692012099991, 7.325328609000053], [-70.61048284999993, 7.324102620000133], [-70.58927303999997, 7.33775799100016], [-70.57803759699982, 7.341423123000027], [-70.55666977899995, 7.356068517000097], [-70.55109860799996, 7.370896847999973], [-70.54711145699991, 7.374238941000044], [-70.52863570599993, 7.376046064000093], [-70.52117135599997, 7.367178910000064], [-70.51660316899995, 7.367205928000146], [-70.50946390299987, 7.374449114000129], [-70.50917491599995, 7.377937186000054], [-70.5152622889999, 7.407044763000101], [-70.50139268099997, 7.414928730999975], [-70.5166789999999, 7.417068], [-70.53154099999989, 7.41468], [-70.535226, 7.411652], [-70.543928, 7.411826], [-70.55335799999983, 7.416711000000134], [-70.56212, 7.413629000000185], [-70.564476, 7.410286000000156], [-70.57047, 7.41230800000011], [-70.571619, 7.408125], [-70.57395, 7.411249000000112], [-70.57715599999989, 7.409958], [-70.581344, 7.413311], [-70.583268, 7.409619], [-70.584452, 7.41261500000013], [-70.588044, 7.409768], [-70.58863799999989, 7.412115000000142], [-70.5956379999999, 7.414492], [-70.597677, 7.412911000000122], [-70.594282, 7.410485000000108], [-70.595148, 7.406895], [-70.598936, 7.407055000000184], [-70.599473, 7.404172000000187], [-70.606163, 7.405513000000155], [-70.61061, 7.412516], [-70.611603, 7.407895], [-70.61548, 7.410327], [-70.62486, 7.401013000000148], [-70.629551, 7.400358], [-70.630609, 7.404384000000164], [-70.639264, 7.402607], [-70.643814, 7.395986], [-70.64801, 7.396564], [-70.653305, 7.393164000000127], [-70.686965, 7.393540000000144], [-70.69207, 7.390711], [-70.713857, 7.393261000000166], [-70.730967, 7.382224000000178], [-70.730082, 7.440505], [-70.732849, 7.439948000000186], [-70.733467, 7.435804000000132], [-70.740095, 7.436593], [-70.74344899999988, 7.440783000000181], [-70.752736, 7.439974], [-70.760858, 7.442706000000157], [-70.77465399999988, 7.428142], [-70.790318, 7.421329000000128], [-70.7975919999999, 7.426183], [-70.807832, 7.426301], [-70.819871, 7.434306], [-70.826517, 7.42472800000013], [-70.822809, 7.419273], [-70.839639, 7.41283900000019], [-70.84115999999989, 7.414462000000185], [-70.837889, 7.42634900000013], [-70.844999, 7.431544], [-70.8520319999999, 7.426557000000116], [-70.85560799999985, 7.420567000000119], [-70.860711, 7.422207000000128], [-70.865385, 7.418752], [-70.87193299999984, 7.418391], [-70.8855999999999, 7.404719000000171], [-70.896128, 7.410090000000139], [-70.904689, 7.406104], [-70.912534, 7.408968000000186], [-70.914614, 7.401011000000153], [-70.917192, 7.400352000000169], [-70.924101, 7.400522], [-70.946511, 7.409305000000188], [-70.955804, 7.403241], [-70.962424, 7.402466], [-70.965648, 7.403741], [-70.967636, 7.409175], [-70.97888299999983, 7.411708], [-70.981198, 7.407583000000159], [-70.97909, 7.400429000000145], [-70.982036, 7.399774], [-70.989036, 7.408932], [-71.004176, 7.413698], [-71.00857, 7.419192], [-71.02321099999989, 7.425605], [-71.03203299999984, 7.42245400000013], [-71.034159, 7.41305], [-71.036899, 7.413072000000113], [-71.039657, 7.41951], [-71.035438, 7.427351000000101], [-71.03715999999986, 7.43404100000015], [-71.04178699999989, 7.43611], [-71.045451, 7.434776], [-71.042831, 7.42574], [-71.047833, 7.419784000000163], [-71.049927, 7.420841], [-71.050427, 7.430751], [-71.0616169999999, 7.43376000000012], [-71.06876999999986, 7.448084000000108], [-71.1764409999999, 7.45040100000017], [-71.311492, 7.472312000000159], [-71.31857821699992, 7.488657038000042], [-71.31865787199996, 7.488972070000159]]]}}, {"type": "Feature", "properties": {"parroquia": "Puerto Vivas", "municipio": "Andrés Eloy Blanco", "estado": "Barinas", "pcode": "VE061203", "estado_pcode": "VE06", "municipio_pcode": "VE0612", "center_lat": 7.48203546, "center_lon": -71.63550031, "area_sqkm": 393.59441071}, "geometry": {"type": "Polygon", "coordinates": [[[-71.61927621299998, 7.521267957000077], [-71.62751442099983, 7.52037101000019], [-71.63836790599998, 7.529601142000047], [-71.64703320999985, 7.520259916000043], [-71.65075640599997, 7.530592110000157], [-71.65960776699995, 7.530104053], [-71.66230689799988, 7.535094151000067], [-71.69126813499992, 7.547633268000084], [-71.69777736099991, 7.538941056000112], [-71.70441564599992, 7.541807086000119], [-71.70970685399993, 7.539679014000114], [-71.72045831499992, 7.545398077000129], [-71.72283039199988, 7.541008985000076], [-71.7221113089999, 7.531171782000172], [-71.72456140199995, 7.52999375100012], [-71.7337818129999, 7.537299852000046], [-71.74360222199994, 7.53870983600018], [-71.75303858399991, 7.534570708000047], [-71.76452109999997, 7.546248898000101], [-71.76935429699995, 7.544487837000133], [-71.77035332399998, 7.541456774000096], [-71.76547506499998, 7.529342545000077], [-71.78107968199993, 7.525180389000127], [-71.78987404799989, 7.528267410000012], [-71.78458588099988, 7.538354639000033], [-71.78764202099995, 7.54022366300012], [-71.79744439199993, 7.535876528000074], [-71.80118755499996, 7.537398549000159], [-71.80200661199996, 7.542578640000045], [-71.8048337269999, 7.544334663000086], [-71.80826586099994, 7.541959606000148], [-71.80404365399983, 7.53426947000014], [-71.80577770699995, 7.531671409000012], [-71.80960285399988, 7.530280364000134], [-71.82299143199992, 7.535734411000135], [-71.83161257099994, 7.53420222699998], [-71.83926106599995, 7.531728250000015], [-71.84143810499995, 7.519722994000062], [-71.84508724299991, 7.518542959], [-71.85270358699995, 7.526173078000113], [-71.85510868599988, 7.525476052000158], [-71.85457362399995, 7.516534871000147], [-71.85931977199988, 7.509590712000147], [-71.86721210399992, 7.510615699000141], [-71.88328872499989, 7.504499490000057], [-71.8751513709999, 7.498866421000173], [-71.87459337099995, 7.503271515000165], [-71.86971016899992, 7.50361153700004], [-71.86663802099991, 7.497178431000123], [-71.85875370299993, 7.498057485000061], [-71.85472051199991, 7.49213337700013], [-71.85225044599991, 7.500971574], [-71.84867330899988, 7.501031592000174], [-71.84198300599996, 7.495804512000063], [-71.84060492599997, 7.488802379000049], [-71.82354720799998, 7.483230344999981], [-71.81251177999997, 7.486993472000051], [-71.80332338199992, 7.482619429000067], [-71.79510301399995, 7.474624303000041], [-71.78549461799992, 7.47433034900007], [-71.77324609199997, 7.467129259000046], [-71.76864894999994, 7.47785149900011], [-71.76494180499998, 7.478302519000124], [-71.75914952199997, 7.469027358000176], [-71.75050017499996, 7.469353409000064], [-71.7448779369999, 7.466452372000106], [-71.74563491499998, 7.454988139000022], [-71.7481359979999, 7.451027050000107], [-71.73144424899994, 7.436430829000074], [-71.71247943399993, 7.42556670099998], [-71.71250642199993, 7.423640664000061], [-71.69713279799998, 7.423858733000088], [-71.68133813099996, 7.417426679000073], [-71.67476188399996, 7.42234181200007], [-71.66810860899994, 7.420354800000155], [-71.65060290299988, 7.421988915999975], [-71.64102753699996, 7.427196063000167], [-71.62536796499995, 7.441470421000133], [-71.6187776509999, 7.432235268000113], [-71.60830821299999, 7.428518240000074], [-71.59904478799996, 7.417740059000096], [-71.59279653899989, 7.419009114000175], [-71.59012345799988, 7.426479286000074], [-71.58339719299994, 7.426440317000186], [-71.57354181899996, 7.43334249600008], [-71.55865619899987, 7.429429485000014], [-71.55782014299996, 7.425437405000139], [-71.55197388699997, 7.421064351000155], [-71.54063145499993, 7.427572532000113], [-71.53470017499995, 7.420768421], [-71.51827451299982, 7.419877476000067], [-71.50985819299996, 7.426943665000067], [-71.50223889099988, 7.426854691000187], [-71.49421961399992, 7.439482988000066], [-71.48338121199993, 7.446688183], [-71.48046712099995, 7.452853322000067], [-71.47618192899995, 7.449615271000084], [-71.46964765999996, 7.449145295000108], [-71.46776559999995, 7.452076367000132], [-71.46970770499996, 7.458312484000032], [-71.4655465539999, 7.461163557000077], [-71.46250720999996, 7.457605946000172], [-71.47170636599992, 7.497094138000023], [-71.48811864599998, 7.498410217000071], [-71.50024716699994, 7.505011284000147], [-71.50245227099992, 7.508769360000031], [-71.51075761999994, 7.509524328000168], [-71.51244170499996, 7.513120400000162], [-71.52345715399991, 7.51515138200017], [-71.52980945199988, 7.52338952700012], [-71.53924081099996, 7.51618033], [-71.54803417199992, 7.519043358000147], [-71.55581946899997, 7.514041220000138], [-71.56164273899998, 7.521570337000014], [-71.57514531699996, 7.527032390000159], [-71.57622231799996, 7.518473215000085], [-71.58179851999995, 7.511000037000144], [-71.59256296299992, 7.513604035000128], [-71.59338903599996, 7.52199620600004], [-71.59824325499989, 7.526866280000093], [-71.60121936599995, 7.525090233000128], [-71.60124533799996, 7.518094087000179], [-71.60470247099983, 7.515606016000106], [-71.60951168499992, 7.521164107000175], [-71.61927621299998, 7.521267957000077]]]}}, {"type": "Feature", "properties": {"parroquia": "Páez", "municipio": "Pedraza", "estado": "Barinas", "pcode": "VE060904", "estado_pcode": "VE06", "municipio_pcode": "VE0609", "center_lat": 7.93774538, "center_lon": -69.85178904, "area_sqkm": 1144.50995268}, "geometry": {"type": "Polygon", "coordinates": [[[-69.90043899999989, 7.977444000000105], [-69.906105, 7.978678], [-69.907992, 7.987162], [-69.912611, 7.987793], [-69.916941, 7.993917000000124], [-69.920198, 7.993125000000134], [-69.924346, 7.999366000000123], [-69.93724999999989, 7.991061], [-69.948162, 7.99195], [-69.953631, 8.001859], [-69.958628, 8.001948], [-69.972431, 8.010894], [-69.974062, 8.020645], [-69.984091, 8.016062], [-69.993327, 8.029364], [-70.001827, 8.031247], [-70.004873, 8.035105000000101], [-70.007618, 8.03077500000012], [-70.0183899999999, 8.044886], [-70.028654, 8.051315000000159], [-70.036347, 8.05223000000018], [-70.04037199999988, 8.057459000000108], [-70.037818, 8.062729], [-70.040568, 8.063262000000122], [-70.040821, 8.066954], [-70.051432, 8.065625], [-70.05486499999984, 8.075951], [-70.05961399999984, 8.078696], [-70.058814, 8.087535000000116], [-70.065628, 8.088226], [-70.06506899999988, 8.095021], [-70.067499, 8.099777000000131], [-70.071492, 8.099568], [-70.07386899999989, 8.103270000000123], [-70.077893, 8.10423], [-70.076357, 8.105984], [-70.081952, 8.107462], [-70.08474199999989, 8.103154000000131], [-70.082963, 8.099036000000126], [-70.085465, 8.096749], [-70.12334172499993, 7.93890375], [-70.16734112799998, 7.792481758000122], [-70.159348, 7.780541000000142], [-70.15366599999987, 7.780231], [-70.143805, 7.785869000000105], [-70.133865, 7.780113], [-70.126387, 7.769661], [-70.12299899999982, 7.768607], [-70.120476, 7.769189], [-70.117669, 7.777006], [-70.10780799999986, 7.773202], [-70.10682, 7.775493], [-70.110248, 7.780613], [-70.1055649999999, 7.782836000000145], [-70.090699, 7.771674000000132], [-70.08844199999987, 7.773865], [-70.09485399999988, 7.778430000000128], [-70.095449, 7.782361], [-70.091943, 7.78466], [-70.08531099999988, 7.781495], [-70.081893, 7.784346], [-70.07431899999989, 7.780739], [-70.06740599999989, 7.781431], [-70.06495199999989, 7.785138000000188], [-70.07805999999982, 7.787568], [-70.08001, 7.792099], [-70.075564, 7.796597], [-70.060342, 7.798869000000138], [-70.05198899999988, 7.806629], [-70.047073, 7.805955], [-70.046882, 7.800647], [-70.043939, 7.798722], [-70.039925, 7.80389], [-70.03530099999989, 7.804136], [-70.035537, 7.797452000000135], [-70.02483399999983, 7.791964000000121], [-70.021066, 7.783119000000113], [-70.018525, 7.783011], [-70.020521, 7.790972], [-70.01429899999988, 7.79998], [-70.01159899999988, 7.800290000000132], [-70.00851199999988, 7.796066], [-70.004584, 7.802175000000148], [-70.000293, 7.803283000000135], [-70.000237, 7.811833], [-69.991129, 7.815682], [-69.97096, 7.79762200000016], [-69.965044, 7.796266], [-69.961085, 7.791901], [-69.946187, 7.796637], [-69.9421, 7.79436], [-69.944492, 7.800376000000142], [-69.942026, 7.801764], [-69.936636, 7.798704000000157], [-69.936694, 7.787082000000112], [-69.934528, 7.785441], [-69.932569, 7.785332], [-69.93166899999989, 7.791442], [-69.927647, 7.793519000000174], [-69.925448, 7.798961000000133], [-69.921038, 7.791989], [-69.922333, 7.783076000000108], [-69.90158921399996, 7.790664860000049], [-69.90156406199998, 7.790741638000043], [-69.89714439999989, 7.795403837000038], [-69.89090814899993, 7.797100909000108], [-69.86367601599994, 7.799970092000137], [-69.84315018699994, 7.806281329000171], [-69.83644690799997, 7.80481233200004], [-69.82133921599996, 7.791342106000172], [-69.81581197699995, 7.790992128000141], [-69.80719164599992, 7.797837315000152], [-69.80078843799998, 7.808760586], [-69.79048001699982, 7.812718714000141], [-69.77588341799992, 7.813683806000085], [-69.76426896999993, 7.821294019000106], [-69.7535885339999, 7.823600125000155], [-69.72789044899991, 7.823885245000099], [-69.70842474399996, 7.846553830000119], [-69.69222509999992, 7.854085073000022], [-69.68250074499986, 7.864374350000048], [-69.67837478699988, 7.865738577000059], [-69.66254694499997, 7.872557619000077], [-69.6304347169999, 7.897394310000095], [-69.60729777999995, 7.90397756599998], [-69.60050959099993, 7.924403045000076], [-69.59639444899989, 7.929762179000136], [-69.57823943799991, 7.933578337000029], [-69.580299, 7.945103000000131], [-69.595703, 7.944802], [-69.603662, 7.949353], [-69.607913, 7.948777000000177], [-69.610803, 7.951943000000142], [-69.611949, 7.949078], [-69.61781599999989, 7.952516000000116], [-69.62709899999987, 7.948711], [-69.645018, 7.949949000000174], [-69.659838, 7.940380000000118], [-69.669073, 7.941511000000105], [-69.674661, 7.946124], [-69.696319, 7.947734], [-69.70399, 7.956627], [-69.713621, 7.960551], [-69.726111, 7.963394], [-69.735332, 7.962526], [-69.748075, 7.967866], [-69.7600369999999, 7.966974000000164], [-69.768223, 7.972483000000182], [-69.775764, 7.970472], [-69.776463, 7.965937000000167], [-69.784295, 7.967136], [-69.794255, 7.958999], [-69.79960099999988, 7.959115], [-69.80097299999989, 7.963522000000182], [-69.812572, 7.970441000000164], [-69.822789, 7.966202], [-69.826243, 7.967314], [-69.83372, 7.961928000000114], [-69.84333, 7.965918], [-69.859299, 7.956415000000106], [-69.869289, 7.963497], [-69.88731699999988, 7.969246], [-69.896489, 7.978087], [-69.90043899999989, 7.977444000000105]]]}}]}