{"type": "FeatureCollection", "features": [{"type": "Feature", "properties": {"parroquia": "Cachamay", "municipio": "Caroní", "estado": "Bolívar", "pcode": "VE070101", "estado_pcode": "VE07", "municipio_pcode": "VE0701", "center_lat": 8.3462365, "center_lon": -62.74206647, "area_sqkm": 58.82574725}, "geometry": {"type": "Polygon", "coordinates": [[[-62.7201178009999, 8.384367117000124], [-62.72806486099995, 8.384135886000081], [-62.75244602399994, 8.394872069000144], [-62.768086227999845, 8.388931907000142], [-62.764496, 8.322456000000159], [-62.758756, 8.308853000000113], [-62.755387, 8.304014000000109], [-62.74693899999983, 8.304592000000184], [-62.742486, 8.305865000000153], [-62.738396, 8.311143], [-62.73504, 8.302645], [-62.728152, 8.302255], [-62.72677, 8.297557], [-62.703526, 8.305066000000124], [-62.696447, 8.301708000000133], [-62.685152, 8.302846000000102], [-62.68065757699998, 8.306250922000117], [-62.67836, 8.311118000000135], [-62.683493, 8.313941000000113], [-62.68334799999985, 8.322788], [-62.69996, 8.322767000000113], [-62.713996999999836, 8.339765], [-62.718763, 8.346086], [-62.7201178009999, 8.384367117000124]]]}}, {"type": "Feature", "properties": {"parroquia": "Chirica", "municipio": "Caroní", "estado": "Bolívar", "pcode": "VE070102", "estado_pcode": "VE07", "municipio_pcode": "VE0701", "center_lat": 8.306851, "center_lon": -62.62513663, "area_sqkm": 35.54743503}, "geometry": {"type": "Polygon", "coordinates": [[[-62.634353, 8.287911], [-62.625938, 8.279278], [-62.620041, 8.249268000000143], [-62.587136, 8.282591], [-62.57010199999985, 8.28302600000012], [-62.57634999999988, 8.284593000000143], [-62.580334, 8.28905500000019], [-62.607649, 8.303400000000124], [-62.624286, 8.325975000000142], [-62.632149, 8.354201], [-62.634572999999875, 8.361271], [-62.643067, 8.365546000000109], [-62.64848999999987, 8.360849000000144], [-62.649545, 8.346087000000125], [-62.65545, 8.338513000000148], [-62.644452999999885, 8.331795000000113], [-62.634353, 8.287911]]]}}, {"type": "Feature", "properties": {"parroquia": "Dalla Costa", "municipio": "Caroní", "estado": "Bolívar", "pcode": "VE070103", "estado_pcode": "VE07", "municipio_pcode": "VE0701", "center_lat": 8.30718496, "center_lon": -62.65975549, "area_sqkm": 38.60433988}, "geometry": {"type": "Polygon", "coordinates": [[[-62.65545, 8.338513000000148], [-62.657792, 8.345045], [-62.667266, 8.345437000000175], [-62.67595, 8.342441], [-62.690462, 8.350674], [-62.713996999999836, 8.339765], [-62.69996, 8.322767000000113], [-62.68334799999985, 8.322788], [-62.683493, 8.313941000000113], [-62.67836, 8.311118000000135], [-62.68065757699998, 8.306250922000117], [-62.678529, 8.30291700000015], [-62.68064, 8.293430000000171], [-62.67832, 8.290696], [-62.668571, 8.290662000000111], [-62.669457, 8.285659], [-62.66667799999982, 8.286789000000113], [-62.673876, 8.275191], [-62.673284, 8.268729], [-62.666143, 8.264574], [-62.650141, 8.281075], [-62.634353, 8.287911], [-62.644452999999885, 8.331795000000113], [-62.65545, 8.338513000000148]]]}}, {"type": "Feature", "properties": {"parroquia": "Once de Abril", "municipio": "Caroní", "estado": "Bolívar", "pcode": "VE070104", "estado_pcode": "VE07", "municipio_pcode": "VE0701", "center_lat": 8.39980277, "center_lon": -62.61319494, "area_sqkm": 53.72890712}, "geometry": {"type": "Polygon", "coordinates": [[[-62.632149, 8.354201], [-62.618830999999886, 8.358212], [-62.614646, 8.367307000000153], [-62.616015, 8.37739100000016], [-62.598576, 8.377938], [-62.58888, 8.387348], [-62.55537538099992, 8.41323217400003], [-62.61160676499992, 8.440991878000034], [-62.63089354999994, 8.41732617100007], [-62.66414048299998, 8.391842492000023], [-62.656808, 8.376973], [-62.649518, 8.368755], [-62.643067, 8.365546000000109], [-62.634572999999875, 8.361271], [-62.632149, 8.354201]]]}}, {"type": "Feature", "properties": {"parroquia": "Simón Bolívar", "municipio": "Caroní", "estado": "Bolívar", "pcode": "VE070105", "estado_pcode": "VE07", "municipio_pcode": "VE0701", "center_lat": 8.365107, "center_lon": -62.68172813, "area_sqkm": 33.45025479}, "geometry": {"type": "Polygon", "coordinates": [[[-62.643067, 8.365546000000109], [-62.649518, 8.368755], [-62.656808, 8.376973], [-62.66414048299998, 8.391842492000023], [-62.67983073299996, 8.38244918200013], [-62.69067113799986, 8.380914958], [-62.7201178009999, 8.384367117000124], [-62.718763, 8.346086], [-62.713996999999836, 8.339765], [-62.690462, 8.350674], [-62.67595, 8.342441], [-62.667266, 8.345437000000175], [-62.657792, 8.345045], [-62.65545, 8.338513000000148], [-62.649545, 8.346087000000125], [-62.64848999999987, 8.360849000000144], [-62.643067, 8.365546000000109]]]}}, {"type": "Feature", "properties": {"parroquia": "Unare", "municipio": "Caroní", "estado": "Bolívar", "pcode": "VE070106", "estado_pcode": "VE07", "municipio_pcode": "VE0701", "center_lat": 8.1981305, "center_lon": -62.88601082, "area_sqkm": 660.78899989}, "geometry": {"type": "Polygon", "coordinates": [[[-62.712299, 8.250516000000175], [-62.716581999999846, 8.268102], [-62.721093, 8.268479000000184], [-62.730212, 8.275114], [-62.747308, 8.279652], [-62.749498, 8.284588], [-62.74547799999982, 8.287281000000121], [-62.748958, 8.294553000000178], [-62.755524, 8.299039], [-62.758756, 8.308853000000113], [-62.764496, 8.322456000000159], [-62.768086227999845, 8.388931907000142], [-62.80121605999983, 8.350314696000169], [-62.81747268199996, 8.32186188300011], [-62.84294175799988, 8.299314180000124], [-62.885105618999944, 8.282911586000068], [-62.900384308999946, 8.281061464000118], [-62.92964568599996, 8.29287165900007], [-62.936146023999925, 8.3019978640001], [-62.94861063299999, 8.310588038000162], [-62.966491466999855, 8.315419087000123], [-63.00083366699988, 8.31907476300006], [-63.001851, 8.013629], [-62.998221999999885, 8.012627], [-62.9957629999999, 8.007319], [-62.991995, 8.015083], [-62.987325, 8.017011], [-62.98459999999989, 8.025282000000175], [-62.979247, 8.028934], [-62.980865, 8.03848100000016], [-62.97602099999989, 8.040324], [-62.975996, 8.036114], [-62.972863, 8.034162], [-62.971333, 8.039158], [-62.9735189999999, 8.042235], [-62.963403, 8.046784], [-62.95524099999989, 8.044872000000112], [-62.95553299999989, 8.050112], [-62.958644999999876, 8.04854], [-62.959874, 8.051109000000167], [-62.952092, 8.054522000000134], [-62.943586, 8.052957000000106], [-62.939126, 8.060984], [-62.93159, 8.06199], [-62.922460999999885, 8.057787], [-62.89871699999986, 8.05961], [-62.892288, 8.071863000000121], [-62.901237, 8.074971], [-62.899794, 8.080053000000134], [-62.902591, 8.083812], [-62.90037499999988, 8.090102], [-62.895147, 8.095323], [-62.88813699999986, 8.095461], [-62.881005, 8.102712000000167], [-62.867243, 8.118355], [-62.867439999999874, 8.123585], [-62.864329, 8.12737], [-62.847422, 8.127587], [-62.842746, 8.131794000000184], [-62.841047, 8.137284], [-62.82412099999988, 8.148047], [-62.820724, 8.145458], [-62.8167, 8.148433], [-62.816424, 8.143653000000143], [-62.805076, 8.149384], [-62.79996099999988, 8.149098000000151], [-62.78116, 8.163473000000124], [-62.777334, 8.17184200000014], [-62.767449, 8.173964], [-62.765091, 8.179461000000117], [-62.773433999999895, 8.181601], [-62.765884, 8.187874], [-62.765749, 8.192862000000105], [-62.768067, 8.194234000000108], [-62.763964, 8.1977], [-62.767354999999895, 8.19939], [-62.770145, 8.196997000000124], [-62.769508, 8.200762], [-62.77298, 8.201961000000153], [-62.768902, 8.209678], [-62.765362, 8.210687], [-62.762922, 8.20277700000014], [-62.762707, 8.208174], [-62.7569519999999, 8.21116300000017], [-62.753989999999874, 8.22112900000019], [-62.750703, 8.22213], [-62.744627, 8.232374000000107], [-62.732743999999855, 8.232381], [-62.73199199999988, 8.22439], [-62.730222, 8.224141], [-62.728448, 8.229387], [-62.717069, 8.231392], [-62.710234, 8.242386], [-62.712299, 8.250516000000175]]]}}, {"type": "Feature", "properties": {"parroquia": "Universidad", "municipio": "Caroní", "estado": "Bolívar", "pcode": "VE070107", "estado_pcode": "VE07", "municipio_pcode": "VE0701", "center_lat": 8.280772, "center_lon": -62.70942734, "area_sqkm": 32.82591436}, "geometry": {"type": "Polygon", "coordinates": [[[-62.68065757699998, 8.306250922000117], [-62.685152, 8.302846000000102], [-62.696447, 8.301708000000133], [-62.703526, 8.305066000000124], [-62.72677, 8.297557], [-62.728152, 8.302255], [-62.73504, 8.302645], [-62.738396, 8.311143], [-62.742486, 8.305865000000153], [-62.74693899999983, 8.304592000000184], [-62.755387, 8.304014000000109], [-62.758756, 8.308853000000113], [-62.755524, 8.299039], [-62.748958, 8.294553000000178], [-62.74547799999982, 8.287281000000121], [-62.749498, 8.284588], [-62.747308, 8.279652], [-62.730212, 8.275114], [-62.721093, 8.268479000000184], [-62.716581999999846, 8.268102], [-62.712299, 8.250516000000175], [-62.706845, 8.256049], [-62.689921, 8.262303], [-62.673876, 8.275191], [-62.66667799999982, 8.286789000000113], [-62.669457, 8.285659], [-62.668571, 8.290662000000111], [-62.67832, 8.290696], [-62.68064, 8.293430000000171], [-62.678529, 8.30291700000015], [-62.68065757699998, 8.306250922000117]]]}}, {"type": "Feature", "properties": {"parroquia": "Vista Al Sol", "municipio": "Caroní", "estado": "Bolívar", "pcode": "VE070108", "estado_pcode": "VE07", "municipio_pcode": "VE0701", "center_lat": 8.33237, "center_lon": -62.6103683, "area_sqkm": 34.51423633}, "geometry": {"type": "Polygon", "coordinates": [[[-62.556275, 8.280326], [-62.557442, 8.284438], [-62.568385, 8.285228], [-62.581225, 8.290386000000183], [-62.58529, 8.303115000000162], [-62.592873, 8.311525], [-62.592437, 8.323816], [-62.596032, 8.33194], [-62.581581, 8.337466], [-62.581956, 8.341842], [-62.586417, 8.34320200000019], [-62.587147, 8.349727], [-62.590385, 8.348481000000163], [-62.600846999999874, 8.35342100000014], [-62.586518999999896, 8.357948], [-62.578019, 8.371355], [-62.57776399999989, 8.378499000000147], [-62.58888, 8.387348], [-62.598576, 8.377938], [-62.616015, 8.37739100000016], [-62.614646, 8.367307000000153], [-62.618830999999886, 8.358212], [-62.632149, 8.354201], [-62.624286, 8.325975000000142], [-62.607649, 8.303400000000124], [-62.580334, 8.28905500000019], [-62.57634999999988, 8.284593000000143], [-62.57010199999985, 8.28302600000012], [-62.56035999999989, 8.277796000000137], [-62.556275, 8.280326]]]}}, {"type": "Feature", "properties": {"parroquia": "Pozo Verde", "municipio": "Caroní", "estado": "Bolívar", "pcode": "VE070109", "estado_pcode": "VE07", "municipio_pcode": "VE0701", "center_lat": 8.184695, "center_lon": -62.66431167, "area_sqkm": 535.95704762}, "geometry": {"type": "Polygon", "coordinates": [[[-62.57010199999985, 8.28302600000012], [-62.587136, 8.282591], [-62.620041, 8.249268000000143], [-62.625938, 8.279278], [-62.634353, 8.287911], [-62.650141, 8.281075], [-62.666143, 8.264574], [-62.673284, 8.268729], [-62.673876, 8.275191], [-62.689921, 8.262303], [-62.706845, 8.256049], [-62.712299, 8.250516000000175], [-62.710234, 8.242386], [-62.717069, 8.231392], [-62.728448, 8.229387], [-62.730222, 8.224141], [-62.73199199999988, 8.22439], [-62.732743999999855, 8.232381], [-62.744627, 8.232374000000107], [-62.750703, 8.22213], [-62.753989999999874, 8.22112900000019], [-62.7569519999999, 8.21116300000017], [-62.762707, 8.208174], [-62.762922, 8.20277700000014], [-62.765362, 8.210687], [-62.768902, 8.209678], [-62.77298, 8.201961000000153], [-62.769508, 8.200762], [-62.770145, 8.196997000000124], [-62.767354999999895, 8.19939], [-62.763964, 8.1977], [-62.768067, 8.194234000000108], [-62.765749, 8.192862000000105], [-62.765884, 8.187874], [-62.773433999999895, 8.181601], [-62.765091, 8.179461000000117], [-62.767449, 8.173964], [-62.777334, 8.17184200000014], [-62.78116, 8.163473000000124], [-62.79996099999988, 8.149098000000151], [-62.805076, 8.149384], [-62.816424, 8.143653000000143], [-62.8167, 8.148433], [-62.820724, 8.145458], [-62.82412099999988, 8.148047], [-62.841047, 8.137284], [-62.842746, 8.131794000000184], [-62.847422, 8.127587], [-62.864329, 8.12737], [-62.867439999999874, 8.123585], [-62.867243, 8.118355], [-62.881005, 8.102712000000167], [-62.88813699999986, 8.095461], [-62.895147, 8.095323], [-62.90037499999988, 8.090102], [-62.902591, 8.083812], [-62.899794, 8.080053000000134], [-62.584921, 8.080124000000126], [-62.542527999999834, 8.249567000000184], [-62.552067, 8.251055], [-62.557734, 8.254713], [-62.557217, 8.263471], [-62.561013, 8.266908], [-62.556275, 8.280326], [-62.56035999999989, 8.277796000000137], [-62.57010199999985, 8.28302600000012]]]}}, {"type": "Feature", "properties": {"parroquia": "Yocoima", "municipio": "Caroní", "estado": "Bolívar", "pcode": "VE070110", "estado_pcode": "VE07", "municipio_pcode": "VE0701", "center_lat": 8.3135615, "center_lon": -62.55754834, "area_sqkm": 77.65620873}, "geometry": {"type": "Polygon", "coordinates": [[[-62.50921722299995, 8.355155437000064], [-62.517380250999906, 8.356197526000187], [-62.57776399999989, 8.378499000000147], [-62.578019, 8.371355], [-62.586518999999896, 8.357948], [-62.600846999999874, 8.35342100000014], [-62.590385, 8.348481000000163], [-62.587147, 8.349727], [-62.586417, 8.34320200000019], [-62.581956, 8.341842], [-62.581581, 8.337466], [-62.596032, 8.33194], [-62.592437, 8.323816], [-62.592873, 8.311525], [-62.58529, 8.303115000000162], [-62.581225, 8.290386000000183], [-62.568385, 8.285228], [-62.557442, 8.284438], [-62.556275, 8.280326], [-62.561013, 8.266908], [-62.557217, 8.263471], [-62.557734, 8.254713], [-62.552067, 8.251055], [-62.542527999999834, 8.249567000000184], [-62.50921722299995, 8.355155437000064]]]}}, {"type": "Feature", "properties": {"parroquia": "Sección Capital Cedeño", "municipio": "Cedeño", "estado": "Bolívar", "pcode": "VE070201", "estado_pcode": "VE07", "municipio_pcode": "VE0702", "center_lat": 6.812805, "center_lon": -66.14979357, "area_sqkm": 8841.02226005}, "geometry": {"type": "Polygon", "coordinates": [[[-66.01595934799997, 7.687407952000115], [-66.06626470899988, 7.685912352], [-66.12781041799991, 7.688324143000159], [-66.14674219199986, 7.674158733000183], [-66.1819606929999, 7.663103317000093], [-66.19916639399997, 7.652699999000106], [-66.22093226499999, 7.631268404000139], [-66.23976205899993, 7.623696148000079], [-66.25542273899993, 7.623364075999973], [-66.2731545989999, 7.642732453000178], [-66.30231192799994, 7.65460060900017], [-66.33013311399998, 7.64682431600005], [-66.37126778799995, 7.615872415000183], [-66.4076883329999, 7.604202979999968], [-66.43219830499999, 7.580736330000093], [-66.45601728399998, 7.567394925000144], [-66.46837970899998, 7.539727219000099], [-66.47044672499999, 7.522297813000023], [-66.48285218599989, 7.500768257000175], [-66.49871426699997, 7.483947974000102], [-66.50858919399997, 7.473476519000144], [-66.50343093099985, 7.46616737100004], [-66.50630899299995, 7.449712970000064], [-66.50432085699993, 7.436839685000166], [-66.52110053099989, 7.423875316000135], [-66.55123769099998, 7.386577334000151], [-66.54694446599996, 7.376715118], [-66.55831586799997, 7.35210951], [-66.56835924299997, 7.33673111100012], [-66.58797303799997, 7.322377701000164], [-66.60034617899998, 7.316419488], [-66.588452, 7.305587000000116], [-66.589757, 7.303147], [-66.594523, 7.299548000000129], [-66.60812, 7.298670000000129], [-66.60820699999982, 7.293973000000165], [-66.61033699999984, 7.29315], [-66.607454, 7.286532], [-66.61286, 7.284963], [-66.61394, 7.277337], [-66.623604, 7.276828], [-66.623895, 7.270290000000102], [-66.627717, 7.267479], [-66.629946, 7.260080000000187], [-66.6336199999999, 7.257607000000178], [-66.636016, 7.25949], [-66.641314, 7.258334000000104], [-66.639628, 7.255287], [-66.646771, 7.254961], [-66.656897, 7.243631], [-66.670121, 7.243428000000108], [-66.669043, 7.230885], [-66.67322999999988, 7.232484], [-66.68080699999985, 7.228601], [-66.68004999999982, 7.219806000000176], [-66.676821, 7.220415000000116], [-66.67590399999989, 7.215808], [-66.673443, 7.217026], [-66.67391, 7.213029], [-66.671221, 7.211963000000139], [-66.675875, 7.208879], [-66.674038, 7.203282], [-66.677621, 7.197266000000184], [-66.673507, 7.198294000000146], [-66.668172, 7.192888000000153], [-66.66748499999989, 7.189119], [-66.67209899999983, 7.188015000000178], [-66.667611, 7.184869000000106], [-66.66918699999985, 7.182009000000107], [-66.66530499999982, 7.176443000000177], [-66.670493, 7.172288], [-66.674337, 7.161879], [-66.679372, 7.159134000000108], [-66.678949, 7.156237], [-66.68106299999988, 7.156656], [-66.67806499999989, 7.148917], [-66.681371, 7.14811600000013], [-66.680986, 7.143389000000127], [-66.6721859999999, 7.128725], [-66.67221, 7.123766000000103], [-66.664775, 7.118312], [-66.66102599999988, 7.111675000000162], [-66.643302, 7.122969], [-66.633145, 7.123173], [-66.6311, 7.125967000000173], [-66.633702, 7.127875000000131], [-66.629092, 7.129731], [-66.625356, 7.128567], [-66.62179, 7.118598], [-66.618397, 7.115644], [-66.62022, 7.110238], [-66.61637499999989, 7.107357], [-66.615191, 7.095453], [-66.617676, 7.079675000000123], [-66.610689, 7.063369], [-66.610991, 7.052613000000122], [-66.60804599999989, 7.050732], [-66.611142, 7.041669000000184], [-66.598569, 7.030688], [-66.59422699999988, 7.030500000000131], [-66.593019, 7.02384300000017], [-66.59951299999989, 7.014517000000183], [-66.598078, 7.002859000000115], [-66.60641, 6.999024], [-66.60691, 6.995502], [-66.609946, 6.994392000000175], [-66.60921599999989, 6.991329], [-66.61321299999986, 6.989415000000122], [-66.6126359999999, 6.986735], [-66.609062, 6.98796], [-66.606871, 6.984821000000181], [-66.60667899999987, 6.977355], [-66.602297, 6.973910000000103], [-66.603489, 6.966636000000108], [-66.59780099999989, 6.963076], [-66.6001839999999, 6.95744800000017], [-66.588538, 6.949294000000179], [-66.582388, 6.94994400000013], [-66.58138899999989, 6.945274], [-66.584579, 6.937923], [-66.58188899999988, 6.934708000000171], [-66.57385599999986, 6.935473], [-66.564132, 6.927204000000131], [-66.55925, 6.927472], [-66.558789, 6.923988000000122], [-66.55218999999983, 6.917842000000178], [-66.540006, 6.917500000000132], [-66.535556, 6.9219], [-66.534968, 6.916021000000114], [-66.522033, 6.904983], [-66.521718, 6.900773], [-66.499622, 6.902935], [-66.489851, 6.898649], [-66.481553, 6.900583], [-66.464093, 6.894893000000138], [-66.458809, 6.882384], [-66.452468, 6.881541], [-66.447234, 6.874112], [-66.440364, 6.873083000000122], [-66.440446, 6.869884000000127], [-66.436143, 6.869223000000147], [-66.42882999999989, 6.862728000000118], [-66.429822, 6.857221], [-66.425147, 6.853734], [-66.42531, 6.847783], [-66.412078, 6.856771000000151], [-66.40884099999988, 6.851533000000188], [-66.40396699999985, 6.85336400000017], [-66.407181, 6.850866], [-66.404959, 6.847672000000102], [-66.400769, 6.847605000000101], [-66.39899, 6.850026], [-66.39480499999985, 6.846686], [-66.390418, 6.850377], [-66.3919719999999, 6.847547], [-66.388459, 6.848223], [-66.389106, 6.845767], [-66.38514299999986, 6.844808000000114], [-66.385338, 6.841795], [-66.381298, 6.841579000000138], [-66.378855, 6.835856], [-66.371871, 6.83523700000012], [-66.373387, 6.832147], [-66.370756, 6.826015], [-66.364374, 6.824275000000114], [-66.364624, 6.820370000000139], [-66.36217, 6.820361000000105], [-66.35968899999983, 6.813172000000179], [-66.35357499999986, 6.813893000000178], [-66.353492, 6.811959], [-66.351386, 6.81422], [-66.349563, 6.811386], [-66.342855, 6.814486], [-66.34249699999987, 6.809872], [-66.34890399999983, 6.806548000000134], [-66.347969, 6.799031], [-66.331577, 6.809373000000107], [-66.317846, 6.80227], [-66.308695, 6.794245], [-66.296342, 6.775202], [-66.292916, 6.757759], [-66.284913, 6.73641600000019], [-66.285603, 6.727461000000176], [-66.25369499999988, 6.788995000000114], [-66.233896, 6.77212], [-66.206473, 6.739533000000165], [-66.215076, 6.711259], [-66.20109, 6.685855], [-66.197131, 6.655971], [-66.231368, 6.630417], [-66.227773, 6.606609000000105], [-66.210326, 6.586744000000181], [-66.15753499999988, 6.537777000000119], [-66.147644, 6.508355], [-66.14627799999982, 6.485574], [-66.152106, 6.447161000000165], [-66.163897, 6.408791000000122], [-66.1817769999999, 6.38159800000011], [-66.198485, 6.36198800000011], [-66.20625, 6.346864000000153], [-66.195524, 6.339701000000105], [-66.176761, 6.343104], [-66.15791, 6.354097], [-66.139326, 6.351430000000107], [-66.129555, 6.324032], [-66.11177, 6.289491], [-66.110109, 6.279865000000143], [-66.126109, 6.221286], [-66.11808599999983, 6.195926], [-66.115368, 6.177690000000155], [-66.12866899999989, 6.146415], [-66.130856, 6.119613], [-66.12470599999983, 6.107422], [-66.111991, 6.094172], [-66.080329, 6.081288], [-66.0658, 6.055879000000175], [-66.066062, 6.033111000000133], [-66.06265, 6.01234], [-66.05412299999989, 6.005697000000168], [-66.004071, 6.02050800000012], [-65.993257, 6.020934000000182], [-65.975301, 6.010681], [-65.974937, 6.004606000000138], [-65.995054, 5.996658], [-66.00534799999986, 5.978518], [-66.010281, 5.961351], [-66.006091, 5.954742000000124], [-66.007566, 5.952222000000177], [-65.9909899999999, 5.936363], [-65.98533, 5.943554], [-65.985679, 5.947663], [-65.974416, 5.947561000000121], [-65.9756579999999, 5.948896000000104], [-65.969748, 5.951670000000149], [-65.97032799999988, 5.958347000000117], [-65.968508, 5.960607], [-65.964714, 5.959991000000116], [-65.963677, 5.968826000000149], [-65.958963, 5.978483000000153], [-65.96123399999988, 5.990297000000112], [-65.9585019999999, 5.993481000000145], [-65.958924, 6.01484900000014], [-65.956883, 6.015568], [-65.953924, 6.02656], [-65.951763, 6.025533], [-65.950354, 6.033748000000116], [-65.942665, 6.038143000000105], [-65.94445699999989, 6.041458000000148], [-65.946402, 6.03952], [-65.9498349999999, 6.047312], [-65.948775, 6.053887], [-65.955053, 6.057071], [-65.95746, 6.062208000000169], [-65.952402, 6.06816600000019], [-65.95427599999982, 6.071248], [-65.951089, 6.070016000000123], [-65.947125, 6.072789], [-65.947174, 6.077618000000143], [-65.950771, 6.078953], [-65.9489569999999, 6.08183], [-65.952119, 6.0807], [-65.953626, 6.087891000000127], [-65.948259, 6.093746000000181], [-65.95303599999988, 6.100321], [-65.964417, 6.101965], [-65.965879, 6.104841000000135], [-65.974094, 6.107204], [-65.972685, 6.109567], [-65.975648, 6.108950000000107], [-65.975562, 6.120662], [-65.979259, 6.121792], [-65.98393, 6.128058000000181], [-65.98615399999989, 6.135352], [-65.995595, 6.147577000000126], [-65.995449, 6.15333], [-66.0047679999999, 6.153536], [-66.004294, 6.15723400000013], [-66.005921, 6.156207], [-66.014017, 6.167274], [-66.018926, 6.170018], [-66.017488, 6.172158], [-66.01943099999988, 6.173072000000161], [-66.015119, 6.179187], [-66.0264739999999, 6.183858000000157], [-66.024202, 6.193228], [-66.027167, 6.195363000000157], [-66.027153, 6.202288], [-66.02150499999988, 6.207876], [-66.01884299999989, 6.204735], [-66.014441, 6.206863], [-66.014953, 6.216689], [-66.006148, 6.217702], [-66.008707, 6.222058000000175], [-66.0025639999999, 6.22763], [-66.009834, 6.227225], [-66.018229, 6.23350500000015], [-66.024269, 6.234012000000178], [-66.024781, 6.239988], [-66.020993, 6.242217000000153], [-66.022324, 6.245661000000155], [-66.01699999999983, 6.251334], [-66.02037899999988, 6.258627], [-66.009424, 6.26632700000016], [-66.008093, 6.269873], [-65.999493, 6.268454], [-65.98689999999988, 6.278382], [-65.98444299999989, 6.288512], [-65.990176, 6.30006], [-66.00368999999989, 6.307556000000147], [-66.004817, 6.313128], [-66.01055, 6.318902], [-66.012086, 6.330349], [-66.01566899999983, 6.336833000000127], [-66.01904799999988, 6.337744000000157], [-66.015771, 6.356181000000106], [-66.019457, 6.360132], [-66.020583, 6.367122000000165], [-66.01300699999985, 6.37553], [-66.013417, 6.386673], [-66.007172, 6.397614], [-66.006967, 6.432157], [-66.003076, 6.439248], [-65.999084, 6.44066700000019], [-65.9955, 6.46822], [-65.995603, 6.497192000000155], [-65.997548, 6.503015000000175], [-66.005841, 6.509813], [-66.010039, 6.52509600000019], [-66.00635299999988, 6.538783], [-65.99979999999982, 6.546056], [-66.00205299999988, 6.555228], [-66.00021, 6.561867], [-65.99079, 6.576091000000133], [-65.982805, 6.596327], [-65.998367, 6.62023], [-66.005738, 6.639274000000114], [-66.006046, 6.650393000000122], [-66.011992, 6.66936800000019], [-66.01134899999988, 6.688567000000148], [-66.01560199999989, 6.703101], [-66.013388, 6.713053000000173], [-66.00326799999988, 6.717404000000101], [-66.01821699999988, 6.744452], [-66.019521, 6.764162000000169], [-66.016677, 6.76994800000017], [-65.999803, 6.775201], [-65.990512, 6.78189], [-65.953278, 6.790614000000176], [-65.958356, 6.80647], [-65.956441, 6.814391000000171], [-65.95357899999988, 6.815808000000175], [-65.939642, 6.812330000000145], [-65.93003, 6.815463], [-65.921246, 6.83252], [-65.913033, 6.842221000000109], [-65.912333, 6.879727000000116], [-65.893033, 6.902498], [-65.895682, 6.907996000000139], [-65.891161, 6.915344], [-65.887586, 6.911683], [-65.88256999999987, 6.911389], [-65.8772019999999, 6.930255000000159], [-65.867054, 6.935782], [-65.876249, 6.944016], [-65.875817, 6.954005], [-65.86198799999988, 6.957196000000124], [-65.856053, 6.955579], [-65.850399, 6.965783], [-65.850898, 6.971387000000107], [-65.857447, 6.972901000000149], [-65.8579519999999, 6.976059000000134], [-65.846686, 6.993418], [-65.848923, 6.9985], [-65.86086999999986, 7.008714000000168], [-65.854142, 7.015981000000124], [-65.854028, 7.019792000000166], [-65.857598, 7.02401], [-65.861956, 7.021672000000137], [-65.86986899999988, 7.028685], [-65.85815, 7.04428600000017], [-65.85926, 7.049418], [-65.850771, 7.046623], [-65.8488339999999, 7.0607], [-65.8397169999999, 7.061554], [-65.82375, 7.068824], [-65.82939, 7.080932], [-65.822021, 7.085484], [-65.807066, 7.074364000000173], [-65.795395, 7.075346], [-65.798367, 7.080029], [-65.795502, 7.082459], [-65.78822999999988, 7.078069], [-65.78115799999989, 7.067582000000186], [-65.773991, 7.067561], [-65.77882099999988, 7.093588], [-65.775855, 7.097746], [-65.76377799999983, 7.103706], [-65.767883, 7.117335], [-65.768507, 7.132477], [-65.76031599999982, 7.131742000000145], [-65.74941499999989, 7.136029000000121], [-65.7525399999999, 7.138375], [-65.760524, 7.136366000000123], [-65.74543, 7.147703], [-65.751985, 7.151279000000159], [-65.751019, 7.16113300000012], [-65.73664, 7.168458000000101], [-65.733113, 7.177085], [-65.7354289999999, 7.194773000000168], [-65.749716, 7.201014000000157], [-65.74696099999989, 7.214571], [-65.76190999999989, 7.216393], [-65.76037699999989, 7.221215], [-65.753009, 7.225919], [-65.75496, 7.233495000000175], [-65.759417, 7.237069000000133], [-65.766933, 7.258686000000125], [-65.76686399999988, 7.268299], [-65.802563, 7.287825], [-65.81197099999986, 7.306363], [-65.82000999999985, 7.304194000000109], [-65.823646, 7.306979000000183], [-65.82321699999989, 7.317214], [-65.812736, 7.324172], [-65.81307, 7.327379000000178], [-65.82388299999985, 7.336447000000135], [-65.814409, 7.352091], [-65.8250579999999, 7.37184], [-65.815257, 7.383165], [-65.82233, 7.404180000000167], [-65.814666, 7.415786000000139], [-65.835898, 7.427333], [-65.842443, 7.447365000000161], [-65.861007, 7.458091], [-65.865812, 7.472191], [-65.876508, 7.485754000000156], [-65.87677299999984, 7.49857500000013], [-65.88747499999988, 7.511471], [-65.897405, 7.519998], [-65.91319, 7.520778000000121], [-65.91745, 7.536476000000107], [-65.93031, 7.54725000000019], [-65.93842199999989, 7.548109000000181], [-65.951036, 7.555700000000172], [-65.96413, 7.559016], [-65.969189, 7.562791000000118], [-65.97815999999989, 7.60688000000016], [-65.9747, 7.616693000000112], [-65.959213, 7.623796], [-65.960616, 7.62727800000016], [-65.972049, 7.625667], [-65.97730899999982, 7.639059], [-65.975382, 7.646613000000173], [-65.969728, 7.651114], [-65.955513, 7.6422], [-65.951477, 7.645020000000159], [-65.95603199999988, 7.657071], [-65.95126123199998, 7.677216128999987], [-66.01595934799997, 7.687407952000115]]]}}, {"type": "Feature", "properties": {"parroquia": "Altagracia", "municipio": "Cedeño", "estado": "Bolívar", "pcode": "VE070202", "estado_pcode": "VE07", "municipio_pcode": "VE0702", "center_lat": 7.7039565, "center_lon": -65.5964957, "area_sqkm": 1270.7221369}, "geometry": {"type": "Polygon", "coordinates": [[[-65.5778819969999, 7.892370801000027], [-65.63991312499996, 7.899921229000029], [-65.65827960299987, 7.891930010000067], [-65.71905609799995, 7.847135673000025], [-65.76097769299986, 7.788992091000125], [-65.83916580099992, 7.706864802999974], [-65.86290175699992, 7.687072226000055], [-65.89981033599992, 7.674147768000068], [-65.92305234599996, 7.672888644000125], [-65.95126123199998, 7.677216128999987], [-65.95603199999988, 7.657071], [-65.951477, 7.645020000000159], [-65.955513, 7.6422], [-65.969728, 7.651114], [-65.975382, 7.646613000000173], [-65.97730899999982, 7.639059], [-65.972049, 7.625667], [-65.960616, 7.62727800000016], [-65.959213, 7.623796], [-65.9747, 7.616693000000112], [-65.97815999999989, 7.60688000000016], [-65.969189, 7.562791000000118], [-65.96413, 7.559016], [-65.951036, 7.555700000000172], [-65.923647, 7.564058000000159], [-65.913848, 7.559800000000109], [-65.913487, 7.550341000000117], [-65.90728, 7.544602000000111], [-65.899237, 7.528602], [-65.86790799999989, 7.516059], [-65.846401, 7.523309], [-65.84070899999989, 7.522561], [-65.83459199999987, 7.530354], [-65.82443299999989, 7.532055], [-65.815917, 7.521163000000172], [-65.813693, 7.512352], [-65.80801899999989, 7.508106], [-65.7891939999999, 7.511471], [-65.785168, 7.517067], [-65.78543699999989, 7.521823], [-65.792499, 7.562652000000185], [-65.783294, 7.603715000000136], [-65.78854, 7.626421000000164], [-65.78769299999988, 7.633572000000129], [-65.798143, 7.646602000000144], [-65.79285599999986, 7.664035000000183], [-65.793993, 7.672522000000185], [-65.801321, 7.676877000000104], [-65.804751, 7.683297000000152], [-65.799697, 7.697289], [-65.7951149999999, 7.697291], [-65.784795, 7.705321], [-65.751566, 7.710149], [-65.73574799999983, 7.717263000000116], [-65.727957, 7.717953], [-65.72222299999987, 7.723459000000162], [-65.703463, 7.696631000000139], [-65.69452599999988, 7.697321], [-65.684454, 7.689295000000129], [-65.678266, 7.689755000000162], [-65.659256, 7.68402500000019], [-65.644368, 7.687392], [-65.63951, 7.674780000000112], [-65.647461, 7.668917], [-65.636726, 7.651943000000131], [-65.62588099999988, 7.65255], [-65.618115, 7.648911], [-65.60751799999986, 7.636690000000158], [-65.601291, 7.636867], [-65.596046, 7.633965000000103], [-65.582646, 7.635498000000155], [-65.580964, 7.639046], [-65.57357499999989, 7.639687000000151], [-65.5644989999999, 7.632233000000156], [-65.56031899999982, 7.621974], [-65.541997, 7.620241], [-65.542838, 7.62938], [-65.539897, 7.640157000000158], [-65.53359499999988, 7.648631], [-65.527292, 7.664577], [-65.510277, 7.684405], [-65.454188, 7.724136], [-65.446836, 7.728037], [-65.41343499999988, 7.736142], [-65.39978, 7.743535000000179], [-65.37394199999983, 7.766216], [-65.34663299999988, 7.77705600000013], [-65.341801, 7.781387000000166], [-65.331508, 7.809142000000122], [-65.32992499999989, 7.834995000000163], [-65.32462943999997, 7.854035462000127], [-65.33454110199995, 7.8521114240001], [-65.35608108299994, 7.859088503000123], [-65.36684255099993, 7.856524392000154], [-65.41659175299986, 7.856144175000054], [-65.52844284999998, 7.888533490000043], [-65.5778819969999, 7.892370801000027]]]}}, {"type": "Feature", "properties": {"parroquia": "Ascensión Farreras", "municipio": "Cedeño", "estado": "Bolívar", "pcode": "VE070203", "estado_pcode": "VE07", "municipio_pcode": "VE0702", "center_lat": 6.7657665, "center_lon": -65.27235514, "area_sqkm": 16210.62650553}, "geometry": {"type": "Polygon", "coordinates": [[[-65.12214598099996, 7.796655578000127], [-65.18985654699998, 7.820444258000066], [-65.22848627799993, 7.825309222000044], [-65.2465791059999, 7.832194315000152], [-65.28279071999998, 7.832252166000046], [-65.3107190469999, 7.851749517000087], [-65.32462943999997, 7.854035462000127], [-65.32992499999989, 7.834995000000163], [-65.331508, 7.809142000000122], [-65.341801, 7.781387000000166], [-65.34663299999988, 7.77705600000013], [-65.37394199999983, 7.766216], [-65.39978, 7.743535000000179], [-65.41343499999988, 7.736142], [-65.446836, 7.728037], [-65.454188, 7.724136], [-65.510277, 7.684405], [-65.527292, 7.664577], [-65.53359499999988, 7.648631], [-65.539897, 7.640157000000158], [-65.542838, 7.62938], [-65.541997, 7.620241], [-65.56031899999982, 7.621974], [-65.5644989999999, 7.632233000000156], [-65.57357499999989, 7.639687000000151], [-65.580964, 7.639046], [-65.582646, 7.635498000000155], [-65.596046, 7.633965000000103], [-65.601291, 7.636867], [-65.60751799999986, 7.636690000000158], [-65.618115, 7.648911], [-65.62588099999988, 7.65255], [-65.636726, 7.651943000000131], [-65.647461, 7.668917], [-65.63951, 7.674780000000112], [-65.644368, 7.687392], [-65.659256, 7.68402500000019], [-65.678266, 7.689755000000162], [-65.684454, 7.689295000000129], [-65.69452599999988, 7.697321], [-65.703463, 7.696631000000139], [-65.72222299999987, 7.723459000000162], [-65.727957, 7.717953], [-65.73574799999983, 7.717263000000116], [-65.751566, 7.710149], [-65.784795, 7.705321], [-65.7951149999999, 7.697291], [-65.799697, 7.697289], [-65.804751, 7.683297000000152], [-65.801321, 7.676877000000104], [-65.793993, 7.672522000000185], [-65.79285599999986, 7.664035000000183], [-65.798143, 7.646602000000144], [-65.78769299999988, 7.633572000000129], [-65.78854, 7.626421000000164], [-65.783294, 7.603715000000136], [-65.792499, 7.562652000000185], [-65.78543699999989, 7.521823], [-65.785168, 7.517067], [-65.7891939999999, 7.511471], [-65.80801899999989, 7.508106], [-65.813693, 7.512352], [-65.815917, 7.521163000000172], [-65.82443299999989, 7.532055], [-65.83459199999987, 7.530354], [-65.84070899999989, 7.522561], [-65.846401, 7.523309], [-65.86790799999989, 7.516059], [-65.899237, 7.528602], [-65.90728, 7.544602000000111], [-65.913487, 7.550341000000117], [-65.913848, 7.559800000000109], [-65.923647, 7.564058000000159], [-65.951036, 7.555700000000172], [-65.93842199999989, 7.548109000000181], [-65.93031, 7.54725000000019], [-65.91745, 7.536476000000107], [-65.91319, 7.520778000000121], [-65.897405, 7.519998], [-65.88747499999988, 7.511471], [-65.87677299999984, 7.49857500000013], [-65.876508, 7.485754000000156], [-65.865812, 7.472191], [-65.861007, 7.458091], [-65.842443, 7.447365000000161], [-65.835898, 7.427333], [-65.814666, 7.415786000000139], [-65.82233, 7.404180000000167], [-65.815257, 7.383165], [-65.8250579999999, 7.37184], [-65.814409, 7.352091], [-65.82388299999985, 7.336447000000135], [-65.81307, 7.327379000000178], [-65.812736, 7.324172], [-65.82321699999989, 7.317214], [-65.823646, 7.306979000000183], [-65.82000999999985, 7.304194000000109], [-65.81197099999986, 7.306363], [-65.802563, 7.287825], [-65.76686399999988, 7.268299], [-65.766933, 7.258686000000125], [-65.759417, 7.237069000000133], [-65.748765, 7.242471], [-65.72375899999986, 7.219891], [-65.71580799999987, 7.226187], [-65.712118, 7.225319000000127], [-65.711834, 7.219361000000106], [-65.722296, 7.208738], [-65.724358, 7.19837], [-65.721374, 7.19711100000012], [-65.708432, 7.201468], [-65.696623, 7.188150000000178], [-65.694998, 7.189797], [-65.698064, 7.192692], [-65.696996, 7.194763], [-65.687866, 7.192735], [-65.684495, 7.183566000000155], [-65.67001, 7.168734], [-65.67985999999985, 7.158400000000142], [-65.676014, 7.153467], [-65.68110699999988, 7.141160000000127], [-65.668396, 7.133231], [-65.665671, 7.125329000000136], [-65.650925, 7.117608], [-65.63929099999984, 7.116122], [-65.633266, 7.108651], [-65.62653, 7.108940000000189], [-65.63263299999988, 7.105738], [-65.633437, 7.10133], [-65.62687, 7.094392000000141], [-65.623949, 7.081396], [-65.61448, 7.078209000000129], [-65.6274279999999, 7.069159], [-65.62754599999988, 7.065774000000147], [-65.6196819999999, 7.06699], [-65.609325, 7.054104], [-65.610694, 7.049150000000111], [-65.6183079999999, 7.046917], [-65.622031, 7.042845000000113], [-65.62038699999988, 7.034261], [-65.62421399999988, 7.025495], [-65.623606, 7.015880000000152], [-65.640369, 7.009087000000136], [-65.645471, 6.995214000000146], [-65.643785, 6.989106000000163], [-65.636105, 6.987568], [-65.641031, 6.981951], [-65.639782, 6.970229], [-65.64297, 6.959169], [-65.638786, 6.942754], [-65.631154, 6.934537], [-65.641112, 6.927822000000106], [-65.635647, 6.920613000000117], [-65.634175, 6.907465000000116], [-65.627404, 6.899861000000101], [-65.633792, 6.892152000000181], [-65.627146, 6.866985], [-65.63258399999984, 6.861278], [-65.641191, 6.860369000000162], [-65.640976, 6.857611], [-65.63515, 6.855375], [-65.63501, 6.851940000000127], [-65.639618, 6.847967], [-65.643349, 6.849208], [-65.650442, 6.840825000000109], [-65.658642, 6.841175], [-65.667491, 6.845651], [-65.676459, 6.833006], [-65.68435099999982, 6.830631], [-65.683353, 6.819495], [-65.686293, 6.809973000000184], [-65.699528, 6.805252], [-65.716103, 6.818072], [-65.72505599999988, 6.810798], [-65.718612, 6.803105000000187], [-65.721488, 6.795976], [-65.718514, 6.790035], [-65.72626799999989, 6.780207], [-65.725183, 6.778319000000181], [-65.718624, 6.78061], [-65.719373, 6.773479000000123], [-65.71659099999988, 6.766827], [-65.726988, 6.746201000000156], [-65.724575, 6.733209], [-65.710954, 6.729672000000164], [-65.70850899999988, 6.724926], [-65.70763999999986, 6.718660000000114], [-65.713937, 6.713411000000121], [-65.70702299999988, 6.706206000000122], [-65.710931, 6.70179400000012], [-65.710301, 6.691150000000164], [-65.693473, 6.685267000000124], [-65.692376, 6.674702], [-65.697175, 6.662693000000161], [-65.686375, 6.653313000000139], [-65.68113, 6.651724000000115], [-65.679387, 6.629406], [-65.6819, 6.624004000000184], [-65.67835599999984, 6.609043], [-65.673166, 6.606217], [-65.670634, 6.600571], [-65.65811999999988, 6.557918], [-65.65511, 6.553951], [-65.657303, 6.547297000000185], [-65.654738, 6.525569], [-65.651112, 6.519460000000151], [-65.65208299999989, 6.506866000000116], [-65.65840899999989, 6.496665], [-65.666732, 6.491839], [-65.66840299999984, 6.486232000000143], [-65.673038, 6.484558000000163], [-65.67340699999988, 6.48171], [-65.66524399999986, 6.437359], [-65.655245, 6.427425], [-65.65418, 6.418916000000138], [-65.646769, 6.41683600000016], [-65.642399, 6.41022], [-65.639683, 6.41144], [-65.63871399999988, 6.416759000000184], [-65.63067699999988, 6.417559000000153], [-65.616934, 6.405451], [-65.612622, 6.404360000000167], [-65.607502, 6.405447], [-65.604447, 6.415505000000167], [-65.594672, 6.421326], [-65.58780899999982, 6.445664000000136], [-65.58323, 6.446053000000177], [-65.57807099999985, 6.442422], [-65.572341, 6.426455], [-65.57285799999983, 6.415423000000146], [-65.565386, 6.401652], [-65.546186, 6.385689000000184], [-65.538222, 6.371095], [-65.531755, 6.368031], [-65.533413, 6.325316], [-65.51926, 6.302581], [-65.519751, 6.277778000000126], [-65.514044, 6.269281000000149], [-65.4959889999999, 6.258257000000185], [-65.488459, 6.245165000000156], [-65.489611, 6.239194000000111], [-65.479168, 6.181547], [-65.476056, 6.116547], [-65.4689949999999, 6.096334], [-65.470401, 6.071298000000183], [-65.464013, 6.060731], [-65.464476, 6.056367], [-65.467452, 6.05407], [-65.467699, 6.041437], [-65.488289, 6.033629], [-65.48945, 6.021225], [-65.505238, 6.013644], [-65.52217799999988, 5.999173], [-65.554659, 5.989525000000185], [-65.568846, 5.981024000000104], [-65.571654, 5.929798000000176], [-65.568256, 5.905219000000102], [-65.57123399999983, 5.901084], [-65.57010899999983, 5.886152], [-65.568513, 5.882936], [-65.562567, 5.885004], [-65.558688, 5.878802000000121], [-65.561904, 5.867086], [-65.558259, 5.856519000000105], [-65.559183, 5.849398000000122], [-65.549833, 5.83056], [-65.550537, 5.816547], [-65.544831, 5.809885], [-65.53480599999989, 5.783926000000122], [-65.52841699999982, 5.775196000000108], [-65.518132, 5.774048000000107], [-65.511966, 5.768994000000134], [-65.512198, 5.766007], [-65.523402, 5.764629], [-65.52638, 5.759804], [-65.52456199999989, 5.751304000000175], [-65.53188699999987, 5.743492], [-65.533276, 5.730397], [-65.537628, 5.723275], [-65.533312, 5.702369], [-65.54026966599997, 5.6804573820001], [-65.53141985599996, 5.677790763000132], [-65.52129546099997, 5.694755158000021], [-65.51328211399988, 5.69673522800008], [-65.50495669599991, 5.681482927000104], [-65.49717735099989, 5.67929290100011], [-65.48357681999983, 5.700479398000084], [-65.47511546899995, 5.708528607], [-65.44025200299996, 5.732534231000102], [-65.39695411699995, 5.739559516000099], [-65.37628319499998, 5.73654151300002], [-65.39160485399992, 5.732534381000107], [-65.38818969099998, 5.725441234000073], [-65.38628055399994, 5.709757904000071], [-65.37940023799996, 5.705869839000115], [-65.36393856399991, 5.709560964000104], [-65.3559402269999, 5.713107065000145], [-65.34459680399988, 5.739986688000101], [-65.30286502899997, 5.76239930800017], [-65.28438322799997, 5.768405498000106], [-65.26847153699998, 5.769580577000056], [-65.26079918599993, 5.766892541000061], [-65.22200345499994, 5.763741584], [-65.20557369199997, 5.751303362000101], [-65.194209, 5.776976000000104], [-65.208815, 5.791224], [-65.21176899999989, 5.801564], [-65.211295, 5.811212], [-65.206929, 5.82476400000013], [-65.209876, 5.839238], [-65.216484, 5.852335000000153], [-65.212113, 5.867955], [-65.205006, 5.879897000000142], [-65.195614, 5.89115100000015], [-65.152616, 5.899863000000153], [-65.132494, 5.901462], [-65.120598, 5.905821000000174], [-65.10823399999987, 5.915463], [-65.099749, 5.929472], [-65.076682, 5.951019], [-65.074112, 5.949352], [-65.068011, 5.956549], [-65.045862, 5.968133], [-65.04003, 5.967395], [-65.03381, 5.972659], [-65.014799, 5.974626], [-65.012914, 5.980080000000157], [-65.00812, 5.983956], [-65.007101, 5.991987000000165], [-64.999107, 5.994199], [-64.999962, 5.999765000000139], [-64.994815, 6.004579], [-64.99521, 6.008388], [-64.990837, 6.008572000000186], [-64.99227999999988, 6.012671], [-64.989, 6.017014000000188], [-64.99641, 6.015243], [-64.997852, 6.01946], [-64.993748, 6.026265], [-64.988729, 6.027622], [-64.987771, 6.034349], [-64.980134, 6.038692], [-64.98538, 6.040386], [-64.984856, 6.046600000000183], [-64.976461, 6.043971], [-64.972672, 6.052734], [-64.967425, 6.0565], [-64.96724999999986, 6.060217], [-64.963986, 6.061141], [-64.96037099999984, 6.058695000000114], [-64.95891399999988, 6.061596000000122], [-64.963228, 6.06172], [-64.963111, 6.064160000000186], [-64.959905, 6.067116000000169], [-64.9546, 6.066816], [-64.95424999999989, 6.076631], [-64.948945, 6.081791], [-64.949062, 6.086148000000151], [-64.953609, 6.089118], [-64.949237, 6.093815000000177], [-64.940318, 6.08427300000011], [-64.933147, 6.083273000000133], [-64.93092399999983, 6.085733000000118], [-64.932512, 6.098885000000109], [-64.942463, 6.099887], [-64.944827, 6.102282000000173], [-64.940981, 6.106775], [-64.936535, 6.10374400000012], [-64.936288, 6.111478], [-64.93321799999984, 6.116219000000115], [-64.935547, 6.122094000000175], [-64.928701, 6.124965], [-64.929901, 6.129608000000189], [-64.922244, 6.133567], [-64.92008, 6.13780300000019], [-64.925303, 6.144459], [-64.925867, 6.158681000000115], [-64.93521799999985, 6.171817], [-64.934724, 6.176967], [-64.942416, 6.18096], [-64.94562699999983, 6.187231000000168], [-64.952191, 6.185970000000111], [-64.951944, 6.195007], [-64.944957, 6.203695], [-64.950073, 6.20387], [-64.954484, 6.207583000000113], [-64.951061, 6.219283], [-64.952649, 6.224258000000134], [-64.949015, 6.232525], [-64.937194, 6.242474], [-64.9169399999999, 6.237639], [-64.911541, 6.23921600000017], [-64.909424, 6.243349], [-64.911188, 6.245101], [-64.92067999999983, 6.242649], [-64.92318499999988, 6.250951000000157], [-64.93034899999986, 6.246257], [-64.93288899999988, 6.248043], [-64.93588799999986, 6.253718000000106], [-64.93197199999986, 6.259849], [-64.935959, 6.264543000000174], [-64.93521799999985, 6.273721], [-64.92689, 6.27901], [-64.926996, 6.284825000000183], [-64.929149, 6.286752], [-64.937265, 6.285841], [-64.943157, 6.290080000000103], [-64.94337999999988, 6.292368], [-64.938189, 6.294706], [-64.94326399999989, 6.297938000000158], [-64.938979, 6.306618000000128], [-64.94575, 6.308346000000142], [-64.940167, 6.312610000000177], [-64.942828, 6.324210000000164], [-64.951649, 6.324261000000149], [-64.9532109999999, 6.319079], [-64.956056, 6.32623000000018], [-64.952488, 6.328711000000112], [-64.953061, 6.330953000000136], [-64.958143, 6.333354], [-64.955249, 6.337990000000104], [-64.95821299999989, 6.33996400000018], [-64.961319, 6.336172000000147], [-64.965977, 6.337306000000183], [-64.965059, 6.344758000000184], [-64.971341, 6.353419], [-64.971553, 6.365937000000145], [-64.965977, 6.370006], [-64.961177, 6.365637], [-64.957649, 6.368232000000148], [-64.953696, 6.386509], [-64.958566, 6.393690000000163], [-64.95200199999988, 6.395929000000137], [-64.9544729999999, 6.407747], [-64.948191, 6.408931000000166], [-64.947556, 6.412024], [-64.953414, 6.417169], [-64.959484, 6.413453], [-64.960472, 6.421893], [-64.95539, 6.428283000000135], [-64.963083, 6.434907], [-64.95609599999989, 6.434543000000133], [-64.955743, 6.437425000000189], [-64.963154, 6.441025], [-64.95934199999988, 6.443128], [-64.95383699999985, 6.441993000000139], [-64.952638, 6.449093000000175], [-64.955037, 6.452332], [-64.959907, 6.449950000000172], [-64.963365, 6.458887000000118], [-64.959554, 6.467319], [-64.963013, 6.476608000000169], [-64.970423, 6.472472], [-64.97367, 6.476627000000121], [-64.97127, 6.479647000000114], [-64.956872, 6.482504], [-64.959272, 6.492494], [-64.955884, 6.49494900000019], [-64.949412, 6.494203], [-64.95143, 6.503094000000146], [-64.94362699999988, 6.515626], [-64.925347, 6.516046000000131], [-64.91647599999988, 6.509675], [-64.910747, 6.51359500000018], [-64.900517, 6.512475], [-64.886099, 6.519196], [-64.88241299999987, 6.524237], [-64.885569, 6.530398000000105], [-64.88490999999988, 6.537959], [-64.881513, 6.540829], [-64.878762, 6.540409000000125], [-64.87767, 6.528998000000115], [-64.873012, 6.528858], [-64.86858099999989, 6.524237], [-64.86699799999985, 6.511635000000183], [-64.84835, 6.517026], [-64.847636, 6.519756000000143], [-64.85566199999982, 6.525707000000125], [-64.853021, 6.534987], [-64.843828, 6.540737], [-64.838483, 6.534987], [-64.83326099999988, 6.534987], [-64.818704, 6.563036000000182], [-64.818183, 6.569018], [-64.821546, 6.57705], [-64.81790099999989, 6.602632], [-64.810524, 6.609659], [-64.802832, 6.626745000000142], [-64.79160699999983, 6.629051000000175], [-64.78791499999988, 6.632907], [-64.7821699999999, 6.689569], [-64.788252, 6.700369], [-64.803736, 6.708505000000116], [-64.805872, 6.726132000000177], [-64.810795, 6.738866], [-64.82438599999983, 6.754533000000151], [-64.8275139999999, 6.76325], [-64.82972299999989, 6.798944000000176], [-64.827382, 6.805098], [-64.80590099999989, 6.828466000000162], [-64.807838, 6.842432], [-64.80360499999983, 6.881614], [-64.807217, 6.887134000000117], [-64.848207, 6.909904], [-64.852965, 6.941505000000177], [-64.871859, 6.979291], [-64.899729, 6.985481], [-64.921616, 6.995505], [-64.932954, 7.007954], [-64.935538, 7.026731], [-64.94096399999984, 7.034555], [-64.960563, 7.044788000000153], [-64.97016999999988, 7.045786000000135], [-64.99287, 7.068397000000118], [-64.999265, 7.070282], [-65.004258, 7.075357], [-65.021528, 7.107361], [-65.022197, 7.119429], [-65.01239, 7.141303], [-65.011382, 7.151816000000167], [-65.013131, 7.161438000000146], [-65.020371, 7.171565000000157], [-65.02722099999988, 7.173912], [-65.034565, 7.172146], [-65.048752, 7.173641000000146], [-65.05883299999988, 7.173270000000173], [-65.066651, 7.169677], [-65.080842, 7.170714], [-65.110801, 7.202995000000101], [-65.123161, 7.204015], [-65.13329, 7.198153], [-65.1424669999999, 7.196401], [-65.148865, 7.198285000000112], [-65.17934, 7.224621000000127], [-65.190232, 7.237067000000138], [-65.192885, 7.248528], [-65.189562, 7.262227000000166], [-65.183567, 7.26675200000011], [-65.167996, 7.265706], [-65.155132, 7.269715000000133], [-65.147284, 7.276511], [-65.146239, 7.291601000000185], [-65.15256, 7.302636000000177], [-65.16300499999988, 7.313706], [-65.188524, 7.330624], [-65.20281699999987, 7.347446000000161], [-65.204596, 7.353868], [-65.20094599999987, 7.378774], [-65.19331299999988, 7.386945], [-65.1934839999999, 7.39381], [-65.209976, 7.448287], [-65.211605, 7.472095000000138], [-65.218746, 7.494578], [-65.219572, 7.505109], [-65.21946899999983, 7.517005], [-65.215702, 7.528412], [-65.20406, 7.548901000000171], [-65.176307, 7.576341], [-65.162693, 7.586058], [-65.15074999999985, 7.588469], [-65.12606199999988, 7.58024300000011], [-65.107639, 7.569306], [-65.077917, 7.564861000000178], [-65.05054699999988, 7.53999], [-65.038414, 7.538279], [-65.016802, 7.570448], [-65.00782, 7.574941], [-65.00004, 7.573497], [-64.985267, 7.559866], [-64.97773699999988, 7.556137], [-64.963001, 7.563319000000149], [-64.946523, 7.585123000000124], [-64.939645, 7.585287], [-64.924795, 7.580117], [-64.92156299999988, 7.582602], [-64.907663, 7.622266], [-64.878257, 7.651862000000165], [-64.87499754399994, 7.66087013300006], [-64.90928344499986, 7.672737832999985], [-64.93408660699993, 7.686774068000091], [-64.94460511699992, 7.697331279000082], [-64.95422355299996, 7.699861307000162], [-64.96475005099995, 7.706289422000054], [-64.99494449899998, 7.732454930000188], [-65.00108388099994, 7.756309487000124], [-65.0191637339999, 7.767835689000094], [-65.09231805499996, 7.783940782000059], [-65.12214598099996, 7.796655578000127]]]}}, {"type": "Feature", "properties": {"parroquia": "Guainiamo", "municipio": "Cedeño", "estado": "Bolívar", "pcode": "VE070204", "estado_pcode": "VE07", "municipio_pcode": "VE0702", "center_lat": 6.4618605, "center_lon": -65.83256258, "area_sqkm": 4875.61185534}, "geometry": {"type": "Polygon", "coordinates": [[[-65.54026966599997, 5.6804573820001], [-65.533312, 5.702369], [-65.537628, 5.723275], [-65.533276, 5.730397], [-65.53188699999987, 5.743492], [-65.52456199999989, 5.751304000000175], [-65.52638, 5.759804], [-65.523402, 5.764629], [-65.512198, 5.766007], [-65.511966, 5.768994000000134], [-65.518132, 5.774048000000107], [-65.52841699999982, 5.775196000000108], [-65.53480599999989, 5.783926000000122], [-65.544831, 5.809885], [-65.550537, 5.816547], [-65.549833, 5.83056], [-65.559183, 5.849398000000122], [-65.558259, 5.856519000000105], [-65.561904, 5.867086], [-65.558688, 5.878802000000121], [-65.562567, 5.885004], [-65.568513, 5.882936], [-65.57010899999983, 5.886152], [-65.57123399999983, 5.901084], [-65.568256, 5.905219000000102], [-65.571654, 5.929798000000176], [-65.568846, 5.981024000000104], [-65.554659, 5.989525000000185], [-65.52217799999988, 5.999173], [-65.505238, 6.013644], [-65.48945, 6.021225], [-65.488289, 6.033629], [-65.467699, 6.041437], [-65.467452, 6.05407], [-65.464476, 6.056367], [-65.464013, 6.060731], [-65.470401, 6.071298000000183], [-65.4689949999999, 6.096334], [-65.476056, 6.116547], [-65.479168, 6.181547], [-65.489611, 6.239194000000111], [-65.488459, 6.245165000000156], [-65.4959889999999, 6.258257000000185], [-65.514044, 6.269281000000149], [-65.519751, 6.277778000000126], [-65.51926, 6.302581], [-65.533413, 6.325316], [-65.531755, 6.368031], [-65.538222, 6.371095], [-65.546186, 6.385689000000184], [-65.565386, 6.401652], [-65.57285799999983, 6.415423000000146], [-65.572341, 6.426455], [-65.57807099999985, 6.442422], [-65.58323, 6.446053000000177], [-65.58780899999982, 6.445664000000136], [-65.594672, 6.421326], [-65.604447, 6.415505000000167], [-65.607502, 6.405447], [-65.612622, 6.404360000000167], [-65.616934, 6.405451], [-65.63067699999988, 6.417559000000153], [-65.63871399999988, 6.416759000000184], [-65.639683, 6.41144], [-65.642399, 6.41022], [-65.646769, 6.41683600000016], [-65.65418, 6.418916000000138], [-65.655245, 6.427425], [-65.66524399999986, 6.437359], [-65.67340699999988, 6.48171], [-65.673038, 6.484558000000163], [-65.66840299999984, 6.486232000000143], [-65.666732, 6.491839], [-65.65840899999989, 6.496665], [-65.65208299999989, 6.506866000000116], [-65.651112, 6.519460000000151], [-65.654738, 6.525569], [-65.657303, 6.547297000000185], [-65.65511, 6.553951], [-65.65811999999988, 6.557918], [-65.670634, 6.600571], [-65.673166, 6.606217], [-65.67835599999984, 6.609043], [-65.6819, 6.624004000000184], [-65.679387, 6.629406], [-65.68113, 6.651724000000115], [-65.686375, 6.653313000000139], [-65.697175, 6.662693000000161], [-65.692376, 6.674702], [-65.693473, 6.685267000000124], [-65.710301, 6.691150000000164], [-65.710931, 6.70179400000012], [-65.70702299999988, 6.706206000000122], [-65.713937, 6.713411000000121], [-65.70763999999986, 6.718660000000114], [-65.70850899999988, 6.724926], [-65.710954, 6.729672000000164], [-65.724575, 6.733209], [-65.726988, 6.746201000000156], [-65.71659099999988, 6.766827], [-65.719373, 6.773479000000123], [-65.718624, 6.78061], [-65.725183, 6.778319000000181], [-65.72626799999989, 6.780207], [-65.718514, 6.790035], [-65.721488, 6.795976], [-65.718612, 6.803105000000187], [-65.72505599999988, 6.810798], [-65.716103, 6.818072], [-65.699528, 6.805252], [-65.686293, 6.809973000000184], [-65.683353, 6.819495], [-65.68435099999982, 6.830631], [-65.676459, 6.833006], [-65.667491, 6.845651], [-65.658642, 6.841175], [-65.650442, 6.840825000000109], [-65.643349, 6.849208], [-65.639618, 6.847967], [-65.63501, 6.851940000000127], [-65.63515, 6.855375], [-65.640976, 6.857611], [-65.641191, 6.860369000000162], [-65.63258399999984, 6.861278], [-65.627146, 6.866985], [-65.633792, 6.892152000000181], [-65.627404, 6.899861000000101], [-65.634175, 6.907465000000116], [-65.635647, 6.920613000000117], [-65.641112, 6.927822000000106], [-65.631154, 6.934537], [-65.638786, 6.942754], [-65.64297, 6.959169], [-65.639782, 6.970229], [-65.641031, 6.981951], [-65.636105, 6.987568], [-65.643785, 6.989106000000163], [-65.645471, 6.995214000000146], [-65.640369, 7.009087000000136], [-65.623606, 7.015880000000152], [-65.62421399999988, 7.025495], [-65.62038699999988, 7.034261], [-65.622031, 7.042845000000113], [-65.6183079999999, 7.046917], [-65.610694, 7.049150000000111], [-65.609325, 7.054104], [-65.6196819999999, 7.06699], [-65.62754599999988, 7.065774000000147], [-65.6274279999999, 7.069159], [-65.61448, 7.078209000000129], [-65.623949, 7.081396], [-65.62687, 7.094392000000141], [-65.633437, 7.10133], [-65.63263299999988, 7.105738], [-65.62653, 7.108940000000189], [-65.633266, 7.108651], [-65.63929099999984, 7.116122], [-65.650925, 7.117608], [-65.665671, 7.125329000000136], [-65.668396, 7.133231], [-65.68110699999988, 7.141160000000127], [-65.676014, 7.153467], [-65.67985999999985, 7.158400000000142], [-65.67001, 7.168734], [-65.684495, 7.183566000000155], [-65.687866, 7.192735], [-65.696996, 7.194763], [-65.698064, 7.192692], [-65.694998, 7.189797], [-65.696623, 7.188150000000178], [-65.708432, 7.201468], [-65.721374, 7.19711100000012], [-65.724358, 7.19837], [-65.722296, 7.208738], [-65.711834, 7.219361000000106], [-65.712118, 7.225319000000127], [-65.71580799999987, 7.226187], [-65.72375899999986, 7.219891], [-65.748765, 7.242471], [-65.759417, 7.237069000000133], [-65.75496, 7.233495000000175], [-65.753009, 7.225919], [-65.76037699999989, 7.221215], [-65.76190999999989, 7.216393], [-65.74696099999989, 7.214571], [-65.749716, 7.201014000000157], [-65.7354289999999, 7.194773000000168], [-65.733113, 7.177085], [-65.73664, 7.168458000000101], [-65.751019, 7.16113300000012], [-65.751985, 7.151279000000159], [-65.74543, 7.147703], [-65.760524, 7.136366000000123], [-65.7525399999999, 7.138375], [-65.74941499999989, 7.136029000000121], [-65.76031599999982, 7.131742000000145], [-65.768507, 7.132477], [-65.767883, 7.117335], [-65.76377799999983, 7.103706], [-65.775855, 7.097746], [-65.77882099999988, 7.093588], [-65.773991, 7.067561], [-65.78115799999989, 7.067582000000186], [-65.78822999999988, 7.078069], [-65.795502, 7.082459], [-65.798367, 7.080029], [-65.795395, 7.075346], [-65.807066, 7.074364000000173], [-65.822021, 7.085484], [-65.82939, 7.080932], [-65.82375, 7.068824], [-65.8397169999999, 7.061554], [-65.8488339999999, 7.0607], [-65.850771, 7.046623], [-65.85926, 7.049418], [-65.85815, 7.04428600000017], [-65.86986899999988, 7.028685], [-65.861956, 7.021672000000137], [-65.857598, 7.02401], [-65.854028, 7.019792000000166], [-65.854142, 7.015981000000124], [-65.86086999999986, 7.008714000000168], [-65.848923, 6.9985], [-65.846686, 6.993418], [-65.8579519999999, 6.976059000000134], [-65.857447, 6.972901000000149], [-65.850898, 6.971387000000107], [-65.850399, 6.965783], [-65.856053, 6.955579], [-65.86198799999988, 6.957196000000124], [-65.875817, 6.954005], [-65.876249, 6.944016], [-65.867054, 6.935782], [-65.8772019999999, 6.930255000000159], [-65.88256999999987, 6.911389], [-65.887586, 6.911683], [-65.891161, 6.915344], [-65.895682, 6.907996000000139], [-65.893033, 6.902498], [-65.912333, 6.879727000000116], [-65.913033, 6.842221000000109], [-65.921246, 6.83252], [-65.93003, 6.815463], [-65.939642, 6.812330000000145], [-65.95357899999988, 6.815808000000175], [-65.956441, 6.814391000000171], [-65.958356, 6.80647], [-65.953278, 6.790614000000176], [-65.990512, 6.78189], [-65.999803, 6.775201], [-66.016677, 6.76994800000017], [-66.019521, 6.764162000000169], [-66.01821699999988, 6.744452], [-66.00326799999988, 6.717404000000101], [-66.013388, 6.713053000000173], [-66.01560199999989, 6.703101], [-66.01134899999988, 6.688567000000148], [-66.011992, 6.66936800000019], [-66.006046, 6.650393000000122], [-66.005738, 6.639274000000114], [-65.998367, 6.62023], [-65.982805, 6.596327], [-65.99079, 6.576091000000133], [-66.00021, 6.561867], [-66.00205299999988, 6.555228], [-65.99979999999982, 6.546056], [-66.00635299999988, 6.538783], [-66.010039, 6.52509600000019], [-66.005841, 6.509813], [-65.997548, 6.503015000000175], [-65.995603, 6.497192000000155], [-65.9955, 6.46822], [-65.999084, 6.44066700000019], [-66.003076, 6.439248], [-66.006967, 6.432157], [-66.007172, 6.397614], [-66.013417, 6.386673], [-66.01300699999985, 6.37553], [-66.020583, 6.367122000000165], [-66.019457, 6.360132], [-66.015771, 6.356181000000106], [-66.01904799999988, 6.337744000000157], [-66.01566899999983, 6.336833000000127], [-66.012086, 6.330349], [-66.01055, 6.318902], [-66.004817, 6.313128], [-66.00368999999989, 6.307556000000147], [-65.990176, 6.30006], [-65.98444299999989, 6.288512], [-65.98689999999988, 6.278382], [-65.999493, 6.268454], [-66.008093, 6.269873], [-66.009424, 6.26632700000016], [-66.02037899999988, 6.258627], [-66.01699999999983, 6.251334], [-66.022324, 6.245661000000155], [-66.020993, 6.242217000000153], [-66.024781, 6.239988], [-66.024269, 6.234012000000178], [-66.018229, 6.23350500000015], [-66.009834, 6.227225], [-66.0025639999999, 6.22763], [-66.008707, 6.222058000000175], [-66.006148, 6.217702], [-66.014953, 6.216689], [-66.014441, 6.206863], [-66.01884299999989, 6.204735], [-66.02150499999988, 6.207876], [-66.027153, 6.202288], [-66.027167, 6.195363000000157], [-66.024202, 6.193228], [-66.0264739999999, 6.183858000000157], [-66.015119, 6.179187], [-66.01943099999988, 6.173072000000161], [-66.017488, 6.172158], [-66.018926, 6.170018], [-66.014017, 6.167274], [-66.005921, 6.156207], [-66.004294, 6.15723400000013], [-66.0047679999999, 6.153536], [-65.995449, 6.15333], [-65.995595, 6.147577000000126], [-65.98615399999989, 6.135352], [-65.98393, 6.128058000000181], [-65.979259, 6.121792], [-65.975562, 6.120662], [-65.975648, 6.108950000000107], [-65.972685, 6.109567], [-65.974094, 6.107204], [-65.965879, 6.104841000000135], [-65.964417, 6.101965], [-65.95303599999988, 6.100321], [-65.948259, 6.093746000000181], [-65.953626, 6.087891000000127], [-65.952119, 6.0807], [-65.9489569999999, 6.08183], [-65.950771, 6.078953], [-65.947174, 6.077618000000143], [-65.947125, 6.072789], [-65.951089, 6.070016000000123], [-65.95427599999982, 6.071248], [-65.952402, 6.06816600000019], [-65.95746, 6.062208000000169], [-65.955053, 6.057071], [-65.948775, 6.053887], [-65.9498349999999, 6.047312], [-65.946402, 6.03952], [-65.94445699999989, 6.041458000000148], [-65.942665, 6.038143000000105], [-65.950354, 6.033748000000116], [-65.951763, 6.025533], [-65.953924, 6.02656], [-65.956883, 6.015568], [-65.958924, 6.01484900000014], [-65.9585019999999, 5.993481000000145], [-65.96123399999988, 5.990297000000112], [-65.958963, 5.978483000000153], [-65.963677, 5.968826000000149], [-65.964714, 5.959991000000116], [-65.968508, 5.960607], [-65.97032799999988, 5.958347000000117], [-65.969748, 5.951670000000149], [-65.9756579999999, 5.948896000000104], [-65.974416, 5.947561000000121], [-65.985679, 5.947663], [-65.98533, 5.943554], [-65.9909899999999, 5.936363], [-65.996507, 5.86713], [-65.989906, 5.856454], [-65.98489060299988, 5.838039906000063], [-65.97736796999988, 5.845109985000022], [-65.94919377499997, 5.857767348000039], [-65.94332258499992, 5.877377786000068], [-65.93524426999994, 5.890473093000082], [-65.91954561299991, 5.90034536700017], [-65.91306735599994, 5.907994546000054], [-65.89914987499998, 5.948288469000033], [-65.8574722109999, 5.997606686000097], [-65.85241912499998, 6.039368609], [-65.84530992099991, 6.073197375], [-65.83992473899985, 6.089767755000082], [-65.83443052199993, 6.098055958999964], [-65.8243601079999, 6.105314150000027], [-65.79793596399998, 6.108676314000036], [-65.77631204199997, 6.117440574000113], [-65.76499052399998, 6.114344545000165], [-65.71946851299987, 6.110817622000127], [-65.68594208799993, 6.124993045000167], [-65.67587663699993, 6.124080062000189], [-65.64853047099996, 6.132496336000031], [-65.62975170999988, 6.15206483500009], [-65.62174235999993, 6.154254901000115], [-65.60778673699997, 6.153687938000189], [-65.59566419199996, 6.150358906000065], [-65.57600129999992, 6.139670741000089], [-65.56220256399996, 6.102749966000147], [-65.56175849999983, 6.090671701000076], [-65.56543362999997, 6.077901408000116], [-65.5795261749999, 6.055231856000091], [-65.58709942999991, 6.033256351000034], [-65.60302902899997, 6.00138359500005], [-65.59828872899988, 5.971221951000075], [-65.59938973899995, 5.962346745000048], [-65.60797206899986, 5.944866341000022], [-65.60756301499993, 5.934743112999968], [-65.61111513299994, 5.924285880000127], [-65.61688134799982, 5.911614585000166], [-65.63314000999992, 5.892313103000106], [-65.63195892499988, 5.885019947999979], [-65.59453018099993, 5.854741413000056], [-65.59509817599996, 5.844722187000059], [-65.60082339799987, 5.83348993200002], [-65.60300544599994, 5.819192605000183], [-65.59015076499998, 5.783772878999969], [-65.5904817579999, 5.775246687000106], [-65.57520801799984, 5.752707245000181], [-65.56400645799994, 5.730519804000153], [-65.56253033699983, 5.715426484000091], [-65.54888765199996, 5.687529922000124], [-65.54346241899998, 5.686874926000144], [-65.54026966599997, 5.6804573820001]]]}}, {"type": "Feature", "properties": {"parroquia": "La Urbana", "municipio": "Cedeño", "estado": "Bolívar", "pcode": "VE070205", "estado_pcode": "VE07", "municipio_pcode": "VE0702", "center_lat": 6.5174995, "center_lon": -66.38665259, "area_sqkm": 7184.70037903}, "geometry": {"type": "Polygon", "coordinates": [[[-65.9909899999999, 5.936363], [-66.007566, 5.952222000000177], [-66.006091, 5.954742000000124], [-66.010281, 5.961351], [-66.00534799999986, 5.978518], [-65.995054, 5.996658], [-65.974937, 6.004606000000138], [-65.975301, 6.010681], [-65.993257, 6.020934000000182], [-66.004071, 6.02050800000012], [-66.05412299999989, 6.005697000000168], [-66.06265, 6.01234], [-66.066062, 6.033111000000133], [-66.0658, 6.055879000000175], [-66.080329, 6.081288], [-66.111991, 6.094172], [-66.12470599999983, 6.107422], [-66.130856, 6.119613], [-66.12866899999989, 6.146415], [-66.115368, 6.177690000000155], [-66.11808599999983, 6.195926], [-66.126109, 6.221286], [-66.110109, 6.279865000000143], [-66.11177, 6.289491], [-66.129555, 6.324032], [-66.139326, 6.351430000000107], [-66.15791, 6.354097], [-66.176761, 6.343104], [-66.195524, 6.339701000000105], [-66.20625, 6.346864000000153], [-66.198485, 6.36198800000011], [-66.1817769999999, 6.38159800000011], [-66.163897, 6.408791000000122], [-66.152106, 6.447161000000165], [-66.14627799999982, 6.485574], [-66.147644, 6.508355], [-66.15753499999988, 6.537777000000119], [-66.210326, 6.586744000000181], [-66.227773, 6.606609000000105], [-66.231368, 6.630417], [-66.197131, 6.655971], [-66.20109, 6.685855], [-66.215076, 6.711259], [-66.206473, 6.739533000000165], [-66.233896, 6.77212], [-66.25369499999988, 6.788995000000114], [-66.285603, 6.727461000000176], [-66.284913, 6.73641600000019], [-66.292916, 6.757759], [-66.296342, 6.775202], [-66.308695, 6.794245], [-66.317846, 6.80227], [-66.331577, 6.809373000000107], [-66.347969, 6.799031], [-66.34890399999983, 6.806548000000134], [-66.34249699999987, 6.809872], [-66.342855, 6.814486], [-66.349563, 6.811386], [-66.351386, 6.81422], [-66.353492, 6.811959], [-66.35357499999986, 6.813893000000178], [-66.35968899999983, 6.813172000000179], [-66.36217, 6.820361000000105], [-66.364624, 6.820370000000139], [-66.364374, 6.824275000000114], [-66.370756, 6.826015], [-66.373387, 6.832147], [-66.371871, 6.83523700000012], [-66.378855, 6.835856], [-66.381298, 6.841579000000138], [-66.385338, 6.841795], [-66.38514299999986, 6.844808000000114], [-66.389106, 6.845767], [-66.388459, 6.848223], [-66.3919719999999, 6.847547], [-66.390418, 6.850377], [-66.39480499999985, 6.846686], [-66.39899, 6.850026], [-66.400769, 6.847605000000101], [-66.404959, 6.847672000000102], [-66.407181, 6.850866], [-66.40396699999985, 6.85336400000017], [-66.40884099999988, 6.851533000000188], [-66.412078, 6.856771000000151], [-66.42531, 6.847783], [-66.425147, 6.853734], [-66.429822, 6.857221], [-66.42882999999989, 6.862728000000118], [-66.436143, 6.869223000000147], [-66.440446, 6.869884000000127], [-66.440364, 6.873083000000122], [-66.447234, 6.874112], [-66.452468, 6.881541], [-66.458809, 6.882384], [-66.464093, 6.894893000000138], [-66.481553, 6.900583], [-66.489851, 6.898649], [-66.499622, 6.902935], [-66.521718, 6.900773], [-66.522033, 6.904983], [-66.534968, 6.916021000000114], [-66.535556, 6.9219], [-66.540006, 6.917500000000132], [-66.55218999999983, 6.917842000000178], [-66.558789, 6.923988000000122], [-66.55925, 6.927472], [-66.564132, 6.927204000000131], [-66.57385599999986, 6.935473], [-66.58188899999988, 6.934708000000171], [-66.584579, 6.937923], [-66.58138899999989, 6.945274], [-66.582388, 6.94994400000013], [-66.588538, 6.949294000000179], [-66.6001839999999, 6.95744800000017], [-66.59780099999989, 6.963076], [-66.603489, 6.966636000000108], [-66.602297, 6.973910000000103], [-66.60667899999987, 6.977355], [-66.606871, 6.984821000000181], [-66.609062, 6.98796], [-66.6126359999999, 6.986735], [-66.61321299999986, 6.989415000000122], [-66.60921599999989, 6.991329], [-66.609946, 6.994392000000175], [-66.60691, 6.995502], [-66.60641, 6.999024], [-66.598078, 7.002859000000115], [-66.59951299999989, 7.014517000000183], [-66.593019, 7.02384300000017], [-66.59422699999988, 7.030500000000131], [-66.598569, 7.030688], [-66.611142, 7.041669000000184], [-66.60804599999989, 7.050732], [-66.610991, 7.052613000000122], [-66.610689, 7.063369], [-66.617676, 7.079675000000123], [-66.615191, 7.095453], [-66.61637499999989, 7.107357], [-66.62022, 7.110238], [-66.618397, 7.115644], [-66.62179, 7.118598], [-66.625356, 7.128567], [-66.629092, 7.129731], [-66.633702, 7.127875000000131], [-66.6311, 7.125967000000173], [-66.633145, 7.123173], [-66.643302, 7.122969], [-66.66102599999988, 7.111675000000162], [-66.664775, 7.118312], [-66.67221, 7.123766000000103], [-66.6721859999999, 7.128725], [-66.680986, 7.143389000000127], [-66.681371, 7.14811600000013], [-66.67806499999989, 7.148917], [-66.68106299999988, 7.156656], [-66.678949, 7.156237], [-66.679372, 7.159134000000108], [-66.674337, 7.161879], [-66.670493, 7.172288], [-66.66530499999982, 7.176443000000177], [-66.66918699999985, 7.182009000000107], [-66.667611, 7.184869000000106], [-66.67209899999983, 7.188015000000178], [-66.66748499999989, 7.189119], [-66.668172, 7.192888000000153], [-66.673507, 7.198294000000146], [-66.677621, 7.197266000000184], [-66.674038, 7.203282], [-66.675875, 7.208879], [-66.671221, 7.211963000000139], [-66.67391, 7.213029], [-66.673443, 7.217026], [-66.67590399999989, 7.215808], [-66.676821, 7.220415000000116], [-66.68004999999982, 7.219806000000176], [-66.68080699999985, 7.228601], [-66.67322999999988, 7.232484], [-66.669043, 7.230885], [-66.670121, 7.243428000000108], [-66.656897, 7.243631], [-66.646771, 7.254961], [-66.639628, 7.255287], [-66.641314, 7.258334000000104], [-66.636016, 7.25949], [-66.6336199999999, 7.257607000000178], [-66.629946, 7.260080000000187], [-66.627717, 7.267479], [-66.623895, 7.270290000000102], [-66.623604, 7.276828], [-66.61394, 7.277337], [-66.61286, 7.284963], [-66.607454, 7.286532], [-66.61033699999984, 7.29315], [-66.60820699999982, 7.293973000000165], [-66.60812, 7.298670000000129], [-66.594523, 7.299548000000129], [-66.589757, 7.303147], [-66.588452, 7.305587000000116], [-66.60034617899998, 7.316419488], [-66.62203745599999, 7.305974179000088], [-66.6590330539999, 7.304437003000089], [-66.76476353499999, 7.271700821000024], [-66.80120109899991, 7.267982583000048], [-66.82044787299998, 7.25302817000005], [-66.85420613999992, 7.202674887000171], [-66.88939353599989, 7.170642024000188], [-66.91313558399986, 7.174743016000036], [-66.93839173899994, 7.188303225000141], [-66.97257622499995, 7.189145106000069], [-66.9924877179999, 7.181131918000176], [-67.00659062999995, 7.171038563000025], [-67.02683138199995, 7.140889801000014], [-67.05492048499997, 7.111644023000167], [-67.05629050799996, 7.10319583200004], [-67.07007904099999, 7.086620404000143], [-67.0741850099999, 7.032027165999978], [-67.06674453999995, 6.996699408000154], [-67.04195633299997, 6.961127704000148], [-67.01748006899999, 6.909583647000147], [-67.01571594699988, 6.899615439000115], [-67.01720095699989, 6.883541076000029], [-67.03355545899996, 6.832076863000054], [-67.03365011399995, 6.795990249000113], [-67.025775, 6.793609000000174], [-67.022391, 6.801543], [-67.014991, 6.802601], [-67.008009, 6.795897], [-67.005775, 6.801429], [-66.998933, 6.80193700000018], [-66.99851399999989, 6.809006000000124], [-66.994325, 6.807314], [-66.99167199999988, 6.800916], [-66.9873429999999, 6.80893], [-66.984411, 6.809603], [-66.979245, 6.803327], [-66.98483, 6.801563000000158], [-66.985109, 6.798236], [-66.971984, 6.807022], [-66.959138, 6.798197000000187], [-66.951598, 6.801613], [-66.94587299999989, 6.800187000000165], [-66.944058, 6.804612], [-66.940008, 6.805693], [-66.936936, 6.804979000000174], [-66.934004, 6.796222000000171], [-66.92590499999983, 6.798386000000164], [-66.929536, 6.790783], [-66.923392, 6.782421000000113], [-66.910825, 6.780393000000174], [-66.909708, 6.783020000000135], [-66.91264, 6.787062], [-66.904123, 6.790609], [-66.89909599999987, 6.786415], [-66.89741999999984, 6.775586], [-66.891137, 6.779842], [-66.890439, 6.773181000000136], [-66.879268, 6.771579], [-66.87843, 6.765194000000122], [-66.880525, 6.76174200000014], [-66.87843, 6.759093000000121], [-66.869075, 6.763882], [-66.867679, 6.761515], [-66.87117, 6.753773000000137], [-66.876615, 6.75533600000017], [-66.87759299999988, 6.751321000000132], [-66.87089, 6.742261], [-66.866422, 6.744865000000118], [-66.859999, 6.740106], [-66.864328, 6.738195000000132], [-66.866003, 6.734046], [-66.85282199999989, 6.731601], [-66.851005, 6.732564], [-66.850709, 6.742669000000149], [-66.848753, 6.742939], [-66.84067, 6.734328000000119], [-66.841933, 6.730456000000174], [-66.83344, 6.716307], [-66.83832799999988, 6.715908000000127], [-66.838059, 6.709954], [-66.82997, 6.704251], [-66.828026, 6.698153000000104], [-66.802774, 6.686022], [-66.790791, 6.67103], [-66.772778, 6.671799], [-66.766514, 6.660288000000151], [-66.76847699999985, 6.655864000000179], [-66.7668139999999, 6.64852100000013], [-66.75884999999982, 6.65112500000015], [-66.756636, 6.639627000000189], [-66.752313, 6.636151], [-66.7527419999999, 6.630615], [-66.744939, 6.627636000000166], [-66.749269, 6.62022], [-66.744644, 6.612728000000175], [-66.74315, 6.600144], [-66.739645, 6.59538300000014], [-66.735335, 6.596856000000173], [-66.732059, 6.591471000000126], [-66.725221, 6.591018000000133], [-66.72412899999989, 6.582912], [-66.715911, 6.57577], [-66.699189, 6.570725], [-66.699074, 6.562166000000161], [-66.695684, 6.559615000000122], [-66.6905119999999, 6.557688], [-66.687121, 6.559105], [-66.68568499999986, 6.56664400000011], [-66.67603, 6.561996], [-66.6675259999999, 6.570612000000153], [-66.665284, 6.566587], [-66.66723799999988, 6.558878], [-66.66425, 6.55389], [-66.661722, 6.558368000000144], [-66.658733, 6.557745], [-66.659538, 6.548675000000173], [-66.655745, 6.549242000000163], [-66.646493, 6.559105], [-66.63982699999985, 6.556101000000126], [-66.638448, 6.550999], [-66.631782, 6.550489000000141], [-66.620863, 6.528156], [-66.622989, 6.515969000000155], [-66.620116, 6.501344000000131], [-66.61574899999988, 6.495336], [-66.604792, 6.489733], [-66.604318, 6.482172000000105], [-66.610152, 6.474074000000144], [-66.602282, 6.465776000000119], [-66.61666499999984, 6.467583], [-66.619446, 6.461962], [-66.622974, 6.46049], [-66.622228, 6.456475], [-66.61754699999989, 6.452593], [-66.61869999999982, 6.446838], [-66.61517199999986, 6.437135000000183], [-66.61714, 6.431648], [-66.621006, 6.430176], [-66.610288, 6.429707], [-66.609066, 6.424889000000178], [-66.615444, 6.417126], [-66.610491, 6.416323], [-66.610016, 6.409029], [-66.60241799999983, 6.40802500000018], [-66.60329999999988, 6.401467], [-66.605403, 6.404478000000154], [-66.607438, 6.40227], [-66.598958, 6.398322], [-66.601536, 6.391898], [-66.597533, 6.385473000000104], [-66.602079, 6.376975], [-66.596448, 6.364126], [-66.590866, 6.358996000000161], [-66.585471, 6.357805], [-66.58247299999988, 6.360613000000171], [-66.5799889999999, 6.358061], [-66.576306, 6.362909], [-66.573138, 6.359932000000128], [-66.569112, 6.362654000000134], [-66.564916, 6.36180400000012], [-66.548386, 6.341047], [-66.54615899999988, 6.326245000000142], [-66.54187699999989, 6.323098000000186], [-66.540763, 6.315016], [-66.531342, 6.311954], [-66.52945799999986, 6.304723], [-66.5218359999999, 6.303532], [-66.519266, 6.306850000000168], [-66.51584, 6.302256], [-66.510188, 6.30633900000015], [-66.496142, 6.304638000000125], [-66.472418, 6.316547000000128], [-66.471648, 6.312634000000173], [-66.463426, 6.312549000000104], [-66.462227, 6.308891000000131], [-66.4580299999999, 6.307615], [-66.46573799999987, 6.296131], [-66.46239799999984, 6.288901], [-66.458715, 6.28677400000015], [-66.461627, 6.278778], [-66.4567449999999, 6.278182000000129], [-66.461884, 6.27597], [-66.46548099999984, 6.267549], [-66.46102799999989, 6.260063], [-66.439102, 6.247303000000102], [-66.424744, 6.254726], [-66.423694, 6.257447000000127], [-66.419528, 6.255817], [-66.407284, 6.25899], [-66.407645, 6.253861], [-66.40521399999989, 6.250786000000176], [-66.39758599999982, 6.2545310000001], [-66.393495, 6.252523], [-66.387911, 6.23424], [-66.383749, 6.233816000000104], [-66.374545, 6.218874000000142], [-66.36848299999986, 6.215899], [-66.367587, 6.219222000000173], [-66.359695, 6.212038000000121], [-66.352295, 6.215932], [-66.351682, 6.213449], [-66.347377, 6.215739], [-66.348049, 6.213021], [-66.342905, 6.213131000000146], [-66.345473, 6.211681], [-66.340313, 6.206966], [-66.337515, 6.207361], [-66.33904299999989, 6.211875000000134], [-66.33465599999982, 6.211980000000153], [-66.32866299999984, 6.20704400000011], [-66.330446, 6.197231000000158], [-66.326788, 6.189414000000113], [-66.33108, 6.183279], [-66.327361, 6.179836], [-66.33082899999988, 6.176344], [-66.32331, 6.167348000000118], [-66.325248, 6.15889], [-66.318303, 6.140767], [-66.324805, 6.130692000000124], [-66.31542499999989, 6.122171000000151], [-66.305213, 6.117089000000135], [-66.305667, 6.112231000000179], [-66.29530299999988, 6.107523000000185], [-66.28751199999988, 6.099825], [-66.286982, 6.09549], [-66.27904, 6.09691], [-66.28244299999989, 6.099077], [-66.277829, 6.097881], [-66.2741979999999, 6.072171], [-66.27056699999986, 6.070452000000159], [-66.265347, 6.059765], [-66.26602799999989, 6.055280000000153], [-66.26481799999988, 6.057148], [-66.26020299999988, 6.055205000000171], [-66.25868999999983, 6.050571000000105], [-66.256497, 6.051244000000167], [-66.26058099999989, 6.048777], [-66.257177, 6.045115], [-66.261111, 6.038239], [-66.255892, 6.033755000000156], [-66.261565, 6.030242000000101], [-66.25657199999989, 6.029270000000167], [-66.258615, 6.025384000000145], [-66.25569999999988, 6.021384000000126], [-66.256875, 6.017802], [-66.264347, 6.013674], [-66.2625, 6.009074000000112], [-66.265858, 6.00634], [-66.269216, 5.991422000000114], [-66.267621, 5.984820000000127], [-66.263423, 5.984127000000115], [-66.264767, 5.977292], [-66.259142, 5.970666000000165], [-66.268041, 5.963542], [-66.26652999999988, 5.960445], [-66.268461, 5.955116000000146], [-66.263255, 5.950328000000127], [-66.266698, 5.947094], [-66.264683, 5.93423], [-66.269048, 5.930501000000106], [-66.270476, 5.925085000000138], [-66.264851, 5.920962], [-66.262164, 5.912851], [-66.257547, 5.913742], [-66.246094, 5.906450000000177], [-66.2455389999999, 5.890395000000126], [-66.242229, 5.8893470000001], [-66.2417119999999, 5.885663], [-66.250472, 5.877904000000115], [-66.25049499999989, 5.870233], [-66.23957399999983, 5.84468], [-66.23129499999988, 5.842812], [-66.228577, 5.84507200000013], [-66.22046399999988, 5.838090000000136], [-66.212084, 5.844720000000166], [-66.206373, 5.840442], [-66.20147199999985, 5.842330000000118], [-66.198464, 5.840679], [-66.197247, 5.844517], [-66.188583, 5.845658000000128], [-66.185551, 5.85228], [-66.177955, 5.848456000000169], [-66.178467, 5.853569000000107], [-66.17214599999988, 5.851849], [-66.164146, 5.857426], [-66.16140599999989, 5.866905], [-66.14179599999989, 5.858627], [-66.23363199999989, 5.770278000000133], [-66.22911452199992, 5.76024104600009], [-66.10544021599998, 5.730219109000075], [-66.0630253189999, 5.717396963000169], [-66.04727263199993, 5.715848980000089], [-66.03426306799997, 5.719725103000087], [-66.03004295599993, 5.743131617000131], [-66.02860100399994, 5.778488385000117], [-66.02104871099988, 5.787773601000083], [-66.00752613999992, 5.797634857000105], [-65.98638624499989, 5.804817078000099], [-65.98425417499988, 5.812442259000136], [-65.98650731699996, 5.82765856900005], [-65.98489060299988, 5.838039906000063], [-65.989906, 5.856454], [-65.996507, 5.86713], [-65.9909899999999, 5.936363]]]}}, {"type": "Feature", "properties": {"parroquia": "Pijiguaos", "municipio": "Cedeño", "estado": "Bolívar", "pcode": "VE070206", "estado_pcode": "VE07", "municipio_pcode": "VE0702", "center_lat": 6.22191658, "center_lon": -66.9011965, "area_sqkm": 9431.9653445}, "geometry": {"type": "Polygon", "coordinates": [[[-66.22911452199992, 5.76024104600009], [-66.23363199999989, 5.770278000000133], [-66.14179599999989, 5.858627], [-66.16140599999989, 5.866905], [-66.164146, 5.857426], [-66.17214599999988, 5.851849], [-66.178467, 5.853569000000107], [-66.177955, 5.848456000000169], [-66.185551, 5.85228], [-66.188583, 5.845658000000128], [-66.197247, 5.844517], [-66.198464, 5.840679], [-66.20147199999985, 5.842330000000118], [-66.206373, 5.840442], [-66.212084, 5.844720000000166], [-66.22046399999988, 5.838090000000136], [-66.228577, 5.84507200000013], [-66.23129499999988, 5.842812], [-66.23957399999983, 5.84468], [-66.25049499999989, 5.870233], [-66.250472, 5.877904000000115], [-66.2417119999999, 5.885663], [-66.242229, 5.8893470000001], [-66.2455389999999, 5.890395000000126], [-66.246094, 5.906450000000177], [-66.257547, 5.913742], [-66.262164, 5.912851], [-66.264851, 5.920962], [-66.270476, 5.925085000000138], [-66.269048, 5.930501000000106], [-66.264683, 5.93423], [-66.266698, 5.947094], [-66.263255, 5.950328000000127], [-66.268461, 5.955116000000146], [-66.26652999999988, 5.960445], [-66.268041, 5.963542], [-66.259142, 5.970666000000165], [-66.264767, 5.977292], [-66.263423, 5.984127000000115], [-66.267621, 5.984820000000127], [-66.269216, 5.991422000000114], [-66.265858, 6.00634], [-66.2625, 6.009074000000112], [-66.264347, 6.013674], [-66.256875, 6.017802], [-66.25569999999988, 6.021384000000126], [-66.258615, 6.025384000000145], [-66.25657199999989, 6.029270000000167], [-66.261565, 6.030242000000101], [-66.255892, 6.033755000000156], [-66.261111, 6.038239], [-66.257177, 6.045115], [-66.26058099999989, 6.048777], [-66.256497, 6.051244000000167], [-66.25868999999983, 6.050571000000105], [-66.26020299999988, 6.055205000000171], [-66.26481799999988, 6.057148], [-66.26602799999989, 6.055280000000153], [-66.265347, 6.059765], [-66.27056699999986, 6.070452000000159], [-66.2741979999999, 6.072171], [-66.277829, 6.097881], [-66.28244299999989, 6.099077], [-66.27904, 6.09691], [-66.286982, 6.09549], [-66.28751199999988, 6.099825], [-66.29530299999988, 6.107523000000185], [-66.305667, 6.112231000000179], [-66.305213, 6.117089000000135], [-66.31542499999989, 6.122171000000151], [-66.324805, 6.130692000000124], [-66.318303, 6.140767], [-66.325248, 6.15889], [-66.32331, 6.167348000000118], [-66.33082899999988, 6.176344], [-66.327361, 6.179836], [-66.33108, 6.183279], [-66.326788, 6.189414000000113], [-66.330446, 6.197231000000158], [-66.32866299999984, 6.20704400000011], [-66.33465599999982, 6.211980000000153], [-66.33904299999989, 6.211875000000134], [-66.337515, 6.207361], [-66.340313, 6.206966], [-66.345473, 6.211681], [-66.342905, 6.213131000000146], [-66.348049, 6.213021], [-66.347377, 6.215739], [-66.351682, 6.213449], [-66.352295, 6.215932], [-66.359695, 6.212038000000121], [-66.367587, 6.219222000000173], [-66.36848299999986, 6.215899], [-66.374545, 6.218874000000142], [-66.383749, 6.233816000000104], [-66.387911, 6.23424], [-66.393495, 6.252523], [-66.39758599999982, 6.2545310000001], [-66.40521399999989, 6.250786000000176], [-66.407645, 6.253861], [-66.407284, 6.25899], [-66.419528, 6.255817], [-66.423694, 6.257447000000127], [-66.424744, 6.254726], [-66.439102, 6.247303000000102], [-66.46102799999989, 6.260063], [-66.46548099999984, 6.267549], [-66.461884, 6.27597], [-66.4567449999999, 6.278182000000129], [-66.461627, 6.278778], [-66.458715, 6.28677400000015], [-66.46239799999984, 6.288901], [-66.46573799999987, 6.296131], [-66.4580299999999, 6.307615], [-66.462227, 6.308891000000131], [-66.463426, 6.312549000000104], [-66.471648, 6.312634000000173], [-66.472418, 6.316547000000128], [-66.496142, 6.304638000000125], [-66.510188, 6.30633900000015], [-66.51584, 6.302256], [-66.519266, 6.306850000000168], [-66.5218359999999, 6.303532], [-66.52945799999986, 6.304723], [-66.531342, 6.311954], [-66.540763, 6.315016], [-66.54187699999989, 6.323098000000186], [-66.54615899999988, 6.326245000000142], [-66.548386, 6.341047], [-66.564916, 6.36180400000012], [-66.569112, 6.362654000000134], [-66.573138, 6.359932000000128], [-66.576306, 6.362909], [-66.5799889999999, 6.358061], [-66.58247299999988, 6.360613000000171], [-66.585471, 6.357805], [-66.590866, 6.358996000000161], [-66.596448, 6.364126], [-66.602079, 6.376975], [-66.597533, 6.385473000000104], [-66.601536, 6.391898], [-66.598958, 6.398322], [-66.607438, 6.40227], [-66.605403, 6.404478000000154], [-66.60329999999988, 6.401467], [-66.60241799999983, 6.40802500000018], [-66.610016, 6.409029], [-66.610491, 6.416323], [-66.615444, 6.417126], [-66.609066, 6.424889000000178], [-66.610288, 6.429707], [-66.621006, 6.430176], [-66.61714, 6.431648], [-66.61517199999986, 6.437135000000183], [-66.61869999999982, 6.446838], [-66.61754699999989, 6.452593], [-66.622228, 6.456475], [-66.622974, 6.46049], [-66.619446, 6.461962], [-66.61666499999984, 6.467583], [-66.602282, 6.465776000000119], [-66.610152, 6.474074000000144], [-66.604318, 6.482172000000105], [-66.604792, 6.489733], [-66.61574899999988, 6.495336], [-66.620116, 6.501344000000131], [-66.622989, 6.515969000000155], [-66.620863, 6.528156], [-66.631782, 6.550489000000141], [-66.638448, 6.550999], [-66.63982699999985, 6.556101000000126], [-66.646493, 6.559105], [-66.655745, 6.549242000000163], [-66.659538, 6.548675000000173], [-66.658733, 6.557745], [-66.661722, 6.558368000000144], [-66.66425, 6.55389], [-66.66723799999988, 6.558878], [-66.665284, 6.566587], [-66.6675259999999, 6.570612000000153], [-66.67603, 6.561996], [-66.68568499999986, 6.56664400000011], [-66.687121, 6.559105], [-66.6905119999999, 6.557688], [-66.695684, 6.559615000000122], [-66.699074, 6.562166000000161], [-66.699189, 6.570725], [-66.715911, 6.57577], [-66.72412899999989, 6.582912], [-66.725221, 6.591018000000133], [-66.732059, 6.591471000000126], [-66.735335, 6.596856000000173], [-66.739645, 6.59538300000014], [-66.74315, 6.600144], [-66.744644, 6.612728000000175], [-66.749269, 6.62022], [-66.744939, 6.627636000000166], [-66.7527419999999, 6.630615], [-66.752313, 6.636151], [-66.756636, 6.639627000000189], [-66.75884999999982, 6.65112500000015], [-66.7668139999999, 6.64852100000013], [-66.76847699999985, 6.655864000000179], [-66.766514, 6.660288000000151], [-66.772778, 6.671799], [-66.790791, 6.67103], [-66.802774, 6.686022], [-66.828026, 6.698153000000104], [-66.82997, 6.704251], [-66.838059, 6.709954], [-66.83832799999988, 6.715908000000127], [-66.83344, 6.716307], [-66.841933, 6.730456000000174], [-66.84067, 6.734328000000119], [-66.848753, 6.742939], [-66.850709, 6.742669000000149], [-66.851005, 6.732564], [-66.85282199999989, 6.731601], [-66.866003, 6.734046], [-66.864328, 6.738195000000132], [-66.859999, 6.740106], [-66.866422, 6.744865000000118], [-66.87089, 6.742261], [-66.87759299999988, 6.751321000000132], [-66.876615, 6.75533600000017], [-66.87117, 6.753773000000137], [-66.867679, 6.761515], [-66.869075, 6.763882], [-66.87843, 6.759093000000121], [-66.880525, 6.76174200000014], [-66.87843, 6.765194000000122], [-66.879268, 6.771579], [-66.890439, 6.773181000000136], [-66.891137, 6.779842], [-66.89741999999984, 6.775586], [-66.89909599999987, 6.786415], [-66.904123, 6.790609], [-66.91264, 6.787062], [-66.909708, 6.783020000000135], [-66.910825, 6.780393000000174], [-66.923392, 6.782421000000113], [-66.929536, 6.790783], [-66.92590499999983, 6.798386000000164], [-66.934004, 6.796222000000171], [-66.936936, 6.804979000000174], [-66.940008, 6.805693], [-66.944058, 6.804612], [-66.94587299999989, 6.800187000000165], [-66.951598, 6.801613], [-66.959138, 6.798197000000187], [-66.971984, 6.807022], [-66.985109, 6.798236], [-66.98483, 6.801563000000158], [-66.979245, 6.803327], [-66.984411, 6.809603], [-66.9873429999999, 6.80893], [-66.99167199999988, 6.800916], [-66.994325, 6.807314], [-66.99851399999989, 6.809006000000124], [-66.998933, 6.80193700000018], [-67.005775, 6.801429], [-67.008009, 6.795897], [-67.014991, 6.802601], [-67.022391, 6.801543], [-67.025775, 6.793609000000174], [-67.03365011399995, 6.795990249000113], [-67.0339402329999, 6.765675395000073], [-67.04012747299998, 6.759524235000015], [-67.04631569499998, 6.74722094599997], [-67.07718352999984, 6.731627796000168], [-67.09581768099991, 6.706211855000163], [-67.09783264799995, 6.673164115000134], [-67.10819299299988, 6.647773522000136], [-67.11740634499995, 6.634601197000109], [-67.1172972469999, 6.610444670000049], [-67.12004032199997, 6.595836346000169], [-67.13423578599998, 6.556689439000081], [-67.13916185699998, 6.517736573000093], [-67.15931450199992, 6.457430191000128], [-67.18033632599997, 6.433805599000095], [-67.20935652299994, 6.415895111000054], [-67.25858545299997, 6.363386801000104], [-67.27470011699995, 6.353609537000068], [-67.28181039199984, 6.345698331999984], [-67.28928765699999, 6.330500981000114], [-67.30152014299995, 6.316351639], [-67.32393196799995, 6.277887736000139], [-67.34441581899989, 6.269062475000112], [-67.39935813899996, 6.253751956000087], [-67.41470276199993, 6.24448570300018], [-67.4229390719999, 6.232777418000182], [-67.43277339899993, 6.204220789000033], [-67.4399596799999, 6.197393618000092], [-67.43314736199989, 6.188684449000107], [-67.4350304379999, 6.18679940200019], [-67.43190430199996, 6.1860914], [-67.43321234699994, 6.182967328000188], [-67.42840209399992, 6.172525125000107], [-67.41748461499998, 6.169230092000078], [-67.41446845699988, 6.161839946000043], [-67.4069961159999, 6.154775825000058], [-67.40570202899994, 6.145248625000136], [-67.40840912399995, 6.138151464000089], [-67.39962570699998, 6.129779322000104], [-67.39259441199988, 6.130085348000023], [-67.37882679699999, 6.123946268000111], [-67.36913138299991, 6.125311338000131], [-67.3574649059999, 6.13395555600016], [-67.35404679699997, 6.143166766999968], [-67.34419239199997, 6.148961921000023], [-67.32273146499995, 6.149763015000076], [-67.3048076909999, 6.147047017000034], [-67.30278358299995, 6.14213492000016], [-67.2972913349999, 6.140233899000123], [-67.29034498899989, 6.125408613000047], [-67.28492173999996, 6.12263456900007], [-67.28369966299994, 6.114439401000027], [-67.27701438599996, 6.115960459000121], [-67.27402724299998, 6.114194426000097], [-67.27322019299999, 6.108983323000132], [-67.25251929799992, 6.108197370000028], [-67.23193643499991, 6.115032592000148], [-67.2246801469999, 6.122349765000138], [-67.21668377799989, 6.117762706000121], [-67.20152313699998, 6.12086782200015], [-67.1861754649999, 6.117759807000141], [-67.17374689799993, 6.107787636000069], [-67.14737761999993, 6.069464914000037], [-67.12612063499995, 6.049741562], [-67.11976229599986, 6.029903171000058], [-67.13082271999991, 6.014905814000031], [-67.13430276499997, 5.982564124000135], [-67.15973458799988, 5.897859245000177], [-67.17842437099995, 5.893031086000065], [-67.18688171499991, 5.884679888000107], [-67.18917675499983, 5.867908528000157], [-67.18462853299991, 5.860989399000061], [-67.19100478799999, 5.853008208000062], [-67.2035941819999, 5.809258251000131], [-67.20185409899989, 5.807553221000092], [-67.20896635399998, 5.78951782200005], [-67.21554342799988, 5.725939475000189], [-67.20795363799994, 5.707329557000094], [-67.19705455699989, 5.70422008800017], [-67.1778697499999, 5.710289270000146], [-67.17624470699991, 5.716129399000067], [-67.16192707999983, 5.714961417999973], [-67.15304871699993, 5.721095570000045], [-67.14217924699994, 5.720810605000167], [-67.13657602999996, 5.726660739000181], [-67.12909269199986, 5.72347870700014], [-67.12646961399997, 5.733813925000106], [-67.13117686499999, 5.748065204000056], [-67.11192103999997, 5.752877375000025], [-67.10161058699998, 5.749012324999967], [-67.09628831199996, 5.734168035000096], [-67.06037970399984, 5.717118788000164], [-67.04149676499992, 5.678719057000023], [-67.00947130699996, 5.646148028000084], [-66.99900879499995, 5.635507282000049], [-66.95438088199995, 5.642028563000054], [-66.94315340799994, 5.646204685999976], [-66.95183481899994, 5.658902919000013], [-66.95725106499992, 5.660874952000029], [-66.95806712199993, 5.669117113000141], [-66.94986478599992, 5.674875268000051], [-66.94730870799992, 5.684658471000148], [-66.93669327299995, 5.691957665000132], [-66.93243909299991, 5.692365685000141], [-66.9322810459999, 5.681592456000033], [-66.92546473999988, 5.678924429000176], [-66.92465268099994, 5.671492274000116], [-66.9153412679999, 5.66703521300019], [-66.91841437799991, 5.659949052000172], [-66.91442519599997, 5.656890995000026], [-66.85662077599989, 5.683714750000149], [-66.70216518799998, 5.718003955000142], [-66.63604640099993, 5.743597703000148], [-66.60795815699993, 5.738977701000181], [-66.60411199399994, 5.740245735000087], [-66.58508715599999, 5.735214695000025], [-66.53310898299998, 5.76290044100017], [-66.4827978379999, 5.778575935000049], [-66.48303387999982, 5.787296125000182], [-66.47104783799983, 5.789000538999971], [-66.43850893499996, 5.784306205000064], [-66.42272922599989, 5.777879111000118], [-66.41019365199998, 5.769255974000146], [-66.40476340699985, 5.768744975], [-66.37989938699997, 5.786290434000023], [-66.34916615599985, 5.821267275000082], [-66.34211585599996, 5.82239632600016], [-66.32737816499991, 5.808892084000092], [-66.31149639199992, 5.785063629000035], [-66.29026943499997, 5.775400487000013], [-66.22911452199992, 5.76024104600009]]]}}, {"type": "Feature", "properties": {"parroquia": "Sección Capital el Callao", "municipio": "El Callao", "estado": "Bolívar", "pcode": "VE070301", "estado_pcode": "VE07", "municipio_pcode": "VE0703", "center_lat": 7.210322, "center_lon": -61.76829462, "area_sqkm": 2654.81113504}, "geometry": {"type": "Polygon", "coordinates": [[[-61.66509, 6.93941800000016], [-61.664634, 6.950416], [-61.653791999999896, 6.965684], [-61.652726, 6.97223200000019], [-61.644821, 6.972030000000188], [-61.646374, 6.987097000000176], [-61.637125, 7.009769], [-61.625537, 7.015549000000135], [-61.627797, 7.021354], [-61.625255, 7.024156000000119], [-61.610542, 7.028433000000121], [-61.610078, 7.08548], [-61.615505, 7.090094000000136], [-61.608674, 7.092844000000127], [-61.609189, 7.116288000000111], [-61.6038089999999, 7.125611], [-61.606411, 7.130293000000165], [-61.60563999999988, 7.136259000000109], [-61.609516, 7.138262000000111], [-61.611176999999884, 7.144375], [-61.618356, 7.151157000000183], [-61.611262999999894, 7.158949], [-61.612544, 7.166819], [-61.607226, 7.175127], [-61.61421699999988, 7.182139000000177], [-61.616171, 7.197691], [-61.621964999999875, 7.199609], [-61.619157, 7.210788], [-61.622238, 7.214243000000124], [-61.626358, 7.212852000000112], [-61.625037, 7.218629000000135], [-61.6291379999999, 7.226933], [-61.62576299999989, 7.23047], [-61.633519, 7.236077000000137], [-61.636701, 7.235617], [-61.638861, 7.231240000000128], [-61.64382, 7.231249000000162], [-61.644065, 7.250452], [-61.649219, 7.24617400000011], [-61.659869, 7.254956], [-61.672218, 7.256004], [-61.675021, 7.25834], [-61.676227, 7.2634690000001], [-61.680899999999895, 7.26627400000018], [-61.675468, 7.273907], [-61.673913, 7.289504], [-61.67894699999988, 7.294398000000172], [-61.68751799999984, 7.291969], [-61.696212, 7.30635000000018], [-61.696266, 7.317077], [-61.691764, 7.32003200000014], [-61.69105899999988, 7.337118], [-61.68495, 7.359935], [-61.678015, 7.364426], [-61.673987999999895, 7.379217], [-61.667523, 7.389589000000115], [-61.656926, 7.394363], [-61.639673, 7.413883], [-61.62765, 7.421743000000106], [-61.617515, 7.445874], [-61.617488, 7.453935], [-61.622429999999895, 7.465420000000108], [-61.623994, 7.487100000000169], [-61.629075, 7.497205000000122], [-61.635147, 7.502950000000112], [-61.629193, 7.510106000000121], [-61.627381, 7.541863000000149], [-61.633074, 7.556239000000176], [-61.644521, 7.56841], [-61.64533299999988, 7.574297], [-61.63250099999988, 7.615197000000137], [-61.640208, 7.664964000000111], [-61.639567, 7.670321000000172], [-61.632716, 7.679100000000176], [-61.659513, 7.681138], [-61.673984999999846, 7.676650000000166], [-61.73412599999989, 7.632630000000177], [-61.783006, 7.612409], [-61.786958, 7.608673000000181], [-61.786139999999875, 7.603017], [-61.793642, 7.57884], [-61.815324, 7.554321], [-61.817487, 7.534777], [-61.815839, 7.524155000000121], [-61.82159699999988, 7.494881], [-61.831394, 7.48341], [-61.84532, 7.477764], [-61.851468, 7.472452], [-61.854991, 7.460186000000135], [-61.864386, 7.452048], [-61.868549, 7.442442000000142], [-61.866717, 7.42916600000018], [-61.873842, 7.426864000000137], [-61.87585899999988, 7.418275], [-61.890232, 7.412819000000127], [-61.892262, 7.402775], [-61.896337, 7.400395000000174], [-61.918433, 7.404786], [-61.92583999999988, 7.413173000000143], [-61.930515, 7.414258000000189], [-61.93770499999988, 7.405461000000116], [-61.945623999999896, 7.402101], [-61.944475, 7.396663000000103], [-61.94045899999986, 7.394605000000183], [-61.943049, 7.390157], [-61.958399, 7.388727000000188], [-61.957763, 7.38357], [-61.961141, 7.380843000000141], [-61.965719, 7.382764000000122], [-61.967937, 7.390063], [-61.975941, 7.389117000000113], [-61.979714, 7.39345], [-61.992163, 7.392288000000121], [-61.997153, 7.396486], [-62.00043499999987, 7.394594000000154], [-61.99988599999989, 7.391156], [-62.005868, 7.392803000000129], [-62.015039, 7.375364000000104], [-62.013644, 7.349312], [-62.022576, 7.334368], [-62.025491, 7.310228], [-62.01984199999987, 7.278925000000129], [-62.011909, 7.261292], [-62.00204999999988, 7.256527000000176], [-61.984818, 7.255443000000184], [-61.934113, 7.220417], [-61.93079299999988, 7.214029], [-61.91905899999989, 7.212111000000107], [-61.908497, 7.201688000000104], [-61.893631, 7.202713], [-61.889152, 7.198322000000132], [-61.917886999999894, 7.172358], [-61.916169, 7.163677000000121], [-61.9011, 7.152733], [-61.899995, 7.143731], [-61.902976, 7.129498000000126], [-61.913671, 7.111589000000151], [-61.91676399999989, 7.09747300000015], [-61.923987, 7.082272], [-61.923735, 7.070058], [-61.92841799999985, 7.056429], [-61.92146799999989, 7.028328000000158], [-61.921713999999895, 7.006909], [-61.90921699999984, 6.989659], [-61.903752, 6.975173], [-61.883335, 6.946967], [-61.874674, 6.939339000000189], [-61.869436, 6.938562], [-61.862683, 6.919333000000108], [-61.863022, 6.906092000000172], [-61.85805, 6.876181000000145], [-61.84487699999988, 6.862118], [-61.83816, 6.860624], [-61.817064, 6.86454700000013], [-61.807911, 6.858838000000105], [-61.79963899999984, 6.859513], [-61.798176, 6.862287], [-61.801237, 6.868415], [-61.797904, 6.874402], [-61.788244, 6.87288], [-61.782504, 6.855991000000131], [-61.790267, 6.847807000000103], [-61.792046, 6.841753000000153], [-61.78156099999984, 6.83313800000019], [-61.77307699999989, 6.812591], [-61.759392, 6.80717], [-61.74243, 6.810065000000179], [-61.737785, 6.8029820000001], [-61.72300499999989, 6.793771], [-61.720757999999876, 6.769082], [-61.716469, 6.764934], [-61.711236, 6.749787], [-61.70201999999989, 6.745610000000113], [-61.697917, 6.740139], [-61.690305, 6.750428000000113], [-61.684012, 6.744507000000169], [-61.67467, 6.753156], [-61.677648, 6.769838000000107], [-61.658575, 6.77863600000012], [-61.648562, 6.778878], [-61.641702, 6.78684], [-61.641189, 6.799004000000139], [-61.634483, 6.803298000000154], [-61.627371, 6.80355], [-61.631692, 6.811573], [-61.633056999999894, 6.821824], [-61.619618, 6.82518], [-61.61834599999986, 6.827629000000172], [-61.62555999999989, 6.837681], [-61.624676, 6.848847], [-61.629947, 6.852862], [-61.62875299999985, 6.859484000000123], [-61.636568, 6.87157800000017], [-61.63341799999989, 6.875686], [-61.63812499999989, 6.880394], [-61.637235, 6.885341], [-61.659366, 6.891295000000127], [-61.650035999999886, 6.900396000000171], [-61.650804, 6.910280000000114], [-61.646955999999875, 6.924435000000187], [-61.651120999999875, 6.930603000000133], [-61.66509, 6.93941800000016]]]}}, {"type": "Feature", "properties": {"parroquia": "Sección Capital Gran Sabana", "municipio": "Gran Sabana", "estado": "Bolívar", "pcode": "VE070401", "estado_pcode": "VE07", "municipio_pcode": "VE0704", "center_lat": 5.3840295, "center_lon": -61.8539891, "area_sqkm": 28328.9962064}, "geometry": {"type": "Polygon", "coordinates": [[[-62.815372, 6.231940000000122], [-62.83136499999989, 6.24566700000014], [-62.851252, 6.254497000000129], [-62.844943999999884, 6.290052000000117], [-62.847773, 6.297601000000157], [-62.87094, 6.298793], [-62.878883, 6.303348000000142], [-62.88783699999988, 6.304751], [-62.891589999999894, 6.307282], [-62.892611, 6.321569000000125], [-62.899038, 6.326511000000153], [-62.911646, 6.329687], [-62.91635, 6.324984], [-62.917891, 6.301778], [-62.911684, 6.289607], [-62.913210999999876, 6.283785], [-62.924149, 6.274471], [-62.923706999999865, 6.264184000000114], [-62.918629999999894, 6.249886000000174], [-62.908349, 6.228291], [-62.89967299999989, 6.217581000000109], [-62.888389, 6.177498], [-62.884373, 6.168646], [-62.873103, 6.155753000000175], [-62.879997, 6.146255000000167], [-62.880617, 6.141157], [-62.868257, 6.113171000000136], [-62.869381, 6.104894], [-62.865583, 6.0686], [-62.86241, 6.059571000000119], [-62.862091, 6.029921000000172], [-62.856623, 6.008690000000172], [-62.844966, 5.996991], [-62.841677, 5.989929], [-62.857508, 5.96313], [-62.856478, 5.946492000000148], [-62.891915, 5.86328200000014], [-62.89408, 5.844899], [-62.898432, 5.840356], [-62.903485, 5.840224], [-62.908608, 5.833535], [-62.913974, 5.804412000000184], [-62.91405, 5.788675000000126], [-62.908806, 5.771803], [-62.905435, 5.76343], [-62.89454399999988, 5.749917000000153], [-62.895751, 5.741968], [-62.90359499999988, 5.73437], [-62.902154, 5.711544], [-62.89925099999988, 5.703176], [-62.902003, 5.699365], [-62.897729, 5.670233], [-62.893674, 5.66457], [-62.88695, 5.663749000000166], [-62.884851, 5.658856000000128], [-62.88471799999985, 5.653702], [-62.895609, 5.640609], [-62.895269, 5.628475000000151], [-62.887298, 5.612841000000117], [-62.890452, 5.606317000000161], [-62.898275, 5.60031000000015], [-62.899564, 5.593204000000185], [-62.896689, 5.58198], [-62.899204999999824, 5.555777], [-62.891499, 5.541458], [-62.88719, 5.524177], [-62.891144, 5.503235000000132], [-62.887662, 5.47809500000011], [-62.88363, 5.470185], [-62.863433, 5.452461000000142], [-62.853542, 5.432502], [-62.852563, 5.418442], [-62.849632, 5.412605], [-62.82900299999989, 5.400873000000104], [-62.816447, 5.385759000000121], [-62.799486, 5.38109], [-62.788367, 5.371798000000183], [-62.751201, 5.351095000000157], [-62.725335, 5.340529], [-62.718424, 5.340271], [-62.707971, 5.357393], [-62.7044, 5.359417000000178], [-62.640861, 5.342465000000175], [-62.567145, 5.317353], [-62.558837, 5.307998000000111], [-62.54061199999984, 5.300318000000118], [-62.539156999999875, 5.296558], [-62.541967, 5.277865], [-62.52032, 5.258168000000126], [-62.51075299999985, 5.24421400000017], [-62.50648, 5.24211], [-62.49729799999989, 5.245056], [-62.483152, 5.231664], [-62.462343, 5.203554], [-62.450178, 5.197343], [-62.448025, 5.188897], [-62.44994999999989, 5.183302], [-62.453744, 5.177538], [-62.46888799999982, 5.16651], [-62.484262999999885, 5.142005], [-62.487373, 5.129962], [-62.48457, 5.121042], [-62.486698, 5.113762], [-62.489724, 5.109862000000135], [-62.50245799999982, 5.106154], [-62.502143, 5.100347000000113], [-62.49123, 5.081001], [-62.490536, 5.057219], [-62.487140999999895, 5.042068], [-62.490596, 5.032555000000173], [-62.505725, 5.01305], [-62.499023, 5.00175], [-62.498658, 4.98209], [-62.48589299999986, 4.970356], [-62.49012, 4.95823], [-62.484501, 4.941139000000135], [-62.485495, 4.934971000000132], [-62.476974, 4.928335000000118], [-62.465391, 4.910437], [-62.45109, 4.903276000000119], [-62.431973, 4.873513], [-62.41939, 4.862533], [-62.41594, 4.852766000000145], [-62.407138, 4.856049000000155], [-62.390435, 4.846713], [-62.386764999999855, 4.840407], [-62.379136, 4.838273000000186], [-62.375631, 4.834121], [-62.375478, 4.830751], [-62.38130299999983, 4.826503000000116], [-62.377091, 4.818414000000189], [-62.35275, 4.808069], [-62.353817999999876, 4.79423], [-62.3521659999999, 4.791406000000165], [-62.34119899999985, 4.787369000000126], [-62.334325, 4.765125000000126], [-62.334749, 4.759889000000157], [-62.34097, 4.753212000000133], [-62.33803399999988, 4.748131], [-62.324224, 4.748745], [-62.301784, 4.735287], [-62.282706, 4.731188], [-62.254846, 4.743679], [-62.242774, 4.741259], [-62.20766999999984, 4.727105], [-62.194661, 4.714006], [-62.17527299999989, 4.713605], [-62.165732999999875, 4.708386], [-62.157406, 4.707049], [-62.144036999999855, 4.709636000000103], [-62.136018, 4.719387], [-62.131952, 4.730015000000151], [-62.12483, 4.733291000000122], [-62.1155169999999, 4.726347], [-62.106747, 4.727724000000137], [-62.098136999999895, 4.723559000000137], [-62.085527, 4.723223], [-62.07389, 4.719499], [-62.07038, 4.705660000000137], [-62.063975, 4.699844], [-62.056901, 4.698518], [-62.053424, 4.691791000000137], [-62.043469, 4.686777], [-62.034171, 4.688984], [-62.028819, 4.692695000000128], [-62.030116, 4.698459], [-62.024418, 4.721066000000121], [-62.0133469999999, 4.723463], [-62.002737, 4.74204600000013], [-61.990918, 4.751335], [-61.985406999999896, 4.744953000000123], [-61.974001, 4.739269], [-61.964577, 4.743668], [-61.95670399999989, 4.744215], [-61.95378699999986, 4.749229], [-61.943839, 4.753884000000141], [-61.942916, 4.772719000000166], [-61.94774099999984, 4.774808000000178], [-61.9469519999999, 4.780602000000101], [-61.936262, 4.796486], [-61.928479, 4.80341], [-61.92232899999982, 4.823574], [-61.91480399999989, 4.825691], [-61.907364, 4.819549000000109], [-61.90080299999988, 4.819167000000107], [-61.897862, 4.8213310000001], [-61.898648, 4.825939000000176], [-61.888862, 4.825000000000102], [-61.87743499999988, 4.831569], [-61.87910799999986, 4.840890000000172], [-61.87477999999987, 4.846176], [-61.867977, 4.848978], [-61.858913, 4.848777], [-61.845945, 4.843308], [-61.84049899999985, 4.836143000000163], [-61.830287999999825, 4.836034], [-61.80992599999985, 4.850031000000115], [-61.808608, 4.856393], [-61.794658, 4.874689], [-61.78824, 4.890192], [-61.780256, 4.896272], [-61.769686, 4.919776000000184], [-61.763336, 4.919184], [-61.755069999999876, 4.912823], [-61.749484, 4.918719000000124], [-61.741353, 4.919048], [-61.732382, 4.910485], [-61.723585, 4.895550000000185], [-61.72972, 4.896662000000163], [-61.728652, 4.88465900000017], [-61.734952, 4.884937], [-61.73837, 4.881944], [-61.742664999999874, 4.884603], [-61.743734, 4.882054], [-61.715032, 4.843601000000149], [-61.708911, 4.846043], [-61.701476, 4.844865], [-61.687360999999896, 4.835203], [-61.657482, 4.838665000000105], [-61.6537909999999, 4.833192], [-61.648086, 4.83104], [-61.644144, 4.805531], [-61.637478, 4.805615], [-61.622306, 4.816916], [-61.608391, 4.813238000000183], [-61.60797699999989, 4.808167], [-61.61677, 4.804031000000123], [-61.61905499999989, 4.799721], [-61.616078, 4.790991000000133], [-61.59685999999988, 4.776888], [-61.591533, 4.768760000000157], [-61.590504, 4.755624], [-61.59731099999988, 4.746670000000108], [-61.606544, 4.743422000000123], [-61.603325, 4.739559], [-61.60514199999989, 4.735223000000133], [-61.59672399999988, 4.728232], [-61.581633, 4.721582000000183], [-61.579733, 4.72428100000019], [-61.576268, 4.722159], [-61.572049, 4.726351], [-61.56853099999989, 4.72063], [-61.570121, 4.730795], [-61.568462, 4.73208000000011], [-61.56610699999982, 4.72888300000011], [-61.56179, 4.732311], [-61.56301, 4.724150000000179], [-61.557937, 4.727021], [-61.55367299999989, 4.72009], [-61.550719, 4.727245], [-61.545029, 4.727599000000112], [-61.54366699999986, 4.716784000000189], [-61.538929, 4.726203], [-61.528648, 4.72660100000013], [-61.522630999999876, 4.7339300000001], [-61.5203489999999, 4.733025000000168], [-61.521022, 4.724965000000111], [-61.51722299999989, 4.724315000000161], [-61.519084, 4.730062000000146], [-61.513575, 4.732196000000158], [-61.514607999999896, 4.73692], [-61.512, 4.735099000000162], [-61.51065, 4.736618], [-61.499901, 4.719714000000124], [-61.496726, 4.719095], [-61.49031799999989, 4.710692000000108], [-61.480262, 4.709827], [-61.479644, 4.706418], [-61.478547, 4.708861000000127], [-61.473152, 4.705252], [-61.473693, 4.707135000000108], [-61.469838, 4.705484000000126], [-61.461931, 4.707823000000189], [-61.458859, 4.705857], [-61.45969, 4.709338000000116], [-61.456082999999865, 4.707369000000142], [-61.453917999999874, 4.71041], [-61.4494279999999, 4.710885], [-61.449755, 4.712873], [-61.441007, 4.708538], [-61.438106, 4.704231], [-61.431602, 4.704226000000119], [-61.429163, 4.702179], [-61.430468, 4.699785], [-61.417858, 4.7009240000001], [-61.41467299999982, 4.682782], [-61.411957, 4.679536], [-61.414542, 4.674799000000178], [-61.413612, 4.670282], [-61.417537, 4.669247000000155], [-61.4143949999999, 4.663526], [-61.418755, 4.647900000000163], [-61.41491, 4.643165], [-61.417345999999895, 4.635501], [-61.413619, 4.627871], [-61.418146, 4.610307], [-61.415244, 4.600851], [-61.41701499999988, 4.593693000000144], [-61.41297, 4.585629000000154], [-61.410283, 4.568848], [-61.415068, 4.565642], [-61.416799, 4.555881000000113], [-61.427265, 4.555100000000152], [-61.431592, 4.552927000000125], [-61.432627, 4.5487940000001], [-61.443211, 4.546405000000107], [-61.447894, 4.538374], [-61.435625, 4.532257000000129], [-61.432116, 4.52593000000013], [-61.424611, 4.525569000000132], [-61.416326, 4.518196], [-61.386221, 4.505029], [-61.37407499999989, 4.496039000000167], [-61.357593, 4.492784000000142], [-61.348522, 4.482422], [-61.341126, 4.483898000000124], [-61.337832999999875, 4.482052000000181], [-61.334211, 4.475494], [-61.31787, 4.462357], [-61.320395, 4.453861000000188], [-61.317701, 4.44075800000013], [-61.315322, 4.437535], [-61.310793826999884, 4.439568874000145], [-61.302996894999865, 4.446407619000126], [-61.27647869899988, 4.455653889000075], [-61.275781682999934, 4.463468064000153], [-61.28259900199993, 4.467392135000182], [-61.30246196499991, 4.490082606999977], [-61.32495603799998, 4.505651909000164], [-61.32471304099988, 4.514156099000047], [-61.31980783299991, 4.522075280000024], [-61.31388556999991, 4.52585437700003], [-61.28829338799983, 4.524759413000027], [-61.27281668399996, 4.528285529000073], [-61.250293634999935, 4.527771570000084], [-61.23335784899996, 4.521293452], [-61.18560361899989, 4.51059931400016], [-61.148248820999925, 4.476711636000061], [-61.128555925999876, 4.484130841000137], [-61.111679180999886, 4.503855322000106], [-61.075501516999964, 4.506516464000015], [-61.06171689499996, 4.51601871400004], [-61.03600970799994, 4.515833763000103], [-61.008271407999985, 4.508169652000049], [-60.997345904999975, 4.510667729000033], [-60.978989105999915, 4.529235183000139], [-60.97075475499986, 4.54794663600012], [-60.96367945399993, 4.557695867000064], [-60.939307348999876, 4.569004180000036], [-60.93428213399994, 4.577495386000066], [-60.9311600339999, 4.598519865000128], [-60.93747138499987, 4.623365423000052], [-60.94677184099987, 4.635461675000101], [-60.92991308199993, 4.644032907], [-60.922383747999845, 4.652286114000162], [-60.923046800999884, 4.660449300000039], [-60.918553639999914, 4.683652838000171], [-60.91591753999995, 4.691461025000081], [-60.90690514299996, 4.70109026], [-60.887206235999884, 4.707237448000058], [-60.87560369899984, 4.705938444000083], [-60.839629049999985, 4.713184687000023], [-60.80577153199994, 4.737562319000119], [-60.76432962399991, 4.746282619000112], [-60.744047711999826, 4.756101889000035], [-60.7132233559999, 4.792783801000041], [-60.703426910999895, 4.796659912000052], [-60.68871125699991, 4.809254244000101], [-60.670986501999835, 4.839884993000055], [-60.638931070999945, 4.866443682000124], [-60.6321897819999, 4.875730917000169], [-60.619931276999864, 4.903620592000038], [-60.61078588699996, 4.917611940000029], [-60.59391312599996, 4.926864184000124], [-60.58294564299996, 4.940734541000154], [-60.5842707409999, 4.954531860000145], [-60.60930005299997, 5.018179288000169], [-60.614564315999985, 5.028313504999971], [-60.63135714599997, 5.047909929000127], [-60.643388837999964, 5.100593135000167], [-60.65371534299999, 5.11258238400012], [-60.65558348299999, 5.136380947000077], [-60.670747269999936, 5.169764685000189], [-60.68152081399995, 5.185547035000013], [-60.70722502799998, 5.196435230000077], [-60.73137716599996, 5.199069228000042], [-61.37683599699989, 5.925093781000044], [-61.724614, 5.826838000000123], [-61.728813, 5.829354], [-61.7218519999999, 5.839631], [-61.72662599999984, 5.847460000000183], [-61.730418, 5.848585000000185], [-61.73154099999988, 5.85362], [-61.739041, 5.856147], [-61.73966199999984, 5.861165000000142], [-61.756148, 5.864706000000183], [-61.753444, 5.868429], [-61.758933, 5.88039], [-61.753566, 5.884206000000177], [-61.762316999999825, 5.89548], [-61.758968, 5.907811000000152], [-61.761647, 5.917800000000113], [-61.765527, 5.918545000000108], [-61.770049, 5.910977], [-61.775643, 5.917242000000101], [-61.78160899999989, 5.916629], [-61.7850279999999, 5.913242], [-61.788854, 5.918839000000105], [-61.786661, 5.918425000000127], [-61.786901999999884, 5.923402000000181], [-61.783218, 5.927845], [-61.787623, 5.930824], [-61.792191999999886, 5.926631000000157], [-61.794629, 5.931727], [-61.805104, 5.929624], [-61.803523, 5.924992], [-61.807277, 5.923097000000155], [-61.809659, 5.927055], [-61.815784, 5.926339000000155], [-61.815979, 5.933287], [-61.811255, 5.935771], [-61.81184699999989, 5.947014], [-61.817534, 5.953330000000165], [-61.822812, 5.952109], [-61.82046, 5.956109], [-61.82463399999989, 5.964615], [-61.834202, 5.968867000000159], [-61.84028599999988, 5.968446000000142], [-61.837812, 5.962172], [-61.852384, 5.959899000000121], [-61.85469499999988, 5.956277000000114], [-61.86436, 5.96377200000012], [-61.86960099999982, 5.96389900000014], [-61.876052, 5.959688], [-61.876718, 5.968404], [-61.88057, 5.969836], [-61.882375, 5.977815000000135], [-61.880429, 5.988805000000127], [-61.886758, 5.985899], [-61.891242, 5.986868], [-61.897438, 5.982489000000157], [-61.900812, 5.991879], [-61.905867, 5.987415], [-61.91453, 5.998195], [-61.919477, 5.998784000000171], [-61.918234, 5.994279], [-61.920722999999896, 5.992973], [-61.932087, 6.002868], [-61.936438, 6.002195], [-61.937469, 5.995416], [-61.941935, 5.991837], [-61.954909, 5.9915], [-61.95806, 5.997774], [-61.958103, 6.009142], [-61.963468, 6.008342000000141], [-61.969593, 6.018953], [-61.974824999999896, 6.016385], [-61.981382, 6.018069], [-61.989318, 6.026659000000109], [-61.991038, 6.034575000000132], [-61.996945, 6.031838000000164], [-62.006719, 6.031838000000164], [-62.010692, 6.028872], [-62.017201, 6.031564], [-62.017539, 6.026323], [-62.02370999999988, 6.01963400000011], [-62.028021, 6.018949], [-62.034276, 6.011076], [-62.040869, 6.00895], [-62.042898, 6.009792], [-62.041968, 6.011991], [-62.034276, 6.013865], [-62.047631, 6.026012], [-62.050928, 6.026513000000136], [-62.052534, 6.023805], [-62.061494, 6.025817], [-62.06436799999989, 6.023698], [-62.06758, 6.029271], [-62.078654, 6.027982000000179], [-62.080682, 6.024512000000129], [-62.07814599999989, 6.015388000000144], [-62.081443, 6.010986], [-62.095897, 5.998702], [-62.099363, 5.999541], [-62.099786, 6.004696], [-62.102998, 6.005874], [-62.10705499999989, 5.99623], [-62.111113, 5.995461], [-62.119735, 5.984118], [-62.128357, 5.979621000000179], [-62.128314, 5.987187], [-62.134105, 5.988655000000165], [-62.126243, 6.00405400000011], [-62.136936, 6.005344], [-62.145262, 6.010654000000102], [-62.154645, 5.997323], [-62.153842, 5.99445], [-62.162295, 5.992617], [-62.163098, 6.003604000000166], [-62.17040999999989, 6.000040000000126], [-62.171424, 5.995051], [-62.18423, 5.983911], [-62.18804, 5.973471], [-62.194306, 5.972563], [-62.199629, 5.97819], [-62.20421899999985, 5.977762], [-62.20787799999988, 5.969707], [-62.192082, 5.969241000000181], [-62.197759, 5.963696], [-62.204814, 5.960139], [-62.221682, 5.956838000000175], [-62.22608899999989, 5.95808], [-62.227439, 5.953615000000127], [-62.234267, 5.955373000000122], [-62.24495499999989, 5.963443], [-62.25324099999989, 5.978207], [-62.262758, 5.980646], [-62.267789, 5.979466000000116], [-62.270038, 5.97647], [-62.265298, 5.97149700000017], [-62.275406, 5.960982], [-62.275975999999844, 5.949621], [-62.280761, 5.942065000000127], [-62.287383, 5.947546000000159], [-62.282021, 5.953746000000137], [-62.282634, 5.956507000000158], [-62.28996599999982, 5.956867000000102], [-62.29513999999989, 5.961629], [-62.304709, 5.964338], [-62.306421999999884, 5.974270000000104], [-62.31459299999989, 5.981013], [-62.323121, 5.967345], [-62.330395, 5.963599], [-62.32987, 5.975718], [-62.323072, 5.98022600000013], [-62.333408, 5.986455], [-62.32862299999988, 5.99836], [-62.321393, 6.007291], [-62.32866099999984, 6.004086], [-62.33269799999982, 6.009266], [-62.341666, 6.012671], [-62.351, 6.025938000000167], [-62.361732999999845, 6.035090000000139], [-62.364393, 6.033772000000113], [-62.359551, 6.023774000000174], [-62.366289, 6.015484], [-62.367887, 6.021607], [-62.39393599999988, 6.040318000000127], [-62.407721, 6.047185], [-62.409667, 6.046884], [-62.410765, 6.040901], [-62.41512999999986, 6.041387000000157], [-62.415401, 6.045766], [-62.420784, 6.051301], [-62.43299699999989, 6.054313], [-62.439694, 6.062822000000153], [-62.44906899999984, 6.0685], [-62.44977, 6.077504], [-62.45227199999982, 6.080343], [-62.457826999999895, 6.080681], [-62.460851999999875, 6.089308000000131], [-62.468381, 6.082646000000125], [-62.473722999999836, 6.082765], [-62.47752799999989, 6.084973000000105], [-62.474722, 6.093826], [-62.494288, 6.096063000000186], [-62.493947, 6.10637800000012], [-62.489833, 6.107409000000189], [-62.489256, 6.110427000000129], [-62.50100599999985, 6.116297000000145], [-62.500901, 6.120537000000127], [-62.517472, 6.133976], [-62.52674, 6.13981600000011], [-62.543518, 6.145288000000107], [-62.549971, 6.151797], [-62.568501, 6.146348], [-62.57697199999984, 6.15131300000013], [-62.580935999999895, 6.162871], [-62.585567, 6.159415000000138], [-62.588491, 6.149723], [-62.59859399999988, 6.144738], [-62.606413, 6.145534], [-62.608015, 6.142527], [-62.61515, 6.141856000000132], [-62.618012, 6.137351], [-62.61655, 6.128687000000184], [-62.608491, 6.12529400000011], [-62.60284299999989, 6.114499], [-62.60329799999988, 6.108074000000101], [-62.60746399999988, 6.102828], [-62.6057, 6.092242], [-62.613367, 6.083065000000147], [-62.629351, 6.073635], [-62.63297, 6.055168000000151], [-62.638406, 6.05658300000016], [-62.660505, 6.073516], [-62.681662, 6.078845], [-62.685895, 6.081597], [-62.686969, 6.091339000000119], [-62.700145, 6.091278], [-62.705242, 6.094067], [-62.706482, 6.098838000000114], [-62.70330399999989, 6.107341], [-62.711553, 6.108519000000172], [-62.71683999999988, 6.113554], [-62.725463, 6.11041200000011], [-62.740729, 6.125699], [-62.75182099999989, 6.128531], [-62.758998, 6.133642000000179], [-62.759594, 6.147380000000169], [-62.768544, 6.16254], [-62.769757, 6.17423], [-62.775755, 6.17868], [-62.78039599999988, 6.190492000000177], [-62.791833999999824, 6.196276000000182], [-62.790908, 6.201522], [-62.799583, 6.222639], [-62.815372, 6.231940000000122]]]}}, {"type": "Feature", "properties": {"parroquia": "Ikabaru", "municipio": "Gran Sabana", "estado": "Bolívar", "pcode": "VE070402", "estado_pcode": "VE07", "municipio_pcode": "VE0704", "center_lat": 4.4985815, "center_lon": -61.78723029, "area_sqkm": 5493.71448036}, "geometry": {"type": "Polygon", "coordinates": [[[-61.310793826999884, 4.439568874000145], [-61.315322, 4.437535], [-61.317701, 4.44075800000013], [-61.320395, 4.453861000000188], [-61.31787, 4.462357], [-61.334211, 4.475494], [-61.337832999999875, 4.482052000000181], [-61.341126, 4.483898000000124], [-61.348522, 4.482422], [-61.357593, 4.492784000000142], [-61.37407499999989, 4.496039000000167], [-61.386221, 4.505029], [-61.416326, 4.518196], [-61.424611, 4.525569000000132], [-61.432116, 4.52593000000013], [-61.435625, 4.532257000000129], [-61.447894, 4.538374], [-61.443211, 4.546405000000107], [-61.432627, 4.5487940000001], [-61.431592, 4.552927000000125], [-61.427265, 4.555100000000152], [-61.416799, 4.555881000000113], [-61.415068, 4.565642], [-61.410283, 4.568848], [-61.41297, 4.585629000000154], [-61.41701499999988, 4.593693000000144], [-61.415244, 4.600851], [-61.418146, 4.610307], [-61.413619, 4.627871], [-61.417345999999895, 4.635501], [-61.41491, 4.643165], [-61.418755, 4.647900000000163], [-61.4143949999999, 4.663526], [-61.417537, 4.669247000000155], [-61.413612, 4.670282], [-61.414542, 4.674799000000178], [-61.411957, 4.679536], [-61.41467299999982, 4.682782], [-61.417858, 4.7009240000001], [-61.430468, 4.699785], [-61.429163, 4.702179], [-61.431602, 4.704226000000119], [-61.438106, 4.704231], [-61.441007, 4.708538], [-61.449755, 4.712873], [-61.4494279999999, 4.710885], [-61.453917999999874, 4.71041], [-61.456082999999865, 4.707369000000142], [-61.45969, 4.709338000000116], [-61.458859, 4.705857], [-61.461931, 4.707823000000189], [-61.469838, 4.705484000000126], [-61.473693, 4.707135000000108], [-61.473152, 4.705252], [-61.478547, 4.708861000000127], [-61.479644, 4.706418], [-61.480262, 4.709827], [-61.49031799999989, 4.710692000000108], [-61.496726, 4.719095], [-61.499901, 4.719714000000124], [-61.51065, 4.736618], [-61.512, 4.735099000000162], [-61.514607999999896, 4.73692], [-61.513575, 4.732196000000158], [-61.519084, 4.730062000000146], [-61.51722299999989, 4.724315000000161], [-61.521022, 4.724965000000111], [-61.5203489999999, 4.733025000000168], [-61.522630999999876, 4.7339300000001], [-61.528648, 4.72660100000013], [-61.538929, 4.726203], [-61.54366699999986, 4.716784000000189], [-61.545029, 4.727599000000112], [-61.550719, 4.727245], [-61.55367299999989, 4.72009], [-61.557937, 4.727021], [-61.56301, 4.724150000000179], [-61.56179, 4.732311], [-61.56610699999982, 4.72888300000011], [-61.568462, 4.73208000000011], [-61.570121, 4.730795], [-61.56853099999989, 4.72063], [-61.572049, 4.726351], [-61.576268, 4.722159], [-61.579733, 4.72428100000019], [-61.581633, 4.721582000000183], [-61.59672399999988, 4.728232], [-61.60514199999989, 4.735223000000133], [-61.603325, 4.739559], [-61.606544, 4.743422000000123], [-61.59731099999988, 4.746670000000108], [-61.590504, 4.755624], [-61.591533, 4.768760000000157], [-61.59685999999988, 4.776888], [-61.616078, 4.790991000000133], [-61.61905499999989, 4.799721], [-61.61677, 4.804031000000123], [-61.60797699999989, 4.808167], [-61.608391, 4.813238000000183], [-61.622306, 4.816916], [-61.637478, 4.805615], [-61.644144, 4.805531], [-61.648086, 4.83104], [-61.6537909999999, 4.833192], [-61.657482, 4.838665000000105], [-61.687360999999896, 4.835203], [-61.701476, 4.844865], [-61.708911, 4.846043], [-61.715032, 4.843601000000149], [-61.743734, 4.882054], [-61.742664999999874, 4.884603], [-61.73837, 4.881944], [-61.734952, 4.884937], [-61.728652, 4.88465900000017], [-61.72972, 4.896662000000163], [-61.723585, 4.895550000000185], [-61.732382, 4.910485], [-61.741353, 4.919048], [-61.749484, 4.918719000000124], [-61.755069999999876, 4.912823], [-61.763336, 4.919184], [-61.769686, 4.919776000000184], [-61.780256, 4.896272], [-61.78824, 4.890192], [-61.794658, 4.874689], [-61.808608, 4.856393], [-61.80992599999985, 4.850031000000115], [-61.830287999999825, 4.836034], [-61.84049899999985, 4.836143000000163], [-61.845945, 4.843308], [-61.858913, 4.848777], [-61.867977, 4.848978], [-61.87477999999987, 4.846176], [-61.87910799999986, 4.840890000000172], [-61.87743499999988, 4.831569], [-61.888862, 4.825000000000102], [-61.898648, 4.825939000000176], [-61.897862, 4.8213310000001], [-61.90080299999988, 4.819167000000107], [-61.907364, 4.819549000000109], [-61.91480399999989, 4.825691], [-61.92232899999982, 4.823574], [-61.928479, 4.80341], [-61.936262, 4.796486], [-61.9469519999999, 4.780602000000101], [-61.94774099999984, 4.774808000000178], [-61.942916, 4.772719000000166], [-61.943839, 4.753884000000141], [-61.95378699999986, 4.749229], [-61.95670399999989, 4.744215], [-61.964577, 4.743668], [-61.974001, 4.739269], [-61.985406999999896, 4.744953000000123], [-61.990918, 4.751335], [-62.002737, 4.74204600000013], [-62.0133469999999, 4.723463], [-62.024418, 4.721066000000121], [-62.030116, 4.698459], [-62.028819, 4.692695000000128], [-62.034171, 4.688984], [-62.043469, 4.686777], [-62.053424, 4.691791000000137], [-62.056901, 4.698518], [-62.063975, 4.699844], [-62.07038, 4.705660000000137], [-62.07389, 4.719499], [-62.085527, 4.723223], [-62.098136999999895, 4.723559000000137], [-62.106747, 4.727724000000137], [-62.1155169999999, 4.726347], [-62.12483, 4.733291000000122], [-62.131952, 4.730015000000151], [-62.136018, 4.719387], [-62.144036999999855, 4.709636000000103], [-62.157406, 4.707049], [-62.165732999999875, 4.708386], [-62.17527299999989, 4.713605], [-62.194661, 4.714006], [-62.20766999999984, 4.727105], [-62.242774, 4.741259], [-62.254846, 4.743679], [-62.282706, 4.731188], [-62.301784, 4.735287], [-62.309096999999895, 4.725408000000186], [-62.298162, 4.714650000000177], [-62.299876, 4.709131], [-62.305223999999896, 4.7047], [-62.304651, 4.695994], [-62.294694, 4.697578], [-62.292835, 4.695712000000185], [-62.294678, 4.688429], [-62.29225, 4.688219000000174], [-62.291430999999875, 4.692631000000176], [-62.28747499999986, 4.690663], [-62.290292, 4.685250000000167], [-62.28910599999989, 4.682499000000121], [-62.2814479999999, 4.685948], [-62.278632, 4.680558], [-62.274004, 4.679475], [-62.276048, 4.674065], [-62.269879, 4.672437000000116], [-62.272512, 4.663498], [-62.265441999999894, 4.663527000000101], [-62.26186399999989, 4.657038], [-62.256476, 4.654635000000155], [-62.2500399999999, 4.646835000000124], [-62.256389, 4.641738], [-62.257666, 4.63578], [-62.255928, 4.632921000000124], [-62.2536199999999, 4.631828], [-62.24883199999988, 4.635486], [-62.249813, 4.626112], [-62.246728, 4.625353000000132], [-62.245362999999884, 4.629107], [-62.24304199999989, 4.629227], [-62.244207, 4.623379], [-62.236172999999894, 4.620546000000104], [-62.231169, 4.613071000000161], [-62.230311, 4.61065], [-62.235144, 4.602583000000152], [-62.23399499999988, 4.596194000000139], [-62.22767099999987, 4.588173000000154], [-62.21416, 4.580843], [-62.209035, 4.574471], [-62.20945, 4.566312], [-62.217812, 4.548199], [-62.219777, 4.52912], [-62.222356, 4.525362], [-62.21676599999989, 4.521196000000145], [-62.220356, 4.51589], [-62.218037, 4.505097], [-62.204916, 4.502836000000173], [-62.200914, 4.505278], [-62.194233, 4.502868000000149], [-62.194356, 4.499892000000102], [-62.197789, 4.497812000000124], [-62.194159, 4.494269], [-62.191459, 4.479265000000169], [-62.195446, 4.476966000000175], [-62.199018, 4.468052000000171], [-62.194937, 4.466491000000133], [-62.19506299999989, 4.46296400000017], [-62.189563, 4.457209], [-62.201689, 4.450286000000119], [-62.202487, 4.444392], [-62.193799, 4.43493], [-62.201611, 4.429120000000182], [-62.198261999999886, 4.424420000000111], [-62.189327, 4.42124100000018], [-62.191666, 4.416676000000109], [-62.19109699999984, 4.407358000000102], [-62.181413, 4.411617], [-62.173792, 4.39786], [-62.18416, 4.392785000000117], [-62.178992, 4.381113], [-62.185349, 4.378761], [-62.183172, 4.36352], [-62.187656, 4.358688], [-62.182651, 4.34839200000016], [-62.170537, 4.356563000000165], [-62.166895, 4.354905], [-62.163354, 4.357703000000129], [-62.154302, 4.354549000000134], [-62.154254, 4.351138000000162], [-62.16448899999989, 4.343459], [-62.163287, 4.336910000000103], [-62.161014, 4.340811000000144], [-62.15842, 4.340091], [-62.160801, 4.337180000000103], [-62.159485999999845, 4.332227000000103], [-62.149385, 4.328521], [-62.147522, 4.321421], [-62.153986, 4.320774000000142], [-62.15046099999989, 4.316202], [-62.153562, 4.312138], [-62.150244, 4.313891000000126], [-62.14965, 4.307619], [-62.141589999999894, 4.305677000000117], [-62.14348, 4.299905], [-62.140386, 4.300119000000166], [-62.139236, 4.295551], [-62.136201, 4.294170000000179], [-62.13621199999989, 4.288779], [-62.127193, 4.296131], [-62.118632999999875, 4.295563000000129], [-62.117453, 4.278674], [-62.112872, 4.277124], [-62.108669, 4.27937100000014], [-62.103653, 4.27452], [-62.109125, 4.272661], [-62.104437, 4.26902100000018], [-62.09926899999988, 4.257596], [-62.118685, 4.24394], [-62.1096409999999, 4.237266000000147], [-62.104826, 4.241766000000155], [-62.096706, 4.241804000000116], [-62.094778, 4.23927], [-62.096534, 4.232851], [-62.09436, 4.228166], [-62.0985, 4.225142000000119], [-62.098291, 4.221999], [-62.09576, 4.223392000000104], [-62.095432, 4.221613000000161], [-62.102789, 4.214468000000124], [-62.105916, 4.205928], [-62.107793, 4.209575000000143], [-62.110205, 4.209279000000151], [-62.111575, 4.204001], [-62.119766, 4.202919], [-62.124234, 4.196663000000115], [-62.135283, 4.201585], [-62.136831999999856, 4.204965], [-62.152231, 4.210954000000186], [-62.154792, 4.206773000000112], [-62.162, 4.204283000000146], [-62.166319, 4.196084000000155], [-62.17644499999989, 4.185707], [-62.178738999999894, 4.186715000000163], [-62.18687, 4.181170000000179], [-62.193244, 4.173817], [-62.20360099999988, 4.170623], [-62.192751, 4.124773], [-62.193443, 4.117767000000129], [-62.19993099999988, 4.110651], [-62.1983469999999, 4.10525], [-62.20876938999993, 4.101507012000184], [-62.2042025369999, 4.09587802700014], [-62.186814722999884, 4.08632185800019], [-62.144986797999934, 4.077083743000117], [-62.12884405599982, 4.077870794000091], [-62.116448514999945, 4.086821014000122], [-62.10017681799985, 4.112201590000097], [-62.071752523999976, 4.117340763000129], [-62.065150252999956, 4.129860050000104], [-62.05888002399996, 4.155941632000179], [-62.04808450599995, 4.149147498000048], [-62.03512491199996, 4.147752498000102], [-61.98849681899992, 4.168495047000135], [-61.960660505999954, 4.14719563400007], [-61.955552254999986, 4.138109445000111], [-61.942258620999894, 4.129471285000022], [-61.92042263999991, 4.138404532999971], [-61.913818366999976, 4.149772785000039], [-61.86811327699991, 4.152349934000028], [-61.86344408299993, 4.160503130000109], [-61.8565037759999, 4.166009258000088], [-61.83548078699994, 4.156552095000166], [-61.83150060599996, 4.157810134000044], [-61.813744834999966, 4.176630583000019], [-61.79061985199991, 4.218199537999965], [-61.77377211399994, 4.235640949000071], [-61.75727537799992, 4.244923188000087], [-61.725666929999875, 4.24326122500014], [-61.7198716499999, 4.240722176000133], [-61.71816258099989, 4.243707242000028], [-61.721449743999926, 4.251528417000088], [-61.72030970799983, 4.254170467000051], [-61.70155283399998, 4.25034443100003], [-61.67823777199993, 4.254785575000142], [-61.66891533699993, 4.253964578000136], [-61.65618974399996, 4.246470438000017], [-61.652902568999934, 4.238649275000114], [-61.64665427299997, 4.234730194000122], [-61.640399989999935, 4.235293220000187], [-61.62616736999996, 4.249518569000088], [-61.62013908799997, 4.250886611000112], [-61.578421152999965, 4.242761511000026], [-61.56806968999996, 4.246073611000156], [-61.538937379999936, 4.261762014000112], [-61.51798245899994, 4.283671541999979], [-61.509423110999876, 4.303998008000121], [-61.516398537999976, 4.353779099000121], [-61.5135304399999, 4.370553482000048], [-61.49869881899991, 4.400751188000186], [-61.48730832199993, 4.412106461000121], [-61.463188222999975, 4.417227622000098], [-61.44270329199992, 4.425114847000145], [-61.40494154999993, 4.426066945000059], [-61.39619313999998, 4.420989856000176], [-61.37470213899991, 4.418068836999964], [-61.34878692499984, 4.408584673000064], [-61.32374179999988, 4.421860032000041], [-61.310793826999884, 4.439568874000145]]]}}, {"type": "Feature", "properties": {"parroquia": "Agua Salada", "municipio": "Angostura del Orinoco", "estado": "Bolívar", "pcode": "VE070501", "estado_pcode": "VE07", "municipio_pcode": "VE0705", "center_lat": 8.108503, "center_lon": -63.60709368, "area_sqkm": 105.06993059}, "geometry": {"type": "Polygon", "coordinates": [[[-63.566074745999856, 8.150820928000087], [-63.58126472999999, 8.148310191000064], [-63.605630860999895, 8.15583928500007], [-63.61615034199997, 8.15624824200006], [-63.62945796199995, 8.161293323000166], [-63.63748735199994, 8.167395443000032], [-63.65415408699988, 8.161343217000024], [-63.66306763399996, 8.164977742000076], [-63.657122, 8.122212000000104], [-63.648707, 8.117001], [-63.650094, 8.108978], [-63.647243, 8.105889000000104], [-63.651745, 8.1049], [-63.651545, 8.102051000000188], [-63.654805999999894, 8.099592], [-63.652031, 8.096212], [-63.656823, 8.095882], [-63.658607, 8.0937780000001], [-63.65708, 8.091137], [-63.661132, 8.091167], [-63.663615, 8.084321000000102], [-63.66759599999989, 8.084058], [-63.668764999999894, 8.075449], [-63.677118, 8.07186], [-63.67754699999989, 8.063757], [-63.671206, 8.064367], [-63.670064, 8.059398000000158], [-63.66558, 8.057982], [-63.66792699999985, 8.049511000000109], [-63.62223999999986, 8.062582], [-63.58645499999983, 8.080187], [-63.579192, 8.071523], [-63.573452, 8.068609], [-63.565055999999856, 8.092338000000154], [-63.565732, 8.102713], [-63.562835, 8.106068], [-63.566903, 8.111600000000124], [-63.564743, 8.11927], [-63.566819, 8.120805], [-63.566694, 8.127719000000127], [-63.569376, 8.134747], [-63.567498, 8.135534000000177], [-63.566074745999856, 8.150820928000087]]]}}, {"type": "Feature", "properties": {"parroquia": "Catedral", "municipio": "Angostura del Orinoco", "estado": "Bolívar", "pcode": "VE070502", "estado_pcode": "VE07", "municipio_pcode": "VE0705", "center_lat": 8.1420965, "center_lon": -63.53770558, "area_sqkm": 24.90093004}, "geometry": {"type": "Polygon", "coordinates": [[[-63.50664431799987, 8.166714658999979], [-63.52560524899991, 8.159510715000067], [-63.5361067369999, 8.161068703000012], [-63.54326604299996, 8.15683256400007], [-63.566074745999856, 8.150820928000087], [-63.567498, 8.135534000000177], [-63.569376, 8.134747], [-63.566694, 8.127719000000127], [-63.56034899999986, 8.129186], [-63.544805999999824, 8.122706000000164], [-63.531317999999885, 8.127629000000184], [-63.507552, 8.116920000000164], [-63.5035079999999, 8.123295], [-63.506322, 8.127166], [-63.50490999999988, 8.133726000000138], [-63.508027, 8.138549], [-63.50664431799987, 8.166714658999979]]]}}, {"type": "Feature", "properties": {"parroquia": "José Antonio Páez", "municipio": "Angostura del Orinoco", "estado": "Bolívar", "pcode": "VE070503", "estado_pcode": "VE07", "municipio_pcode": "VE0705", "center_lat": 7.8279895, "center_lon": -63.53309485, "area_sqkm": 1628.06410608}, "geometry": {"type": "Polygon", "coordinates": [[[-63.535765, 8.059216], [-63.573452, 8.068609], [-63.579192, 8.071523], [-63.58645499999983, 8.080187], [-63.62223999999986, 8.062582], [-63.66792699999985, 8.049511000000109], [-63.671768, 8.048218], [-63.67187799999988, 8.043391000000156], [-63.677114, 8.042764000000147], [-63.67507, 8.040265000000147], [-63.679703, 8.03158900000011], [-63.685612, 8.029722], [-63.680617, 8.01769800000011], [-63.685375, 8.012021], [-63.68200799999988, 8.009003], [-63.68512799999985, 8.005657000000156], [-63.68516099999982, 8.001122000000123], [-63.693672999999876, 7.992803000000151], [-63.694216, 7.988351], [-63.69887199999988, 7.986041], [-63.702392, 7.976495000000114], [-63.712757, 7.968084], [-63.717019, 7.957739], [-63.721911, 7.952802000000133], [-63.72185999999988, 7.949004000000116], [-63.724811, 7.948437000000126], [-63.72729, 7.940491], [-63.730097, 7.939339000000132], [-63.730956, 7.931165], [-63.738968, 7.922083], [-63.724277999999856, 7.908665], [-63.716511, 7.887764000000175], [-63.718378, 7.882332000000133], [-63.716189, 7.866394000000184], [-63.704683, 7.833144000000118], [-63.701014, 7.825505], [-63.694916, 7.823996000000136], [-63.69056, 7.816368000000125], [-63.693819, 7.804363000000137], [-63.699526, 7.795076], [-63.688362, 7.784457000000145], [-63.682932, 7.773973000000126], [-63.664117, 7.757504], [-63.660269, 7.737801], [-63.653109, 7.72654000000017], [-63.6458209999999, 7.721948000000168], [-63.63315299999988, 7.687103], [-63.620136, 7.674789], [-63.615011, 7.661542000000111], [-63.596614, 7.641844000000106], [-63.583165, 7.615745000000175], [-63.57109899999989, 7.613412], [-63.559583, 7.601647], [-63.534814, 7.592507000000182], [-63.506263, 7.572072000000105], [-63.455731, 7.572128000000134], [-63.41784, 7.582249], [-63.402698, 7.599911000000134], [-63.392617, 7.63017600000012], [-63.35979, 7.660460000000114], [-63.347186, 7.6982900000001], [-63.357361, 7.77644], [-63.364969, 7.804164], [-63.35926399999988, 7.814226000000133], [-63.364322, 7.82483400000018], [-63.365678999999886, 7.847565000000145], [-63.374835, 7.854547], [-63.373578, 7.886857], [-63.378125, 7.892071], [-63.378768, 7.89688800000016], [-63.391631, 7.90645300000017], [-63.391703, 7.919436], [-63.394413, 7.924450000000149], [-63.39994, 7.926086000000168], [-63.40919, 7.953333], [-63.462779, 7.999615000000119], [-63.466562999999894, 8.006219000000101], [-63.481035, 8.009569], [-63.487628999999856, 8.01931900000011], [-63.487757, 8.033088], [-63.48659099999986, 8.041785000000175], [-63.480063, 8.049809], [-63.491491, 8.052576], [-63.49562399999985, 8.059664000000112], [-63.503027, 8.059896000000151], [-63.512301, 8.070805000000178], [-63.525863, 8.061202], [-63.535765, 8.059216]]]}}, {"type": "Feature", "properties": {"parroquia": "La Sabanita", "municipio": "Angostura del Orinoco", "estado": "Bolívar", "pcode": "VE070504", "estado_pcode": "VE07", "municipio_pcode": "VE0705", "center_lat": 8.0942235, "center_lon": -63.55384192, "area_sqkm": 18.40699426}, "geometry": {"type": "Polygon", "coordinates": [[[-63.566694, 8.127719000000127], [-63.566819, 8.120805], [-63.564743, 8.11927], [-63.566903, 8.111600000000124], [-63.562835, 8.106068], [-63.565732, 8.102713], [-63.565055999999856, 8.092338000000154], [-63.573452, 8.068609], [-63.535765, 8.059216], [-63.53807299999988, 8.085051000000135], [-63.543374, 8.096585000000175], [-63.546723, 8.0989], [-63.544915, 8.10408800000016], [-63.551206, 8.1110240000001], [-63.54930899999988, 8.114895000000104], [-63.552506, 8.116961000000174], [-63.551539, 8.120032], [-63.55489399999988, 8.12062], [-63.56034899999986, 8.129186], [-63.566694, 8.127719000000127]]]}}, {"type": "Feature", "properties": {"parroquia": "Marhuanta", "municipio": "Angostura del Orinoco", "estado": "Bolívar", "pcode": "VE070505", "estado_pcode": "VE07", "municipio_pcode": "VE0705", "center_lat": 8.077404, "center_lon": -63.44683565, "area_sqkm": 237.72172874}, "geometry": {"type": "Polygon", "coordinates": [[[-63.40919, 7.953333], [-63.413323999999875, 7.963681000000179], [-63.414357, 7.979636000000141], [-63.419698, 7.984264], [-63.424357, 7.997175], [-63.399973, 8.001264000000106], [-63.3985909999999, 8.009039], [-63.383229, 8.018634], [-63.38251, 8.035024000000135], [-63.389514, 8.076444], [-63.383224, 8.09078600000015], [-63.390265, 8.101121000000148], [-63.402901, 8.162601], [-63.413109, 8.182627], [-63.404394, 8.191077], [-63.40836169099998, 8.200950164000176], [-63.41546341499998, 8.197606156000063], [-63.43654427799993, 8.176079514000094], [-63.46152840599996, 8.173419330000058], [-63.47626001899994, 8.160599950000062], [-63.49981609599996, 8.161353868000106], [-63.50664431799987, 8.166714658999979], [-63.508027, 8.138549], [-63.50490999999988, 8.133726000000138], [-63.506322, 8.127166], [-63.5035079999999, 8.123295], [-63.507552, 8.116920000000164], [-63.509441, 8.103792000000169], [-63.50398899999982, 8.090866], [-63.504647, 8.072782000000132], [-63.512301, 8.070805000000178], [-63.503027, 8.059896000000151], [-63.49562399999985, 8.059664000000112], [-63.491491, 8.052576], [-63.480063, 8.049809], [-63.48659099999986, 8.041785000000175], [-63.487757, 8.033088], [-63.487628999999856, 8.01931900000011], [-63.481035, 8.009569], [-63.466562999999894, 8.006219000000101], [-63.462779, 7.999615000000119], [-63.40919, 7.953333]]]}}, {"type": "Feature", "properties": {"parroquia": "Vista Hermosa", "municipio": "Angostura del Orinoco", "estado": "Bolívar", "pcode": "VE070506", "estado_pcode": "VE07", "municipio_pcode": "VE0705", "center_lat": 8.0942135, "center_lon": -63.52428856, "area_sqkm": 27.08216666}, "geometry": {"type": "Polygon", "coordinates": [[[-63.507552, 8.116920000000164], [-63.531317999999885, 8.127629000000184], [-63.544805999999824, 8.122706000000164], [-63.56034899999986, 8.129186], [-63.55489399999988, 8.12062], [-63.551539, 8.120032], [-63.552506, 8.116961000000174], [-63.54930899999988, 8.114895000000104], [-63.551206, 8.1110240000001], [-63.544915, 8.10408800000016], [-63.546723, 8.0989], [-63.543374, 8.096585000000175], [-63.53807299999988, 8.085051000000135], [-63.535765, 8.059216], [-63.525863, 8.061202], [-63.512301, 8.070805000000178], [-63.504647, 8.072782000000132], [-63.50398899999982, 8.090866], [-63.509441, 8.103792000000169], [-63.507552, 8.116920000000164]]]}}, {"type": "Feature", "properties": {"parroquia": "Orinoco", "municipio": "Angostura del Orinoco", "estado": "Bolívar", "pcode": "VE070507", "estado_pcode": "VE07", "municipio_pcode": "VE0705", "center_lat": 7.8685265, "center_lon": -63.8119395, "area_sqkm": 1329.02078708}, "geometry": {"type": "Polygon", "coordinates": [[[-63.66306763399996, 8.164977742000076], [-63.677608183999894, 8.16885231700013], [-63.68381645399995, 8.166892235000148], [-63.7118096289999, 8.14648659500017], [-63.74522311499993, 8.138328247000175], [-63.7592537619999, 8.14108626300009], [-63.78500292299992, 8.140483135000125], [-63.824219668999945, 8.134249817000068], [-63.827557768999895, 8.122690509], [-63.84478446499992, 8.10243992200003], [-63.85207371699994, 8.085123946000124], [-63.8643201779999, 8.065020891000074], [-63.87855278099988, 8.053783542000133], [-63.88066182099993, 8.040554200000088], [-63.89036519399997, 8.026029791000155], [-63.92121146499994, 7.996592926000176], [-63.92618166099987, 7.98955472200015], [-63.92800370599997, 7.981365504000053], [-63.925892, 7.976746000000105], [-63.94082, 7.92791], [-63.930006, 7.918211000000156], [-63.915086, 7.880311], [-63.908287, 7.870659000000103], [-63.900944, 7.848028], [-63.89770499999986, 7.831305], [-63.903292, 7.814547], [-63.90115, 7.802058], [-63.868527, 7.790196], [-63.86004899999983, 7.790453000000127], [-63.827379, 7.752962], [-63.825267, 7.727256], [-63.820791, 7.711816000000113], [-63.815972, 7.703967000000148], [-63.804832, 7.702429], [-63.794024, 7.692611], [-63.774564, 7.615763], [-63.753917, 7.599444], [-63.73365199999989, 7.569225000000131], [-63.68564, 7.564262000000156], [-63.622851, 7.592221000000166], [-63.597253, 7.594646], [-63.559335, 7.582090000000164], [-63.506263, 7.572072000000105], [-63.534814, 7.592507000000182], [-63.559583, 7.601647], [-63.57109899999989, 7.613412], [-63.583165, 7.615745000000175], [-63.596614, 7.641844000000106], [-63.615011, 7.661542000000111], [-63.620136, 7.674789], [-63.63315299999988, 7.687103], [-63.6458209999999, 7.721948000000168], [-63.653109, 7.72654000000017], [-63.660269, 7.737801], [-63.664117, 7.757504], [-63.682932, 7.773973000000126], [-63.688362, 7.784457000000145], [-63.699526, 7.795076], [-63.693819, 7.804363000000137], [-63.69056, 7.816368000000125], [-63.694916, 7.823996000000136], [-63.701014, 7.825505], [-63.704683, 7.833144000000118], [-63.716189, 7.866394000000184], [-63.718378, 7.882332000000133], [-63.716511, 7.887764000000175], [-63.724277999999856, 7.908665], [-63.738968, 7.922083], [-63.730956, 7.931165], [-63.730097, 7.939339000000132], [-63.72729, 7.940491], [-63.724811, 7.948437000000126], [-63.72185999999988, 7.949004000000116], [-63.721911, 7.952802000000133], [-63.717019, 7.957739], [-63.712757, 7.968084], [-63.702392, 7.976495000000114], [-63.69887199999988, 7.986041], [-63.694216, 7.988351], [-63.693672999999876, 7.992803000000151], [-63.68516099999982, 8.001122000000123], [-63.68512799999985, 8.005657000000156], [-63.68200799999988, 8.009003], [-63.685375, 8.012021], [-63.680617, 8.01769800000011], [-63.685612, 8.029722], [-63.679703, 8.03158900000011], [-63.67507, 8.040265000000147], [-63.677114, 8.042764000000147], [-63.67187799999988, 8.043391000000156], [-63.671768, 8.048218], [-63.66792699999985, 8.049511000000109], [-63.66558, 8.057982], [-63.670064, 8.059398000000158], [-63.671206, 8.064367], [-63.67754699999989, 8.063757], [-63.677118, 8.07186], [-63.668764999999894, 8.075449], [-63.66759599999989, 8.084058], [-63.663615, 8.084321000000102], [-63.661132, 8.091167], [-63.65708, 8.091137], [-63.658607, 8.0937780000001], [-63.656823, 8.095882], [-63.652031, 8.096212], [-63.654805999999894, 8.099592], [-63.651545, 8.102051000000188], [-63.651745, 8.1049], [-63.647243, 8.105889000000104], [-63.650094, 8.108978], [-63.648707, 8.117001], [-63.657122, 8.122212000000104], [-63.66306763399996, 8.164977742000076]]]}}, {"type": "Feature", "properties": {"parroquia": "Panapana", "municipio": "Angostura del Orinoco", "estado": "Bolívar", "pcode": "VE070508", "estado_pcode": "VE07", "municipio_pcode": "VE0705", "center_lat": 8.069313, "center_lon": -63.19511966, "area_sqkm": 1688.40301561}, "geometry": {"type": "Polygon", "coordinates": [[[-63.001851, 8.013629], [-63.00083366699988, 8.31907476300006], [-63.030978438999966, 8.321323974999984], [-63.05157136199995, 8.317028769000046], [-63.18378937999995, 8.315955182000152], [-63.23039145599995, 8.305754720000095], [-63.256404584999984, 8.291797256000052], [-63.2639888679999, 8.276765836000152], [-63.280284534999964, 8.259966330000168], [-63.2907800189999, 8.261989336000056], [-63.30324855799995, 8.25521510800013], [-63.315790075999985, 8.243967767000072], [-63.32220337299992, 8.243623730000138], [-63.33355985199995, 8.234763451000049], [-63.34449636199997, 8.23782648000008], [-63.37153357299991, 8.233080243000018], [-63.386046206999936, 8.227142032000131], [-63.391259883999965, 8.222539423000057], [-63.39835568799998, 8.208546506000062], [-63.40836169099998, 8.200950164000176], [-63.404394, 8.191077], [-63.413109, 8.182627], [-63.402901, 8.162601], [-63.390265, 8.101121000000148], [-63.383224, 8.09078600000015], [-63.389514, 8.076444], [-63.38251, 8.035024000000135], [-63.383229, 8.018634], [-63.3985909999999, 8.009039], [-63.399973, 8.001264000000106], [-63.424357, 7.997175], [-63.419698, 7.984264], [-63.414357, 7.979636000000141], [-63.413323999999875, 7.963681000000179], [-63.40919, 7.953333], [-63.39994, 7.926086000000168], [-63.394413, 7.924450000000149], [-63.391703, 7.919436], [-63.391631, 7.90645300000017], [-63.378768, 7.89688800000016], [-63.378125, 7.892071], [-63.373578, 7.886857], [-63.374835, 7.854547], [-63.365678999999886, 7.847565000000145], [-63.364322, 7.82483400000018], [-63.35926399999988, 7.814226000000133], [-63.299291, 7.877332000000138], [-63.251262, 7.900054], [-63.236099, 7.915188000000114], [-63.203262, 7.988322], [-63.150148999999885, 7.993386], [-63.023312, 7.995268000000181], [-62.999164999999834, 7.996465], [-63.001659, 8.007444], [-63.007018, 8.004823000000101], [-63.008206, 8.000517000000116], [-63.010997, 8.003245000000106], [-63.00792499999989, 8.011347], [-63.001851, 8.013629]]]}}, {"type": "Feature", "properties": {"parroquia": "Zea", "municipio": "Angostura del Orinoco", "estado": "Bolívar", "pcode": "VE070509", "estado_pcode": "VE07", "municipio_pcode": "VE0705", "center_lat": 7.721863, "center_lon": -64.00509371, "area_sqkm": 2083.21477536}, "geometry": {"type": "Polygon", "coordinates": [[[-64.13598240299996, 8.001590531000033], [-64.1415, 7.98941], [-64.151405, 7.984110000000101], [-64.161319, 7.984094], [-64.16766799999988, 7.979829000000109], [-64.17534199999989, 7.978681000000165], [-64.184452, 7.972393000000181], [-64.190801, 7.972010000000125], [-64.189807, 7.968565000000183], [-64.17716399999983, 7.968839000000116], [-64.168623, 7.958981000000165], [-64.168851, 7.953617], [-64.17538699999989, 7.949858], [-64.183163, 7.94809], [-64.197213, 7.951721], [-64.208434, 7.950833000000102], [-64.220302, 7.936457], [-64.22502, 7.93404], [-64.2327269999999, 7.941545], [-64.23952, 7.939093], [-64.247106, 7.939915], [-64.25654, 7.951860000000181], [-64.260238, 7.952113000000168], [-64.276557, 7.933279], [-64.278469, 7.924620000000175], [-64.274076, 7.917062000000101], [-64.281041, 7.90613900000011], [-64.278321, 7.899169], [-64.288415, 7.897566], [-64.29332799999986, 7.889583], [-64.29044, 7.884965], [-64.27406, 7.875232], [-64.274986, 7.866327000000126], [-64.28179399999988, 7.85569], [-64.274476, 7.840303], [-64.278027, 7.81206], [-64.27391299999988, 7.802287000000149], [-64.258975, 7.78793], [-64.24464299999988, 7.75681400000019], [-64.241871, 7.744814000000133], [-64.233385, 7.7398], [-64.225851, 7.742843000000107], [-64.213641, 7.7398], [-64.202253, 7.71974100000017], [-64.195974, 7.719527], [-64.19545499999987, 7.724713000000179], [-64.192398, 7.725901], [-64.163655, 7.706249000000128], [-64.166857, 7.692336], [-64.1783789999999, 7.679828], [-64.174594, 7.673428000000172], [-64.164029, 7.66546000000011], [-64.15512699999982, 7.65229], [-64.152923, 7.651589000000115], [-64.14951199999985, 7.656501000000105], [-64.142274, 7.651241], [-64.128215, 7.629873000000146], [-64.12913, 7.616344], [-64.134246, 7.612136], [-64.125511, 7.604464], [-64.127091, 7.597823], [-64.124887, 7.595596000000171], [-64.129088, 7.589945000000114], [-64.11910499999988, 7.580368], [-64.120727, 7.575213000000133], [-64.128963, 7.570969000000161], [-64.128797, 7.568247], [-64.112741, 7.562132000000133], [-64.105586, 7.563117], [-64.10255, 7.555525], [-64.07875699999988, 7.542599000000109], [-64.072313, 7.54164], [-64.068941, 7.545355], [-64.059, 7.544935000000123], [-64.044702, 7.531216], [-64.04205699999989, 7.510154], [-64.0424809999999, 7.500652], [-64.04635, 7.495174000000134], [-64.04680699999989, 7.489239], [-64.055251, 7.482613000000185], [-64.038862, 7.482386], [-64.034827, 7.480319], [-64.031175, 7.484973], [-64.02795, 7.484831], [-64.016007, 7.475084], [-64.015049, 7.471077], [-64.011272, 7.470369000000119], [-64.00724999999989, 7.452015000000131], [-63.991908, 7.454428000000121], [-63.982632, 7.452499], [-63.979543, 7.44786], [-63.961575, 7.4452280000001], [-63.949551, 7.44523], [-63.94659499999983, 7.448562], [-63.93556699999988, 7.442104], [-63.929097, 7.448527000000183], [-63.91707699999989, 7.448345], [-63.914975, 7.450903000000153], [-63.89499, 7.443423000000109], [-63.877406, 7.444469], [-63.874521, 7.447529], [-63.850648, 7.444574000000159], [-63.844391, 7.446444000000156], [-63.833749, 7.445051], [-63.827457, 7.448115], [-63.824393, 7.444819000000166], [-63.819551, 7.446513], [-63.81498999999985, 7.444053], [-63.812851, 7.461871], [-63.818148999999835, 7.471321], [-63.818483, 7.478212], [-63.81436699999989, 7.486211000000139], [-63.816334, 7.495027], [-63.81290399999989, 7.517955000000143], [-63.817558, 7.537644000000114], [-63.823685, 7.548804000000132], [-63.834462, 7.556784000000164], [-63.837566999999865, 7.565007], [-63.82661599999989, 7.590589000000136], [-63.81914499999982, 7.596575], [-63.812526999999875, 7.598410000000115], [-63.806928, 7.606893000000184], [-63.774564, 7.615763], [-63.794024, 7.692611], [-63.804832, 7.702429], [-63.815972, 7.703967000000148], [-63.820791, 7.711816000000113], [-63.825267, 7.727256], [-63.827379, 7.752962], [-63.86004899999983, 7.790453000000127], [-63.868527, 7.790196], [-63.90115, 7.802058], [-63.903292, 7.814547], [-63.89770499999986, 7.831305], [-63.900944, 7.848028], [-63.908287, 7.870659000000103], [-63.915086, 7.880311], [-63.930006, 7.918211000000156], [-63.94082, 7.92791], [-63.925892, 7.976746000000105], [-63.92800370599997, 7.981365504000053], [-63.9369390839999, 7.973399270000129], [-63.97076355399997, 7.960284800000011], [-63.983806131999984, 7.958338703000038], [-64.00054282299993, 7.94334424699997], [-64.02571671699997, 7.942522079000184], [-64.05406526599995, 7.950364210000032], [-64.07093808899998, 7.965932527000064], [-64.08170256999989, 7.963785433000055], [-64.08762784599998, 7.968624523000017], [-64.09484323199985, 7.982519847999981], [-64.11279210299989, 7.996895129000052], [-64.11864335999996, 7.995496077000098], [-64.13598240299996, 8.001590531000033]]]}}, {"type": "Feature", "properties": {"parroquia": "Sección Capital Piar", "municipio": "Piar", "estado": "Bolívar", "pcode": "VE070601", "estado_pcode": "VE07", "municipio_pcode": "VE0706", "center_lat": 7.9723945, "center_lon": -62.57499494, "area_sqkm": 4492.96462655}, "geometry": {"type": "Polygon", "coordinates": [[[-62.40470863799993, 8.324685476000013], [-62.499633777999975, 8.385533025000143], [-62.50921722299995, 8.355155437000064], [-62.542527999999834, 8.249567000000184], [-62.584921, 8.080124000000126], [-62.584921, 7.996789], [-62.999164999999834, 7.996465], [-63.023312, 7.995268000000181], [-63.0182999999999, 7.926158], [-63.03195399999987, 7.881237000000112], [-63.030171, 7.873377000000119], [-63.00893, 7.846802], [-62.998682, 7.839968], [-62.994778, 7.833388], [-62.99126199999989, 7.81906], [-62.9985549999999, 7.79215], [-62.999042, 7.767573], [-62.976698, 7.717427], [-62.559673, 7.711305], [-62.542746, 7.713136], [-62.52491, 7.705614000000139], [-62.51325899999989, 7.7048640000001], [-62.462266, 7.718955000000165], [-62.449557, 7.720030000000122], [-62.432351, 7.716085], [-62.429029, 7.709239], [-62.405665999999826, 7.704278000000102], [-62.39766, 7.697132000000181], [-62.376161, 7.668474000000117], [-62.365533, 7.66094100000015], [-62.35676799999982, 7.629713], [-62.35753399999987, 7.617517], [-62.36127799999986, 7.612161000000128], [-62.360381, 7.596716000000129], [-62.364245, 7.590901], [-62.355638, 7.578676000000144], [-62.350766, 7.575953], [-62.327189, 7.577664], [-62.320609, 7.574454], [-62.310503, 7.563127], [-62.299855, 7.564115], [-62.293061, 7.560095], [-62.280696, 7.566515], [-62.27527199999986, 7.571567], [-62.275877, 7.590809], [-62.288847, 7.601835000000165], [-62.296753, 7.622111], [-62.28656199999989, 7.637271000000112], [-62.289412, 7.652056], [-62.287287, 7.66331], [-62.289565, 7.678086000000121], [-62.285754, 7.680445], [-62.25749599999989, 7.681390000000135], [-62.254684, 7.685607000000175], [-62.255827999999894, 7.692651000000126], [-62.265082, 7.716981], [-62.26093899999984, 7.720614000000126], [-62.247311, 7.721562], [-62.235755, 7.717674], [-62.224157, 7.720718], [-62.216888, 7.717611000000147], [-62.210981, 7.72224100000011], [-62.178436, 7.712403], [-62.171888, 7.714258], [-62.16598699999986, 7.711517], [-62.166348, 7.724421000000177], [-62.162273, 7.728849], [-62.15298499999983, 7.71638], [-62.15102899999988, 7.717156000000159], [-62.150604, 7.729126], [-62.156401999999844, 7.73129], [-62.15656599999983, 7.756168], [-62.1620309999999, 7.764660000000106], [-62.167456, 7.768546000000129], [-62.181297, 7.768418], [-62.186029, 7.786802], [-62.199438, 7.813269], [-62.198718, 7.829379000000188], [-62.202382999999884, 7.843141], [-62.193995, 7.845544], [-62.190014999999846, 7.858149000000139], [-62.185186, 7.85957], [-62.184084, 7.864044], [-62.17959999999988, 7.865471], [-62.184347999999886, 7.87591], [-62.172502, 7.87987], [-62.171339, 7.895052], [-62.161881, 7.89974], [-62.149294, 7.90000300000014], [-62.142441, 7.920279000000164], [-62.12267899999989, 7.932404000000133], [-62.122531, 7.941383], [-62.115221, 7.968445], [-62.120542999999884, 7.971868], [-62.123472, 7.967654], [-62.128876999999875, 7.972921000000156], [-62.130182, 7.977087], [-62.127653, 7.984763000000157], [-62.13085, 7.985159], [-62.134551, 7.996733], [-62.133037999999885, 8.000539000000174], [-62.138362, 8.005762000000175], [-62.137881, 8.023649], [-62.150626, 8.037401000000159], [-62.16065399999985, 8.043611], [-62.159842, 8.04641800000013], [-62.17771, 8.066392], [-62.182419, 8.080281000000127], [-62.18405699999988, 8.109826000000112], [-62.19313099999982, 8.140740000000164], [-62.19680099999988, 8.168763000000126], [-62.214670999999896, 8.196754], [-62.229196, 8.205384], [-62.234255, 8.212200000000166], [-62.244022, 8.233690000000138], [-62.265656, 8.236993], [-62.271913, 8.248546], [-62.266166, 8.266026], [-62.249754, 8.292093], [-62.24972380499986, 8.299761763000106], [-62.30957322699987, 8.282035942000107], [-62.372524283999894, 8.319710677000103], [-62.40470863799993, 8.324685476000013]]]}}, {"type": "Feature", "properties": {"parroquia": "Andrés Eloy Blanco", "municipio": "Piar", "estado": "Bolívar", "pcode": "VE070602", "estado_pcode": "VE07", "municipio_pcode": "VE0706", "center_lat": 8.038251, "center_lon": -62.77844925, "area_sqkm": 381.16966925}, "geometry": {"type": "Polygon", "coordinates": [[[-62.584921, 8.080124000000126], [-62.899794, 8.080053000000134], [-62.901237, 8.074971], [-62.892288, 8.071863000000121], [-62.89871699999986, 8.05961], [-62.922460999999885, 8.057787], [-62.93159, 8.06199], [-62.939126, 8.060984], [-62.943586, 8.052957000000106], [-62.952092, 8.054522000000134], [-62.959874, 8.051109000000167], [-62.958644999999876, 8.04854], [-62.95553299999989, 8.050112], [-62.95524099999989, 8.044872000000112], [-62.963403, 8.046784], [-62.9735189999999, 8.042235], [-62.971333, 8.039158], [-62.972863, 8.034162], [-62.975996, 8.036114], [-62.97602099999989, 8.040324], [-62.980865, 8.03848100000016], [-62.979247, 8.028934], [-62.98459999999989, 8.025282000000175], [-62.987325, 8.017011], [-62.991995, 8.015083], [-62.9957629999999, 8.007319], [-62.998221999999885, 8.012627], [-63.001851, 8.013629], [-63.00792499999989, 8.011347], [-63.010997, 8.003245000000106], [-63.008206, 8.000517000000116], [-63.007018, 8.004823000000101], [-63.001659, 8.007444], [-62.999164999999834, 7.996465], [-62.584921, 7.996789], [-62.584921, 8.080124000000126]]]}}, {"type": "Feature", "properties": {"parroquia": "Pedro Cova", "municipio": "Piar", "estado": "Bolívar", "pcode": "VE070603", "estado_pcode": "VE07", "municipio_pcode": "VE0706", "center_lat": 6.9732165, "center_lon": -62.56211083, "area_sqkm": 9819.4562063}, "geometry": {"type": "Polygon", "coordinates": [[[-62.350601, 6.352514], [-62.415359, 6.454693], [-62.428893, 6.505201], [-62.4846399999999, 6.55694700000015], [-62.487178, 6.563414], [-62.478777, 6.604545], [-62.47465099999988, 6.606819], [-62.451994, 6.59815500000019], [-62.443632, 6.601895000000184], [-62.438546, 6.610606], [-62.438514, 6.615092000000175], [-62.431744, 6.627583], [-62.43308499999989, 6.667104000000108], [-62.438708, 6.680723], [-62.437815, 6.689611000000184], [-62.430359, 6.676920000000109], [-62.426779, 6.674867], [-62.425142, 6.677875], [-62.422292999999854, 6.675221], [-62.411649, 6.67734], [-62.396576, 6.673654], [-62.383924, 6.679840000000127], [-62.377007, 6.672544], [-62.344055, 6.665990000000136], [-62.329649, 6.67255], [-62.325313, 6.679201], [-62.31665, 6.685179000000119], [-62.312312, 6.69316], [-62.301318, 6.699800000000153], [-62.294997, 6.69679600000012], [-62.284009, 6.699775], [-62.277343, 6.705090000000155], [-62.266335, 6.721048000000167], [-62.254682, 6.722029], [-62.234027, 6.732646], [-62.194402, 6.73957], [-62.180065, 6.752859], [-62.176384, 6.764167], [-62.151413999999875, 6.765455], [-62.143416999999886, 6.770100000000127], [-62.13774999999987, 6.774083000000189], [-62.138033999999834, 6.801372000000129], [-62.134679, 6.815343], [-62.134986, 6.830319], [-62.1279669999999, 6.84528100000017], [-62.129255999999884, 6.868578], [-62.14020699999986, 6.88956300000018], [-62.138184, 6.90320400000013], [-62.14516099999986, 6.912201], [-62.147142, 6.921522], [-62.151797, 6.925191], [-62.162453, 6.925876000000187], [-62.21066999999988, 6.968222], [-62.215301999999895, 6.987198], [-62.220293, 6.990201000000127], [-62.259583, 6.997253000000114], [-62.276583, 6.988628], [-62.285244, 6.987975000000176], [-62.289238, 6.99031100000019], [-62.289732, 6.998807], [-62.285855, 7.012684], [-62.291376, 7.05285], [-62.301814, 7.064298], [-62.301233, 7.072006000000101], [-62.312277, 7.095442000000105], [-62.311938, 7.102347000000179], [-62.31949999999989, 7.115133], [-62.323198, 7.119566], [-62.340214, 7.120789000000173], [-62.34483299999988, 7.1271], [-62.344603, 7.141181], [-62.34037499999988, 7.155255000000125], [-62.341199999999844, 7.166184000000101], [-62.344139, 7.171021], [-62.343443, 7.189328000000103], [-62.339568, 7.203089], [-62.329308, 7.22331800000012], [-62.324474, 7.254109000000142], [-62.312151, 7.274651000000176], [-62.301711, 7.28451], [-62.297707, 7.291935], [-62.28826599999985, 7.317817], [-62.27829, 7.362695000000144], [-62.242051, 7.384938], [-62.235563, 7.397505000000137], [-62.214361, 7.408347000000163], [-62.19756199999989, 7.429391000000123], [-62.202727, 7.449166000000105], [-62.20164099999988, 7.459744000000171], [-62.193774, 7.46561], [-62.197326, 7.479025], [-62.187532, 7.483940000000189], [-62.19277099999988, 7.499109], [-62.190583, 7.507136], [-62.18231099999986, 7.516831], [-62.185654, 7.522677], [-62.18476799999985, 7.532958000000178], [-62.195589, 7.540585], [-62.207572, 7.539044000000104], [-62.21257, 7.552028], [-62.246953, 7.54844], [-62.249242999999865, 7.555270000000121], [-62.270084, 7.560085], [-62.280696, 7.566515], [-62.293061, 7.560095], [-62.299855, 7.564115], [-62.310503, 7.563127], [-62.320609, 7.574454], [-62.327189, 7.577664], [-62.350766, 7.575953], [-62.355638, 7.578676000000144], [-62.364245, 7.590901], [-62.360381, 7.596716000000129], [-62.36127799999986, 7.612161000000128], [-62.35753399999987, 7.617517], [-62.35676799999982, 7.629713], [-62.365533, 7.66094100000015], [-62.376161, 7.668474000000117], [-62.39766, 7.697132000000181], [-62.405665999999826, 7.704278000000102], [-62.429029, 7.709239], [-62.432351, 7.716085], [-62.449557, 7.720030000000122], [-62.462266, 7.718955000000165], [-62.51325899999989, 7.7048640000001], [-62.52491, 7.705614000000139], [-62.542746, 7.713136], [-62.559673, 7.711305], [-62.976698, 7.717427], [-62.918154, 7.595552], [-62.772159, 7.291475], [-62.908734, 7.118233], [-62.908974, 7.097380000000101], [-62.912904, 6.930336], [-62.878358, 6.896823], [-62.859982999999886, 6.883378], [-62.844345, 6.855226], [-62.841401999999846, 6.836109000000135], [-62.842387, 6.817763], [-62.847765, 6.792916], [-62.844371, 6.765148], [-62.846298, 6.731452000000161], [-62.8438, 6.721491], [-62.832823999999846, 6.700372], [-62.820616, 6.687807000000134], [-62.801082999999835, 6.676743], [-62.799689, 6.668483000000151], [-62.800329, 6.662310000000105], [-62.80879, 6.644995], [-62.815945, 6.634642], [-62.821673, 6.633496], [-62.83152, 6.610109], [-62.85628, 6.57730400000014], [-62.859814999999855, 6.564094000000125], [-62.869963, 6.553821000000141], [-62.87256, 6.548232], [-62.871945, 6.537265], [-62.87547799999987, 6.520237000000122], [-62.903271, 6.502917], [-62.906724, 6.496214], [-62.90566799999988, 6.49058], [-62.90269, 6.489045], [-62.904658, 6.481200000000172], [-62.927304, 6.46714], [-62.938908, 6.452289], [-62.944966, 6.431189], [-62.94567, 6.419206000000145], [-62.955331, 6.394212], [-62.956833, 6.378022000000158], [-62.973861, 6.36342], [-62.971306, 6.341654], [-62.959577, 6.319594000000166], [-62.951201, 6.315187], [-62.947796, 6.302031], [-62.932247, 6.28658], [-62.924149, 6.274471], [-62.913210999999876, 6.283785], [-62.911684, 6.289607], [-62.917891, 6.301778], [-62.91635, 6.324984], [-62.911646, 6.329687], [-62.899038, 6.326511000000153], [-62.892611, 6.321569000000125], [-62.891589999999894, 6.307282], [-62.88783699999988, 6.304751], [-62.878883, 6.303348000000142], [-62.87094, 6.298793], [-62.847773, 6.297601000000157], [-62.844943999999884, 6.290052000000117], [-62.851252, 6.254497000000129], [-62.83136499999989, 6.24566700000014], [-62.815372, 6.231940000000122], [-62.812012, 6.237113], [-62.813137, 6.23965], [-62.806031, 6.244785000000149], [-62.806235, 6.248467000000176], [-62.803945, 6.249834000000135], [-62.80167599999987, 6.247750000000167], [-62.794318, 6.256564], [-62.786893, 6.25790000000012], [-62.78539099999989, 6.260883], [-62.777744, 6.261412], [-62.777416, 6.259339000000182], [-62.762634, 6.269144], [-62.763999, 6.287099], [-62.751204, 6.307154], [-62.74775, 6.329106], [-62.74007499999988, 6.333661], [-62.37310199999985, 6.334033], [-62.354067, 6.346901], [-62.350601, 6.352514]]]}}, {"type": "Feature", "properties": {"parroquia": "Capital Angostura", "municipio": "Bolivariano Angostura", "estado": "Bolívar", "pcode": "VE070701", "estado_pcode": "VE07", "municipio_pcode": "VE0707", "center_lat": 7.679375, "center_lon": -63.15595365, "area_sqkm": 2811.88989623}, "geometry": {"type": "Polygon", "coordinates": [[[-63.81498999999985, 7.444053], [-63.810008, 7.446003], [-63.793704999999875, 7.441453], [-63.78399799999988, 7.443496000000152], [-63.7807, 7.439086], [-63.758362, 7.442112000000179], [-63.748778, 7.436789000000147], [-63.744096, 7.439938], [-63.738179, 7.439714], [-63.731448999999884, 7.434932000000117], [-63.727703, 7.437782], [-63.729302, 7.448965], [-63.727099, 7.452492000000177], [-63.718229, 7.456514], [-63.713306, 7.456124000000102], [-63.708128, 7.468757], [-63.69793, 7.468446], [-63.697734, 7.472008], [-63.691885, 7.472616], [-63.687893, 7.478680000000168], [-63.68049999999988, 7.479383], [-63.674268, 7.483554], [-63.670812999999896, 7.48069], [-63.66426299999989, 7.4813], [-63.659663, 7.48717900000014], [-63.645742, 7.47953200000012], [-63.640568, 7.48168], [-63.62993399999982, 7.478054], [-63.626392, 7.481957], [-63.620505, 7.479163], [-63.60973899999988, 7.482026], [-63.608317, 7.479855], [-63.611193, 7.479231], [-63.610355, 7.477614], [-63.603015, 7.475767000000189], [-63.59905, 7.471471], [-63.598687, 7.46694500000018], [-63.589661, 7.466298000000108], [-63.584853, 7.47098300000016], [-63.580145, 7.467968], [-63.57683699999984, 7.461544], [-63.578282, 7.454448000000184], [-63.588601, 7.449694000000136], [-63.580331, 7.433912000000134], [-63.57175299999983, 7.433094], [-63.569452, 7.42477300000013], [-63.565613, 7.421965000000171], [-63.56157, 7.424701], [-63.552016, 7.416660000000149], [-63.542336, 7.416202000000112], [-63.540415, 7.407077], [-63.532352, 7.406177000000184], [-63.527625, 7.409598], [-63.525686, 7.402994], [-63.51886599999989, 7.401592], [-63.515949, 7.394358000000182], [-63.50891799999988, 7.396263], [-63.507021, 7.393476], [-63.50129299999986, 7.395872], [-63.49167099999988, 7.39208200000013], [-63.479047, 7.39278000000013], [-63.47832, 7.395546], [-63.467776, 7.392206000000101], [-63.469197, 7.395971], [-63.458625, 7.401332], [-63.450049, 7.412167000000181], [-63.42486199999985, 7.412913000000117], [-63.409219, 7.41626500000018], [-63.40224299999983, 7.42499400000014], [-63.38850999999988, 7.42578600000013], [-63.373331, 7.421544000000154], [-63.36355, 7.42641], [-63.35405799999984, 7.427364000000125], [-63.346336, 7.424038], [-63.340792, 7.404702], [-63.336295, 7.402589000000148], [-63.326734, 7.390671000000111], [-63.318921, 7.368472000000111], [-63.29929, 7.367359], [-63.28962899999988, 7.374587000000133], [-63.277158, 7.375471000000118], [-63.263898, 7.385331], [-63.26138899999984, 7.40238], [-63.25389399999989, 7.415138000000184], [-63.24973499999987, 7.428878000000168], [-63.235419, 7.437031], [-63.225053, 7.449373], [-63.228422, 7.460928], [-63.238865, 7.470421], [-63.24011, 7.47752700000018], [-63.235606, 7.491273], [-63.219744999999875, 7.512090000000171], [-63.205038999999886, 7.525418000000172], [-63.18520799999982, 7.557442], [-63.168398, 7.559769], [-63.14852199999984, 7.5557060000001], [-63.131685, 7.564353], [-63.122755, 7.573108], [-63.117052, 7.574919000000136], [-63.109275, 7.584346000000153], [-63.091901, 7.595642], [-63.074292, 7.597621], [-62.918154, 7.595552], [-62.976698, 7.717427], [-62.999042, 7.767573], [-62.9985549999999, 7.79215], [-62.99126199999989, 7.81906], [-62.994778, 7.833388], [-62.998682, 7.839968], [-63.00893, 7.846802], [-63.030171, 7.873377000000119], [-63.03195399999987, 7.881237000000112], [-63.0182999999999, 7.926158], [-63.023312, 7.995268000000181], [-63.150148999999885, 7.993386], [-63.203262, 7.988322], [-63.236099, 7.915188000000114], [-63.251262, 7.900054], [-63.299291, 7.877332000000138], [-63.35926399999988, 7.814226000000133], [-63.364969, 7.804164], [-63.357361, 7.77644], [-63.347186, 7.6982900000001], [-63.35979, 7.660460000000114], [-63.392617, 7.63017600000012], [-63.402698, 7.599911000000134], [-63.41784, 7.582249], [-63.455731, 7.572128000000134], [-63.506263, 7.572072000000105], [-63.559335, 7.582090000000164], [-63.597253, 7.594646], [-63.622851, 7.592221000000166], [-63.68564, 7.564262000000156], [-63.73365199999989, 7.569225000000131], [-63.753917, 7.599444], [-63.774564, 7.615763], [-63.806928, 7.606893000000184], [-63.812526999999875, 7.598410000000115], [-63.81914499999982, 7.596575], [-63.82661599999989, 7.590589000000136], [-63.837566999999865, 7.565007], [-63.834462, 7.556784000000164], [-63.823685, 7.548804000000132], [-63.817558, 7.537644000000114], [-63.81290399999989, 7.517955000000143], [-63.816334, 7.495027], [-63.81436699999989, 7.486211000000139], [-63.818483, 7.478212], [-63.818148999999835, 7.471321], [-63.812851, 7.461871], [-63.81498999999985, 7.444053]]]}}, {"type": "Feature", "properties": {"parroquia": "Barceloneta", "municipio": "Bolivariano Angostura", "estado": "Bolívar", "pcode": "VE070702", "estado_pcode": "VE07", "municipio_pcode": "VE0707", "center_lat": 5.3697885, "center_lon": -63.28985057, "area_sqkm": 46234.79753744}, "geometry": {"type": "Polygon", "coordinates": [[[-62.908974, 7.097380000000101], [-63.186029, 7.101208], [-63.196455, 7.080762000000163], [-63.208597, 7.068933], [-63.21922, 7.053436000000147], [-63.23127, 7.048897000000125], [-63.23344, 7.042151000000104], [-63.23377099999982, 7.036425], [-63.229378, 7.033245], [-63.215608, 7.008329000000117], [-63.21457, 6.995492], [-63.2201, 6.989795000000129], [-63.22320599999989, 6.99236500000012], [-63.225571999999886, 6.983979000000147], [-63.23261099999985, 6.984983], [-63.239035999999885, 6.983200000000181], [-63.242303, 6.978314000000182], [-63.246208, 6.978759], [-63.248977, 6.984464000000116], [-63.252289, 6.980584], [-63.259099999999876, 6.989754000000119], [-63.267258, 6.991300000000138], [-63.265874, 6.997267], [-63.272834, 6.99537], [-63.277534, 6.998426000000165], [-63.281333, 6.993603], [-63.284596, 6.997773000000166], [-63.286158, 6.996187], [-63.287572, 7.005669000000125], [-63.293994, 7.012883000000159], [-63.296852, 7.020719000000156], [-63.30045799999988, 7.021458000000166], [-63.302345, 7.030944], [-63.3073849999999, 7.030807], [-63.305774, 7.036003000000164], [-63.309973, 7.049887000000126], [-63.307561, 7.053005], [-63.314813, 7.064605], [-63.31636699999984, 7.072490000000187], [-63.32347, 7.073139], [-63.32589899999982, 7.077598], [-63.331205999999895, 7.079653], [-63.334037, 7.076302000000112], [-63.334199999999896, 7.081808], [-63.347232, 7.093627], [-63.363419, 7.114878000000147], [-63.398467, 7.134597], [-63.40020699999985, 7.13926], [-63.407788, 7.13998800000013], [-63.413561, 7.144342000000108], [-63.41257999999988, 7.148539], [-63.417234, 7.153752000000111], [-63.416567, 7.16307200000017], [-63.423752, 7.177095000000122], [-63.42632199999986, 7.188662], [-63.454385, 7.183141000000148], [-63.456082, 7.173274000000163], [-63.451884, 7.171654], [-63.451712, 7.167819000000179], [-63.437965, 7.156276], [-63.429088, 7.152049], [-63.423113999999885, 7.143284000000165], [-63.421593, 7.11616400000014], [-63.424395, 7.107357], [-63.42194499999988, 7.094952], [-63.426844, 7.080686000000128], [-63.42398699999984, 7.072412], [-63.427120999999886, 7.060965000000124], [-63.41910899999982, 7.054238], [-63.419377, 7.043678000000114], [-63.414013, 7.039368], [-63.408601, 7.042084], [-63.405303, 7.041064], [-63.404161, 7.024644], [-63.393819, 6.997816000000171], [-63.396441, 6.981224000000111], [-63.384573, 6.95946], [-63.377123, 6.934636], [-63.37071999999989, 6.926922], [-63.36892499999988, 6.913389000000166], [-63.363354, 6.899914], [-63.366676, 6.892161], [-63.362462, 6.880418], [-63.370346, 6.873894000000121], [-63.373578, 6.866842000000133], [-63.37272499999989, 6.861211], [-63.376987, 6.859455], [-63.373897, 6.857037000000162], [-63.377484, 6.851845], [-63.374785, 6.848332], [-63.3760989999999, 6.844371], [-63.37031, 6.837202000000161], [-63.371269, 6.823187000000189], [-63.368641, 6.820347], [-63.371092, 6.818478], [-63.367930999999885, 6.815424000000178], [-63.367823, 6.809880000000135], [-63.357876, 6.785352000000159], [-63.358095999999875, 6.780839000000128], [-63.360945, 6.78016700000012], [-63.36863999999986, 6.784607000000165], [-63.372553, 6.772067000000163], [-63.365678999999886, 6.772518000000161], [-63.362855, 6.776025], [-63.363985, 6.771631000000127], [-63.357179, 6.764992], [-63.367603, 6.769922000000122], [-63.36443799999989, 6.76415100000014], [-63.374343999999894, 6.769215], [-63.37326399999989, 6.764326], [-63.37875, 6.760663], [-63.377361, 6.763750000000186], [-63.38125, 6.763472], [-63.382917, 6.759583], [-63.379544, 6.759861000000114], [-63.380992, 6.757809000000123], [-63.376812, 6.754626], [-63.384305, 6.753838], [-63.381806, 6.755972], [-63.383472, 6.758472], [-63.389305, 6.753194], [-63.384426, 6.75375], [-63.386634, 6.750022000000115], [-63.383723, 6.743604], [-63.390111, 6.747025000000122], [-63.39566699999989, 6.744267], [-63.389892, 6.736844], [-63.39287499999989, 6.736687], [-63.398897, 6.74269], [-63.40095799999989, 6.740995000000169], [-63.397785999999826, 6.734321], [-63.40526, 6.743275], [-63.436301, 6.731642], [-63.432871, 6.725229], [-63.439513, 6.728003], [-63.43985, 6.721941000000129], [-63.444009, 6.716421000000139], [-63.440586, 6.71014], [-63.444763, 6.713191], [-63.449946999999895, 6.712367], [-63.450813999999866, 6.707204000000104], [-63.459941, 6.69616], [-63.46359399999989, 6.6987], [-63.465762, 6.693911000000128], [-63.462739, 6.689044], [-63.466614, 6.686686000000122], [-63.464479, 6.679233000000181], [-63.474202, 6.678106000000184], [-63.47558999999984, 6.673066000000119], [-63.482035, 6.667590000000132], [-63.47953899999982, 6.663749000000166], [-63.488474, 6.661341], [-63.48537899999985, 6.647325000000137], [-63.493729, 6.636547], [-63.495109, 6.630605000000116], [-63.506818, 6.617989], [-63.497126, 6.590122], [-63.497731, 6.584446], [-63.505444, 6.57522], [-63.50040899999988, 6.561998], [-63.500959, 6.549492], [-63.508285999999885, 6.540657], [-63.510303, 6.533163000000116], [-63.51012899999989, 6.527494], [-63.501998, 6.516622], [-63.5167, 6.491287], [-63.513472, 6.479967000000102], [-63.521188, 6.47306], [-63.524868, 6.464900000000114], [-63.535057, 6.458744], [-63.53327399999989, 6.449216], [-63.540973, 6.440632000000164], [-63.547067, 6.42729], [-63.565244, 6.415514], [-63.571132, 6.407463], [-63.578907, 6.406488], [-63.58275399999985, 6.401938000000143], [-63.594389, 6.400319], [-63.605367999999885, 6.402441000000181], [-63.80866999999989, 6.637327000000141], [-63.820133, 6.636647], [-63.82402499999989, 6.638986000000102], [-63.82744699999989, 6.635669], [-63.829371, 6.638858], [-63.837712, 6.640560000000107], [-63.839551, 6.648088], [-63.844255, 6.646812000000125], [-63.848618, 6.651533000000143], [-63.849302, 6.661772000000155], [-63.85375, 6.663887], [-63.853323, 6.667197000000158], [-63.855632, 6.667067], [-63.85452, 6.674367], [-63.85837, 6.674998], [-63.862262, 6.679532], [-63.864529, 6.688228000000151], [-63.87017399999985, 6.686861], [-63.876571, 6.674316000000147], [-63.890685, 6.674379], [-63.890429, 6.663346], [-63.892054, 6.661137], [-63.895732, 6.662319000000139], [-63.89637399999987, 6.658287000000144], [-63.901078, 6.655089], [-63.901806, 6.646392], [-63.90462799999989, 6.649504], [-63.90920499999987, 6.644388000000106], [-63.924944, 6.645368], [-63.9264409999999, 6.643492], [-63.93012, 6.645582000000161], [-63.93127399999986, 6.640892], [-63.937774999999874, 6.641787], [-63.937989, 6.635136], [-63.945175, 6.635818], [-63.945859, 6.632364], [-63.953579, 6.629758], [-63.956701, 6.625194], [-63.969019, 6.629672], [-63.972355, 6.639354], [-63.97671799999989, 6.64106], [-63.981038, 6.63607], [-63.985272, 6.639141000000109], [-63.989763, 6.63304200000016], [-63.998488, 6.63961], [-63.99707699999988, 6.637051], [-63.999001, 6.634833000000185], [-64.002936, 6.637520000000109], [-64.014313, 6.636050000000182], [-64.017123, 6.627556], [-64.027976, 6.619317], [-64.027758, 6.616811], [-64.05095, 6.587574], [-64.056625, 6.561774], [-64.069834, 6.541691000000128], [-64.09095199999985, 6.53663], [-64.109181, 6.520832000000155], [-64.122412, 6.512924000000112], [-64.134937, 6.508957000000123], [-64.139174, 6.505224000000169], [-64.16223, 6.502982], [-64.177143, 6.491917000000115], [-64.185187, 6.473157], [-64.177586, 6.462487000000124], [-64.177493, 6.435249000000113], [-64.188731, 6.416088000000116], [-64.19088, 6.393294], [-64.187819, 6.38059], [-64.194291, 6.377948], [-64.1951279999999, 6.373106], [-64.191159, 6.367889], [-64.18782, 6.352087000000154], [-64.191942, 6.324086], [-64.184362, 6.32169], [-64.18254499999989, 6.315286], [-64.172627, 6.309599], [-64.167515, 6.311412000000132], [-64.151448, 6.307096000000115], [-64.146958, 6.304991], [-64.144574, 6.298826], [-64.121346, 6.289577], [-64.119388, 6.275479000000132], [-64.12402399999985, 6.26759], [-64.133049, 6.263858000000141], [-64.147643, 6.276246000000185], [-64.166601, 6.275684], [-64.1646429999999, 6.267559000000119], [-64.159772, 6.263047], [-64.1600509999999, 6.25902], [-64.175232, 6.258064], [-64.192333, 6.248685], [-64.21006399999987, 6.249983], [-64.22818799999988, 6.247364], [-64.23635499999989, 6.250784], [-64.244625, 6.246384], [-64.280147, 6.245755000000145], [-64.285916, 6.24921600000016], [-64.30203399999988, 6.249734], [-64.30934, 6.234929], [-64.2963749999999, 6.202013], [-64.243373, 6.184949000000188], [-64.191861, 6.193663000000186], [-64.136002, 6.178027000000156], [-64.11590199999989, 6.149418], [-64.112922, 6.093552000000102], [-64.139966, 6.021866], [-64.156954, 5.934443000000101], [-64.142483, 5.854247], [-64.098018, 5.794165], [-64.035009, 5.757035], [-63.977743, 5.727050000000133], [-63.959111, 5.704158000000177], [-63.964782, 5.674062000000106], [-63.983354, 5.662569], [-64.029096, 5.649596], [-64.05051, 5.628067000000101], [-64.063313, 5.590795000000185], [-64.06895, 5.54494], [-64.056038, 5.520608000000152], [-64.020263, 5.503479], [-63.935905, 5.502185000000111], [-63.898700999999846, 5.483617000000152], [-63.875786, 5.456428], [-63.847136, 5.416352000000131], [-63.80705, 5.374856], [-63.771292, 5.35914200000019], [-63.755546, 5.341969000000176], [-63.746943, 5.320487000000185], [-63.751162, 5.26317100000017], [-63.758247, 5.211582], [-63.778236, 5.195797], [-63.821125, 5.207205000000101], [-63.862553999999875, 5.195687000000135], [-63.908211, 5.142612], [-63.939607, 5.115344], [-63.94385199999988, 5.086684000000105], [-63.93239199999988, 5.066642], [-63.87808299999983, 5.055256000000156], [-63.84805, 5.033805], [-63.848015, 5.006582], [-63.865129, 4.983636], [-63.960789, 4.943387000000143], [-63.967915, 4.93191400000012], [-63.97075499999988, 4.920448], [-63.967869, 4.900395000000117], [-63.950669, 4.858870000000138], [-63.933499, 4.837403000000165], [-63.900644, 4.834582000000125], [-63.840659, 4.837524], [-63.81778999999989, 4.824658], [-63.80062299999986, 4.801753], [-63.792006, 4.761645000000101], [-63.79052, 4.710066000000154], [-63.801873999999884, 4.64701], [-63.816117, 4.615472], [-63.828919, 4.572473000000173], [-63.82173999999986, 4.53809600000011], [-63.791731, 4.513771], [-63.763126, 4.465086], [-63.738807, 4.414962], [-63.707389, 4.402098], [-63.62173899999988, 4.405039], [-63.59746599999988, 4.399328], [-63.588891, 4.38644], [-63.596018, 4.372104], [-63.610285, 4.364929000000132], [-63.641695, 4.3692], [-63.654534, 4.360592000000111], [-63.64881099999985, 4.3448360000001], [-63.630246, 4.334822], [-63.611693, 4.337704], [-63.59741, 4.327685000000145], [-63.57879999999989, 4.256055000000117], [-63.548803, 4.223121], [-63.530225, 4.187311], [-63.521632, 4.142898], [-63.507333, 4.097054000000185], [-63.420259, 4.046952], [-63.374584, 4.015451], [-63.348964, 3.986937000000182], [-63.34020305599995, 3.955944844000044], [-63.27050461399989, 3.9243832410001], [-63.2614111879999, 3.917691114000036], [-63.227024609999944, 3.907705977000091], [-63.210451829999954, 3.890418653000097], [-63.204137515999946, 3.873621312000182], [-63.20021424899994, 3.82994240700009], [-63.15977836499985, 3.795573770999965], [-63.147536772999956, 3.779217465000045], [-63.100504574999945, 3.742526788000134], [-63.07741047199994, 3.705910080000024], [-63.068107029999965, 3.695997890000058], [-63.04808710999998, 3.686970734000113], [-63.01519754599997, 3.650091039000188], [-63.0003348059999, 3.610881253000116], [-62.99026433499995, 3.600055056000087], [-62.980176842999924, 3.580174658000033], [-62.95654273899993, 3.563087349000114], [-62.92919547499986, 3.55216917100006], [-62.887408579999885, 3.550454219000073], [-62.8657336039999, 3.554921351000019], [-62.858853300999954, 3.559467450000056], [-62.85254803899994, 3.571466706000024], [-62.85019996199992, 3.585895015000062], [-62.84174258599995, 3.593413180000141], [-62.78551004999997, 3.599520408000046], [-62.77467957199997, 3.607368597000061], [-62.76385510899996, 3.619227863000049], [-62.753714678999984, 3.635674226000049], [-62.74235622599997, 3.669076935000078], [-62.73558992599993, 3.676604109000095], [-62.72996669899999, 3.693191457000125], [-62.737618153999904, 3.75031264200004], [-62.7386732569999, 3.777597207000099], [-62.745813606999945, 3.793454525000129], [-62.765847563999955, 3.819241032000036], [-62.75744026999996, 3.863551983000036], [-62.76727773399989, 3.868880067000021], [-62.77622215999986, 3.881537315000116], [-62.780076343999895, 3.889812489000178], [-62.781568449999895, 3.905294805000096], [-62.77674227599982, 3.926816278000103], [-62.75136618399995, 3.958884004000026], [-62.74868209499988, 3.977323399000113], [-62.751629245999936, 3.98421653500003], [-62.765396899999985, 3.998160799000061], [-62.743358969999974, 4.036312662000057], [-62.700278010999966, 4.033430687000077], [-62.6549269759999, 4.043876997000041], [-62.64901570599994, 4.043416001000082], [-62.63730715899999, 4.039733948], [-62.61798428499992, 4.040302001000043], [-62.57501528399996, 4.017644603000122], [-62.566944916999944, 4.016377591000094], [-62.55637443799992, 4.019590676000121], [-62.554214353999896, 4.022232738000014], [-62.55376035699999, 4.038322087000154], [-62.5393257209999, 4.049578353000186], [-62.54421400799998, 4.077852945000132], [-62.552172404999965, 4.093602266], [-62.55171838399997, 4.098084371000084], [-62.536371723999935, 4.113821738000013], [-62.51102059999988, 4.130589142000019], [-62.486806497999964, 4.128967157000034], [-62.461339383999984, 4.149524651000092], [-62.4592922949999, 4.152971730000104], [-62.464635562999945, 4.166077002000179], [-62.462361470999895, 4.169638089000046], [-62.443600636999975, 4.180545356000039], [-62.4118811809999, 4.178226382000162], [-62.38084573899994, 4.165677175000042], [-62.36936321699994, 4.164404163000029], [-62.357653669999934, 4.158074055000156], [-62.33389854999996, 4.13851768100011], [-62.31480066499995, 4.133100605000095], [-62.27956104299989, 4.127324558999987], [-62.25989215499982, 4.130295660000058], [-62.24818360599994, 4.12695160700008], [-62.20876938999993, 4.101507012000184], [-62.1983469999999, 4.10525], [-62.19993099999988, 4.110651], [-62.193443, 4.117767000000129], [-62.192751, 4.124773], [-62.20360099999988, 4.170623], [-62.193244, 4.173817], [-62.18687, 4.181170000000179], [-62.178738999999894, 4.186715000000163], [-62.17644499999989, 4.185707], [-62.166319, 4.196084000000155], [-62.162, 4.204283000000146], [-62.154792, 4.206773000000112], [-62.152231, 4.210954000000186], [-62.136831999999856, 4.204965], [-62.135283, 4.201585], [-62.124234, 4.196663000000115], [-62.119766, 4.202919], [-62.111575, 4.204001], [-62.110205, 4.209279000000151], [-62.107793, 4.209575000000143], [-62.105916, 4.205928], [-62.102789, 4.214468000000124], [-62.095432, 4.221613000000161], [-62.09576, 4.223392000000104], [-62.098291, 4.221999], [-62.0985, 4.225142000000119], [-62.09436, 4.228166], [-62.096534, 4.232851], [-62.094778, 4.23927], [-62.096706, 4.241804000000116], [-62.104826, 4.241766000000155], [-62.1096409999999, 4.237266000000147], [-62.118685, 4.24394], [-62.09926899999988, 4.257596], [-62.104437, 4.26902100000018], [-62.109125, 4.272661], [-62.103653, 4.27452], [-62.108669, 4.27937100000014], [-62.112872, 4.277124], [-62.117453, 4.278674], [-62.118632999999875, 4.295563000000129], [-62.127193, 4.296131], [-62.13621199999989, 4.288779], [-62.136201, 4.294170000000179], [-62.139236, 4.295551], [-62.140386, 4.300119000000166], [-62.14348, 4.299905], [-62.141589999999894, 4.305677000000117], [-62.14965, 4.307619], [-62.150244, 4.313891000000126], [-62.153562, 4.312138], [-62.15046099999989, 4.316202], [-62.153986, 4.320774000000142], [-62.147522, 4.321421], [-62.149385, 4.328521], [-62.159485999999845, 4.332227000000103], [-62.160801, 4.337180000000103], [-62.15842, 4.340091], [-62.161014, 4.340811000000144], [-62.163287, 4.336910000000103], [-62.16448899999989, 4.343459], [-62.154254, 4.351138000000162], [-62.154302, 4.354549000000134], [-62.163354, 4.357703000000129], [-62.166895, 4.354905], [-62.170537, 4.356563000000165], [-62.182651, 4.34839200000016], [-62.187656, 4.358688], [-62.183172, 4.36352], [-62.185349, 4.378761], [-62.178992, 4.381113], [-62.18416, 4.392785000000117], [-62.173792, 4.39786], [-62.181413, 4.411617], [-62.19109699999984, 4.407358000000102], [-62.191666, 4.416676000000109], [-62.189327, 4.42124100000018], [-62.198261999999886, 4.424420000000111], [-62.201611, 4.429120000000182], [-62.193799, 4.43493], [-62.202487, 4.444392], [-62.201689, 4.450286000000119], [-62.189563, 4.457209], [-62.19506299999989, 4.46296400000017], [-62.194937, 4.466491000000133], [-62.199018, 4.468052000000171], [-62.195446, 4.476966000000175], [-62.191459, 4.479265000000169], [-62.194159, 4.494269], [-62.197789, 4.497812000000124], [-62.194356, 4.499892000000102], [-62.194233, 4.502868000000149], [-62.200914, 4.505278], [-62.204916, 4.502836000000173], [-62.218037, 4.505097], [-62.220356, 4.51589], [-62.21676599999989, 4.521196000000145], [-62.222356, 4.525362], [-62.219777, 4.52912], [-62.217812, 4.548199], [-62.20945, 4.566312], [-62.209035, 4.574471], [-62.21416, 4.580843], [-62.22767099999987, 4.588173000000154], [-62.23399499999988, 4.596194000000139], [-62.235144, 4.602583000000152], [-62.230311, 4.61065], [-62.231169, 4.613071000000161], [-62.236172999999894, 4.620546000000104], [-62.244207, 4.623379], [-62.24304199999989, 4.629227], [-62.245362999999884, 4.629107], [-62.246728, 4.625353000000132], [-62.249813, 4.626112], [-62.24883199999988, 4.635486], [-62.2536199999999, 4.631828], [-62.255928, 4.632921000000124], [-62.257666, 4.63578], [-62.256389, 4.641738], [-62.2500399999999, 4.646835000000124], [-62.256476, 4.654635000000155], [-62.26186399999989, 4.657038], [-62.265441999999894, 4.663527000000101], [-62.272512, 4.663498], [-62.269879, 4.672437000000116], [-62.276048, 4.674065], [-62.274004, 4.679475], [-62.278632, 4.680558], [-62.2814479999999, 4.685948], [-62.28910599999989, 4.682499000000121], [-62.290292, 4.685250000000167], [-62.28747499999986, 4.690663], [-62.291430999999875, 4.692631000000176], [-62.29225, 4.688219000000174], [-62.294678, 4.688429], [-62.292835, 4.695712000000185], [-62.294694, 4.697578], [-62.304651, 4.695994], [-62.305223999999896, 4.7047], [-62.299876, 4.709131], [-62.298162, 4.714650000000177], [-62.309096999999895, 4.725408000000186], [-62.301784, 4.735287], [-62.324224, 4.748745], [-62.33803399999988, 4.748131], [-62.34097, 4.753212000000133], [-62.334749, 4.759889000000157], [-62.334325, 4.765125000000126], [-62.34119899999985, 4.787369000000126], [-62.3521659999999, 4.791406000000165], [-62.353817999999876, 4.79423], [-62.35275, 4.808069], [-62.377091, 4.818414000000189], [-62.38130299999983, 4.826503000000116], [-62.375478, 4.830751], [-62.375631, 4.834121], [-62.379136, 4.838273000000186], [-62.386764999999855, 4.840407], [-62.390435, 4.846713], [-62.407138, 4.856049000000155], [-62.41594, 4.852766000000145], [-62.41939, 4.862533], [-62.431973, 4.873513], [-62.45109, 4.903276000000119], [-62.465391, 4.910437], [-62.476974, 4.928335000000118], [-62.485495, 4.934971000000132], [-62.484501, 4.941139000000135], [-62.49012, 4.95823], [-62.48589299999986, 4.970356], [-62.498658, 4.98209], [-62.499023, 5.00175], [-62.505725, 5.01305], [-62.490596, 5.032555000000173], [-62.487140999999895, 5.042068], [-62.490536, 5.057219], [-62.49123, 5.081001], [-62.502143, 5.100347000000113], [-62.50245799999982, 5.106154], [-62.489724, 5.109862000000135], [-62.486698, 5.113762], [-62.48457, 5.121042], [-62.487373, 5.129962], [-62.484262999999885, 5.142005], [-62.46888799999982, 5.16651], [-62.453744, 5.177538], [-62.44994999999989, 5.183302], [-62.448025, 5.188897], [-62.450178, 5.197343], [-62.462343, 5.203554], [-62.483152, 5.231664], [-62.49729799999989, 5.245056], [-62.50648, 5.24211], [-62.51075299999985, 5.24421400000017], [-62.52032, 5.258168000000126], [-62.541967, 5.277865], [-62.539156999999875, 5.296558], [-62.54061199999984, 5.300318000000118], [-62.558837, 5.307998000000111], [-62.567145, 5.317353], [-62.640861, 5.342465000000175], [-62.7044, 5.359417000000178], [-62.707971, 5.357393], [-62.718424, 5.340271], [-62.725335, 5.340529], [-62.751201, 5.351095000000157], [-62.788367, 5.371798000000183], [-62.799486, 5.38109], [-62.816447, 5.385759000000121], [-62.82900299999989, 5.400873000000104], [-62.849632, 5.412605], [-62.852563, 5.418442], [-62.853542, 5.432502], [-62.863433, 5.452461000000142], [-62.88363, 5.470185], [-62.887662, 5.47809500000011], [-62.891144, 5.503235000000132], [-62.88719, 5.524177], [-62.891499, 5.541458], [-62.899204999999824, 5.555777], [-62.896689, 5.58198], [-62.899564, 5.593204000000185], [-62.898275, 5.60031000000015], [-62.890452, 5.606317000000161], [-62.887298, 5.612841000000117], [-62.895269, 5.628475000000151], [-62.895609, 5.640609], [-62.88471799999985, 5.653702], [-62.884851, 5.658856000000128], [-62.88695, 5.663749000000166], [-62.893674, 5.66457], [-62.897729, 5.670233], [-62.902003, 5.699365], [-62.89925099999988, 5.703176], [-62.902154, 5.711544], [-62.90359499999988, 5.73437], [-62.895751, 5.741968], [-62.89454399999988, 5.749917000000153], [-62.905435, 5.76343], [-62.908806, 5.771803], [-62.91405, 5.788675000000126], [-62.913974, 5.804412000000184], [-62.908608, 5.833535], [-62.903485, 5.840224], [-62.898432, 5.840356], [-62.89408, 5.844899], [-62.891915, 5.86328200000014], [-62.856478, 5.946492000000148], [-62.857508, 5.96313], [-62.841677, 5.989929], [-62.844966, 5.996991], [-62.856623, 6.008690000000172], [-62.862091, 6.029921000000172], [-62.86241, 6.059571000000119], [-62.865583, 6.0686], [-62.869381, 6.104894], [-62.868257, 6.113171000000136], [-62.880617, 6.141157], [-62.879997, 6.146255000000167], [-62.873103, 6.155753000000175], [-62.884373, 6.168646], [-62.888389, 6.177498], [-62.89967299999989, 6.217581000000109], [-62.908349, 6.228291], [-62.918629999999894, 6.249886000000174], [-62.923706999999865, 6.264184000000114], [-62.924149, 6.274471], [-62.932247, 6.28658], [-62.947796, 6.302031], [-62.951201, 6.315187], [-62.959577, 6.319594000000166], [-62.971306, 6.341654], [-62.973861, 6.36342], [-62.956833, 6.378022000000158], [-62.955331, 6.394212], [-62.94567, 6.419206000000145], [-62.944966, 6.431189], [-62.938908, 6.452289], [-62.927304, 6.46714], [-62.904658, 6.481200000000172], [-62.90269, 6.489045], [-62.90566799999988, 6.49058], [-62.906724, 6.496214], [-62.903271, 6.502917], [-62.87547799999987, 6.520237000000122], [-62.871945, 6.537265], [-62.87256, 6.548232], [-62.869963, 6.553821000000141], [-62.859814999999855, 6.564094000000125], [-62.85628, 6.57730400000014], [-62.83152, 6.610109], [-62.821673, 6.633496], [-62.815945, 6.634642], [-62.80879, 6.644995], [-62.800329, 6.662310000000105], [-62.799689, 6.668483000000151], [-62.801082999999835, 6.676743], [-62.820616, 6.687807000000134], [-62.832823999999846, 6.700372], [-62.8438, 6.721491], [-62.846298, 6.731452000000161], [-62.844371, 6.765148], [-62.847765, 6.792916], [-62.842387, 6.817763], [-62.841401999999846, 6.836109000000135], [-62.844345, 6.855226], [-62.859982999999886, 6.883378], [-62.878358, 6.896823], [-62.912904, 6.930336], [-62.908974, 7.097380000000101]]]}}, {"type": "Feature", "properties": {"parroquia": "San Francisco", "municipio": "Bolivariano Angostura", "estado": "Bolívar", "pcode": "VE070703", "estado_pcode": "VE07", "municipio_pcode": "VE0707", "center_lat": 6.942523, "center_lon": -63.6235926, "area_sqkm": 4145.84746957}, "geometry": {"type": "Polygon", "coordinates": [[[-63.87017399999985, 6.686861], [-63.864529, 6.688228000000151], [-63.862262, 6.679532], [-63.85837, 6.674998], [-63.85452, 6.674367], [-63.855632, 6.667067], [-63.853323, 6.667197000000158], [-63.85375, 6.663887], [-63.849302, 6.661772000000155], [-63.848618, 6.651533000000143], [-63.844255, 6.646812000000125], [-63.839551, 6.648088], [-63.837712, 6.640560000000107], [-63.829371, 6.638858], [-63.82744699999989, 6.635669], [-63.82402499999989, 6.638986000000102], [-63.820133, 6.636647], [-63.80866999999989, 6.637327000000141], [-63.605367999999885, 6.402441000000181], [-63.594389, 6.400319], [-63.58275399999985, 6.401938000000143], [-63.578907, 6.406488], [-63.571132, 6.407463], [-63.565244, 6.415514], [-63.547067, 6.42729], [-63.540973, 6.440632000000164], [-63.53327399999989, 6.449216], [-63.535057, 6.458744], [-63.524868, 6.464900000000114], [-63.521188, 6.47306], [-63.513472, 6.479967000000102], [-63.5167, 6.491287], [-63.501998, 6.516622], [-63.51012899999989, 6.527494], [-63.510303, 6.533163000000116], [-63.508285999999885, 6.540657], [-63.500959, 6.549492], [-63.50040899999988, 6.561998], [-63.505444, 6.57522], [-63.497731, 6.584446], [-63.497126, 6.590122], [-63.506818, 6.617989], [-63.495109, 6.630605000000116], [-63.493729, 6.636547], [-63.48537899999985, 6.647325000000137], [-63.488474, 6.661341], [-63.47953899999982, 6.663749000000166], [-63.482035, 6.667590000000132], [-63.47558999999984, 6.673066000000119], [-63.474202, 6.678106000000184], [-63.464479, 6.679233000000181], [-63.466614, 6.686686000000122], [-63.462739, 6.689044], [-63.465762, 6.693911000000128], [-63.46359399999989, 6.6987], [-63.459941, 6.69616], [-63.450813999999866, 6.707204000000104], [-63.449946999999895, 6.712367], [-63.444763, 6.713191], [-63.440586, 6.71014], [-63.444009, 6.716421000000139], [-63.43985, 6.721941000000129], [-63.439513, 6.728003], [-63.432871, 6.725229], [-63.436301, 6.731642], [-63.40526, 6.743275], [-63.397785999999826, 6.734321], [-63.40095799999989, 6.740995000000169], [-63.398897, 6.74269], [-63.39287499999989, 6.736687], [-63.389892, 6.736844], [-63.39566699999989, 6.744267], [-63.390111, 6.747025000000122], [-63.383723, 6.743604], [-63.386634, 6.750022000000115], [-63.384426, 6.75375], [-63.389305, 6.753194], [-63.383472, 6.758472], [-63.381806, 6.755972], [-63.384305, 6.753838], [-63.376812, 6.754626], [-63.380992, 6.757809000000123], [-63.379544, 6.759861000000114], [-63.382917, 6.759583], [-63.38125, 6.763472], [-63.377361, 6.763750000000186], [-63.37875, 6.760663], [-63.37326399999989, 6.764326], [-63.374343999999894, 6.769215], [-63.36443799999989, 6.76415100000014], [-63.367603, 6.769922000000122], [-63.357179, 6.764992], [-63.363985, 6.771631000000127], [-63.362855, 6.776025], [-63.365678999999886, 6.772518000000161], [-63.372553, 6.772067000000163], [-63.36863999999986, 6.784607000000165], [-63.360945, 6.78016700000012], [-63.358095999999875, 6.780839000000128], [-63.357876, 6.785352000000159], [-63.367823, 6.809880000000135], [-63.367930999999885, 6.815424000000178], [-63.371092, 6.818478], [-63.368641, 6.820347], [-63.371269, 6.823187000000189], [-63.37031, 6.837202000000161], [-63.3760989999999, 6.844371], [-63.374785, 6.848332], [-63.377484, 6.851845], [-63.373897, 6.857037000000162], [-63.376987, 6.859455], [-63.37272499999989, 6.861211], [-63.373578, 6.866842000000133], [-63.370346, 6.873894000000121], [-63.362462, 6.880418], [-63.366676, 6.892161], [-63.363354, 6.899914], [-63.36892499999988, 6.913389000000166], [-63.37071999999989, 6.926922], [-63.377123, 6.934636], [-63.384573, 6.95946], [-63.396441, 6.981224000000111], [-63.393819, 6.997816000000171], [-63.404161, 7.024644], [-63.405303, 7.041064], [-63.408601, 7.042084], [-63.414013, 7.039368], [-63.419377, 7.043678000000114], [-63.41910899999982, 7.054238], [-63.427120999999886, 7.060965000000124], [-63.42398699999984, 7.072412], [-63.426844, 7.080686000000128], [-63.42194499999988, 7.094952], [-63.424395, 7.107357], [-63.421593, 7.11616400000014], [-63.423113999999885, 7.143284000000165], [-63.429088, 7.152049], [-63.437965, 7.156276], [-63.451712, 7.167819000000179], [-63.451884, 7.171654], [-63.456082, 7.173274000000163], [-63.454385, 7.183141000000148], [-63.50728699999985, 7.17484], [-63.510951, 7.167081], [-63.517769, 7.163638000000105], [-63.535066, 7.164394000000129], [-63.546357999999884, 7.161569000000156], [-63.558194, 7.164710000000127], [-63.572577, 7.161949000000163], [-63.588642, 7.145814], [-63.593279, 7.152402000000166], [-63.598821, 7.154049], [-63.606713, 7.15192], [-63.614862, 7.155442000000164], [-63.63699, 7.139504], [-63.638921, 7.134568], [-63.649888, 7.130667000000187], [-63.652276, 7.132712], [-63.656589, 7.127821], [-63.661291, 7.127736000000141], [-63.659771, 7.122995000000117], [-63.661624, 7.125703000000158], [-63.666611, 7.125305], [-63.668638, 7.128435], [-63.672576, 7.121718000000158], [-63.679072, 7.122729000000106], [-63.685389, 7.133665], [-63.689432, 7.131859], [-63.694215, 7.135037000000125], [-63.693559, 7.142940000000124], [-63.703457, 7.153349], [-63.7068, 7.171191000000135], [-63.705278, 7.176761], [-63.70899299999985, 7.186521], [-63.70109, 7.189358], [-63.699563, 7.194921000000136], [-63.6970859999999, 7.195400000000177], [-63.700319, 7.202491000000123], [-63.696189, 7.206571], [-63.697114, 7.210359], [-63.686371, 7.214044000000172], [-63.686558, 7.216925000000174], [-63.680953, 7.219241000000125], [-63.683768, 7.23486800000012], [-63.700120999999854, 7.252991000000179], [-63.695985, 7.258485000000178], [-63.700522, 7.267332000000124], [-63.698426, 7.282794000000138], [-63.699957, 7.28628], [-63.703442, 7.289504], [-63.708361, 7.288143], [-63.709445, 7.290925], [-63.730834, 7.281987000000186], [-63.741143, 7.284814000000154], [-63.747396999999864, 7.293466000000137], [-63.756995, 7.293149], [-63.764895, 7.295794], [-63.766922, 7.299305], [-63.773922999999854, 7.299006], [-63.773273, 7.301169000000129], [-63.776906, 7.302314], [-63.78946599999989, 7.300447], [-63.797013, 7.308544000000154], [-63.797648, 7.314107], [-63.804786, 7.320948000000101], [-63.803284999999846, 7.334433000000104], [-63.797993, 7.348608], [-63.801768, 7.358255], [-63.810264, 7.360241], [-63.812999, 7.365085], [-63.820792, 7.35966000000019], [-63.82220199999989, 7.362620000000106], [-63.828106999999875, 7.361296], [-63.831596, 7.368413], [-63.84859299999982, 7.371738000000164], [-63.848828, 7.380164], [-63.857727999999895, 7.385181], [-63.856128, 7.391487], [-63.864645, 7.392114000000106], [-63.867044, 7.395432], [-63.872067, 7.392663], [-63.877115, 7.397686], [-63.88992499999989, 7.398742], [-63.89416099999988, 7.404191], [-63.901896, 7.404961000000128], [-63.903271, 7.410223], [-63.918289, 7.410849], [-63.92592, 7.416138000000103], [-63.927249, 7.430299000000105], [-63.92989399999988, 7.431588], [-63.928644, 7.436425], [-63.93556699999988, 7.442104], [-63.94659499999983, 7.448562], [-63.949551, 7.44523], [-63.961575, 7.4452280000001], [-63.979543, 7.44786], [-63.982632, 7.452499], [-63.991908, 7.454428000000121], [-64.00724999999989, 7.452015000000131], [-64.011272, 7.470369000000119], [-64.015049, 7.471077], [-64.016007, 7.475084], [-64.02795, 7.484831], [-64.031175, 7.484973], [-64.034827, 7.480319], [-64.031541, 7.46514500000012], [-64.027631, 7.46163700000011], [-64.030709, 7.457312000000172], [-64.016983, 7.443897000000106], [-64.009759, 7.422143000000119], [-64.018695, 7.417643000000112], [-64.019336, 7.414246000000105], [-64.013479, 7.390812], [-64.010058, 7.387543000000107], [-64.007621, 7.357912000000169], [-64.004928, 7.349463], [-63.99736, 7.338893], [-63.98966399999989, 7.338680000000124], [-63.982395, 7.32819400000011], [-63.984768, 7.301485000000127], [-63.97163699999987, 7.274423000000127], [-63.96359299999989, 7.27185100000014], [-63.95022799999987, 7.274756000000139], [-63.941623, 7.273849], [-63.935128, 7.259902000000181], [-63.92344999999989, 7.2515], [-63.911889, 7.231398], [-63.899938, 7.225509], [-63.896733, 7.218844000000161], [-63.887429, 7.21840600000013], [-63.881839, 7.198420000000112], [-63.863810999999885, 7.179449], [-63.863374, 7.172248], [-63.8554, 7.169529], [-63.848655, 7.162679000000139], [-63.852662, 7.154655], [-63.850599, 7.148044], [-63.853773, 7.145449], [-63.852424, 7.139232000000106], [-63.859208, 7.117753000000164], [-63.857371, 7.107351000000165], [-63.862831, 7.100943], [-63.8612619999999, 7.093502], [-63.867334, 7.092545], [-63.869175, 7.08996500000012], [-63.867043, 7.083232], [-63.869809, 7.076048], [-63.864409, 7.071996000000183], [-63.861214, 7.059999000000175], [-63.855761, 7.057364], [-63.853982, 7.053415], [-63.856105, 7.040603], [-63.864697, 7.020133000000158], [-63.864539, 7.01446], [-63.868248, 7.010293000000104], [-63.860911, 7.007313], [-63.857213, 7.002494000000127], [-63.850036, 7.002958000000149], [-63.847029, 7.000533], [-63.849783, 6.993809], [-63.847624, 6.97547800000018], [-63.849183, 6.97183600000011], [-63.843070999999895, 6.966855000000123], [-63.847842, 6.960326], [-63.8532, 6.960093], [-63.855822, 6.952713], [-63.869056999999884, 6.947949], [-63.866485, 6.942244000000187], [-63.86930699999988, 6.93365], [-63.874733, 6.931417000000181], [-63.881846, 6.92194000000012], [-63.89297, 6.91761], [-63.893606, 6.908787], [-63.897056, 6.905132000000151], [-63.902458, 6.905435000000182], [-63.907067, 6.897706], [-63.910672, 6.896961000000147], [-63.910176, 6.891001000000131], [-63.896275, 6.878477], [-63.899102, 6.87214500000016], [-63.895859, 6.868016000000125], [-63.89699799999988, 6.858158000000174], [-63.89159199999989, 6.847014], [-63.897354, 6.839797], [-63.888094, 6.825715], [-63.892109, 6.822788], [-63.891963, 6.814687000000106], [-63.895557, 6.813626000000113], [-63.896982, 6.804927000000134], [-63.899807, 6.803399000000184], [-63.892014, 6.782182], [-63.896736, 6.771488], [-63.89528799999988, 6.767457], [-63.900636, 6.761155], [-63.893709999999885, 6.763192000000174], [-63.889643, 6.760476], [-63.887802, 6.767796], [-63.880268, 6.771955000000105], [-63.884382, 6.760349000000133], [-63.895565, 6.746176], [-63.879943, 6.739004], [-63.87937899999986, 6.734209], [-63.881727, 6.730984], [-63.87650299999984, 6.727462], [-63.870315, 6.736246000000165], [-63.866161, 6.733021000000122], [-63.861781, 6.721563000000117], [-63.871488, 6.720290000000148], [-63.872893, 6.70827], [-63.871267, 6.706320000000119], [-63.858522, 6.709226], [-63.853988, 6.705499], [-63.857324, 6.699637000000166], [-63.865964, 6.695041], [-63.87017399999985, 6.686861]]]}}, {"type": "Feature", "properties": {"parroquia": "Santa Bárbara", "municipio": "Bolivariano Angostura", "estado": "Bolívar", "pcode": "VE070704", "estado_pcode": "VE07", "municipio_pcode": "VE0707", "center_lat": 7.288005, "center_lon": -63.23829671, "area_sqkm": 4303.11792331}, "geometry": {"type": "Polygon", "coordinates": [[[-63.454385, 7.183141000000148], [-63.42632199999986, 7.188662], [-63.423752, 7.177095000000122], [-63.416567, 7.16307200000017], [-63.417234, 7.153752000000111], [-63.41257999999988, 7.148539], [-63.413561, 7.144342000000108], [-63.407788, 7.13998800000013], [-63.40020699999985, 7.13926], [-63.398467, 7.134597], [-63.363419, 7.114878000000147], [-63.347232, 7.093627], [-63.334199999999896, 7.081808], [-63.334037, 7.076302000000112], [-63.331205999999895, 7.079653], [-63.32589899999982, 7.077598], [-63.32347, 7.073139], [-63.31636699999984, 7.072490000000187], [-63.314813, 7.064605], [-63.307561, 7.053005], [-63.309973, 7.049887000000126], [-63.305774, 7.036003000000164], [-63.3073849999999, 7.030807], [-63.302345, 7.030944], [-63.30045799999988, 7.021458000000166], [-63.296852, 7.020719000000156], [-63.293994, 7.012883000000159], [-63.287572, 7.005669000000125], [-63.286158, 6.996187], [-63.284596, 6.997773000000166], [-63.281333, 6.993603], [-63.277534, 6.998426000000165], [-63.272834, 6.99537], [-63.265874, 6.997267], [-63.267258, 6.991300000000138], [-63.259099999999876, 6.989754000000119], [-63.252289, 6.980584], [-63.248977, 6.984464000000116], [-63.246208, 6.978759], [-63.242303, 6.978314000000182], [-63.239035999999885, 6.983200000000181], [-63.23261099999985, 6.984983], [-63.225571999999886, 6.983979000000147], [-63.22320599999989, 6.99236500000012], [-63.2201, 6.989795000000129], [-63.21457, 6.995492], [-63.215608, 7.008329000000117], [-63.229378, 7.033245], [-63.23377099999982, 7.036425], [-63.23344, 7.042151000000104], [-63.23127, 7.048897000000125], [-63.21922, 7.053436000000147], [-63.208597, 7.068933], [-63.196455, 7.080762000000163], [-63.186029, 7.101208], [-62.908974, 7.097380000000101], [-62.908734, 7.118233], [-62.772159, 7.291475], [-62.918154, 7.595552], [-63.074292, 7.597621], [-63.091901, 7.595642], [-63.109275, 7.584346000000153], [-63.117052, 7.574919000000136], [-63.122755, 7.573108], [-63.131685, 7.564353], [-63.14852199999984, 7.5557060000001], [-63.168398, 7.559769], [-63.18520799999982, 7.557442], [-63.205038999999886, 7.525418000000172], [-63.219744999999875, 7.512090000000171], [-63.235606, 7.491273], [-63.24011, 7.47752700000018], [-63.238865, 7.470421], [-63.228422, 7.460928], [-63.225053, 7.449373], [-63.235419, 7.437031], [-63.24973499999987, 7.428878000000168], [-63.25389399999989, 7.415138000000184], [-63.26138899999984, 7.40238], [-63.263898, 7.385331], [-63.277158, 7.375471000000118], [-63.28962899999988, 7.374587000000133], [-63.29929, 7.367359], [-63.318921, 7.368472000000111], [-63.326734, 7.390671000000111], [-63.336295, 7.402589000000148], [-63.340792, 7.404702], [-63.346336, 7.424038], [-63.35405799999984, 7.427364000000125], [-63.36355, 7.42641], [-63.373331, 7.421544000000154], [-63.38850999999988, 7.42578600000013], [-63.40224299999983, 7.42499400000014], [-63.409219, 7.41626500000018], [-63.42486199999985, 7.412913000000117], [-63.450049, 7.412167000000181], [-63.458625, 7.401332], [-63.469197, 7.395971], [-63.467776, 7.392206000000101], [-63.47832, 7.395546], [-63.479047, 7.39278000000013], [-63.49167099999988, 7.39208200000013], [-63.50129299999986, 7.395872], [-63.507021, 7.393476], [-63.50891799999988, 7.396263], [-63.515949, 7.394358000000182], [-63.51886599999989, 7.401592], [-63.525686, 7.402994], [-63.527625, 7.409598], [-63.532352, 7.406177000000184], [-63.540415, 7.407077], [-63.542336, 7.416202000000112], [-63.552016, 7.416660000000149], [-63.56157, 7.424701], [-63.565613, 7.421965000000171], [-63.569452, 7.42477300000013], [-63.57175299999983, 7.433094], [-63.580331, 7.433912000000134], [-63.588601, 7.449694000000136], [-63.578282, 7.454448000000184], [-63.57683699999984, 7.461544], [-63.580145, 7.467968], [-63.584853, 7.47098300000016], [-63.589661, 7.466298000000108], [-63.598687, 7.46694500000018], [-63.59905, 7.471471], [-63.603015, 7.475767000000189], [-63.610355, 7.477614], [-63.611193, 7.479231], [-63.608317, 7.479855], [-63.60973899999988, 7.482026], [-63.620505, 7.479163], [-63.626392, 7.481957], [-63.62993399999982, 7.478054], [-63.640568, 7.48168], [-63.645742, 7.47953200000012], [-63.659663, 7.48717900000014], [-63.66426299999989, 7.4813], [-63.670812999999896, 7.48069], [-63.674268, 7.483554], [-63.68049999999988, 7.479383], [-63.687893, 7.478680000000168], [-63.691885, 7.472616], [-63.697734, 7.472008], [-63.69793, 7.468446], [-63.708128, 7.468757], [-63.713306, 7.456124000000102], [-63.718229, 7.456514], [-63.727099, 7.452492000000177], [-63.729302, 7.448965], [-63.727703, 7.437782], [-63.731448999999884, 7.434932000000117], [-63.738179, 7.439714], [-63.744096, 7.439938], [-63.748778, 7.436789000000147], [-63.758362, 7.442112000000179], [-63.7807, 7.439086], [-63.78399799999988, 7.443496000000152], [-63.793704999999875, 7.441453], [-63.810008, 7.446003], [-63.81498999999985, 7.444053], [-63.819551, 7.446513], [-63.824393, 7.444819000000166], [-63.827457, 7.448115], [-63.833749, 7.445051], [-63.844391, 7.446444000000156], [-63.850648, 7.444574000000159], [-63.874521, 7.447529], [-63.877406, 7.444469], [-63.89499, 7.443423000000109], [-63.914975, 7.450903000000153], [-63.91707699999989, 7.448345], [-63.929097, 7.448527000000183], [-63.93556699999988, 7.442104], [-63.928644, 7.436425], [-63.92989399999988, 7.431588], [-63.927249, 7.430299000000105], [-63.92592, 7.416138000000103], [-63.918289, 7.410849], [-63.903271, 7.410223], [-63.901896, 7.404961000000128], [-63.89416099999988, 7.404191], [-63.88992499999989, 7.398742], [-63.877115, 7.397686], [-63.872067, 7.392663], [-63.867044, 7.395432], [-63.864645, 7.392114000000106], [-63.856128, 7.391487], [-63.857727999999895, 7.385181], [-63.848828, 7.380164], [-63.84859299999982, 7.371738000000164], [-63.831596, 7.368413], [-63.828106999999875, 7.361296], [-63.82220199999989, 7.362620000000106], [-63.820792, 7.35966000000019], [-63.812999, 7.365085], [-63.810264, 7.360241], [-63.801768, 7.358255], [-63.797993, 7.348608], [-63.803284999999846, 7.334433000000104], [-63.804786, 7.320948000000101], [-63.797648, 7.314107], [-63.797013, 7.308544000000154], [-63.78946599999989, 7.300447], [-63.776906, 7.302314], [-63.773273, 7.301169000000129], [-63.773922999999854, 7.299006], [-63.766922, 7.299305], [-63.764895, 7.295794], [-63.756995, 7.293149], [-63.747396999999864, 7.293466000000137], [-63.741143, 7.284814000000154], [-63.730834, 7.281987000000186], [-63.709445, 7.290925], [-63.708361, 7.288143], [-63.703442, 7.289504], [-63.699957, 7.28628], [-63.698426, 7.282794000000138], [-63.700522, 7.267332000000124], [-63.695985, 7.258485000000178], [-63.700120999999854, 7.252991000000179], [-63.683768, 7.23486800000012], [-63.680953, 7.219241000000125], [-63.686558, 7.216925000000174], [-63.686371, 7.214044000000172], [-63.697114, 7.210359], [-63.696189, 7.206571], [-63.700319, 7.202491000000123], [-63.6970859999999, 7.195400000000177], [-63.699563, 7.194921000000136], [-63.70109, 7.189358], [-63.70899299999985, 7.186521], [-63.705278, 7.176761], [-63.7068, 7.171191000000135], [-63.703457, 7.153349], [-63.693559, 7.142940000000124], [-63.694215, 7.135037000000125], [-63.689432, 7.131859], [-63.685389, 7.133665], [-63.679072, 7.122729000000106], [-63.672576, 7.121718000000158], [-63.668638, 7.128435], [-63.666611, 7.125305], [-63.661624, 7.125703000000158], [-63.659771, 7.122995000000117], [-63.661291, 7.127736000000141], [-63.656589, 7.127821], [-63.652276, 7.132712], [-63.649888, 7.130667000000187], [-63.638921, 7.134568], [-63.63699, 7.139504], [-63.614862, 7.155442000000164], [-63.606713, 7.15192], [-63.598821, 7.154049], [-63.593279, 7.152402000000166], [-63.588642, 7.145814], [-63.572577, 7.161949000000163], [-63.558194, 7.164710000000127], [-63.546357999999884, 7.161569000000156], [-63.535066, 7.164394000000129], [-63.517769, 7.163638000000105], [-63.510951, 7.167081], [-63.50728699999985, 7.17484], [-63.454385, 7.183141000000148]]]}}, {"type": "Feature", "properties": {"parroquia": "Sección Capital Roscio", "municipio": "Roscio", "estado": "Bolívar", "pcode": "VE070801", "estado_pcode": "VE07", "municipio_pcode": "VE0708", "center_lat": 7.0723, "center_lon": -62.11270463, "area_sqkm": 5179.18070308}, "geometry": {"type": "Polygon", "coordinates": [[[-61.83816, 6.860624], [-61.84487699999988, 6.862118], [-61.85805, 6.876181000000145], [-61.863022, 6.906092000000172], [-61.862683, 6.919333000000108], [-61.869436, 6.938562], [-61.874674, 6.939339000000189], [-61.883335, 6.946967], [-61.903752, 6.975173], [-61.90921699999984, 6.989659], [-61.921713999999895, 7.006909], [-61.92146799999989, 7.028328000000158], [-61.92841799999985, 7.056429], [-61.923735, 7.070058], [-61.923987, 7.082272], [-61.91676399999989, 7.09747300000015], [-61.913671, 7.111589000000151], [-61.902976, 7.129498000000126], [-61.899995, 7.143731], [-61.9011, 7.152733], [-61.916169, 7.163677000000121], [-61.917886999999894, 7.172358], [-61.889152, 7.198322000000132], [-61.893631, 7.202713], [-61.908497, 7.201688000000104], [-61.91905899999989, 7.212111000000107], [-61.93079299999988, 7.214029], [-61.934113, 7.220417], [-61.984818, 7.255443000000184], [-62.00204999999988, 7.256527000000176], [-62.011909, 7.261292], [-62.01984199999987, 7.278925000000129], [-62.025491, 7.310228], [-62.022576, 7.334368], [-62.013644, 7.349312], [-62.015039, 7.375364000000104], [-62.005868, 7.392803000000129], [-61.99988599999989, 7.391156], [-62.00043499999987, 7.394594000000154], [-61.997153, 7.396486], [-61.992163, 7.392288000000121], [-61.979714, 7.39345], [-61.975941, 7.389117000000113], [-61.967937, 7.390063], [-61.965719, 7.382764000000122], [-61.961141, 7.380843000000141], [-61.957763, 7.38357], [-61.958399, 7.388727000000188], [-61.943049, 7.390157], [-61.94045899999986, 7.394605000000183], [-61.944475, 7.396663000000103], [-61.945623999999896, 7.402101], [-61.93770499999988, 7.405461000000116], [-61.930515, 7.414258000000189], [-61.92583999999988, 7.413173000000143], [-61.918433, 7.404786], [-61.896337, 7.400395000000174], [-61.892262, 7.402775], [-61.890232, 7.412819000000127], [-61.87585899999988, 7.418275], [-61.873842, 7.426864000000137], [-61.866717, 7.42916600000018], [-61.868549, 7.442442000000142], [-61.864386, 7.452048], [-61.854991, 7.460186000000135], [-61.851468, 7.472452], [-61.84532, 7.477764], [-61.831394, 7.48341], [-61.82159699999988, 7.494881], [-61.815839, 7.524155000000121], [-61.817487, 7.534777], [-61.815324, 7.554321], [-61.81618, 7.564470000000142], [-61.828333, 7.575841], [-61.850001, 7.572165], [-61.864339, 7.576085], [-61.90028, 7.573447], [-61.913506, 7.582299], [-61.924223, 7.597560000000101], [-61.933459999999855, 7.598976], [-61.93881, 7.607126], [-61.94541, 7.608960000000138], [-61.95161799999988, 7.620577000000139], [-61.960724, 7.670706], [-61.970254, 7.682030000000111], [-61.967067, 7.694763], [-61.96992, 7.708744000000138], [-61.98393, 7.732578], [-62.004235, 7.776782], [-62.009781, 7.780210000000125], [-62.01266, 7.785899], [-62.024566, 7.792078000000117], [-62.046785999999884, 7.782934], [-62.053976, 7.777974], [-62.059727, 7.763423000000103], [-62.065207, 7.761372], [-62.07832499999989, 7.764144], [-62.091371, 7.777479], [-62.121098, 7.77795], [-62.1284169999999, 7.784975], [-62.135859, 7.784517000000164], [-62.15477899999985, 7.767541000000108], [-62.1620309999999, 7.764660000000106], [-62.15656599999983, 7.756168], [-62.156401999999844, 7.73129], [-62.150604, 7.729126], [-62.15102899999988, 7.717156000000159], [-62.15298499999983, 7.71638], [-62.162273, 7.728849], [-62.166348, 7.724421000000177], [-62.16598699999986, 7.711517], [-62.171888, 7.714258], [-62.178436, 7.712403], [-62.210981, 7.72224100000011], [-62.216888, 7.717611000000147], [-62.224157, 7.720718], [-62.235755, 7.717674], [-62.247311, 7.721562], [-62.26093899999984, 7.720614000000126], [-62.265082, 7.716981], [-62.255827999999894, 7.692651000000126], [-62.254684, 7.685607000000175], [-62.25749599999989, 7.681390000000135], [-62.285754, 7.680445], [-62.289565, 7.678086000000121], [-62.287287, 7.66331], [-62.289412, 7.652056], [-62.28656199999989, 7.637271000000112], [-62.296753, 7.622111], [-62.288847, 7.601835000000165], [-62.275877, 7.590809], [-62.27527199999986, 7.571567], [-62.280696, 7.566515], [-62.270084, 7.560085], [-62.249242999999865, 7.555270000000121], [-62.246953, 7.54844], [-62.21257, 7.552028], [-62.207572, 7.539044000000104], [-62.195589, 7.540585], [-62.18476799999985, 7.532958000000178], [-62.185654, 7.522677], [-62.18231099999986, 7.516831], [-62.190583, 7.507136], [-62.19277099999988, 7.499109], [-62.187532, 7.483940000000189], [-62.197326, 7.479025], [-62.193774, 7.46561], [-62.20164099999988, 7.459744000000171], [-62.202727, 7.449166000000105], [-62.19756199999989, 7.429391000000123], [-62.214361, 7.408347000000163], [-62.235563, 7.397505000000137], [-62.242051, 7.384938], [-62.27829, 7.362695000000144], [-62.28826599999985, 7.317817], [-62.297707, 7.291935], [-62.301711, 7.28451], [-62.312151, 7.274651000000176], [-62.324474, 7.254109000000142], [-62.329308, 7.22331800000012], [-62.339568, 7.203089], [-62.343443, 7.189328000000103], [-62.344139, 7.171021], [-62.341199999999844, 7.166184000000101], [-62.34037499999988, 7.155255000000125], [-62.344603, 7.141181], [-62.34483299999988, 7.1271], [-62.340214, 7.120789000000173], [-62.323198, 7.119566], [-62.31949999999989, 7.115133], [-62.311938, 7.102347000000179], [-62.312277, 7.095442000000105], [-62.301233, 7.072006000000101], [-62.301814, 7.064298], [-62.291376, 7.05285], [-62.285855, 7.012684], [-62.289732, 6.998807], [-62.289238, 6.99031100000019], [-62.285244, 6.987975000000176], [-62.276583, 6.988628], [-62.259583, 6.997253000000114], [-62.220293, 6.990201000000127], [-62.215301999999895, 6.987198], [-62.21066999999988, 6.968222], [-62.162453, 6.925876000000187], [-62.151797, 6.925191], [-62.147142, 6.921522], [-62.14516099999986, 6.912201], [-62.138184, 6.90320400000013], [-62.14020699999986, 6.88956300000018], [-62.129255999999884, 6.868578], [-62.1279669999999, 6.84528100000017], [-62.134986, 6.830319], [-62.134679, 6.815343], [-62.138033999999834, 6.801372000000129], [-62.13774999999987, 6.774083000000189], [-62.143416999999886, 6.770100000000127], [-62.151413999999875, 6.765455], [-62.176384, 6.764167], [-62.180065, 6.752859], [-62.194402, 6.73957], [-62.234027, 6.732646], [-62.254682, 6.722029], [-62.266335, 6.721048000000167], [-62.277343, 6.705090000000155], [-62.284009, 6.699775], [-62.294997, 6.69679600000012], [-62.301318, 6.699800000000153], [-62.312312, 6.69316], [-62.31665, 6.685179000000119], [-62.325313, 6.679201], [-62.329649, 6.67255], [-62.344055, 6.665990000000136], [-62.377007, 6.672544], [-62.383924, 6.679840000000127], [-62.396576, 6.673654], [-62.411649, 6.67734], [-62.422292999999854, 6.675221], [-62.425142, 6.677875], [-62.426779, 6.674867], [-62.430359, 6.676920000000109], [-62.437815, 6.689611000000184], [-62.438708, 6.680723], [-62.43308499999989, 6.667104000000108], [-62.431744, 6.627583], [-62.438514, 6.615092000000175], [-62.438546, 6.610606], [-62.443632, 6.601895000000184], [-62.451994, 6.59815500000019], [-62.47465099999988, 6.606819], [-62.478777, 6.604545], [-62.487178, 6.563414], [-62.4846399999999, 6.55694700000015], [-62.428893, 6.505201], [-62.415359, 6.454693], [-62.350601, 6.352514], [-62.346255, 6.363799], [-62.339023, 6.364683000000127], [-62.338128, 6.37111300000015], [-62.341357, 6.380361], [-62.348839, 6.387726000000157], [-62.349437, 6.394326], [-62.34494299999983, 6.403796], [-62.34161, 6.396692], [-62.339601, 6.398253], [-62.34111799999988, 6.404361], [-62.338557, 6.411446], [-62.342826999999886, 6.416161000000102], [-62.346119, 6.410728000000177], [-62.351716, 6.415613], [-62.351634, 6.432191], [-62.344766, 6.438189], [-62.346304, 6.442153], [-62.344598, 6.446683], [-62.336773, 6.448802], [-62.332315, 6.44623], [-62.329136, 6.440364], [-62.330415, 6.436904], [-62.321365, 6.428627000000176], [-62.3197, 6.429116000000136], [-62.319869, 6.445447000000115], [-62.318207, 6.445607], [-62.317133999999896, 6.436613000000136], [-62.311117, 6.440552], [-62.311657, 6.444678], [-62.304415, 6.44663300000019], [-62.298203, 6.445128000000182], [-62.301118, 6.452561], [-62.29622499999988, 6.451967], [-62.29685099999989, 6.464093000000105], [-62.29428, 6.46383800000018], [-62.291251, 6.467869], [-62.289535, 6.465142], [-62.282325, 6.463798], [-62.281843, 6.478807], [-62.287977999999896, 6.489047], [-62.28288899999984, 6.492400000000146], [-62.2768999999999, 6.489928], [-62.279663, 6.501152], [-62.274055, 6.504155], [-62.266385, 6.504103000000157], [-62.271112, 6.51073700000012], [-62.266966, 6.51566], [-62.261848, 6.513194], [-62.255596, 6.519580000000133], [-62.25527, 6.525919], [-62.25220399999989, 6.527462000000185], [-62.248326, 6.523093000000188], [-62.24544699999984, 6.523421000000155], [-62.245565, 6.528981000000101], [-62.249195, 6.531959000000143], [-62.24433199999987, 6.538875000000189], [-62.248434, 6.538295000000176], [-62.249544, 6.540561], [-62.244563, 6.541830000000118], [-62.244456, 6.552427], [-62.240019, 6.560302], [-62.23696199999989, 6.560976], [-62.22453699999983, 6.54847100000012], [-62.219759999999894, 6.546876000000168], [-62.21667099999985, 6.550677], [-62.213026, 6.549089], [-62.21419, 6.554656000000136], [-62.209625, 6.557926000000123], [-62.206701, 6.553998], [-62.198859, 6.553771], [-62.200609, 6.561775000000125], [-62.19555299999985, 6.561828], [-62.193205, 6.569977], [-62.191671, 6.566492000000153], [-62.186156, 6.568888000000129], [-62.184587, 6.560277000000156], [-62.170835, 6.566961], [-62.15863, 6.575913000000185], [-62.158856, 6.579476000000113], [-62.164032, 6.584722], [-62.158796, 6.593982], [-62.157205, 6.606125], [-62.145192, 6.601599], [-62.136718, 6.593267], [-62.133870999999885, 6.59482], [-62.132705, 6.600909000000115], [-62.127579, 6.6042470000001], [-62.128227, 6.610806000000139], [-62.113192, 6.597777000000178], [-62.11938099999986, 6.608797000000152], [-62.113021, 6.609073], [-62.110373, 6.616277], [-62.10242099999982, 6.617101000000162], [-62.097209, 6.614902], [-62.093788, 6.617806], [-62.067888, 6.620145], [-62.05803, 6.616205], [-62.058679, 6.622538], [-62.049368, 6.622671], [-62.045696, 6.630317000000105], [-62.04664, 6.645804], [-62.038244, 6.644590000000164], [-62.037287999999876, 6.653958], [-62.02762399999989, 6.656573], [-62.025337, 6.659713000000181], [-62.019662, 6.659431], [-62.016779, 6.668214], [-62.011439, 6.668951000000163], [-62.006584, 6.674259], [-61.997961, 6.67362], [-61.987739, 6.676498], [-61.975247, 6.673000000000116], [-61.964196, 6.677083], [-61.962532999999894, 6.679862000000185], [-61.966377, 6.68449], [-61.967479, 6.695054], [-61.941568, 6.696156], [-61.935007, 6.705981000000179], [-61.928314, 6.704630000000122], [-61.924563, 6.708927000000187], [-61.917742, 6.711262000000147], [-61.916605, 6.728504000000157], [-61.90975, 6.728109000000131], [-61.907932, 6.731401], [-61.902463, 6.732059000000106], [-61.891787, 6.740716], [-61.88252299999988, 6.743604], [-61.880735, 6.774884], [-61.872781, 6.778896000000145], [-61.872179, 6.784713], [-61.86203499999988, 6.802115000000128], [-61.855969, 6.803205000000105], [-61.851003, 6.799812], [-61.847436, 6.801529000000187], [-61.845792, 6.807920000000138], [-61.851046, 6.811796], [-61.85088, 6.817988], [-61.84612399999986, 6.825218000000177], [-61.839326, 6.825928], [-61.83312599999988, 6.830997000000139], [-61.828933, 6.840078000000119], [-61.8292229999999, 6.845336], [-61.83816, 6.860624]]]}}, {"type": "Feature", "properties": {"parroquia": "Salom", "municipio": "Roscio", "estado": "Bolívar", "pcode": "VE070802", "estado_pcode": "VE07", "municipio_pcode": "VE0708", "center_lat": 7.746182, "center_lon": -61.71006426, "area_sqkm": 986.22344587}, "geometry": {"type": "Polygon", "coordinates": [[[-61.490288645999954, 7.810479857000075], [-61.51451173999993, 7.83180624400012], [-61.51937199599996, 7.841562487999965], [-61.53389269899998, 7.848374606000164], [-61.53507077799992, 7.852885722], [-61.539694003999955, 7.856649808000043], [-61.551605521999875, 7.84936656400015], [-61.558079831999976, 7.851895607000074], [-61.562329132999935, 7.876957251000135], [-61.572196603999885, 7.881731339999988], [-61.57556580199997, 7.891807595000159], [-61.58429324299988, 7.902895851000096], [-61.5936496839999, 7.904320848000168], [-61.60130506399997, 7.911359009000137], [-61.611953556999936, 7.910847949000129], [-61.61663182199993, 7.924631293000118], [-61.63742284299997, 7.939490606999982], [-61.63879493999991, 7.946077775000049], [-61.65519963499992, 7.946104627000125], [-61.658979, 7.939597], [-61.674205, 7.932482000000164], [-61.72854999999987, 7.925789], [-61.775174, 7.928863], [-61.760444999999834, 7.91388], [-61.761693, 7.907797000000187], [-61.768228, 7.900305], [-61.776811, 7.893537000000151], [-61.78473099999985, 7.89194], [-61.796135999999876, 7.893971], [-61.803759, 7.889720000000182], [-61.808331, 7.876553000000172], [-61.832346, 7.870268], [-61.82806, 7.866743], [-61.843129, 7.841654], [-61.843089, 7.830599], [-61.849209, 7.82044900000011], [-61.848729, 7.808349], [-61.85941799999989, 7.798505], [-61.862063, 7.777473000000157], [-61.874958, 7.752233], [-61.874362, 7.740131], [-61.8678, 7.729198000000167], [-61.86491299999989, 7.717405000000156], [-61.848988, 7.698948], [-61.84800399999989, 7.689603], [-61.851728, 7.679069], [-61.837366, 7.629428], [-61.837040999999886, 7.61491100000012], [-61.816349999999886, 7.59464700000018], [-61.81618, 7.564470000000142], [-61.815324, 7.554321], [-61.793642, 7.57884], [-61.786139999999875, 7.603017], [-61.786958, 7.608673000000181], [-61.783006, 7.612409], [-61.73412599999989, 7.632630000000177], [-61.673984999999846, 7.676650000000166], [-61.659513, 7.681138], [-61.632716, 7.679100000000176], [-61.623413, 7.689920000000143], [-61.61417099999983, 7.69362800000016], [-61.587083, 7.693482000000188], [-61.578233999999895, 7.697534], [-61.576837, 7.717093], [-61.56978199999986, 7.727738000000159], [-61.551481, 7.739255], [-61.53895, 7.753692000000171], [-61.514868, 7.787725], [-61.50819, 7.806944], [-61.490288645999954, 7.810479857000075]]]}}, {"type": "Feature", "properties": {"parroquia": "Sección Capital Sifontes", "municipio": "Sifontes", "estado": "Bolívar", "pcode": "VE070901", "estado_pcode": "VE07", "municipio_pcode": "VE0709", "center_lat": 7.3662715, "center_lon": -61.13819933, "area_sqkm": 11920.60060004}, "geometry": {"type": "Polygon", "coordinates": [[[-60.83528474299993, 7.87942506800016], [-60.838547340999924, 7.837899951000054], [-60.89932385699984, 7.754878527000187], [-60.97384732699993, 7.753446216999976], [-61.24300041699985, 7.903028158000154], [-61.28876882799989, 7.978782983000144], [-61.28968263899992, 7.977143492000152], [-61.32887564899994, 7.965805490000093], [-61.354097770999886, 7.954762096000138], [-61.40225491499996, 7.93185530400018], [-61.42612396299995, 7.916084806000072], [-61.43382528799998, 7.908180559000016], [-61.43776043799994, 7.898189287000093], [-61.44397759399993, 7.864737375000175], [-61.46129436199993, 7.854803052000022], [-61.472323834999884, 7.844036724000034], [-61.471202765999976, 7.839084606000142], [-61.45387691099995, 7.826123334999977], [-61.45072171999993, 7.815755065000133], [-61.46269421099993, 7.798780574000091], [-61.490288645999954, 7.810479857000075], [-61.50819, 7.806944], [-61.514868, 7.787725], [-61.53895, 7.753692000000171], [-61.551481, 7.739255], [-61.56978199999986, 7.727738000000159], [-61.576837, 7.717093], [-61.578233999999895, 7.697534], [-61.587083, 7.693482000000188], [-61.61417099999983, 7.69362800000016], [-61.623413, 7.689920000000143], [-61.632716, 7.679100000000176], [-61.639567, 7.670321000000172], [-61.640208, 7.664964000000111], [-61.63250099999988, 7.615197000000137], [-61.64533299999988, 7.574297], [-61.644521, 7.56841], [-61.633074, 7.556239000000176], [-61.627381, 7.541863000000149], [-61.629193, 7.510106000000121], [-61.635147, 7.502950000000112], [-61.629075, 7.497205000000122], [-61.623994, 7.487100000000169], [-61.622429999999895, 7.465420000000108], [-61.617488, 7.453935], [-61.617515, 7.445874], [-61.62765, 7.421743000000106], [-61.639673, 7.413883], [-61.656926, 7.394363], [-61.667523, 7.389589000000115], [-61.673987999999895, 7.379217], [-61.678015, 7.364426], [-61.68495, 7.359935], [-61.69105899999988, 7.337118], [-61.691764, 7.32003200000014], [-61.696266, 7.317077], [-61.696212, 7.30635000000018], [-61.68751799999984, 7.291969], [-61.67894699999988, 7.294398000000172], [-61.673913, 7.289504], [-61.675468, 7.273907], [-61.680899999999895, 7.26627400000018], [-61.676227, 7.2634690000001], [-61.675021, 7.25834], [-61.672218, 7.256004], [-61.659869, 7.254956], [-61.649219, 7.24617400000011], [-61.644065, 7.250452], [-61.64382, 7.231249000000162], [-61.638861, 7.231240000000128], [-61.636701, 7.235617], [-61.633519, 7.236077000000137], [-61.62576299999989, 7.23047], [-61.6291379999999, 7.226933], [-61.625037, 7.218629000000135], [-61.626358, 7.212852000000112], [-61.622238, 7.214243000000124], [-61.619157, 7.210788], [-61.621964999999875, 7.199609], [-61.616171, 7.197691], [-61.61421699999988, 7.182139000000177], [-61.607226, 7.175127], [-61.612544, 7.166819], [-61.611262999999894, 7.158949], [-61.618356, 7.151157000000183], [-61.611176999999884, 7.144375], [-61.609516, 7.138262000000111], [-61.60563999999988, 7.136259000000109], [-61.606411, 7.130293000000165], [-61.6038089999999, 7.125611], [-61.609189, 7.116288000000111], [-61.608674, 7.092844000000127], [-61.615505, 7.090094000000136], [-61.610078, 7.08548], [-61.610542, 7.028433000000121], [-61.625255, 7.024156000000119], [-61.627797, 7.021354], [-61.625537, 7.015549000000135], [-61.637125, 7.009769], [-61.646374, 6.987097000000176], [-61.644821, 6.972030000000188], [-61.652726, 6.97223200000019], [-61.653791999999896, 6.965684], [-61.664634, 6.950416], [-61.66509, 6.93941800000016], [-61.638385, 6.951441000000159], [-61.616422999999884, 6.96603], [-61.601464, 6.972688000000119], [-61.585218, 6.974601000000121], [-61.574141, 6.981208], [-61.553304, 6.984424], [-61.547654, 6.987554000000159], [-61.540982, 7.003334], [-61.537277, 7.006266000000153], [-61.529321, 7.010622000000126], [-61.522042, 7.009], [-61.510935, 7.017218000000184], [-61.494682, 7.045159000000126], [-61.493365, 7.055041], [-61.487207, 7.060926000000109], [-61.478581, 7.064463], [-61.464809, 7.132756], [-61.420376, 7.166074], [-61.42358799999988, 7.176918], [-61.420489, 7.178271], [-61.418032, 7.184231], [-61.407874, 7.182531], [-61.399372, 7.187057000000152], [-61.3952, 7.193117], [-61.38706599999989, 7.19488500000017], [-61.379802, 7.201378], [-61.370740999999896, 7.204633], [-61.364255, 7.213319], [-61.3506, 7.218719], [-61.347785, 7.226171], [-61.331757, 7.216593], [-61.31243799999987, 7.216417], [-61.303464, 7.198619], [-61.287022, 7.184892], [-61.282688, 7.148497], [-61.277024, 7.143268], [-61.274024999999824, 7.134382], [-61.2662959999999, 7.129824], [-61.265866999999844, 7.11521], [-61.262511, 7.1077], [-61.26611599999984, 7.054465], [-61.260469, 7.044235], [-61.260933, 7.040355], [-61.247468, 7.029909], [-61.248090999999874, 7.021534], [-61.244597, 7.022483], [-61.24456, 7.020711000000176], [-61.237365, 7.01940100000013], [-61.235868, 7.009746000000121], [-61.227626, 7.0062], [-61.216409, 7.011373000000106], [-61.203061999999875, 7.010286], [-61.195379, 7.01773500000013], [-61.19023599999986, 7.015455000000145], [-61.178692, 7.017495], [-61.176296, 7.021809], [-61.17243, 7.023091], [-61.165392, 7.021065], [-61.162758, 7.023164000000122], [-61.153083, 7.021532], [-61.151563, 7.023689], [-61.135844, 7.018909000000122], [-61.133973, 7.021707000000163], [-61.124658, 7.024213], [-61.122777, 7.021707000000163], [-61.118088, 7.02217300000018], [-61.100253, 7.014070000000117], [-61.090503, 7.01253], [-61.077291999999886, 7.022428000000161], [-61.077278, 7.018421], [-61.063846, 7.016239], [-61.061801, 7.007444], [-61.05483, 7.003812], [-61.049617, 7.004809], [-61.04109499999987, 6.998974], [-61.038287, 7.000315000000171], [-61.035933999999884, 6.99817000000013], [-61.032600999999886, 7.000325], [-61.023446, 6.997670000000141], [-61.023034, 6.981584], [-61.029235, 6.962374], [-61.034327, 6.960150000000112], [-61.027977, 6.955148000000122], [-61.01847499999985, 6.953709], [-61.01353, 6.948005], [-61.010591, 6.930056], [-61.013459, 6.928827000000126], [-61.008569, 6.922424], [-61.000771, 6.921913], [-60.994106, 6.91085], [-60.997266, 6.909329000000128], [-60.99869799999988, 6.900466000000108], [-60.990128, 6.897450000000106], [-60.98057699999987, 6.898342], [-60.975806, 6.89223], [-60.97253499999988, 6.895384], [-60.963564, 6.894935], [-60.963048, 6.897967000000108], [-60.956902, 6.900426000000152], [-60.954807, 6.904336], [-60.94603699999982, 6.905548000000124], [-60.943048, 6.903698000000134], [-60.94621299999989, 6.898042], [-60.94134799999989, 6.888343000000134], [-60.937244, 6.886554000000103], [-60.93191, 6.887505], [-60.930151, 6.89175900000015], [-60.92341, 6.891435000000172], [-60.925403, 6.886133], [-60.92206199999987, 6.882596000000149], [-60.91801699999985, 6.882669], [-60.899552, 6.887159], [-60.89714899999984, 6.890252], [-60.888766, 6.892494], [-60.892166, 6.889049000000114], [-60.889645, 6.885451000000103], [-60.883432, 6.88495], [-60.883139, 6.891235000000165], [-60.876104, 6.88649], [-60.873935, 6.878468], [-60.87756999999988, 6.876073], [-60.878741999999875, 6.867345], [-60.87417, 6.867781], [-60.873642, 6.858355000000131], [-60.867018, 6.854428], [-60.879211, 6.83898], [-60.875166, 6.826761], [-60.880735, 6.814891000000159], [-60.879914370999984, 6.809253829999989], [-60.85732355099998, 6.791576753000129], [-60.826430100999914, 6.785971718000098], [-60.811958449999906, 6.793418951000149], [-60.80041591799994, 6.793992007000156], [-60.74397719099994, 6.763730422000151], [-60.69907906599997, 6.754406326000151], [-60.678235177999966, 6.780421056000023], [-60.65991543699988, 6.815550002000123], [-60.64918796299992, 6.824987280000073], [-60.59879365799992, 6.836995744000149], [-60.58449402199989, 6.849039107000181], [-60.56835128599988, 6.852203232000079], [-60.53577977099991, 6.853465370000038], [-60.52722339599984, 6.862577635000036], [-60.51951908199993, 6.877106030000107], [-60.49254482699996, 6.878310147000036], [-60.478632203999894, 6.886097392000124], [-60.46743170899998, 6.896445695000068], [-60.45209506399988, 6.91882831900017], [-60.43868048199988, 6.93283372500008], [-60.42753498399992, 6.938233894000064], [-60.391119304999904, 6.945311200000162], [-60.38450998499991, 6.943857181000169], [-60.36665609399989, 6.926746800000103], [-60.36018781699994, 6.932772974000102], [-60.3540485879999, 6.949732425000093], [-60.35190763999998, 6.996074632000102], [-60.348549488999936, 6.999833744000114], [-60.34671844099995, 7.009823002000076], [-60.337329001999876, 7.011444070000096], [-60.331330739999885, 7.01620921600005], [-60.330628740999884, 7.027361513000017], [-60.32418845899991, 7.030856623000034], [-60.32339744199993, 7.039821854000081], [-60.31200593999995, 7.046367058000044], [-60.29556915399991, 7.044686074000026], [-60.292109004999986, 7.04740915900004], [-60.28437769799996, 7.063313587000039], [-60.281389624999974, 7.083989135000138], [-60.275981381999884, 7.087035233999984], [-60.27987762199996, 7.105487696000182], [-60.27570944699994, 7.110041826000042], [-60.27756959199985, 7.126630260000127], [-60.292340305999915, 7.134160403000124], [-60.29763157999997, 7.141007559], [-60.30730304299993, 7.144798627000171], [-60.3155394559999, 7.153979842000183], [-60.333451305999915, 7.156941856000117], [-60.33591246599991, 7.171235220000028], [-60.34198478899998, 7.179816426000059], [-60.36418384599989, 7.187772550000034], [-60.39117507599991, 7.176796182000089], [-60.4041926889999, 7.178090170000019], [-60.425173756999925, 7.202481730000102], [-60.442677597999875, 7.211301899000034], [-60.44886489099997, 7.210103843000013], [-60.472538921999956, 7.189308233000133], [-60.49303087699985, 7.186769092000134], [-60.49764903999994, 7.17266771300018], [-60.51399170399998, 7.142815880000171], [-60.52648524199998, 7.129719497000053], [-60.53244152199994, 7.128633453000077], [-60.55023142599998, 7.152640013000052], [-60.585284180999906, 7.186723783], [-60.589347421999946, 7.201608146000069], [-60.61381260399986, 7.211876334000067], [-60.62291211099995, 7.23659293999998], [-60.628706467999905, 7.260469546000081], [-60.62773443699996, 7.265636678000021], [-60.623082239999974, 7.27272088300009], [-60.60925262899997, 7.282469185000025], [-60.59822320899997, 7.307662872000094], [-60.59065986099989, 7.309192939000127], [-60.58591664699992, 7.314090089000103], [-60.5876778249999, 7.340569771000105], [-60.600913564999985, 7.373958601000083], [-60.603495737999935, 7.388481968000178], [-60.621933652999985, 7.406739382000183], [-60.63363726599994, 7.424004793999984], [-60.633515299999885, 7.434933075000117], [-60.63828257299991, 7.448558409000043], [-60.65235825899998, 7.45825462], [-60.667073957999946, 7.46186066100006], [-60.67441333099987, 7.470565864000093], [-60.68185667599994, 7.469837824000081], [-60.69152914599994, 7.474424899000098], [-60.70750109499994, 7.530502313000113], [-60.70951324299995, 7.545249703000138], [-60.702754965999986, 7.556453018000127], [-60.69541962499994, 7.557643073000065], [-60.690106395999976, 7.562304217000076], [-60.68813034599998, 7.575513574000126], [-60.68376315099994, 7.577308637000044], [-60.67434568999994, 7.570193485000061], [-60.647436443999936, 7.572212624000031], [-60.63843308399993, 7.589719124999988], [-60.63497396599996, 7.602452471], [-60.62846269399989, 7.611702741000101], [-60.62451560599993, 7.637430433000077], [-60.618697357999906, 7.646111679000171], [-60.61293710599989, 7.649617800000101], [-60.60771084799984, 7.646225727], [-60.589554987999975, 7.642812698000171], [-60.590053144999956, 7.680091688000175], [-60.58023672099989, 7.688039933000084], [-60.56873227499989, 7.713801653000189], [-60.58066189099992, 7.731759087000057], [-60.5754116839999, 7.740676342000086], [-60.56975943699996, 7.744527467000125], [-60.56574832099989, 7.765422038000111], [-60.54748652599989, 7.78110151900006], [-60.536378087999935, 7.80180511500015], [-60.53906627099997, 7.817133509000143], [-60.52934884199993, 7.826116790000071], [-60.51948738599998, 7.827620866000188], [-60.50302564899994, 7.835726142000055], [-60.479669558999944, 7.836049237000054], [-60.46748500599995, 7.840403400000184], [-60.44960317399995, 7.842394519000152], [-60.414092472999926, 7.834528434999982], [-60.40613008399998, 7.830069348999984], [-60.3826980149999, 7.836943624000071], [-60.367852299999925, 7.832558554000173], [-60.36322106099982, 7.824128348000045], [-60.36349105199997, 7.818263189000163], [-60.3608669219999, 7.817325178999965], [-60.354511652999975, 7.826601444000062], [-60.34219912299994, 7.837333784], [-60.32980055699994, 7.843807991000062], [-60.327693492999856, 7.850812196000049], [-60.31709803199982, 7.861095510000041], [-60.3148749479999, 7.868212706], [-60.30091129799996, 7.869498796000016], [-60.29516105399989, 7.873831935], [-60.29225293699989, 7.8806001210001], [-60.28778972499998, 7.881029148000152], [-60.28741773099995, 7.885053259000131], [-60.27254206199996, 7.893621540000026], [-60.32259535899993, 7.880959025000152], [-60.66731234899993, 7.838454605000152], [-60.83528474299993, 7.87942506800016]]]}}, {"type": "Feature", "properties": {"parroquia": "Dalla Costa", "municipio": "Sifontes", "estado": "Bolívar", "pcode": "VE070902", "estado_pcode": "VE07", "municipio_pcode": "VE0709", "center_lat": 6.67833148, "center_lon": -61.5581827, "area_sqkm": 7451.05393697}, "geometry": {"type": "Polygon", "coordinates": [[[-60.879914370999984, 6.809253829999989], [-60.880735, 6.814891000000159], [-60.875166, 6.826761], [-60.879211, 6.83898], [-60.867018, 6.854428], [-60.873642, 6.858355000000131], [-60.87417, 6.867781], [-60.878741999999875, 6.867345], [-60.87756999999988, 6.876073], [-60.873935, 6.878468], [-60.876104, 6.88649], [-60.883139, 6.891235000000165], [-60.883432, 6.88495], [-60.889645, 6.885451000000103], [-60.892166, 6.889049000000114], [-60.888766, 6.892494], [-60.89714899999984, 6.890252], [-60.899552, 6.887159], [-60.91801699999985, 6.882669], [-60.92206199999987, 6.882596000000149], [-60.925403, 6.886133], [-60.92341, 6.891435000000172], [-60.930151, 6.89175900000015], [-60.93191, 6.887505], [-60.937244, 6.886554000000103], [-60.94134799999989, 6.888343000000134], [-60.94621299999989, 6.898042], [-60.943048, 6.903698000000134], [-60.94603699999982, 6.905548000000124], [-60.954807, 6.904336], [-60.956902, 6.900426000000152], [-60.963048, 6.897967000000108], [-60.963564, 6.894935], [-60.97253499999988, 6.895384], [-60.975806, 6.89223], [-60.98057699999987, 6.898342], [-60.990128, 6.897450000000106], [-60.99869799999988, 6.900466000000108], [-60.997266, 6.909329000000128], [-60.994106, 6.91085], [-61.000771, 6.921913], [-61.008569, 6.922424], [-61.013459, 6.928827000000126], [-61.010591, 6.930056], [-61.01353, 6.948005], [-61.01847499999985, 6.953709], [-61.027977, 6.955148000000122], [-61.034327, 6.960150000000112], [-61.029235, 6.962374], [-61.023034, 6.981584], [-61.023446, 6.997670000000141], [-61.032600999999886, 7.000325], [-61.035933999999884, 6.99817000000013], [-61.038287, 7.000315000000171], [-61.04109499999987, 6.998974], [-61.049617, 7.004809], [-61.05483, 7.003812], [-61.061801, 7.007444], [-61.063846, 7.016239], [-61.077278, 7.018421], [-61.077291999999886, 7.022428000000161], [-61.090503, 7.01253], [-61.100253, 7.014070000000117], [-61.118088, 7.02217300000018], [-61.122777, 7.021707000000163], [-61.124658, 7.024213], [-61.133973, 7.021707000000163], [-61.135844, 7.018909000000122], [-61.151563, 7.023689], [-61.153083, 7.021532], [-61.162758, 7.023164000000122], [-61.165392, 7.021065], [-61.17243, 7.023091], [-61.176296, 7.021809], [-61.178692, 7.017495], [-61.19023599999986, 7.015455000000145], [-61.195379, 7.01773500000013], [-61.203061999999875, 7.010286], [-61.216409, 7.011373000000106], [-61.227626, 7.0062], [-61.235868, 7.009746000000121], [-61.237365, 7.01940100000013], [-61.24456, 7.020711000000176], [-61.244597, 7.022483], [-61.248090999999874, 7.021534], [-61.247468, 7.029909], [-61.260933, 7.040355], [-61.260469, 7.044235], [-61.26611599999984, 7.054465], [-61.262511, 7.1077], [-61.265866999999844, 7.11521], [-61.2662959999999, 7.129824], [-61.274024999999824, 7.134382], [-61.277024, 7.143268], [-61.282688, 7.148497], [-61.287022, 7.184892], [-61.303464, 7.198619], [-61.31243799999987, 7.216417], [-61.331757, 7.216593], [-61.347785, 7.226171], [-61.3506, 7.218719], [-61.364255, 7.213319], [-61.370740999999896, 7.204633], [-61.379802, 7.201378], [-61.38706599999989, 7.19488500000017], [-61.3952, 7.193117], [-61.399372, 7.187057000000152], [-61.407874, 7.182531], [-61.418032, 7.184231], [-61.420489, 7.178271], [-61.42358799999988, 7.176918], [-61.420376, 7.166074], [-61.464809, 7.132756], [-61.478581, 7.064463], [-61.487207, 7.060926000000109], [-61.493365, 7.055041], [-61.494682, 7.045159000000126], [-61.510935, 7.017218000000184], [-61.522042, 7.009], [-61.529321, 7.010622000000126], [-61.537277, 7.006266000000153], [-61.540982, 7.003334], [-61.547654, 6.987554000000159], [-61.553304, 6.984424], [-61.574141, 6.981208], [-61.585218, 6.974601000000121], [-61.601464, 6.972688000000119], [-61.616422999999884, 6.96603], [-61.638385, 6.951441000000159], [-61.66509, 6.93941800000016], [-61.651120999999875, 6.930603000000133], [-61.646955999999875, 6.924435000000187], [-61.650804, 6.910280000000114], [-61.650035999999886, 6.900396000000171], [-61.659366, 6.891295000000127], [-61.637235, 6.885341], [-61.63812499999989, 6.880394], [-61.63341799999989, 6.875686], [-61.636568, 6.87157800000017], [-61.62875299999985, 6.859484000000123], [-61.629947, 6.852862], [-61.624676, 6.848847], [-61.62555999999989, 6.837681], [-61.61834599999986, 6.827629000000172], [-61.619618, 6.82518], [-61.633056999999894, 6.821824], [-61.631692, 6.811573], [-61.627371, 6.80355], [-61.634483, 6.803298000000154], [-61.641189, 6.799004000000139], [-61.641702, 6.78684], [-61.648562, 6.778878], [-61.658575, 6.77863600000012], [-61.677648, 6.769838000000107], [-61.67467, 6.753156], [-61.684012, 6.744507000000169], [-61.690305, 6.750428000000113], [-61.697917, 6.740139], [-61.70201999999989, 6.745610000000113], [-61.711236, 6.749787], [-61.716469, 6.764934], [-61.720757999999876, 6.769082], [-61.72300499999989, 6.793771], [-61.737785, 6.8029820000001], [-61.74243, 6.810065000000179], [-61.759392, 6.80717], [-61.77307699999989, 6.812591], [-61.78156099999984, 6.83313800000019], [-61.792046, 6.841753000000153], [-61.790267, 6.847807000000103], [-61.782504, 6.855991000000131], [-61.788244, 6.87288], [-61.797904, 6.874402], [-61.801237, 6.868415], [-61.798176, 6.862287], [-61.79963899999984, 6.859513], [-61.807911, 6.858838000000105], [-61.817064, 6.86454700000013], [-61.83816, 6.860624], [-61.8292229999999, 6.845336], [-61.828933, 6.840078000000119], [-61.83312599999988, 6.830997000000139], [-61.839326, 6.825928], [-61.84612399999986, 6.825218000000177], [-61.85088, 6.817988], [-61.851046, 6.811796], [-61.845792, 6.807920000000138], [-61.847436, 6.801529000000187], [-61.851003, 6.799812], [-61.855969, 6.803205000000105], [-61.86203499999988, 6.802115000000128], [-61.872179, 6.784713], [-61.872781, 6.778896000000145], [-61.880735, 6.774884], [-61.88252299999988, 6.743604], [-61.891787, 6.740716], [-61.902463, 6.732059000000106], [-61.907932, 6.731401], [-61.90975, 6.728109000000131], [-61.916605, 6.728504000000157], [-61.917742, 6.711262000000147], [-61.924563, 6.708927000000187], [-61.928314, 6.704630000000122], [-61.935007, 6.705981000000179], [-61.941568, 6.696156], [-61.967479, 6.695054], [-61.966377, 6.68449], [-61.962532999999894, 6.679862000000185], [-61.964196, 6.677083], [-61.975247, 6.673000000000116], [-61.987739, 6.676498], [-61.997961, 6.67362], [-62.006584, 6.674259], [-62.011439, 6.668951000000163], [-62.016779, 6.668214], [-62.019662, 6.659431], [-62.025337, 6.659713000000181], [-62.02762399999989, 6.656573], [-62.037287999999876, 6.653958], [-62.038244, 6.644590000000164], [-62.04664, 6.645804], [-62.045696, 6.630317000000105], [-62.049368, 6.622671], [-62.058679, 6.622538], [-62.05803, 6.616205], [-62.067888, 6.620145], [-62.093788, 6.617806], [-62.097209, 6.614902], [-62.10242099999982, 6.617101000000162], [-62.110373, 6.616277], [-62.113021, 6.609073], [-62.11938099999986, 6.608797000000152], [-62.113192, 6.597777000000178], [-62.128227, 6.610806000000139], [-62.127579, 6.6042470000001], [-62.132705, 6.600909000000115], [-62.133870999999885, 6.59482], [-62.136718, 6.593267], [-62.145192, 6.601599], [-62.157205, 6.606125], [-62.158796, 6.593982], [-62.164032, 6.584722], [-62.158856, 6.579476000000113], [-62.15863, 6.575913000000185], [-62.170835, 6.566961], [-62.184587, 6.560277000000156], [-62.186156, 6.568888000000129], [-62.191671, 6.566492000000153], [-62.193205, 6.569977], [-62.19555299999985, 6.561828], [-62.200609, 6.561775000000125], [-62.198859, 6.553771], [-62.206701, 6.553998], [-62.209625, 6.557926000000123], [-62.21419, 6.554656000000136], [-62.213026, 6.549089], [-62.21667099999985, 6.550677], [-62.219759999999894, 6.546876000000168], [-62.22453699999983, 6.54847100000012], [-62.23696199999989, 6.560976], [-62.240019, 6.560302], [-62.244456, 6.552427], [-62.244563, 6.541830000000118], [-62.249544, 6.540561], [-62.248434, 6.538295000000176], [-62.24433199999987, 6.538875000000189], [-62.249195, 6.531959000000143], [-62.245565, 6.528981000000101], [-62.24544699999984, 6.523421000000155], [-62.248326, 6.523093000000188], [-62.25220399999989, 6.527462000000185], [-62.25527, 6.525919], [-62.255596, 6.519580000000133], [-62.261848, 6.513194], [-62.266966, 6.51566], [-62.271112, 6.51073700000012], [-62.266385, 6.504103000000157], [-62.274055, 6.504155], [-62.279663, 6.501152], [-62.2768999999999, 6.489928], [-62.28288899999984, 6.492400000000146], [-62.287977999999896, 6.489047], [-62.281843, 6.478807], [-62.282325, 6.463798], [-62.289535, 6.465142], [-62.291251, 6.467869], [-62.29428, 6.46383800000018], [-62.29685099999989, 6.464093000000105], [-62.29622499999988, 6.451967], [-62.301118, 6.452561], [-62.298203, 6.445128000000182], [-62.304415, 6.44663300000019], [-62.311657, 6.444678], [-62.311117, 6.440552], [-62.317133999999896, 6.436613000000136], [-62.318207, 6.445607], [-62.319869, 6.445447000000115], [-62.3197, 6.429116000000136], [-62.321365, 6.428627000000176], [-62.330415, 6.436904], [-62.329136, 6.440364], [-62.332315, 6.44623], [-62.336773, 6.448802], [-62.344598, 6.446683], [-62.346304, 6.442153], [-62.344766, 6.438189], [-62.351634, 6.432191], [-62.351716, 6.415613], [-62.346119, 6.410728000000177], [-62.342826999999886, 6.416161000000102], [-62.338557, 6.411446], [-62.34111799999988, 6.404361], [-62.339601, 6.398253], [-62.34161, 6.396692], [-62.34494299999983, 6.403796], [-62.349437, 6.394326], [-62.348839, 6.387726000000157], [-62.341357, 6.380361], [-62.338128, 6.37111300000015], [-62.339023, 6.364683000000127], [-62.346255, 6.363799], [-62.350601, 6.352514], [-62.336842, 6.273089], [-62.27485099999984, 6.233704000000102], [-62.222460999999896, 6.212719000000163], [-62.194989, 6.194955000000107], [-62.165356, 6.160656000000131], [-62.15249199999988, 6.13767200000018], [-62.144336999999894, 6.130187], [-62.126201, 6.135780000000125], [-62.094166, 6.218896], [-62.07914799999986, 6.213837000000126], [-62.073709, 6.209424], [-62.056773, 6.205831000000103], [-62.053391, 6.202231000000154], [-62.046518, 6.205107], [-62.033196, 6.202138000000105], [-62.03179299999988, 6.198436000000186], [-62.027165, 6.199615], [-62.023257999999885, 6.210306000000173], [-62.020622, 6.210073], [-62.019256, 6.214483], [-62.01449999999983, 6.215989], [-62.010452, 6.22446600000012], [-62.001824, 6.225726], [-62.000448, 6.231077000000141], [-61.992324, 6.235333], [-61.993392999999855, 6.241215000000182], [-61.982208, 6.242408000000125], [-61.97086599999989, 6.251195000000109], [-61.972218, 6.259142], [-61.968404, 6.262599], [-61.964373, 6.262464], [-61.963645, 6.259533], [-61.965926, 6.258227], [-61.962848, 6.255099], [-61.95694, 6.257235000000151], [-61.954893, 6.255813000000103], [-61.954873, 6.25786], [-61.95358099999987, 6.255982], [-61.951782, 6.258006], [-61.953365999999846, 6.258771], [-61.95044499999983, 6.260687000000132], [-61.94886699999989, 6.259179], [-61.94666499999988, 6.264175], [-61.944727, 6.261266], [-61.94423, 6.264237], [-61.941805, 6.263182], [-61.93704899999989, 6.270844000000125], [-61.92265, 6.26852], [-61.920412, 6.277331], [-61.916056, 6.2823], [-61.9103429999999, 6.282413], [-61.908799, 6.277369], [-61.894059999999854, 6.281181000000117], [-61.89551399999988, 6.285759], [-61.882842, 6.292322000000183], [-61.880291, 6.298113], [-61.866395, 6.301841000000138], [-61.865126, 6.30412], [-61.862232, 6.300738], [-61.860320999999885, 6.304949], [-61.857457999999895, 6.298746], [-61.85266399999989, 6.298606000000177], [-61.850132, 6.302634], [-61.84649799999988, 6.301977], [-61.850968, 6.30740400000019], [-61.849086999999884, 6.316906000000131], [-61.838526, 6.324285], [-61.832208, 6.325363], [-61.845225, 6.337055], [-61.835279, 6.336859000000118], [-61.829447, 6.342261000000178], [-61.825818, 6.341076000000157], [-61.823038999999824, 6.335314], [-61.809229, 6.339308], [-61.816241, 6.34776], [-61.813731, 6.357961000000159], [-61.803113, 6.36243], [-61.802332, 6.368858000000102], [-61.793246, 6.363204000000167], [-61.794493, 6.370977], [-61.788429, 6.373203], [-61.787241, 6.376188000000127], [-61.791364, 6.380906], [-61.782718, 6.383721], [-61.779834, 6.38748100000015], [-61.781667, 6.390411], [-61.78534999999988, 6.386659000000179], [-61.789141, 6.38917], [-61.779242999999894, 6.400876], [-61.779016, 6.405371000000116], [-61.77424599999989, 6.411050000000159], [-61.769255, 6.412671000000159], [-61.768225, 6.409397000000183], [-61.764402999999845, 6.409620000000132], [-61.75894099999982, 6.413616], [-61.760675, 6.417515], [-61.774084, 6.425773000000106], [-61.76937, 6.432994], [-61.77315, 6.438525], [-61.77161699999988, 6.445218000000182], [-61.75797, 6.44301], [-61.753676, 6.45638200000019], [-61.749865999999884, 6.46061], [-61.7489, 6.450688000000127], [-61.740157, 6.449601], [-61.743329999999844, 6.468392], [-61.740319, 6.48376], [-61.738471, 6.483959], [-61.74058799999989, 6.480218], [-61.736564, 6.476057], [-61.729665, 6.474838], [-61.72309799999988, 6.47835], [-61.716276, 6.491084000000114], [-61.711832, 6.48318300000011], [-61.70776899999987, 6.482452], [-61.705434, 6.478309], [-61.701405, 6.481544], [-61.698784, 6.475416000000109], [-61.69502299999988, 6.475222], [-61.688555, 6.483691], [-61.686755, 6.479783000000168], [-61.692099, 6.475724], [-61.69060199999984, 6.472201], [-61.686850999999876, 6.471092000000112], [-61.681754, 6.473629], [-61.680508, 6.482155000000148], [-61.675999, 6.48713800000013], [-61.673326, 6.485736000000145], [-61.670224, 6.488447], [-61.663735, 6.484945], [-61.659363, 6.456459000000166], [-61.653991, 6.456095], [-61.635123, 6.446740000000148], [-61.640892, 6.439026000000126], [-61.637054, 6.431818], [-61.63003, 6.426988000000108], [-61.626088, 6.414402], [-61.635841, 6.411662], [-61.635516, 6.408554], [-61.626783, 6.405815], [-61.623268, 6.39801], [-61.614238, 6.411266], [-61.610459, 6.405606], [-61.615807, 6.388722000000143], [-61.61501299999986, 6.384533], [-61.607797, 6.37489], [-61.599049, 6.384448], [-61.594832, 6.374963], [-61.59, 6.384756], [-61.59006099999988, 6.390624000000116], [-61.583475, 6.399541], [-61.584844, 6.412207000000137], [-61.569465, 6.44682], [-61.571789, 6.454778000000147], [-61.567886, 6.457277000000147], [-61.560433, 6.473549], [-61.528834, 6.484091], [-61.526039, 6.490049000000113], [-61.50314, 6.509985], [-61.45442, 6.544303], [-61.445637, 6.54365], [-61.434529, 6.547234000000117], [-61.425101, 6.542318000000137], [-61.39105599999982, 6.54725400000018], [-61.353596, 6.515190000000189], [-61.344326, 6.519988000000126], [-61.29951299999982, 6.481637], [-61.230289, 6.52502], [-61.226078, 6.551274], [-61.224038, 6.554508000000112], [-61.20991600599996, 6.558469057000025], [-61.20961220299995, 6.567766016], [-61.2153834799999, 6.572997119000036], [-61.21589051999996, 6.579444282000111], [-61.21381144199995, 6.581841347000136], [-61.209135215999936, 6.581452357000103], [-61.20924526699997, 6.593418648000124], [-61.20304498799999, 6.596926760000144], [-61.19711470799996, 6.596296763000169], [-61.18777138399986, 6.628998603000184], [-61.17643586999998, 6.63222872], [-61.16933557999994, 6.645853084], [-61.175726914999984, 6.657648362000032], [-61.16724256599991, 6.672524758000066], [-61.14706866099988, 6.680273018999969], [-61.145399600999895, 6.687275198000179], [-61.13771825199984, 6.690309299000148], [-61.13493813699995, 6.694194404000143], [-61.13283209399992, 6.710626824000144], [-61.11642136399996, 6.718639086000167], [-61.091351174999886, 6.713338026000145], [-61.076478456999894, 6.704681860000164], [-61.07005817199996, 6.707150944000148], [-61.06015676899989, 6.726269460000026], [-61.03805272499994, 6.72122340300001], [-61.00801632899993, 6.721391502000188], [-60.99745385799997, 6.726811675000022], [-60.98715838199996, 6.728436741000166], [-60.98135211299996, 6.72665371700009], [-60.969245513999965, 6.715720484000087], [-60.93944813199988, 6.714851550000105], [-60.92805462899992, 6.7232518080001], [-60.91946726099985, 6.736283165000145], [-60.905651654999986, 6.746845474], [-60.89662224299997, 6.747445519], [-60.887891854999964, 6.752305664000062], [-60.88495674099994, 6.759868865000101], [-60.88591479799999, 6.766437025000187], [-60.90420768199988, 6.775593203000142], [-60.90931900199996, 6.800034798000183], [-60.906242888999884, 6.810129064000137], [-60.89795252199997, 6.81637425800011], [-60.88813207299995, 6.816161281000177], [-60.879914370999984, 6.809253829999989]]]}}, {"type": "Feature", "properties": {"parroquia": "San Isidro", "municipio": "Sifontes", "estado": "Bolívar", "pcode": "VE070903", "estado_pcode": "VE07", "municipio_pcode": "VE0709", "center_lat": 6.192363, "center_lon": -61.60488178, "area_sqkm": 7309.14340044}, "geometry": {"type": "Polygon", "coordinates": [[[-61.37683599699989, 5.925093781000044], [-61.387919552999904, 5.937552045000075], [-61.38960367399983, 5.952725410000085], [-61.38503547699986, 5.957541544000094], [-61.36553457699989, 5.961290690000169], [-61.35275301299998, 5.969305920000068], [-61.352730049999934, 5.982407228000113], [-61.3429116129999, 5.989969446000032], [-61.34403370299992, 6.001832727000078], [-61.33683740899994, 6.015059062000091], [-61.32836403399989, 6.01871718100017], [-61.31573250399998, 6.039768729000059], [-61.30956622699995, 6.040632762000087], [-61.30584806999997, 6.047846957000047], [-61.297375687999875, 6.051220063000073], [-61.27620876399993, 6.070237579999969], [-61.26788941499984, 6.081319877000055], [-61.266054363999956, 6.094073187000163], [-61.26316324099997, 6.098187297000038], [-61.24288229699994, 6.096159307000107], [-61.23190479999988, 6.099049417000117], [-61.217064149999885, 6.112140780000175], [-61.20698966799995, 6.104338612000163], [-61.20016834099994, 6.102204581000024], [-61.19534312499991, 6.105725682000127], [-61.18953588699992, 6.116254951000144], [-61.17746032799988, 6.114875956000162], [-61.167264938999836, 6.142275661000156], [-61.168679090999944, 6.172199382000088], [-61.16140377799991, 6.181104618000063], [-61.13777668499995, 6.182606725000085], [-61.11534663999993, 6.178366691000122], [-61.1036101169999, 6.188378977000013], [-61.10814537599998, 6.202572307000025], [-61.11257458299991, 6.204455342000131], [-61.12077800599991, 6.216842620000136], [-61.115190840999844, 6.250612460000013], [-61.10383436599989, 6.268105923000178], [-61.12736748799995, 6.276498063000133], [-61.1267364709999, 6.282474214], [-61.13652693499995, 6.284753238000121], [-61.14350828399989, 6.293908441999974], [-61.15186073299998, 6.314464918000169], [-61.16461836899998, 6.328161219000151], [-61.15285686699997, 6.34047455700005], [-61.146219591999966, 6.353756914000087], [-61.144086522999885, 6.361675115000025], [-61.14713670799995, 6.376200459000188], [-61.14427957399994, 6.376633474000016], [-61.14309853299994, 6.38064858000007], [-61.14748075999995, 6.387477734000072], [-61.13983039799996, 6.387865769000086], [-61.13618729699982, 6.409805323000114], [-61.13027002199988, 6.408138305000023], [-61.12823495599997, 6.41755253600013], [-61.13135215999995, 6.436795004000089], [-61.13045515099992, 6.446566249000057], [-61.13290828499993, 6.452341385000068], [-61.14933408699994, 6.464807645000178], [-61.158682554999984, 6.477320920000182], [-61.15928160599998, 6.48595513500004], [-61.15571345599983, 6.488912228], [-61.14996422899992, 6.504619634000051], [-61.154980535999925, 6.528137203000028], [-61.161770868999895, 6.534068325000135], [-61.173521425999866, 6.53475430900005], [-61.179482690999976, 6.532279219999964], [-61.18935616999988, 6.538124338999978], [-61.19551940999992, 6.526677040999971], [-61.209409076999975, 6.530488090000119], [-61.20910007699996, 6.538654286000053], [-61.20463988399996, 6.539532329000167], [-61.20113474499993, 6.547668535000071], [-61.20121675299998, 6.550890621000065], [-61.20991600599996, 6.558469057000025], [-61.224038, 6.554508000000112], [-61.226078, 6.551274], [-61.230289, 6.52502], [-61.29951299999982, 6.481637], [-61.344326, 6.519988000000126], [-61.353596, 6.515190000000189], [-61.39105599999982, 6.54725400000018], [-61.425101, 6.542318000000137], [-61.434529, 6.547234000000117], [-61.445637, 6.54365], [-61.45442, 6.544303], [-61.50314, 6.509985], [-61.526039, 6.490049000000113], [-61.528834, 6.484091], [-61.560433, 6.473549], [-61.567886, 6.457277000000147], [-61.571789, 6.454778000000147], [-61.569465, 6.44682], [-61.584844, 6.412207000000137], [-61.583475, 6.399541], [-61.59006099999988, 6.390624000000116], [-61.59, 6.384756], [-61.594832, 6.374963], [-61.599049, 6.384448], [-61.607797, 6.37489], [-61.61501299999986, 6.384533], [-61.615807, 6.388722000000143], [-61.610459, 6.405606], [-61.614238, 6.411266], [-61.623268, 6.39801], [-61.626783, 6.405815], [-61.635516, 6.408554], [-61.635841, 6.411662], [-61.626088, 6.414402], [-61.63003, 6.426988000000108], [-61.637054, 6.431818], [-61.640892, 6.439026000000126], [-61.635123, 6.446740000000148], [-61.653991, 6.456095], [-61.659363, 6.456459000000166], [-61.663735, 6.484945], [-61.670224, 6.488447], [-61.673326, 6.485736000000145], [-61.675999, 6.48713800000013], [-61.680508, 6.482155000000148], [-61.681754, 6.473629], [-61.686850999999876, 6.471092000000112], [-61.69060199999984, 6.472201], [-61.692099, 6.475724], [-61.686755, 6.479783000000168], [-61.688555, 6.483691], [-61.69502299999988, 6.475222], [-61.698784, 6.475416000000109], [-61.701405, 6.481544], [-61.705434, 6.478309], [-61.70776899999987, 6.482452], [-61.711832, 6.48318300000011], [-61.716276, 6.491084000000114], [-61.72309799999988, 6.47835], [-61.729665, 6.474838], [-61.736564, 6.476057], [-61.74058799999989, 6.480218], [-61.738471, 6.483959], [-61.740319, 6.48376], [-61.743329999999844, 6.468392], [-61.740157, 6.449601], [-61.7489, 6.450688000000127], [-61.749865999999884, 6.46061], [-61.753676, 6.45638200000019], [-61.75797, 6.44301], [-61.77161699999988, 6.445218000000182], [-61.77315, 6.438525], [-61.76937, 6.432994], [-61.774084, 6.425773000000106], [-61.760675, 6.417515], [-61.75894099999982, 6.413616], [-61.764402999999845, 6.409620000000132], [-61.768225, 6.409397000000183], [-61.769255, 6.412671000000159], [-61.77424599999989, 6.411050000000159], [-61.779016, 6.405371000000116], [-61.779242999999894, 6.400876], [-61.789141, 6.38917], [-61.78534999999988, 6.386659000000179], [-61.781667, 6.390411], [-61.779834, 6.38748100000015], [-61.782718, 6.383721], [-61.791364, 6.380906], [-61.787241, 6.376188000000127], [-61.788429, 6.373203], [-61.794493, 6.370977], [-61.793246, 6.363204000000167], [-61.802332, 6.368858000000102], [-61.803113, 6.36243], [-61.813731, 6.357961000000159], [-61.816241, 6.34776], [-61.809229, 6.339308], [-61.823038999999824, 6.335314], [-61.825818, 6.341076000000157], [-61.829447, 6.342261000000178], [-61.835279, 6.336859000000118], [-61.845225, 6.337055], [-61.832208, 6.325363], [-61.838526, 6.324285], [-61.849086999999884, 6.316906000000131], [-61.850968, 6.30740400000019], [-61.84649799999988, 6.301977], [-61.850132, 6.302634], [-61.85266399999989, 6.298606000000177], [-61.857457999999895, 6.298746], [-61.860320999999885, 6.304949], [-61.862232, 6.300738], [-61.865126, 6.30412], [-61.866395, 6.301841000000138], [-61.880291, 6.298113], [-61.882842, 6.292322000000183], [-61.89551399999988, 6.285759], [-61.894059999999854, 6.281181000000117], [-61.908799, 6.277369], [-61.9103429999999, 6.282413], [-61.916056, 6.2823], [-61.920412, 6.277331], [-61.92265, 6.26852], [-61.93704899999989, 6.270844000000125], [-61.941805, 6.263182], [-61.94423, 6.264237], [-61.944727, 6.261266], [-61.94666499999988, 6.264175], [-61.94886699999989, 6.259179], [-61.95044499999983, 6.260687000000132], [-61.953365999999846, 6.258771], [-61.951782, 6.258006], [-61.95358099999987, 6.255982], [-61.954873, 6.25786], [-61.954893, 6.255813000000103], [-61.95694, 6.257235000000151], [-61.962848, 6.255099], [-61.965926, 6.258227], [-61.963645, 6.259533], [-61.964373, 6.262464], [-61.968404, 6.262599], [-61.972218, 6.259142], [-61.97086599999989, 6.251195000000109], [-61.982208, 6.242408000000125], [-61.993392999999855, 6.241215000000182], [-61.992324, 6.235333], [-62.000448, 6.231077000000141], [-62.001824, 6.225726], [-62.010452, 6.22446600000012], [-62.01449999999983, 6.215989], [-62.019256, 6.214483], [-62.020622, 6.210073], [-62.023257999999885, 6.210306000000173], [-62.027165, 6.199615], [-62.03179299999988, 6.198436000000186], [-62.033196, 6.202138000000105], [-62.046518, 6.205107], [-62.053391, 6.202231000000154], [-62.056773, 6.205831000000103], [-62.073709, 6.209424], [-62.07914799999986, 6.213837000000126], [-62.094166, 6.218896], [-62.126201, 6.135780000000125], [-62.144336999999894, 6.130187], [-62.15249199999988, 6.13767200000018], [-62.165356, 6.160656000000131], [-62.194989, 6.194955000000107], [-62.222460999999896, 6.212719000000163], [-62.27485099999984, 6.233704000000102], [-62.336842, 6.273089], [-62.350601, 6.352514], [-62.354067, 6.346901], [-62.37310199999985, 6.334033], [-62.74007499999988, 6.333661], [-62.74775, 6.329106], [-62.751204, 6.307154], [-62.763999, 6.287099], [-62.762634, 6.269144], [-62.777416, 6.259339000000182], [-62.777744, 6.261412], [-62.78539099999989, 6.260883], [-62.786893, 6.25790000000012], [-62.794318, 6.256564], [-62.80167599999987, 6.247750000000167], [-62.803945, 6.249834000000135], [-62.806235, 6.248467000000176], [-62.806031, 6.244785000000149], [-62.813137, 6.23965], [-62.812012, 6.237113], [-62.815372, 6.231940000000122], [-62.799583, 6.222639], [-62.790908, 6.201522], [-62.791833999999824, 6.196276000000182], [-62.78039599999988, 6.190492000000177], [-62.775755, 6.17868], [-62.769757, 6.17423], [-62.768544, 6.16254], [-62.759594, 6.147380000000169], [-62.758998, 6.133642000000179], [-62.75182099999989, 6.128531], [-62.740729, 6.125699], [-62.725463, 6.11041200000011], [-62.71683999999988, 6.113554], [-62.711553, 6.108519000000172], [-62.70330399999989, 6.107341], [-62.706482, 6.098838000000114], [-62.705242, 6.094067], [-62.700145, 6.091278], [-62.686969, 6.091339000000119], [-62.685895, 6.081597], [-62.681662, 6.078845], [-62.660505, 6.073516], [-62.638406, 6.05658300000016], [-62.63297, 6.055168000000151], [-62.629351, 6.073635], [-62.613367, 6.083065000000147], [-62.6057, 6.092242], [-62.60746399999988, 6.102828], [-62.60329799999988, 6.108074000000101], [-62.60284299999989, 6.114499], [-62.608491, 6.12529400000011], [-62.61655, 6.128687000000184], [-62.618012, 6.137351], [-62.61515, 6.141856000000132], [-62.608015, 6.142527], [-62.606413, 6.145534], [-62.59859399999988, 6.144738], [-62.588491, 6.149723], [-62.585567, 6.159415000000138], [-62.580935999999895, 6.162871], [-62.57697199999984, 6.15131300000013], [-62.568501, 6.146348], [-62.549971, 6.151797], [-62.543518, 6.145288000000107], [-62.52674, 6.13981600000011], [-62.517472, 6.133976], [-62.500901, 6.120537000000127], [-62.50100599999985, 6.116297000000145], [-62.489256, 6.110427000000129], [-62.489833, 6.107409000000189], [-62.493947, 6.10637800000012], [-62.494288, 6.096063000000186], [-62.474722, 6.093826], [-62.47752799999989, 6.084973000000105], [-62.473722999999836, 6.082765], [-62.468381, 6.082646000000125], [-62.460851999999875, 6.089308000000131], [-62.457826999999895, 6.080681], [-62.45227199999982, 6.080343], [-62.44977, 6.077504], [-62.44906899999984, 6.0685], [-62.439694, 6.062822000000153], [-62.43299699999989, 6.054313], [-62.420784, 6.051301], [-62.415401, 6.045766], [-62.41512999999986, 6.041387000000157], [-62.410765, 6.040901], [-62.409667, 6.046884], [-62.407721, 6.047185], [-62.39393599999988, 6.040318000000127], [-62.367887, 6.021607], [-62.366289, 6.015484], [-62.359551, 6.023774000000174], [-62.364393, 6.033772000000113], [-62.361732999999845, 6.035090000000139], [-62.351, 6.025938000000167], [-62.341666, 6.012671], [-62.33269799999982, 6.009266], [-62.32866099999984, 6.004086], [-62.321393, 6.007291], [-62.32862299999988, 5.99836], [-62.333408, 5.986455], [-62.323072, 5.98022600000013], [-62.32987, 5.975718], [-62.330395, 5.963599], [-62.323121, 5.967345], [-62.31459299999989, 5.981013], [-62.306421999999884, 5.974270000000104], [-62.304709, 5.964338], [-62.29513999999989, 5.961629], [-62.28996599999982, 5.956867000000102], [-62.282634, 5.956507000000158], [-62.282021, 5.953746000000137], [-62.287383, 5.947546000000159], [-62.280761, 5.942065000000127], [-62.275975999999844, 5.949621], [-62.275406, 5.960982], [-62.265298, 5.97149700000017], [-62.270038, 5.97647], [-62.267789, 5.979466000000116], [-62.262758, 5.980646], [-62.25324099999989, 5.978207], [-62.24495499999989, 5.963443], [-62.234267, 5.955373000000122], [-62.227439, 5.953615000000127], [-62.22608899999989, 5.95808], [-62.221682, 5.956838000000175], [-62.204814, 5.960139], [-62.197759, 5.963696], [-62.192082, 5.969241000000181], [-62.20787799999988, 5.969707], [-62.20421899999985, 5.977762], [-62.199629, 5.97819], [-62.194306, 5.972563], [-62.18804, 5.973471], [-62.18423, 5.983911], [-62.171424, 5.995051], [-62.17040999999989, 6.000040000000126], [-62.163098, 6.003604000000166], [-62.162295, 5.992617], [-62.153842, 5.99445], [-62.154645, 5.997323], [-62.145262, 6.010654000000102], [-62.136936, 6.005344], [-62.126243, 6.00405400000011], [-62.134105, 5.988655000000165], [-62.128314, 5.987187], [-62.128357, 5.979621000000179], [-62.119735, 5.984118], [-62.111113, 5.995461], [-62.10705499999989, 5.99623], [-62.102998, 6.005874], [-62.099786, 6.004696], [-62.099363, 5.999541], [-62.095897, 5.998702], [-62.081443, 6.010986], [-62.07814599999989, 6.015388000000144], [-62.080682, 6.024512000000129], [-62.078654, 6.027982000000179], [-62.06758, 6.029271], [-62.06436799999989, 6.023698], [-62.061494, 6.025817], [-62.052534, 6.023805], [-62.050928, 6.026513000000136], [-62.047631, 6.026012], [-62.034276, 6.013865], [-62.041968, 6.011991], [-62.042898, 6.009792], [-62.040869, 6.00895], [-62.034276, 6.011076], [-62.028021, 6.018949], [-62.02370999999988, 6.01963400000011], [-62.017539, 6.026323], [-62.017201, 6.031564], [-62.010692, 6.028872], [-62.006719, 6.031838000000164], [-61.996945, 6.031838000000164], [-61.991038, 6.034575000000132], [-61.989318, 6.026659000000109], [-61.981382, 6.018069], [-61.974824999999896, 6.016385], [-61.969593, 6.018953], [-61.963468, 6.008342000000141], [-61.958103, 6.009142], [-61.95806, 5.997774], [-61.954909, 5.9915], [-61.941935, 5.991837], [-61.937469, 5.995416], [-61.936438, 6.002195], [-61.932087, 6.002868], [-61.920722999999896, 5.992973], [-61.918234, 5.994279], [-61.919477, 5.998784000000171], [-61.91453, 5.998195], [-61.905867, 5.987415], [-61.900812, 5.991879], [-61.897438, 5.982489000000157], [-61.891242, 5.986868], [-61.886758, 5.985899], [-61.880429, 5.988805000000127], [-61.882375, 5.977815000000135], [-61.88057, 5.969836], [-61.876718, 5.968404], [-61.876052, 5.959688], [-61.86960099999982, 5.96389900000014], [-61.86436, 5.96377200000012], [-61.85469499999988, 5.956277000000114], [-61.852384, 5.959899000000121], [-61.837812, 5.962172], [-61.84028599999988, 5.968446000000142], [-61.834202, 5.968867000000159], [-61.82463399999989, 5.964615], [-61.82046, 5.956109], [-61.822812, 5.952109], [-61.817534, 5.953330000000165], [-61.81184699999989, 5.947014], [-61.811255, 5.935771], [-61.815979, 5.933287], [-61.815784, 5.926339000000155], [-61.809659, 5.927055], [-61.807277, 5.923097000000155], [-61.803523, 5.924992], [-61.805104, 5.929624], [-61.794629, 5.931727], [-61.792191999999886, 5.926631000000157], [-61.787623, 5.930824], [-61.783218, 5.927845], [-61.786901999999884, 5.923402000000181], [-61.786661, 5.918425000000127], [-61.788854, 5.918839000000105], [-61.7850279999999, 5.913242], [-61.78160899999989, 5.916629], [-61.775643, 5.917242000000101], [-61.770049, 5.910977], [-61.765527, 5.918545000000108], [-61.761647, 5.917800000000113], [-61.758968, 5.907811000000152], [-61.762316999999825, 5.89548], [-61.753566, 5.884206000000177], [-61.758933, 5.88039], [-61.753444, 5.868429], [-61.756148, 5.864706000000183], [-61.73966199999984, 5.861165000000142], [-61.739041, 5.856147], [-61.73154099999988, 5.85362], [-61.730418, 5.848585000000185], [-61.72662599999984, 5.847460000000183], [-61.7218519999999, 5.839631], [-61.728813, 5.829354], [-61.724614, 5.826838000000123], [-61.37683599699989, 5.925093781000044]]]}}, {"type": "Feature", "properties": {"parroquia": "Sección Capital Sucre", "municipio": "Sucre", "estado": "Bolívar", "pcode": "VE071001", "estado_pcode": "VE07", "municipio_pcode": "VE0710", "center_lat": 7.3661435, "center_lon": -65.03615127, "area_sqkm": 1306.91254756}, "geometry": {"type": "Polygon", "coordinates": [[[-64.726509, 7.172984000000156], [-64.733121, 7.185611], [-64.753447, 7.209496000000115], [-64.76807899999989, 7.219836000000157], [-64.791645, 7.229035000000124], [-64.830789, 7.235952], [-64.841513, 7.254548], [-64.851071, 7.28232], [-64.863535, 7.34451], [-64.879229, 7.396145], [-64.881265, 7.408077], [-64.87132799999989, 7.449824], [-64.87975199999988, 7.474148000000184], [-64.8882109999999, 7.481954], [-64.904687, 7.489996000000133], [-64.940813, 7.52328400000016], [-64.948607, 7.520995000000141], [-64.955472, 7.52467], [-64.958442, 7.528572000000167], [-64.959564, 7.540043], [-64.948769, 7.554028000000187], [-64.963001, 7.563319000000149], [-64.97773699999988, 7.556137], [-64.985267, 7.559866], [-65.00004, 7.573497], [-65.00782, 7.574941], [-65.016802, 7.570448], [-65.038414, 7.538279], [-65.05054699999988, 7.53999], [-65.077917, 7.564861000000178], [-65.107639, 7.569306], [-65.12606199999988, 7.58024300000011], [-65.15074999999985, 7.588469], [-65.162693, 7.586058], [-65.176307, 7.576341], [-65.20406, 7.548901000000171], [-65.215702, 7.528412], [-65.21946899999983, 7.517005], [-65.219572, 7.505109], [-65.218746, 7.494578], [-65.211605, 7.472095000000138], [-65.209976, 7.448287], [-65.1934839999999, 7.39381], [-65.19331299999988, 7.386945], [-65.20094599999987, 7.378774], [-65.204596, 7.353868], [-65.20281699999987, 7.347446000000161], [-65.188524, 7.330624], [-65.16300499999988, 7.313706], [-65.15256, 7.302636000000177], [-65.146239, 7.291601000000185], [-65.10389699999985, 7.285694], [-65.073185, 7.298069000000112], [-65.061969, 7.29531], [-65.049163, 7.285206], [-65.026037, 7.282899000000157], [-64.9933319999999, 7.260851], [-64.955608, 7.229620000000182], [-64.9300209999999, 7.199771000000169], [-64.91585, 7.187369], [-64.900968, 7.186211000000128], [-64.8822019999999, 7.18046], [-64.841752, 7.143252000000189], [-64.829163, 7.141176], [-64.800306, 7.144365], [-64.7769229999999, 7.156277000000159], [-64.76337699999988, 7.17233], [-64.726509, 7.172984000000156]]]}}, {"type": "Feature", "properties": {"parroquia": "Ariapo", "municipio": "Sucre", "estado": "Bolívar", "pcode": "VE071002", "estado_pcode": "VE07", "municipio_pcode": "VE0710", "center_lat": 5.58060573, "center_lon": -64.63210383, "area_sqkm": 37377.31664641}, "geometry": {"type": "Polygon", "coordinates": [[[-64.23635499999989, 6.250784], [-64.2292369999999, 6.26799700000015], [-64.212566, 6.346133], [-64.229637, 6.389616], [-64.230831, 6.424592000000132], [-64.236079, 6.432242000000144], [-64.234992, 6.467196000000172], [-64.228031, 6.480052], [-64.227092, 6.499046], [-64.214826, 6.510331000000122], [-64.211721, 6.517142], [-64.16955599999989, 6.555500000000166], [-64.164886, 6.566856], [-64.16442799999987, 6.613972], [-64.172614, 6.631913000000168], [-64.186907, 6.647253], [-64.212668, 6.655864000000179], [-64.27041699999984, 6.658702000000176], [-64.286402, 6.656575], [-64.29473599999983, 6.659695000000113], [-64.30994, 6.65984], [-64.32282, 6.664524000000142], [-64.365402, 6.664166], [-64.37837699999989, 6.658966], [-64.399907, 6.633318], [-64.400161, 6.605951], [-64.402505, 6.59913], [-64.407854, 6.59613800000011], [-64.414801, 6.584798], [-64.418847, 6.558225], [-64.425869, 6.538521], [-64.425254, 6.52255], [-64.445258, 6.49612], [-64.448449, 6.479421], [-64.45771699999989, 6.463157000000137], [-64.49190799999985, 6.464983], [-64.50477599999988, 6.471180000000118], [-64.521324, 6.491097000000138], [-64.5202359999999, 6.51048400000019], [-64.5169, 6.516061], [-64.50031799999988, 6.529465000000187], [-64.504266, 6.540082], [-64.499082, 6.565232000000151], [-64.500296, 6.576359000000139], [-64.47778999999986, 6.618718000000172], [-64.475083, 6.627962000000139], [-64.474096, 6.644300000000101], [-64.478325, 6.671809], [-64.47345499999989, 6.681551000000127], [-64.472269, 6.699733], [-64.454853, 6.711541000000125], [-64.449819, 6.718297000000121], [-64.450025, 6.730822000000103], [-64.45668199999989, 6.739208000000133], [-64.467692, 6.761766000000137], [-64.463937, 6.783787000000189], [-64.446268, 6.787324], [-64.435042, 6.793272000000172], [-64.42626499999983, 6.802050000000122], [-64.412331, 6.868983000000185], [-64.42193599999985, 6.875591], [-64.4291429999999, 6.889368], [-64.430385, 6.895323000000189], [-64.427243, 6.912850000000162], [-64.422761, 6.91856300000012], [-64.42297799999989, 6.924765], [-64.432135, 6.938853000000108], [-64.43222999999989, 6.951494000000139], [-64.423352, 6.961194000000148], [-64.407349, 6.962286], [-64.395336, 6.983191000000147], [-64.373911, 6.995529], [-64.36514, 6.997984], [-64.361434, 7.002303000000154], [-64.353074, 7.015901], [-64.32010399999984, 7.11609], [-64.3475, 7.164727000000141], [-64.347525, 7.180129000000136], [-64.338541, 7.197874], [-64.320098, 7.253255], [-64.32409899999988, 7.273873], [-64.332104, 7.280281], [-64.33868799999988, 7.297748], [-64.35104699999988, 7.297298000000126], [-64.365305, 7.300836000000118], [-64.389617, 7.286478000000159], [-64.403487, 7.290038], [-64.408832, 7.287758000000167], [-64.41161199999988, 7.282766000000152], [-64.419838, 7.281699000000117], [-64.42660799999987, 7.268703], [-64.43655799999988, 7.261053], [-64.44589, 7.26456300000018], [-64.472818, 7.258904], [-64.479815, 7.259582], [-64.494405, 7.248858000000155], [-64.504442, 7.24649200000016], [-64.51035799999988, 7.237419000000159], [-64.528618, 7.240649], [-64.55888299999987, 7.219876], [-64.60391, 7.198119], [-64.634194, 7.187451], [-64.63468399999988, 7.182615000000112], [-64.63751799999989, 7.180954], [-64.64758399999982, 7.180422], [-64.66507799999982, 7.18584600000014], [-64.706174, 7.169976000000133], [-64.726509, 7.172984000000156], [-64.76337699999988, 7.17233], [-64.7769229999999, 7.156277000000159], [-64.800306, 7.144365], [-64.829163, 7.141176], [-64.841752, 7.143252000000189], [-64.8822019999999, 7.18046], [-64.900968, 7.186211000000128], [-64.91585, 7.187369], [-64.9300209999999, 7.199771000000169], [-64.955608, 7.229620000000182], [-64.9933319999999, 7.260851], [-65.026037, 7.282899000000157], [-65.049163, 7.285206], [-65.061969, 7.29531], [-65.073185, 7.298069000000112], [-65.10389699999985, 7.285694], [-65.146239, 7.291601000000185], [-65.147284, 7.276511], [-65.155132, 7.269715000000133], [-65.167996, 7.265706], [-65.183567, 7.26675200000011], [-65.189562, 7.262227000000166], [-65.192885, 7.248528], [-65.190232, 7.237067000000138], [-65.17934, 7.224621000000127], [-65.148865, 7.198285000000112], [-65.1424669999999, 7.196401], [-65.13329, 7.198153], [-65.123161, 7.204015], [-65.110801, 7.202995000000101], [-65.080842, 7.170714], [-65.066651, 7.169677], [-65.05883299999988, 7.173270000000173], [-65.048752, 7.173641000000146], [-65.034565, 7.172146], [-65.02722099999988, 7.173912], [-65.020371, 7.171565000000157], [-65.013131, 7.161438000000146], [-65.011382, 7.151816000000167], [-65.01239, 7.141303], [-65.022197, 7.119429], [-65.021528, 7.107361], [-65.004258, 7.075357], [-64.999265, 7.070282], [-64.99287, 7.068397000000118], [-64.97016999999988, 7.045786000000135], [-64.960563, 7.044788000000153], [-64.94096399999984, 7.034555], [-64.935538, 7.026731], [-64.932954, 7.007954], [-64.921616, 6.995505], [-64.899729, 6.985481], [-64.871859, 6.979291], [-64.852965, 6.941505000000177], [-64.848207, 6.909904], [-64.807217, 6.887134000000117], [-64.80360499999983, 6.881614], [-64.807838, 6.842432], [-64.80590099999989, 6.828466000000162], [-64.827382, 6.805098], [-64.82972299999989, 6.798944000000176], [-64.8275139999999, 6.76325], [-64.82438599999983, 6.754533000000151], [-64.810795, 6.738866], [-64.805872, 6.726132000000177], [-64.803736, 6.708505000000116], [-64.788252, 6.700369], [-64.7821699999999, 6.689569], [-64.78791499999988, 6.632907], [-64.79160699999983, 6.629051000000175], [-64.802832, 6.626745000000142], [-64.810524, 6.609659], [-64.81790099999989, 6.602632], [-64.821546, 6.57705], [-64.818183, 6.569018], [-64.818704, 6.563036000000182], [-64.83326099999988, 6.534987], [-64.838483, 6.534987], [-64.843828, 6.540737], [-64.853021, 6.534987], [-64.85566199999982, 6.525707000000125], [-64.847636, 6.519756000000143], [-64.84835, 6.517026], [-64.86699799999985, 6.511635000000183], [-64.86858099999989, 6.524237], [-64.873012, 6.528858], [-64.87767, 6.528998000000115], [-64.878762, 6.540409000000125], [-64.881513, 6.540829], [-64.88490999999988, 6.537959], [-64.885569, 6.530398000000105], [-64.88241299999987, 6.524237], [-64.886099, 6.519196], [-64.900517, 6.512475], [-64.910747, 6.51359500000018], [-64.91647599999988, 6.509675], [-64.925347, 6.516046000000131], [-64.94362699999988, 6.515626], [-64.95143, 6.503094000000146], [-64.949412, 6.494203], [-64.955884, 6.49494900000019], [-64.959272, 6.492494], [-64.956872, 6.482504], [-64.97127, 6.479647000000114], [-64.97367, 6.476627000000121], [-64.970423, 6.472472], [-64.963013, 6.476608000000169], [-64.959554, 6.467319], [-64.963365, 6.458887000000118], [-64.959907, 6.449950000000172], [-64.955037, 6.452332], [-64.952638, 6.449093000000175], [-64.95383699999985, 6.441993000000139], [-64.95934199999988, 6.443128], [-64.963154, 6.441025], [-64.955743, 6.437425000000189], [-64.95609599999989, 6.434543000000133], [-64.963083, 6.434907], [-64.95539, 6.428283000000135], [-64.960472, 6.421893], [-64.959484, 6.413453], [-64.953414, 6.417169], [-64.947556, 6.412024], [-64.948191, 6.408931000000166], [-64.9544729999999, 6.407747], [-64.95200199999988, 6.395929000000137], [-64.958566, 6.393690000000163], [-64.953696, 6.386509], [-64.957649, 6.368232000000148], [-64.961177, 6.365637], [-64.965977, 6.370006], [-64.971553, 6.365937000000145], [-64.971341, 6.353419], [-64.965059, 6.344758000000184], [-64.965977, 6.337306000000183], [-64.961319, 6.336172000000147], [-64.95821299999989, 6.33996400000018], [-64.955249, 6.337990000000104], [-64.958143, 6.333354], [-64.953061, 6.330953000000136], [-64.952488, 6.328711000000112], [-64.956056, 6.32623000000018], [-64.9532109999999, 6.319079], [-64.951649, 6.324261000000149], [-64.942828, 6.324210000000164], [-64.940167, 6.312610000000177], [-64.94575, 6.308346000000142], [-64.938979, 6.306618000000128], [-64.94326399999989, 6.297938000000158], [-64.938189, 6.294706], [-64.94337999999988, 6.292368], [-64.943157, 6.290080000000103], [-64.937265, 6.285841], [-64.929149, 6.286752], [-64.926996, 6.284825000000183], [-64.92689, 6.27901], [-64.93521799999985, 6.273721], [-64.935959, 6.264543000000174], [-64.93197199999986, 6.259849], [-64.93588799999986, 6.253718000000106], [-64.93288899999988, 6.248043], [-64.93034899999986, 6.246257], [-64.92318499999988, 6.250951000000157], [-64.92067999999983, 6.242649], [-64.911188, 6.245101], [-64.909424, 6.243349], [-64.911541, 6.23921600000017], [-64.9169399999999, 6.237639], [-64.937194, 6.242474], [-64.949015, 6.232525], [-64.952649, 6.224258000000134], [-64.951061, 6.219283], [-64.954484, 6.207583000000113], [-64.950073, 6.20387], [-64.944957, 6.203695], [-64.951944, 6.195007], [-64.952191, 6.185970000000111], [-64.94562699999983, 6.187231000000168], [-64.942416, 6.18096], [-64.934724, 6.176967], [-64.93521799999985, 6.171817], [-64.925867, 6.158681000000115], [-64.925303, 6.144459], [-64.92008, 6.13780300000019], [-64.922244, 6.133567], [-64.929901, 6.129608000000189], [-64.928701, 6.124965], [-64.935547, 6.122094000000175], [-64.93321799999984, 6.116219000000115], [-64.936288, 6.111478], [-64.936535, 6.10374400000012], [-64.940981, 6.106775], [-64.944827, 6.102282000000173], [-64.942463, 6.099887], [-64.932512, 6.098885000000109], [-64.93092399999983, 6.085733000000118], [-64.933147, 6.083273000000133], [-64.940318, 6.08427300000011], [-64.949237, 6.093815000000177], [-64.953609, 6.089118], [-64.949062, 6.086148000000151], [-64.948945, 6.081791], [-64.95424999999989, 6.076631], [-64.9546, 6.066816], [-64.959905, 6.067116000000169], [-64.963111, 6.064160000000186], [-64.963228, 6.06172], [-64.95891399999988, 6.061596000000122], [-64.96037099999984, 6.058695000000114], [-64.963986, 6.061141], [-64.96724999999986, 6.060217], [-64.967425, 6.0565], [-64.972672, 6.052734], [-64.976461, 6.043971], [-64.984856, 6.046600000000183], [-64.98538, 6.040386], [-64.980134, 6.038692], [-64.987771, 6.034349], [-64.988729, 6.027622], [-64.993748, 6.026265], [-64.997852, 6.01946], [-64.99641, 6.015243], [-64.989, 6.017014000000188], [-64.99227999999988, 6.012671], [-64.990837, 6.008572000000186], [-64.99521, 6.008388], [-64.994815, 6.004579], [-64.999962, 5.999765000000139], [-64.999107, 5.994199], [-65.007101, 5.991987000000165], [-65.00812, 5.983956], [-65.012914, 5.980080000000157], [-65.014799, 5.974626], [-65.03381, 5.972659], [-65.04003, 5.967395], [-65.045862, 5.968133], [-65.068011, 5.956549], [-65.074112, 5.949352], [-65.076682, 5.951019], [-65.099749, 5.929472], [-65.10823399999987, 5.915463], [-65.120598, 5.905821000000174], [-65.132494, 5.901462], [-65.152616, 5.899863000000153], [-65.195614, 5.89115100000015], [-65.205006, 5.879897000000142], [-65.212113, 5.867955], [-65.216484, 5.852335000000153], [-65.209876, 5.839238], [-65.206929, 5.82476400000013], [-65.211295, 5.811212], [-65.21176899999989, 5.801564], [-65.208815, 5.791224], [-65.194209, 5.776976000000104], [-65.20557369199997, 5.751303362000101], [-65.20965778499993, 5.722268723000013], [-65.25293151999989, 5.662334274000159], [-65.24166095699997, 5.639964828000075], [-65.2242071369999, 5.626335582000024], [-65.19416864099998, 5.570416463000072], [-65.14931156699993, 5.538206893000108], [-65.14418420899989, 5.494641965000085], [-65.15530055499994, 5.444412843000066], [-65.14138482599998, 5.40624106700011], [-65.1202228599999, 5.395108889000085], [-65.1065492169999, 5.38320166200009], [-65.10602818499996, 5.37948859200003], [-65.10809923199997, 5.365374277000058], [-65.12583996699988, 5.347342836], [-65.17715219399997, 5.33140234800004], [-65.22051901899994, 5.300117561000093], [-65.2689401429999, 5.293716282000105], [-65.28250866599984, 5.267519682999989], [-65.25372922799983, 5.209102518000122], [-65.23383422999996, 5.164603631000034], [-65.2338072199999, 5.160258536000129], [-65.22189264699989, 5.142974210000148], [-65.21536536199994, 5.144032245], [-65.19387846199999, 5.164884746000098], [-65.16887541499995, 5.184513237000147], [-65.15363371999996, 5.176472106000119], [-65.13406672999997, 5.133284247000176], [-65.13235259199996, 5.11012676100006], [-65.14101188599994, 5.077008032000094], [-65.13355446599996, 5.043969357000037], [-65.1264491199999, 5.030230088], [-65.11461158599997, 5.028384079000148], [-65.08710838399986, 5.030385187000149], [-65.12633893699996, 4.961858639000184], [-65.12468260299994, 4.865863626000078], [-65.1034385559999, 4.821099749000098], [-65.06108855999992, 4.772662851], [-65.01496234299998, 4.705551564000189], [-64.96274795699998, 4.677057100000127], [-64.93408658499993, 4.636038325000072], [-64.90292408999994, 4.585060344000169], [-64.84951567699994, 4.570255168000131], [-64.78876304699997, 4.59656585800019], [-64.7727304359999, 4.636461725000061], [-64.74425624799994, 4.667671458000029], [-64.71819810399995, 4.672718623000094], [-64.69580206099988, 4.651598236000041], [-64.64368175999988, 4.660440554], [-64.60153895199988, 4.687942233000058], [-64.56302921899999, 4.678064115000041], [-64.54928250799998, 4.636988285000143], [-64.60250269199997, 4.564622644000053], [-64.59497026999986, 4.526024857000095], [-64.60599159599997, 4.457490414000063], [-64.67795678599987, 4.451101110000081], [-64.6964935289999, 4.416182338000112], [-64.65913872899984, 4.360215278000169], [-64.63551763299995, 4.337846872], [-64.62176891899992, 4.291788950000182], [-64.63328434799996, 4.254910167000162], [-64.64659589699994, 4.234066710000093], [-64.64668186899996, 4.223359494000078], [-64.64355872699991, 4.219884428000114], [-64.64703957299997, 4.214254505000156], [-64.67272702099996, 4.208726512999988], [-64.68124837699997, 4.208133101000101], [-64.69226787199995, 4.211024136000105], [-64.66902375899997, 4.175740471000097], [-64.66529258799989, 4.173972439000181], [-64.65962931599984, 4.162199214000111], [-64.6509729039999, 4.153830058000096], [-64.64807272199994, 4.12912856000014], [-64.64159542099992, 4.119065374000115], [-64.62590769999997, 4.109230211000181], [-64.59341523599988, 4.097918050999965], [-64.55450751199993, 4.100862196000151], [-64.52346715099998, 4.111361473000102], [-64.49510691299986, 4.126024838000035], [-64.48450044799995, 4.128984921000097], [-64.47325895499995, 4.127921927000045], [-64.46786676599993, 4.151598422000177], [-64.46389657899988, 4.150859412000159], [-64.45908735799998, 4.144143286000087], [-64.44633279399989, 4.146042354000031], [-64.4278589519999, 4.141443296000148], [-64.41375932599993, 4.141718335000064], [-64.4107351859999, 4.13789326400007], [-64.4089650759999, 4.124217986000076], [-64.40570792699998, 4.12084892200005], [-64.39339438799988, 4.124015015999987], [-64.36789927899991, 4.136300320000089], [-64.36520614999995, 4.133397275000107], [-64.34953345199989, 4.132159277000028], [-64.33017356599998, 4.12559518400019], [-64.31756397999993, 4.11544800300004], [-64.30149225499991, 4.109614915], [-64.31081263699997, 4.090694513000074], [-64.30734346599996, 4.086175432000175], [-64.29036070199993, 4.080559351999966], [-64.28271937599987, 4.092159603000141], [-64.26928178099996, 4.094275677000041], [-64.26536661699993, 4.098468764000188], [-64.27700617699986, 4.113536054000178], [-64.27659317099989, 4.119610176000037], [-64.26827982199984, 4.130284418000031], [-64.26304758099991, 4.130558432000157], [-64.25550722999998, 4.124264319000133], [-64.23402225299998, 4.114915172000053], [-64.21923359999982, 4.115866226000094], [-64.21278530899991, 4.113370190000126], [-64.20403389899997, 4.10384700700007], [-64.17504857799986, 4.094510883000169], [-64.16061792799991, 4.094087900999966], [-64.14010004399995, 4.108152243000177], [-64.13543483699993, 4.108548257000052], [-64.12889954199994, 4.10387117300013], [-64.12613240099995, 4.09775405], [-64.12604537699985, 4.086280817000102], [-64.12160813799989, 4.068095453000183], [-64.0977060319999, 4.052286178000145], [-64.09594794299994, 4.047329085000058], [-64.09852704299982, 4.040939946000151], [-64.08371033299994, 4.016648473000089], [-64.06390142899988, 4.010071384000128], [-64.05040780999985, 3.998416177000024], [-64.05559698499997, 3.970466582000029], [-64.04433638499995, 3.92562669300014], [-64.03370285899996, 3.899175178000121], [-64.00963971399989, 3.866030544000068], [-63.99664912699984, 3.864624548000052], [-63.97292607499986, 3.868711673000121], [-63.94254774599989, 3.886114095999972], [-63.92037279099992, 3.90422250600011], [-63.90800827099997, 3.920513865999965], [-63.86395332899991, 3.936044276000132], [-63.84929970799993, 3.954167680000069], [-63.82441861199999, 3.962384894000138], [-63.80371565799993, 3.949006668000095], [-63.79236811599992, 3.933582371000114], [-63.77050611699991, 3.925716249000118], [-63.736985613999934, 3.927245357000118], [-63.689987525999925, 3.93540461300006], [-63.65414293799995, 3.948875972999986], [-63.639749302999974, 3.956884167000055], [-63.61761132199996, 3.962803329000053], [-63.60781288099997, 3.961169324000139], [-63.58463879499993, 3.938586895000071], [-63.523136868999984, 3.861662432000116], [-63.50112385899996, 3.850010232000045], [-63.484968125999956, 3.847464217000152], [-63.469826457999886, 3.851636336000126], [-63.447879499999885, 3.867434698000068], [-63.42744764799983, 3.904150504000029], [-63.4209843939999, 3.924586936000026], [-63.41793930099993, 3.945493380000187], [-63.40486875199991, 3.964761811000074], [-63.3704302029999, 3.966732914000033], [-63.34020305599995, 3.955944844000044], [-63.348964, 3.986937000000182], [-63.374584, 4.015451], [-63.420259, 4.046952], [-63.507333, 4.097054000000185], [-63.521632, 4.142898], [-63.530225, 4.187311], [-63.548803, 4.223121], [-63.57879999999989, 4.256055000000117], [-63.59741, 4.327685000000145], [-63.611693, 4.337704], [-63.630246, 4.334822], [-63.64881099999985, 4.3448360000001], [-63.654534, 4.360592000000111], [-63.641695, 4.3692], [-63.610285, 4.364929000000132], [-63.596018, 4.372104], [-63.588891, 4.38644], [-63.59746599999988, 4.399328], [-63.62173899999988, 4.405039], [-63.707389, 4.402098], [-63.738807, 4.414962], [-63.763126, 4.465086], [-63.791731, 4.513771], [-63.82173999999986, 4.53809600000011], [-63.828919, 4.572473000000173], [-63.816117, 4.615472], [-63.801873999999884, 4.64701], [-63.79052, 4.710066000000154], [-63.792006, 4.761645000000101], [-63.80062299999986, 4.801753], [-63.81778999999989, 4.824658], [-63.840659, 4.837524], [-63.900644, 4.834582000000125], [-63.933499, 4.837403000000165], [-63.950669, 4.858870000000138], [-63.967869, 4.900395000000117], [-63.97075499999988, 4.920448], [-63.967915, 4.93191400000012], [-63.960789, 4.943387000000143], [-63.865129, 4.983636], [-63.848015, 5.006582], [-63.84805, 5.033805], [-63.87808299999983, 5.055256000000156], [-63.93239199999988, 5.066642], [-63.94385199999988, 5.086684000000105], [-63.939607, 5.115344], [-63.908211, 5.142612], [-63.862553999999875, 5.195687000000135], [-63.821125, 5.207205000000101], [-63.778236, 5.195797], [-63.758247, 5.211582], [-63.751162, 5.26317100000017], [-63.746943, 5.320487000000185], [-63.755546, 5.341969000000176], [-63.771292, 5.35914200000019], [-63.80705, 5.374856], [-63.847136, 5.416352000000131], [-63.875786, 5.456428], [-63.898700999999846, 5.483617000000152], [-63.935905, 5.502185000000111], [-64.020263, 5.503479], [-64.056038, 5.520608000000152], [-64.06895, 5.54494], [-64.063313, 5.590795000000185], [-64.05051, 5.628067000000101], [-64.029096, 5.649596], [-63.983354, 5.662569], [-63.964782, 5.674062000000106], [-63.959111, 5.704158000000177], [-63.977743, 5.727050000000133], [-64.035009, 5.757035], [-64.098018, 5.794165], [-64.142483, 5.854247], [-64.156954, 5.934443000000101], [-64.139966, 6.021866], [-64.112922, 6.093552000000102], [-64.11590199999989, 6.149418], [-64.136002, 6.178027000000156], [-64.191861, 6.193663000000186], [-64.243373, 6.184949000000188], [-64.2963749999999, 6.202013], [-64.30934, 6.234929], [-64.30203399999988, 6.249734], [-64.285916, 6.24921600000016], [-64.280147, 6.245755000000145], [-64.244625, 6.246384], [-64.23635499999989, 6.250784]]]}}, {"type": "Feature", "properties": {"parroquia": "Guarataro", "municipio": "Sucre", "estado": "Bolívar", "pcode": "VE071003", "estado_pcode": "VE07", "municipio_pcode": "VE0710", "center_lat": 7.4136045, "center_lon": -64.77873388, "area_sqkm": 940.9755394}, "geometry": {"type": "Polygon", "coordinates": [[[-64.85990419199999, 7.661719760000096], [-64.86371734499994, 7.658482665], [-64.87499754399994, 7.66087013300006], [-64.878257, 7.651862000000165], [-64.907663, 7.622266], [-64.92156299999988, 7.582602], [-64.924795, 7.580117], [-64.939645, 7.585287], [-64.946523, 7.585123000000124], [-64.963001, 7.563319000000149], [-64.948769, 7.554028000000187], [-64.959564, 7.540043], [-64.958442, 7.528572000000167], [-64.955472, 7.52467], [-64.948607, 7.520995000000141], [-64.940813, 7.52328400000016], [-64.904687, 7.489996000000133], [-64.8882109999999, 7.481954], [-64.87975199999988, 7.474148000000184], [-64.87132799999989, 7.449824], [-64.881265, 7.408077], [-64.879229, 7.396145], [-64.863535, 7.34451], [-64.851071, 7.28232], [-64.841513, 7.254548], [-64.830789, 7.235952], [-64.791645, 7.229035000000124], [-64.76807899999989, 7.219836000000157], [-64.753447, 7.209496000000115], [-64.733121, 7.185611], [-64.726509, 7.172984000000156], [-64.706174, 7.169976000000133], [-64.66507799999982, 7.18584600000014], [-64.64758399999982, 7.180422], [-64.63751799999989, 7.180954], [-64.63468399999988, 7.182615000000112], [-64.634194, 7.187451], [-64.639347, 7.207699000000105], [-64.649485, 7.231534000000124], [-64.64717599999989, 7.243875000000173], [-64.65063399999985, 7.251971], [-64.648421, 7.256494], [-64.680537, 7.393706], [-64.672084, 7.455352], [-64.676365, 7.464582], [-64.69753099999986, 7.503151], [-64.73275799999988, 7.5264], [-64.76375599999989, 7.536854000000119], [-64.786466, 7.538268], [-64.813305, 7.559715], [-64.81810999999988, 7.572497000000112], [-64.827662, 7.581511], [-64.840938, 7.580571], [-64.847782, 7.585384], [-64.854329, 7.592845], [-64.861774, 7.618908], [-64.869809, 7.625767], [-64.85903699999983, 7.641424], [-64.85990419199999, 7.661719760000096]]]}}, {"type": "Feature", "properties": {"parroquia": "Las Majadas", "municipio": "Sucre", "estado": "Bolívar", "pcode": "VE071004", "estado_pcode": "VE07", "municipio_pcode": "VE0710", "center_lat": 7.4717905, "center_lon": -64.62884853, "area_sqkm": 857.59925241}, "geometry": {"type": "Polygon", "coordinates": [[[-64.528618, 7.240649], [-64.536192, 7.248556], [-64.53859299999988, 7.255180000000109], [-64.547269, 7.294444], [-64.564732, 7.304698], [-64.566779, 7.324199000000135], [-64.576981, 7.338379], [-64.5764989999999, 7.343790000000183], [-64.591154, 7.357083000000102], [-64.60593399999982, 7.364167], [-64.604523, 7.368791], [-64.606619, 7.370821], [-64.608739, 7.367564000000129], [-64.61376599999983, 7.373563000000161], [-64.61585, 7.381684], [-64.61386099999987, 7.406202000000121], [-64.610603, 7.416721], [-64.600885, 7.424485000000118], [-64.597011, 7.432487000000151], [-64.598141, 7.438328], [-64.568225, 7.484734000000174], [-64.569276, 7.492645], [-64.566511, 7.498557], [-64.549908, 7.512653], [-64.546873, 7.529717], [-64.547738, 7.533494000000132], [-64.56007, 7.544646], [-64.573504, 7.546354000000122], [-64.578031, 7.549834], [-64.584054, 7.546965], [-64.589856, 7.551226000000156], [-64.597308, 7.551549], [-64.60565899999989, 7.557603], [-64.609827, 7.566835], [-64.620173, 7.575609], [-64.629328, 7.588427000000138], [-64.64184899999987, 7.597046], [-64.642549, 7.60450400000019], [-64.622422, 7.6203900000001], [-64.630773, 7.666666], [-64.62980899999985, 7.677372], [-64.63252099999988, 7.6885860000001], [-64.629671, 7.696223], [-64.63734199999988, 7.702517], [-64.638435, 7.706175], [-64.63551499999988, 7.709676000000172], [-64.627491, 7.709594], [-64.62942, 7.71519], [-64.62663, 7.719608], [-64.632672, 7.724439], [-64.63164699999987, 7.726469000000122], [-64.634647, 7.726011], [-64.64454694499989, 7.753396111000086], [-64.67560730299988, 7.742605490000187], [-64.74822032299994, 7.689994914000124], [-64.78436086899995, 7.674166376000187], [-64.85990419199999, 7.661719760000096], [-64.85903699999983, 7.641424], [-64.869809, 7.625767], [-64.861774, 7.618908], [-64.854329, 7.592845], [-64.847782, 7.585384], [-64.840938, 7.580571], [-64.827662, 7.581511], [-64.81810999999988, 7.572497000000112], [-64.813305, 7.559715], [-64.786466, 7.538268], [-64.76375599999989, 7.536854000000119], [-64.73275799999988, 7.5264], [-64.69753099999986, 7.503151], [-64.676365, 7.464582], [-64.672084, 7.455352], [-64.680537, 7.393706], [-64.648421, 7.256494], [-64.65063399999985, 7.251971], [-64.64717599999989, 7.243875000000173], [-64.649485, 7.231534000000124], [-64.639347, 7.207699000000105], [-64.634194, 7.187451], [-64.60391, 7.198119], [-64.55888299999987, 7.219876], [-64.528618, 7.240649]]]}}, {"type": "Feature", "properties": {"parroquia": "Motiaco", "municipio": "Sucre", "estado": "Bolívar", "pcode": "VE071005", "estado_pcode": "VE07", "municipio_pcode": "VE0710", "center_lat": 7.1713425, "center_lon": -64.10418337, "area_sqkm": 8595.23262334}, "geometry": {"type": "Polygon", "coordinates": [[[-64.13598240299996, 8.001590531000033], [-64.13952331199982, 7.999477083000158], [-64.16269041399988, 8.011195280000095], [-64.17490702799995, 8.027131631000032], [-64.19033075999988, 8.036548798000183], [-64.20471549099994, 8.055124204000037], [-64.2128388729999, 8.05987930100008], [-64.21672307799992, 8.068542500000035], [-64.22999674399995, 8.084920853000085], [-64.24486345399993, 8.093523011000059], [-64.26388729899992, 8.09083286300006], [-64.28556429199989, 8.094948875000057], [-64.29863587299991, 8.092624758000056], [-64.31842472199997, 8.083978451000121], [-64.33736113799995, 8.065864709000095], [-64.34024732099994, 8.05884616700007], [-64.36173737199988, 8.013660505000075], [-64.37213380499998, 8.005787272000134], [-64.39810092399983, 7.996425925000153], [-64.41144353299995, 7.999148940000111], [-64.43724081299996, 8.026143505000164], [-64.44893735799991, 8.032510611000077], [-64.46770620299998, 8.031526513000188], [-64.47769762999985, 8.02823238000002], [-64.48865808199997, 8.018004089000101], [-64.5070828769999, 8.012098859000162], [-64.54348682899996, 7.990128141000071], [-64.56181802799995, 7.971288866000123], [-64.56885740399986, 7.9557312], [-64.57210846299989, 7.934793658000103], [-64.57969470299992, 7.911173045], [-64.58038270799983, 7.904379870000071], [-64.57265826799994, 7.881538337000109], [-64.5667079779999, 7.875441216000013], [-64.5367886059999, 7.868862171000046], [-64.51772472099998, 7.860016041000165], [-64.50220501099989, 7.857490033000033], [-64.46535628399994, 7.838163713000029], [-64.45361270699993, 7.828262512000151], [-64.4575518119999, 7.810149051000053], [-64.4772776349999, 7.794142569000144], [-64.49624344499983, 7.784480255000062], [-64.50979098399995, 7.768911820000028], [-64.52225452299996, 7.764616656000101], [-64.54826467299989, 7.760858459000076], [-64.59378272599992, 7.76461636300013], [-64.64454694499989, 7.753396111000086], [-64.634647, 7.726011], [-64.63164699999987, 7.726469000000122], [-64.632672, 7.724439], [-64.62663, 7.719608], [-64.62942, 7.71519], [-64.627491, 7.709594], [-64.63551499999988, 7.709676000000172], [-64.638435, 7.706175], [-64.63734199999988, 7.702517], [-64.629671, 7.696223], [-64.63252099999988, 7.6885860000001], [-64.62980899999985, 7.677372], [-64.630773, 7.666666], [-64.622422, 7.6203900000001], [-64.642549, 7.60450400000019], [-64.64184899999987, 7.597046], [-64.629328, 7.588427000000138], [-64.620173, 7.575609], [-64.609827, 7.566835], [-64.60565899999989, 7.557603], [-64.597308, 7.551549], [-64.589856, 7.551226000000156], [-64.584054, 7.546965], [-64.578031, 7.549834], [-64.573504, 7.546354000000122], [-64.56007, 7.544646], [-64.547738, 7.533494000000132], [-64.546873, 7.529717], [-64.549908, 7.512653], [-64.566511, 7.498557], [-64.569276, 7.492645], [-64.568225, 7.484734000000174], [-64.598141, 7.438328], [-64.597011, 7.432487000000151], [-64.600885, 7.424485000000118], [-64.610603, 7.416721], [-64.61386099999987, 7.406202000000121], [-64.61585, 7.381684], [-64.61376599999983, 7.373563000000161], [-64.608739, 7.367564000000129], [-64.606619, 7.370821], [-64.604523, 7.368791], [-64.60593399999982, 7.364167], [-64.591154, 7.357083000000102], [-64.5764989999999, 7.343790000000183], [-64.576981, 7.338379], [-64.566779, 7.324199000000135], [-64.564732, 7.304698], [-64.547269, 7.294444], [-64.53859299999988, 7.255180000000109], [-64.536192, 7.248556], [-64.528618, 7.240649], [-64.51035799999988, 7.237419000000159], [-64.504442, 7.24649200000016], [-64.494405, 7.248858000000155], [-64.479815, 7.259582], [-64.472818, 7.258904], [-64.44589, 7.26456300000018], [-64.43655799999988, 7.261053], [-64.42660799999987, 7.268703], [-64.419838, 7.281699000000117], [-64.41161199999988, 7.282766000000152], [-64.408832, 7.287758000000167], [-64.403487, 7.290038], [-64.389617, 7.286478000000159], [-64.365305, 7.300836000000118], [-64.35104699999988, 7.297298000000126], [-64.33868799999988, 7.297748], [-64.332104, 7.280281], [-64.32409899999988, 7.273873], [-64.320098, 7.253255], [-64.338541, 7.197874], [-64.347525, 7.180129000000136], [-64.3475, 7.164727000000141], [-64.32010399999984, 7.11609], [-64.353074, 7.015901], [-64.361434, 7.002303000000154], [-64.36514, 6.997984], [-64.373911, 6.995529], [-64.395336, 6.983191000000147], [-64.407349, 6.962286], [-64.423352, 6.961194000000148], [-64.43222999999989, 6.951494000000139], [-64.432135, 6.938853000000108], [-64.42297799999989, 6.924765], [-64.422761, 6.91856300000012], [-64.427243, 6.912850000000162], [-64.430385, 6.895323000000189], [-64.4291429999999, 6.889368], [-64.42193599999985, 6.875591], [-64.412331, 6.868983000000185], [-64.42626499999983, 6.802050000000122], [-64.435042, 6.793272000000172], [-64.446268, 6.787324], [-64.463937, 6.783787000000189], [-64.467692, 6.761766000000137], [-64.45668199999989, 6.739208000000133], [-64.450025, 6.730822000000103], [-64.449819, 6.718297000000121], [-64.454853, 6.711541000000125], [-64.472269, 6.699733], [-64.47345499999989, 6.681551000000127], [-64.478325, 6.671809], [-64.474096, 6.644300000000101], [-64.475083, 6.627962000000139], [-64.47778999999986, 6.618718000000172], [-64.500296, 6.576359000000139], [-64.499082, 6.565232000000151], [-64.504266, 6.540082], [-64.50031799999988, 6.529465000000187], [-64.5169, 6.516061], [-64.5202359999999, 6.51048400000019], [-64.521324, 6.491097000000138], [-64.50477599999988, 6.471180000000118], [-64.49190799999985, 6.464983], [-64.45771699999989, 6.463157000000137], [-64.448449, 6.479421], [-64.445258, 6.49612], [-64.425254, 6.52255], [-64.425869, 6.538521], [-64.418847, 6.558225], [-64.414801, 6.584798], [-64.407854, 6.59613800000011], [-64.402505, 6.59913], [-64.400161, 6.605951], [-64.399907, 6.633318], [-64.37837699999989, 6.658966], [-64.365402, 6.664166], [-64.32282, 6.664524000000142], [-64.30994, 6.65984], [-64.29473599999983, 6.659695000000113], [-64.286402, 6.656575], [-64.27041699999984, 6.658702000000176], [-64.212668, 6.655864000000179], [-64.186907, 6.647253], [-64.172614, 6.631913000000168], [-64.16442799999987, 6.613972], [-64.164886, 6.566856], [-64.16955599999989, 6.555500000000166], [-64.211721, 6.517142], [-64.214826, 6.510331000000122], [-64.227092, 6.499046], [-64.228031, 6.480052], [-64.234992, 6.467196000000172], [-64.236079, 6.432242000000144], [-64.230831, 6.424592000000132], [-64.229637, 6.389616], [-64.212566, 6.346133], [-64.2292369999999, 6.26799700000015], [-64.23635499999989, 6.250784], [-64.22818799999988, 6.247364], [-64.21006399999987, 6.249983], [-64.192333, 6.248685], [-64.175232, 6.258064], [-64.1600509999999, 6.25902], [-64.159772, 6.263047], [-64.1646429999999, 6.267559000000119], [-64.166601, 6.275684], [-64.147643, 6.276246000000185], [-64.133049, 6.263858000000141], [-64.12402399999985, 6.26759], [-64.119388, 6.275479000000132], [-64.121346, 6.289577], [-64.144574, 6.298826], [-64.146958, 6.304991], [-64.151448, 6.307096000000115], [-64.167515, 6.311412000000132], [-64.172627, 6.309599], [-64.18254499999989, 6.315286], [-64.184362, 6.32169], [-64.191942, 6.324086], [-64.18782, 6.352087000000154], [-64.191159, 6.367889], [-64.1951279999999, 6.373106], [-64.194291, 6.377948], [-64.187819, 6.38059], [-64.19088, 6.393294], [-64.188731, 6.416088000000116], [-64.177493, 6.435249000000113], [-64.177586, 6.462487000000124], [-64.185187, 6.473157], [-64.177143, 6.491917000000115], [-64.16223, 6.502982], [-64.139174, 6.505224000000169], [-64.134937, 6.508957000000123], [-64.122412, 6.512924000000112], [-64.109181, 6.520832000000155], [-64.09095199999985, 6.53663], [-64.069834, 6.541691000000128], [-64.056625, 6.561774], [-64.05095, 6.587574], [-64.027758, 6.616811], [-64.027976, 6.619317], [-64.017123, 6.627556], [-64.014313, 6.636050000000182], [-64.002936, 6.637520000000109], [-63.999001, 6.634833000000185], [-63.99707699999988, 6.637051], [-63.998488, 6.63961], [-63.989763, 6.63304200000016], [-63.985272, 6.639141000000109], [-63.981038, 6.63607], [-63.97671799999989, 6.64106], [-63.972355, 6.639354], [-63.969019, 6.629672], [-63.956701, 6.625194], [-63.953579, 6.629758], [-63.945859, 6.632364], [-63.945175, 6.635818], [-63.937989, 6.635136], [-63.937774999999874, 6.641787], [-63.93127399999986, 6.640892], [-63.93012, 6.645582000000161], [-63.9264409999999, 6.643492], [-63.924944, 6.645368], [-63.90920499999987, 6.644388000000106], [-63.90462799999989, 6.649504], [-63.901806, 6.646392], [-63.901078, 6.655089], [-63.89637399999987, 6.658287000000144], [-63.895732, 6.662319000000139], [-63.892054, 6.661137], [-63.890429, 6.663346], [-63.890685, 6.674379], [-63.876571, 6.674316000000147], [-63.87017399999985, 6.686861], [-63.865964, 6.695041], [-63.857324, 6.699637000000166], [-63.853988, 6.705499], [-63.858522, 6.709226], [-63.871267, 6.706320000000119], [-63.872893, 6.70827], [-63.871488, 6.720290000000148], [-63.861781, 6.721563000000117], [-63.866161, 6.733021000000122], [-63.870315, 6.736246000000165], [-63.87650299999984, 6.727462], [-63.881727, 6.730984], [-63.87937899999986, 6.734209], [-63.879943, 6.739004], [-63.895565, 6.746176], [-63.884382, 6.760349000000133], [-63.880268, 6.771955000000105], [-63.887802, 6.767796], [-63.889643, 6.760476], [-63.893709999999885, 6.763192000000174], [-63.900636, 6.761155], [-63.89528799999988, 6.767457], [-63.896736, 6.771488], [-63.892014, 6.782182], [-63.899807, 6.803399000000184], [-63.896982, 6.804927000000134], [-63.895557, 6.813626000000113], [-63.891963, 6.814687000000106], [-63.892109, 6.822788], [-63.888094, 6.825715], [-63.897354, 6.839797], [-63.89159199999989, 6.847014], [-63.89699799999988, 6.858158000000174], [-63.895859, 6.868016000000125], [-63.899102, 6.87214500000016], [-63.896275, 6.878477], [-63.910176, 6.891001000000131], [-63.910672, 6.896961000000147], [-63.907067, 6.897706], [-63.902458, 6.905435000000182], [-63.897056, 6.905132000000151], [-63.893606, 6.908787], [-63.89297, 6.91761], [-63.881846, 6.92194000000012], [-63.874733, 6.931417000000181], [-63.86930699999988, 6.93365], [-63.866485, 6.942244000000187], [-63.869056999999884, 6.947949], [-63.855822, 6.952713], [-63.8532, 6.960093], [-63.847842, 6.960326], [-63.843070999999895, 6.966855000000123], [-63.849183, 6.97183600000011], [-63.847624, 6.97547800000018], [-63.849783, 6.993809], [-63.847029, 7.000533], [-63.850036, 7.002958000000149], [-63.857213, 7.002494000000127], [-63.860911, 7.007313], [-63.868248, 7.010293000000104], [-63.864539, 7.01446], [-63.864697, 7.020133000000158], [-63.856105, 7.040603], [-63.853982, 7.053415], [-63.855761, 7.057364], [-63.861214, 7.059999000000175], [-63.864409, 7.071996000000183], [-63.869809, 7.076048], [-63.867043, 7.083232], [-63.869175, 7.08996500000012], [-63.867334, 7.092545], [-63.8612619999999, 7.093502], [-63.862831, 7.100943], [-63.857371, 7.107351000000165], [-63.859208, 7.117753000000164], [-63.852424, 7.139232000000106], [-63.853773, 7.145449], [-63.850599, 7.148044], [-63.852662, 7.154655], [-63.848655, 7.162679000000139], [-63.8554, 7.169529], [-63.863374, 7.172248], [-63.863810999999885, 7.179449], [-63.881839, 7.198420000000112], [-63.887429, 7.21840600000013], [-63.896733, 7.218844000000161], [-63.899938, 7.225509], [-63.911889, 7.231398], [-63.92344999999989, 7.2515], [-63.935128, 7.259902000000181], [-63.941623, 7.273849], [-63.95022799999987, 7.274756000000139], [-63.96359299999989, 7.27185100000014], [-63.97163699999987, 7.274423000000127], [-63.984768, 7.301485000000127], [-63.982395, 7.32819400000011], [-63.98966399999989, 7.338680000000124], [-63.99736, 7.338893], [-64.004928, 7.349463], [-64.007621, 7.357912000000169], [-64.010058, 7.387543000000107], [-64.013479, 7.390812], [-64.019336, 7.414246000000105], [-64.018695, 7.417643000000112], [-64.009759, 7.422143000000119], [-64.016983, 7.443897000000106], [-64.030709, 7.457312000000172], [-64.027631, 7.46163700000011], [-64.031541, 7.46514500000012], [-64.034827, 7.480319], [-64.038862, 7.482386], [-64.055251, 7.482613000000185], [-64.04680699999989, 7.489239], [-64.04635, 7.495174000000134], [-64.0424809999999, 7.500652], [-64.04205699999989, 7.510154], [-64.044702, 7.531216], [-64.059, 7.544935000000123], [-64.068941, 7.545355], [-64.072313, 7.54164], [-64.07875699999988, 7.542599000000109], [-64.10255, 7.555525], [-64.105586, 7.563117], [-64.112741, 7.562132000000133], [-64.128797, 7.568247], [-64.128963, 7.570969000000161], [-64.120727, 7.575213000000133], [-64.11910499999988, 7.580368], [-64.129088, 7.589945000000114], [-64.124887, 7.595596000000171], [-64.127091, 7.597823], [-64.125511, 7.604464], [-64.134246, 7.612136], [-64.12913, 7.616344], [-64.128215, 7.629873000000146], [-64.142274, 7.651241], [-64.14951199999985, 7.656501000000105], [-64.152923, 7.651589000000115], [-64.15512699999982, 7.65229], [-64.164029, 7.66546000000011], [-64.174594, 7.673428000000172], [-64.1783789999999, 7.679828], [-64.166857, 7.692336], [-64.163655, 7.706249000000128], [-64.192398, 7.725901], [-64.19545499999987, 7.724713000000179], [-64.195974, 7.719527], [-64.202253, 7.71974100000017], [-64.213641, 7.7398], [-64.225851, 7.742843000000107], [-64.233385, 7.7398], [-64.241871, 7.744814000000133], [-64.24464299999988, 7.75681400000019], [-64.258975, 7.78793], [-64.27391299999988, 7.802287000000149], [-64.278027, 7.81206], [-64.274476, 7.840303], [-64.28179399999988, 7.85569], [-64.274986, 7.866327000000126], [-64.27406, 7.875232], [-64.29044, 7.884965], [-64.29332799999986, 7.889583], [-64.288415, 7.897566], [-64.278321, 7.899169], [-64.281041, 7.90613900000011], [-64.274076, 7.917062000000101], [-64.278469, 7.924620000000175], [-64.276557, 7.933279], [-64.260238, 7.952113000000168], [-64.25654, 7.951860000000181], [-64.247106, 7.939915], [-64.23952, 7.939093], [-64.2327269999999, 7.941545], [-64.22502, 7.93404], [-64.220302, 7.936457], [-64.208434, 7.950833000000102], [-64.197213, 7.951721], [-64.183163, 7.94809], [-64.17538699999989, 7.949858], [-64.168851, 7.953617], [-64.168623, 7.958981000000165], [-64.17716399999983, 7.968839000000116], [-64.189807, 7.968565000000183], [-64.190801, 7.972010000000125], [-64.184452, 7.972393000000181], [-64.17534199999989, 7.978681000000165], [-64.16766799999988, 7.979829000000109], [-64.161319, 7.984094], [-64.151405, 7.984110000000101], [-64.1415, 7.98941], [-64.13598240299996, 8.001590531000033]]]}}, {"type": "Feature", "properties": {"parroquia": "Sección Capital Padre Pedro Chien", "municipio": "Padre Pedro Chien", "estado": "Bolívar", "pcode": "VE071101", "estado_pcode": "VE07", "municipio_pcode": "VE0711", "center_lat": 8.00446012, "center_lon": -61.89396542, "area_sqkm": 3580.96699397}, "geometry": {"type": "Polygon", "coordinates": [[[-61.65519963499992, 7.946104627000125], [-61.654821719999916, 7.958669036000117], [-61.659709985999825, 7.967042239000023], [-61.65949099999989, 7.973026405000098], [-61.65014168399995, 8.0031582310001], [-61.66112041399998, 8.058894662000057], [-61.68767068899996, 8.07002784399998], [-61.692337936999934, 8.078702062000048], [-61.69925727599991, 8.083804162000149], [-61.69844231899998, 8.104788721000148], [-61.70560171799997, 8.122040151000022], [-61.70767586299996, 8.134518477000086], [-61.72483569999986, 8.144579672000077], [-61.738632400999904, 8.161431060000098], [-61.74314167499989, 8.176755459000162], [-61.747390871999926, 8.17798047399998], [-61.76092655799988, 8.191509777000022], [-61.760376580999946, 8.20469712500011], [-61.77404223899998, 8.20859617300016], [-61.77920051999985, 8.220130461000053], [-61.79010106999988, 8.23322277], [-61.788959062999936, 8.244466063000118], [-61.79471234499988, 8.247054117000175], [-61.79721149899996, 8.256089347000113], [-61.79188127099985, 8.260949492000123], [-61.79047724399993, 8.268985712000188], [-61.7933513779999, 8.270107734000135], [-61.7863420889999, 8.27864999400009], [-61.787763171999984, 8.283109103000186], [-61.774408570999924, 8.287233260000107], [-61.76844328599992, 8.28625126300011], [-61.73397374299992, 8.29719869100012], [-61.72023710199994, 8.297770761000038], [-61.70664353599983, 8.31209619700013], [-61.70121135199997, 8.329565693000177], [-61.6849606589999, 8.341965092000123], [-61.68711079299999, 8.350659318999988], [-61.68252562199996, 8.361472623000111], [-61.68852395899995, 8.37678601000016], [-61.699241481999934, 8.38311813000007], [-61.69748443699996, 8.390469334999977], [-61.70253571199993, 8.40269463900006], [-61.70180470899993, 8.409578835000161], [-61.710402156999976, 8.421202109000149], [-61.70922214199993, 8.429006317000187], [-61.70114578599987, 8.434575509000183], [-61.700334532999875, 8.440548261], [-61.70043478799994, 8.443379747000165], [-61.85658762199989, 8.402551693000134], [-62.24972380499986, 8.299761763000106], [-62.249754, 8.292093], [-62.266166, 8.266026], [-62.271913, 8.248546], [-62.265656, 8.236993], [-62.244022, 8.233690000000138], [-62.234255, 8.212200000000166], [-62.229196, 8.205384], [-62.214670999999896, 8.196754], [-62.19680099999988, 8.168763000000126], [-62.19313099999982, 8.140740000000164], [-62.18405699999988, 8.109826000000112], [-62.182419, 8.080281000000127], [-62.17771, 8.066392], [-62.159842, 8.04641800000013], [-62.16065399999985, 8.043611], [-62.150626, 8.037401000000159], [-62.137881, 8.023649], [-62.138362, 8.005762000000175], [-62.133037999999885, 8.000539000000174], [-62.134551, 7.996733], [-62.13085, 7.985159], [-62.127653, 7.984763000000157], [-62.130182, 7.977087], [-62.128876999999875, 7.972921000000156], [-62.123472, 7.967654], [-62.120542999999884, 7.971868], [-62.115221, 7.968445], [-62.122531, 7.941383], [-62.12267899999989, 7.932404000000133], [-62.142441, 7.920279000000164], [-62.149294, 7.90000300000014], [-62.161881, 7.89974], [-62.171339, 7.895052], [-62.172502, 7.87987], [-62.184347999999886, 7.87591], [-62.17959999999988, 7.865471], [-62.184084, 7.864044], [-62.185186, 7.85957], [-62.190014999999846, 7.858149000000139], [-62.193995, 7.845544], [-62.202382999999884, 7.843141], [-62.198718, 7.829379000000188], [-62.199438, 7.813269], [-62.186029, 7.786802], [-62.181297, 7.768418], [-62.167456, 7.768546000000129], [-62.1620309999999, 7.764660000000106], [-62.15477899999985, 7.767541000000108], [-62.135859, 7.784517000000164], [-62.1284169999999, 7.784975], [-62.121098, 7.77795], [-62.091371, 7.777479], [-62.07832499999989, 7.764144], [-62.065207, 7.761372], [-62.059727, 7.763423000000103], [-62.053976, 7.777974], [-62.046785999999884, 7.782934], [-62.024566, 7.792078000000117], [-62.01266, 7.785899], [-62.009781, 7.780210000000125], [-62.004235, 7.776782], [-61.98393, 7.732578], [-61.96992, 7.708744000000138], [-61.967067, 7.694763], [-61.970254, 7.682030000000111], [-61.960724, 7.670706], [-61.95161799999988, 7.620577000000139], [-61.94541, 7.608960000000138], [-61.93881, 7.607126], [-61.933459999999855, 7.598976], [-61.924223, 7.597560000000101], [-61.913506, 7.582299], [-61.90028, 7.573447], [-61.864339, 7.576085], [-61.850001, 7.572165], [-61.828333, 7.575841], [-61.81618, 7.564470000000142], [-61.816349999999886, 7.59464700000018], [-61.837040999999886, 7.61491100000012], [-61.837366, 7.629428], [-61.851728, 7.679069], [-61.84800399999989, 7.689603], [-61.848988, 7.698948], [-61.86491299999989, 7.717405000000156], [-61.8678, 7.729198000000167], [-61.874362, 7.740131], [-61.874958, 7.752233], [-61.862063, 7.777473000000157], [-61.85941799999989, 7.798505], [-61.848729, 7.808349], [-61.849209, 7.82044900000011], [-61.843089, 7.830599], [-61.843129, 7.841654], [-61.82806, 7.866743], [-61.832346, 7.870268], [-61.808331, 7.876553000000172], [-61.803759, 7.889720000000182], [-61.796135999999876, 7.893971], [-61.78473099999985, 7.89194], [-61.776811, 7.893537000000151], [-61.768228, 7.900305], [-61.761693, 7.907797000000187], [-61.760444999999834, 7.91388], [-61.775174, 7.928863], [-61.72854999999987, 7.925789], [-61.674205, 7.932482000000164], [-61.658979, 7.939597], [-61.65519963499992, 7.946104627000125]]]}}, {"type": "Feature", "properties": {"parroquia": "Cinco de Julio", "municipio": "Caroní", "estado": "Bolívar", "pcode": "VE070111", "estado_pcode": "VE07", "municipio_pcode": "VE0701", "center_lat": 8.38293351, "center_lon": -62.54172803, "area_sqkm": 33.39221999}, "geometry": {"type": "Polygon", "coordinates": [[[-62.50921722299995, 8.355155437000064], [-62.499633777999975, 8.385533025000143], [-62.501608306999856, 8.38679887000012], [-62.55537538099992, 8.41323217400003], [-62.58888, 8.387348], [-62.57776399999989, 8.378499000000147], [-62.517380250999906, 8.356197526000187], [-62.50921722299995, 8.355155437000064]]]}}]}