{"type": "FeatureCollection", "features": [{"type": "Feature", "properties": {"parroquia": "San Juan de los Cayos", "municipio": "Acosta", "estado": "Falcón", "pcode": "VE110101", "estado_pcode": "VE11", "municipio_pcode": "VE1101", "center_lat": 11.13086324, "center_lon": -68.44715056, "area_sqkm": 204.11068553}, "geometry": {"type": "Polygon", "coordinates": [[[-68.33929786199997, 11.060417108000024], [-68.37277642499987, 11.11010925700009], [-68.39160545599992, 11.144321048000108], [-68.39161754299994, 11.15700838600003], [-68.38681035899992, 11.161466538000127], [-68.38211513999994, 11.15884350000016], [-68.37962404899997, 11.160624562000066], [-68.39424479299998, 11.178461945000038], [-68.4105765779999, 11.190138148000074], [-68.40838140999995, 11.179733880000072], [-68.41551667099992, 11.171841628000038], [-68.44778107699989, 11.174945507000075], [-68.48398784599993, 11.206308100000058], [-68.49761768899992, 11.22164368600005], [-68.517046, 11.087853], [-68.39762699999989, 11.053273000000104], [-68.39778699999988, 11.045695000000137], [-68.391312, 11.044501], [-68.38489, 11.046472000000108], [-68.38161799999983, 11.041872000000183], [-68.372119, 11.042358], [-68.365859, 11.048615000000154], [-68.355677, 11.04747], [-68.348329, 11.054667000000165], [-68.33929786199997, 11.060417108000024]]]}}, {"type": "Feature", "properties": {"parroquia": "Capadare", "municipio": "Acosta", "estado": "Falcón", "pcode": "VE110102", "estado_pcode": "VE11", "municipio_pcode": "VE1101", "center_lat": 11.1251, "center_lon": -68.57623593, "area_sqkm": 169.34849779}, "geometry": {"type": "Polygon", "coordinates": [[[-68.517046, 11.087853], [-68.49761768899992, 11.22164368600005], [-68.56641899999988, 11.171988], [-68.606958, 11.176905], [-68.62864499999989, 11.153501], [-68.63276499999989, 11.152345], [-68.628231, 11.139561], [-68.63830599999989, 11.139573000000155], [-68.643378, 11.110639000000162], [-68.643859, 11.091648], [-68.617308, 11.089354], [-68.576157, 11.051767], [-68.537657, 11.068546], [-68.517046, 11.087853]]]}}, {"type": "Feature", "properties": {"parroquia": "La Pastora", "municipio": "Acosta", "estado": "Falcón", "pcode": "VE110103", "estado_pcode": "VE11", "municipio_pcode": "VE1101", "center_lat": 11.25355462, "center_lon": -68.63778229, "area_sqkm": 355.43636324}, "geometry": {"type": "Polygon", "coordinates": [[[-68.49761768899992, 11.22164368600005], [-68.51798460799995, 11.252252106000071], [-68.53151427099993, 11.264678348000075], [-68.53963664699984, 11.268115395000109], [-68.5422977469999, 11.265411306000146], [-68.54609390399997, 11.26567128400012], [-68.55858450699986, 11.274650440000016], [-68.57175005599993, 11.272011286000179], [-68.5854866659999, 11.275549296000179], [-68.59285902699997, 11.281854414000122], [-68.59880227199994, 11.280441332000066], [-68.60224642899988, 11.282238356000107], [-68.61764018699995, 11.297166657000105], [-68.65357502799992, 11.34055858000005], [-68.66360050999998, 11.34802471400019], [-68.67120583099995, 11.346809635999989], [-68.68944866699991, 11.355332745000055], [-68.69146474099995, 11.35377069000009], [-68.69208969399995, 11.343147398000042], [-68.70455021999993, 11.34085225800004], [-68.71988691199994, 11.34572828000006], [-68.73295953499996, 11.355395452000039], [-68.73424227399988, 11.353887987000064], [-68.770988, 11.28079], [-68.717932, 11.191209], [-68.705103, 11.195719000000167], [-68.621759, 11.187937], [-68.63918299999989, 11.170324], [-68.63276499999989, 11.152345], [-68.62864499999989, 11.153501], [-68.606958, 11.176905], [-68.56641899999988, 11.171988], [-68.49761768899992, 11.22164368600005]]]}}, {"type": "Feature", "properties": {"parroquia": "Libertador", "municipio": "Acosta", "estado": "Falcón", "pcode": "VE110104", "estado_pcode": "VE11", "municipio_pcode": "VE1101", "center_lat": 11.0271945, "center_lon": -68.45266312, "area_sqkm": 107.21558335}, "geometry": {"type": "Polygon", "coordinates": [[[-68.537657, 11.068546], [-68.450583, 10.966069000000175], [-68.447217, 10.966470000000129], [-68.44792399999983, 10.969804000000124], [-68.444164, 10.971702000000164], [-68.448071, 10.977274], [-68.43988499999983, 10.978811000000178], [-68.438249, 10.982506], [-68.441255, 10.986993], [-68.431127, 10.992047], [-68.425127, 10.987886], [-68.422679, 10.994620000000111], [-68.417037, 10.993822], [-68.417381, 10.99633800000015], [-68.414598, 10.996867], [-68.415696, 10.999203], [-68.411848, 10.998477], [-68.409879, 11.0010410000001], [-68.399864, 10.999226], [-68.398465, 11.009414000000106], [-68.394776, 11.012171000000137], [-68.398428, 11.015542000000153], [-68.396596, 11.023128], [-68.40274199999988, 11.02426300000019], [-68.402343, 11.029990000000112], [-68.40635999999984, 11.02798], [-68.407067, 11.035485], [-68.405001, 11.043055], [-68.39778699999988, 11.045695000000137], [-68.39762699999989, 11.053273000000104], [-68.517046, 11.087853], [-68.537657, 11.068546]]]}}, {"type": "Feature", "properties": {"parroquia": "San Luis", "municipio": "Bolívar", "estado": "Falcón", "pcode": "VE110201", "estado_pcode": "VE11", "municipio_pcode": "VE1102", "center_lat": 11.1154435, "center_lon": -69.67752214, "area_sqkm": 86.3863921}, "geometry": {"type": "Polygon", "coordinates": [[[-69.59514799999988, 11.047409000000187], [-69.64483899999988, 11.132652], [-69.648188, 11.15434], [-69.687956, 11.149246], [-69.69851, 11.145153000000164], [-69.722639, 11.144347], [-69.718863, 11.098235], [-69.681265, 11.073453], [-69.59514799999988, 11.047409000000187]]]}}, {"type": "Feature", "properties": {"parroquia": "Aracua", "municipio": "Bolívar", "estado": "Falcón", "pcode": "VE110202", "estado_pcode": "VE11", "municipio_pcode": "VE1102", "center_lat": 11.0066655, "center_lon": -69.62960967, "area_sqkm": 200.50056866}, "geometry": {"type": "Polygon", "coordinates": [[[-69.75965699999983, 10.938972], [-69.72570999999982, 10.937095], [-69.71130099999988, 10.942719000000181], [-69.70176699999985, 10.941638], [-69.69743899999986, 10.943642000000125], [-69.690996, 10.94057400000014], [-69.566302, 10.93653], [-69.563347, 10.933067], [-69.566675, 10.99908], [-69.59514799999988, 11.047409000000187], [-69.681265, 11.073453], [-69.64546499999989, 11.031027000000108], [-69.666482, 11.014251000000115], [-69.72867299999984, 10.992404], [-69.77986299999986, 10.968766], [-69.780386, 10.962526000000139], [-69.774602, 10.959953], [-69.77591299999989, 10.953967], [-69.771855, 10.953981000000113], [-69.765633, 10.945499000000154], [-69.761347, 10.944891], [-69.75965699999983, 10.938972]]]}}, {"type": "Feature", "properties": {"parroquia": "La Peña", "municipio": "Bolívar", "estado": "Falcón", "pcode": "VE110203", "estado_pcode": "VE11", "municipio_pcode": "VE1102", "center_lat": 11.158156, "center_lon": -69.78944171, "area_sqkm": 128.44890315}, "geometry": {"type": "Polygon", "coordinates": [[[-69.877425, 11.151621000000148], [-69.794438, 11.111611], [-69.74907599999983, 11.097258], [-69.718863, 11.098235], [-69.722639, 11.144347], [-69.722589, 11.150518], [-69.716613, 11.157941000000108], [-69.710535, 11.17231100000015], [-69.694002, 11.183809], [-69.692366, 11.189832], [-69.693924, 11.200032], [-69.704171, 11.19530900000018], [-69.714787, 11.198408], [-69.72794, 11.192692], [-69.747534, 11.192271000000176], [-69.754968, 11.199654000000123], [-69.754114, 11.203159], [-69.757358, 11.207783], [-69.765885, 11.20908500000013], [-69.770768, 11.212502], [-69.77366299999989, 11.21928], [-69.793129, 11.183577], [-69.79232, 11.174919000000102], [-69.801755, 11.172267], [-69.8145219999999, 11.174045], [-69.833513, 11.167572], [-69.8452989999999, 11.160588], [-69.857891, 11.159774], [-69.877425, 11.151621000000148]]]}}, {"type": "Feature", "properties": {"parroquia": "Capatarida", "municipio": "Buchivacoa", "estado": "Falcón", "pcode": "VE110301", "estado_pcode": "VE11", "municipio_pcode": "VE1103", "center_lat": 10.837756, "center_lon": -70.48841065, "area_sqkm": 1135.88350062}, "geometry": {"type": "Polygon", "coordinates": [[[-70.54181221999994, 11.229880309000066], [-70.58389202699988, 11.232755871000109], [-70.60084869299993, 11.226328596000087], [-70.61594030499992, 11.22389842900003], [-70.63930629199996, 11.225424314000065], [-70.66423836699994, 11.230749280000111], [-70.67326770599988, 11.226364101000115], [-70.68906038299997, 11.227804032000108], [-70.69595864699994, 11.224792907000108], [-70.71335637599992, 11.226382831000024], [-70.72388177999994, 11.221682411000131], [-70.75969399999985, 11.084914], [-70.723013, 11.102511000000163], [-70.666551, 11.104811], [-70.65494799999988, 11.099623000000122], [-70.651356, 11.100548000000117], [-70.654796, 11.094908], [-70.65314, 11.093738], [-70.65586999999988, 11.092229000000145], [-70.647459, 11.088217000000157], [-70.65095699999989, 11.07840300000015], [-70.64770199999987, 11.080713000000117], [-70.647498, 11.075862], [-70.64340899999985, 11.07107800000017], [-70.648943, 11.069821], [-70.642752, 11.069294000000127], [-70.63715999999988, 11.058108000000118], [-70.637325, 11.049851000000103], [-70.64062599999988, 11.04866200000015], [-70.638252, 11.046994000000154], [-70.64159, 11.04057900000015], [-70.640886, 11.033824], [-70.637438, 11.030962], [-70.631131, 11.032112], [-70.630092, 11.022344], [-70.621811, 11.015805], [-70.61572199999989, 11.019329000000141], [-70.610623, 11.011561], [-70.608696, 11.002792], [-70.606327, 11.002911], [-70.60967699999986, 10.999544], [-70.60512, 10.994483000000173], [-70.607105, 10.990114000000176], [-70.603813, 10.980447], [-70.599875, 10.978418], [-70.5994409999999, 10.973195], [-70.59447199999988, 10.967246], [-70.597091, 10.96123], [-70.596017, 10.95457800000014], [-70.597822, 10.954185000000109], [-70.592547, 10.946133], [-70.58909199999982, 10.944802], [-70.587531, 10.931713], [-70.58193799999987, 10.92679], [-70.575876, 10.92732100000012], [-70.570265, 10.921618], [-70.568028, 10.90694], [-70.562078, 10.893815000000188], [-70.54152, 10.868984000000182], [-70.532452, 10.851131], [-70.523455, 10.846892], [-70.51394, 10.8321], [-70.549431, 10.770824], [-70.548085, 10.756879], [-70.5445749999999, 10.75228900000019], [-70.54791399999988, 10.750937], [-70.547497, 10.748194000000126], [-70.554709, 10.74074700000017], [-70.55511599999988, 10.736535], [-70.570643, 10.723951000000113], [-70.558268, 10.711725000000172], [-70.557771, 10.705747], [-70.560435, 10.703449], [-70.551034, 10.697594000000151], [-70.547594, 10.692039], [-70.549363, 10.677092], [-70.543724, 10.663830000000189], [-70.536402, 10.654516000000115], [-70.52816299999984, 10.650768], [-70.520944, 10.651255000000162], [-70.507859, 10.637818], [-70.509119, 10.634289], [-70.515382, 10.633053], [-70.522405, 10.61995], [-70.518248, 10.609987000000103], [-70.522954, 10.59067], [-70.530319, 10.588251], [-70.545055, 10.576412000000175], [-70.548314, 10.577935], [-70.552332, 10.572572], [-70.553375, 10.559676], [-70.55619799999988, 10.55801300000013], [-70.560105, 10.543156000000124], [-70.56361199999986, 10.538585000000126], [-70.56128299999989, 10.53235], [-70.558831, 10.531636000000162], [-70.562147, 10.526792000000114], [-70.561724, 10.52300600000018], [-70.555887, 10.521342000000175], [-70.555918, 10.51936400000011], [-70.55786299999988, 10.51564800000017], [-70.563338, 10.514283], [-70.563, 10.508977], [-70.568367, 10.506902], [-70.567427, 10.501653], [-70.559314, 10.491706], [-70.555863, 10.490895], [-70.552814, 10.485823000000153], [-70.546252, 10.483873], [-70.545267, 10.476325000000145], [-70.53541899999988, 10.47245700000019], [-70.53357904999996, 10.463606816000151], [-70.52723742399996, 10.45896239600006], [-70.52514713199997, 10.45270215800008], [-70.51358100199997, 10.450449228000025], [-70.51424440099998, 10.446182059000023], [-70.50154217699998, 10.45288640300015], [-70.49349319899994, 10.461962639000092], [-70.48642763199996, 10.462149783000086], [-70.47916566499987, 10.45854276000017], [-70.47284826999993, 10.465469748999965], [-70.46158680399986, 10.469481977000157], [-70.45708445699995, 10.467367856000124], [-70.45150837299997, 10.45889472500005], [-70.43501377999996, 10.451709780000044], [-70.42714007599989, 10.456527833000166], [-70.42432518699997, 10.462899059000108], [-70.41995028899998, 10.463965835000067], [-70.41378072799995, 10.472898536000116], [-70.40323723199998, 10.478370532999975], [-70.39754645899984, 10.485501718000023], [-70.39671439599994, 10.497024043000067], [-70.38968719599995, 10.510967341000025], [-70.39526442499994, 10.524417680000113], [-70.38617803299996, 10.531953089000183], [-70.37610642299984, 10.533950161000064], [-70.37205986799995, 10.542464530000132], [-70.37171299699986, 10.543194383000184], [-70.386155, 10.551436], [-70.40314499999988, 10.585655], [-70.415349, 10.585953000000188], [-70.415605, 10.591611], [-70.41954, 10.593064], [-70.420146, 10.596704000000102], [-70.426678, 10.602581], [-70.444109, 10.607176], [-70.44544599999983, 10.619513000000154], [-70.450637, 10.632291000000123], [-70.463802, 10.636024], [-70.469173, 10.653285], [-70.47514399999989, 10.659498], [-70.470174, 10.694555], [-70.474474, 10.697649], [-70.475714, 10.703949], [-70.481045, 10.710931000000187], [-70.494797, 10.723246], [-70.44328691399988, 10.885069015000113], [-70.434845, 10.914847], [-70.503736, 10.969668], [-70.521957, 11.131865000000118], [-70.52987099999984, 11.127537000000132], [-70.535849, 11.141324000000111], [-70.524209, 11.169216], [-70.530448, 11.196034000000111], [-70.53537299999988, 11.19938500000012], [-70.53586699999988, 11.207715000000121], [-70.540399, 11.21171100000015], [-70.54223999999988, 11.22056700000013], [-70.546328, 11.223517000000186], [-70.54181221999994, 11.229880309000066]]]}}, {"type": "Feature", "properties": {"parroquia": "Bariro", "municipio": "Buchivacoa", "estado": "Falcón", "pcode": "VE110302", "estado_pcode": "VE11", "municipio_pcode": "VE1103", "center_lat": 10.7080115, "center_lon": -70.74312081, "area_sqkm": 211.58274582}, "geometry": {"type": "Polygon", "coordinates": [[[-70.67971851999994, 10.688085448000152], [-70.68464299999988, 10.760789], [-70.693975, 10.794639], [-70.76606499999986, 10.789573], [-70.86766, 10.787763], [-70.8411579999999, 10.759917], [-70.832891, 10.762900000000116], [-70.806231, 10.7592], [-70.802686, 10.637177], [-70.801844, 10.63134900000017], [-70.795994, 10.638044], [-70.783315, 10.643607], [-70.782674, 10.646726], [-70.77197299999983, 10.640313], [-70.76677599999988, 10.652694], [-70.768262, 10.655468], [-70.762799, 10.657693000000108], [-70.754976, 10.655314], [-70.751537, 10.663208], [-70.7414169999999, 10.662443000000167], [-70.739485, 10.664526], [-70.737013, 10.66151], [-70.732782, 10.663005000000112], [-70.728421, 10.660511], [-70.725359, 10.662907000000189], [-70.720059, 10.655189], [-70.706743, 10.663387000000114], [-70.711129, 10.669783000000166], [-70.70813, 10.672145], [-70.708936, 10.675187000000165], [-70.701964, 10.675903], [-70.69958799999984, 10.67979], [-70.697863, 10.676114000000155], [-70.69155099999983, 10.681453], [-70.685736, 10.681201], [-70.681926, 10.684651], [-70.68027499999988, 10.683294], [-70.681629, 10.688134000000105], [-70.67971851999994, 10.688085448000152]]]}}, {"type": "Feature", "properties": {"parroquia": "Borojo", "municipio": "Buchivacoa", "estado": "Falcón", "pcode": "VE110303", "estado_pcode": "VE11", "municipio_pcode": "VE1103", "center_lat": 11.0056625, "center_lon": -70.76735958, "area_sqkm": 473.57418958}, "geometry": {"type": "Polygon", "coordinates": [[[-70.75969399999985, 11.084914], [-70.72388177999994, 11.221682411000131], [-70.73119806899984, 11.217765493000059], [-70.7588971799999, 11.213180185000112], [-70.76882854799999, 11.205942937000088], [-70.7839311439999, 11.201806734000115], [-70.83678531499987, 11.196656243000177], [-70.85146288399989, 11.19165701999998], [-70.85466899799997, 11.18794089700009], [-70.86521940599982, 11.18404273200008], [-70.93261094099995, 11.145292299000062], [-70.94685143599992, 11.13148785400017], [-70.97594454999995, 11.119041338999978], [-70.965246, 11.10693600000019], [-70.936653, 11.083419], [-70.926559, 11.069215], [-70.92012099999988, 11.066547], [-70.915694, 11.05519900000013], [-70.91138299999989, 11.053198000000123], [-70.902459, 11.040970000000186], [-70.903666, 11.037929], [-70.807399, 11.050114000000178], [-70.789057, 11.06279], [-70.781791, 11.046709], [-70.779093, 11.044978000000128], [-70.77804, 11.047492000000148], [-70.778456, 11.042693], [-70.772805, 11.042453000000137], [-70.795707, 11.022234], [-70.791551, 11.025198000000103], [-70.791249, 11.021531], [-70.786078, 11.021892], [-70.78901999999988, 11.018953000000124], [-70.78622799999988, 11.015632000000153], [-70.787046, 11.011957], [-70.79225999999989, 11.013275], [-70.791353, 11.007577], [-70.794536, 11.006534], [-70.7902749999999, 11.003224], [-70.793367, 11.002153], [-70.788788, 10.99481800000018], [-70.786096, 10.996072], [-70.786325, 10.989346], [-70.789052, 10.989034000000117], [-70.78194, 10.97962600000011], [-70.784029, 10.976505], [-70.779714, 10.977350000000115], [-70.778954, 10.971531], [-70.776402, 10.974486], [-70.771898, 10.972022000000152], [-70.774124, 10.969086], [-70.773282, 10.965976000000126], [-70.77160499999985, 10.967839], [-70.769996, 10.95597], [-70.772202, 10.956249000000184], [-70.768753, 10.951501], [-70.765121, 10.953341], [-70.761897, 10.947470000000123], [-70.7597449999999, 10.948363000000143], [-70.76606499999986, 10.789573], [-70.693975, 10.794639], [-70.732322, 10.943141], [-70.74094699999984, 11.009989], [-70.75969399999985, 11.084914]]]}}, {"type": "Feature", "properties": {"parroquia": "Guajiro", "municipio": "Buchivacoa", "estado": "Falcón", "pcode": "VE110304", "estado_pcode": "VE11", "municipio_pcode": "VE1103", "center_lat": 10.49209961, "center_lon": -70.7369461, "area_sqkm": 472.03130999}, "geometry": {"type": "Polygon", "coordinates": [[[-70.67971851999994, 10.688085448000152], [-70.681629, 10.688134000000105], [-70.68027499999988, 10.683294], [-70.681926, 10.684651], [-70.685736, 10.681201], [-70.69155099999983, 10.681453], [-70.697863, 10.676114000000155], [-70.69958799999984, 10.67979], [-70.701964, 10.675903], [-70.708936, 10.675187000000165], [-70.70813, 10.672145], [-70.711129, 10.669783000000166], [-70.706743, 10.663387000000114], [-70.720059, 10.655189], [-70.725359, 10.662907000000189], [-70.728421, 10.660511], [-70.732782, 10.663005000000112], [-70.737013, 10.66151], [-70.739485, 10.664526], [-70.7414169999999, 10.662443000000167], [-70.751537, 10.663208], [-70.754976, 10.655314], [-70.762799, 10.657693000000108], [-70.768262, 10.655468], [-70.76677599999988, 10.652694], [-70.77197299999983, 10.640313], [-70.782674, 10.646726], [-70.783315, 10.643607], [-70.795994, 10.638044], [-70.801844, 10.63134900000017], [-70.79730399999988, 10.483527], [-70.80518429699998, 10.470981880000181], [-70.79835378499996, 10.464630314999965], [-70.79114135899988, 10.44493388300009], [-70.78223788999998, 10.429258557000026], [-70.77308946399984, 10.422065444000054], [-70.77231235499994, 10.409745139000051], [-70.7576186359999, 10.393553841000085], [-70.75856057399994, 10.377280437000081], [-70.7657627989999, 10.366554132000147], [-70.76804485199989, 10.359982957000113], [-70.76612165499984, 10.358376482000153], [-70.76074850599997, 10.351953808000019], [-70.76096840999998, 10.336766444000034], [-70.76408551499992, 10.332893334], [-70.76001030399982, 10.326826206000021], [-70.74502166199989, 10.32223918699998], [-70.72834284899994, 10.304820875000132], [-70.69615350999999, 10.303157033000161], [-70.69201165299995, 10.301125793000097], [-70.68065671799991, 10.301189484000133], [-70.67036521599982, 10.310709700000018], [-70.67971851999994, 10.688085448000152]]]}}, {"type": "Feature", "properties": {"parroquia": "Seque", "municipio": "Buchivacoa", "estado": "Falcón", "pcode": "VE110305", "estado_pcode": "VE11", "municipio_pcode": "VE1103", "center_lat": 10.9355655, "center_lon": -70.81928786, "area_sqkm": 340.04740802}, "geometry": {"type": "Polygon", "coordinates": [[[-70.76606499999986, 10.789573], [-70.7597449999999, 10.948363000000143], [-70.761897, 10.947470000000123], [-70.765121, 10.953341], [-70.768753, 10.951501], [-70.772202, 10.956249000000184], [-70.769996, 10.95597], [-70.77160499999985, 10.967839], [-70.773282, 10.965976000000126], [-70.774124, 10.969086], [-70.771898, 10.972022000000152], [-70.776402, 10.974486], [-70.778954, 10.971531], [-70.779714, 10.977350000000115], [-70.784029, 10.976505], [-70.78194, 10.97962600000011], [-70.789052, 10.989034000000117], [-70.786325, 10.989346], [-70.786096, 10.996072], [-70.788788, 10.99481800000018], [-70.793367, 11.002153], [-70.7902749999999, 11.003224], [-70.794536, 11.006534], [-70.791353, 11.007577], [-70.79225999999989, 11.013275], [-70.787046, 11.011957], [-70.78622799999988, 11.015632000000153], [-70.78901999999988, 11.018953000000124], [-70.786078, 11.021892], [-70.791249, 11.021531], [-70.791551, 11.025198000000103], [-70.795707, 11.022234], [-70.772805, 11.042453000000137], [-70.778456, 11.042693], [-70.77804, 11.047492000000148], [-70.779093, 11.044978000000128], [-70.781791, 11.046709], [-70.789057, 11.06279], [-70.807399, 11.050114000000178], [-70.903666, 11.037929], [-70.87997799999988, 10.953505000000177], [-70.86997599999984, 10.866395], [-70.86766, 10.787763], [-70.76606499999986, 10.789573]]]}}, {"type": "Feature", "properties": {"parroquia": "Zazarida", "municipio": "Buchivacoa", "estado": "Falcón", "pcode": "VE110306", "estado_pcode": "VE11", "municipio_pcode": "VE1103", "center_lat": 11.115324, "center_lon": -70.44963434, "area_sqkm": 622.89394966}, "geometry": {"type": "Polygon", "coordinates": [[[-70.32109361999989, 11.31732482100017], [-70.3225217289999, 11.324412995999978], [-70.33850133799996, 11.316180675000169], [-70.35186989199991, 11.315135558000122], [-70.36156025099996, 11.308406324000032], [-70.37739491299993, 11.308333207000146], [-70.38804833799998, 11.304751048000128], [-70.40112079999989, 11.292824652000093], [-70.40922712299994, 11.289897526], [-70.42280261899992, 11.279900178000105], [-70.44258144499997, 11.27889900700012], [-70.46323334999994, 11.285220037000158], [-70.47117066999994, 11.283276932000035], [-70.47476584999998, 11.287237013000038], [-70.4881853849999, 11.28487785599998], [-70.49641467099991, 11.275339556], [-70.51043720299992, 11.268289284000048], [-70.51387531799992, 11.26389215], [-70.51350627399995, 11.259773044000099], [-70.51275525199998, 11.261983103999967], [-70.51109117999994, 11.260360069000058], [-70.51142821999997, 11.263835157000187], [-70.51038813699995, 11.259562055000117], [-70.50918609799999, 11.261073100000033], [-70.5126461719999, 11.24987879300005], [-70.51193919499997, 11.258060006000107], [-70.5144142659999, 11.253961882000112], [-70.51252210599995, 11.242321608000168], [-70.51173112899994, 11.250110812000173], [-70.50365991299998, 11.26799331899997], [-70.48671629299997, 11.279938743000173], [-70.49747665499996, 11.267862360000095], [-70.49709762099997, 11.264029261000076], [-70.49029738999997, 11.272241521000126], [-70.48130003699998, 11.276499685000033], [-70.48797025599998, 11.266313380000156], [-70.49164138399993, 11.264123297000026], [-70.48861528999987, 11.267944417000024], [-70.49151239799994, 11.266716375000044], [-70.50039467699997, 11.252269941], [-70.50341380199995, 11.252854930000012], [-70.50672888199995, 11.244803708000177], [-70.51915533099998, 11.234899374000122], [-70.54181221999994, 11.229880309000066], [-70.546328, 11.223517000000186], [-70.54223999999988, 11.22056700000013], [-70.540399, 11.21171100000015], [-70.53586699999988, 11.207715000000121], [-70.53537299999988, 11.19938500000012], [-70.530448, 11.196034000000111], [-70.524209, 11.169216], [-70.535849, 11.141324000000111], [-70.52987099999984, 11.127537000000132], [-70.521957, 11.131865000000118], [-70.503736, 10.969668], [-70.434845, 10.914847], [-70.38172, 11.097733], [-70.39181599999989, 11.103111], [-70.35041499999988, 11.14309400000019], [-70.371934, 11.15835600000014], [-70.32891199999983, 11.221199], [-70.3271759999999, 11.227503], [-70.329211, 11.230656], [-70.323827, 11.238986], [-70.32037799999989, 11.238765], [-70.327344, 11.252885], [-70.326891, 11.259102000000155], [-70.324621, 11.26489800000013], [-70.319316, 11.267263], [-70.316664, 11.274686000000145], [-70.312711, 11.277033000000188], [-70.31175599999989, 11.285428], [-70.314101, 11.28732], [-70.311853, 11.289123], [-70.31184599999989, 11.294699], [-70.31519, 11.29733], [-70.312784, 11.298168], [-70.31263999999987, 11.303216000000134], [-70.307148, 11.30542], [-70.312555, 11.306131], [-70.312454, 11.316251], [-70.32109361999989, 11.31732482100017]]]}}, {"type": "Feature", "properties": {"parroquia": "Cacique Manaure", "municipio": "Cacique Manaure", "estado": "Falcón", "pcode": "VE110401", "estado_pcode": "VE11", "municipio_pcode": "VE1104", "center_lat": 10.9975395, "center_lon": -68.54871295, "area_sqkm": 215.56771019}, "geometry": {"type": "Polygon", "coordinates": [[[-68.6200209999999, 10.912463000000173], [-68.616879, 10.919677], [-68.613331, 10.918136], [-68.6117799999999, 10.923027000000104], [-68.609205, 10.92070200000012], [-68.600442, 10.922330000000159], [-68.59273899999988, 10.918586000000175], [-68.589275, 10.919315], [-68.58519799999988, 10.914842], [-68.581013, 10.915437], [-68.57782899999984, 10.912358], [-68.576466, 10.917570000000126], [-68.572569, 10.915985], [-68.574495, 10.918749000000162], [-68.572942, 10.919719000000157], [-68.565697, 10.91867800000017], [-68.56813099999988, 10.92070600000011], [-68.56546, 10.921659], [-68.568613, 10.92334], [-68.560075, 10.920151], [-68.55998, 10.923521000000108], [-68.551049, 10.92815000000013], [-68.547459, 10.927113000000134], [-68.55003, 10.92526700000019], [-68.547063, 10.923333], [-68.542862, 10.92903900000016], [-68.541139, 10.925104], [-68.541125, 10.930468], [-68.539358, 10.926901], [-68.536884, 10.929527], [-68.536237, 10.926504], [-68.535375, 10.930038], [-68.529878, 10.925572], [-68.534454, 10.924175], [-68.52877199999989, 10.91968700000018], [-68.526827, 10.921370000000138], [-68.526658, 10.916488000000129], [-68.522574, 10.91831900000011], [-68.521944, 10.914333], [-68.52013, 10.918514], [-68.518043, 10.915842000000168], [-68.51624, 10.917776000000117], [-68.514253, 10.916342000000157], [-68.51622, 10.910739], [-68.512118, 10.913556], [-68.509778, 10.911298], [-68.509681, 10.91459900000018], [-68.50657399999989, 10.91257400000012], [-68.5052419999999, 10.915514], [-68.50207399999988, 10.914979000000187], [-68.494813, 10.922631], [-68.498235, 10.925552000000152], [-68.49360899999982, 10.924325], [-68.49158299999988, 10.935294], [-68.481351, 10.940879000000166], [-68.480608, 10.946484000000112], [-68.4733399999999, 10.947182000000112], [-68.474414, 10.953008], [-68.460199, 10.959738000000186], [-68.457667, 10.964067000000114], [-68.45433999999989, 10.961213], [-68.45331, 10.966435000000104], [-68.450583, 10.966069000000175], [-68.537657, 11.068546], [-68.576157, 11.051767], [-68.579819, 11.051772], [-68.620132, 11.028311], [-68.6200209999999, 10.912463000000173]]]}}, {"type": "Feature", "properties": {"parroquia": "Carirubana", "municipio": "Carirubana", "estado": "Falcón", "pcode": "VE110501", "estado_pcode": "VE11", "municipio_pcode": "VE1105", "center_lat": 11.7122805, "center_lon": -70.16972869, "area_sqkm": 21.03133425}, "geometry": {"type": "Polygon", "coordinates": [[[-70.21531003999996, 11.677605546000052], [-70.21230199999985, 11.675484], [-70.193346, 11.68584900000019], [-70.18815399999988, 11.686157], [-70.183522, 11.690378000000123], [-70.183906, 11.695896000000175], [-70.179162, 11.700539000000106], [-70.13937499999986, 11.71922400000011], [-70.120796, 11.746605000000102], [-70.181789, 11.71634], [-70.199303, 11.69942], [-70.19934499999988, 11.706547000000171], [-70.20976261499999, 11.706639441999982], [-70.21250476699993, 11.698359484000036], [-70.21818798599998, 11.695319369000117], [-70.22179714999999, 11.698343419000082], [-70.22374221899997, 11.69641435400007], [-70.22284116499992, 11.693510288000084], [-70.21875798899987, 11.692399281000121], [-70.21893393699986, 11.685354100000097], [-70.21531003999996, 11.677605546000052]]]}}, {"type": "Feature", "properties": {"parroquia": "Norte", "municipio": "Carirubana", "estado": "Falcón", "pcode": "VE110502", "estado_pcode": "VE11", "municipio_pcode": "VE1105", "center_lat": 11.72304289, "center_lon": -70.19600451, "area_sqkm": 14.18902268}, "geometry": {"type": "Polygon", "coordinates": [[[-70.20976261499999, 11.706639441999982], [-70.19934499999988, 11.706547000000171], [-70.199303, 11.69942], [-70.181789, 11.71634], [-70.120796, 11.746605000000102], [-70.17318, 11.732245000000148], [-70.1822, 11.73279], [-70.19497499999989, 11.729625], [-70.21198131199998, 11.723891588000129], [-70.2233849999999, 11.725105], [-70.22393837899995, 11.722640775000116], [-70.22163026299995, 11.713886826000135], [-70.21920515599999, 11.713294833000077], [-70.21613806099998, 11.71861699100009], [-70.21292891199994, 11.716452957000115], [-70.20976261499999, 11.706639441999982]]]}}, {"type": "Feature", "properties": {"parroquia": "Punta Cardón", "municipio": "Carirubana", "estado": "Falcón", "pcode": "VE110503", "estado_pcode": "VE11", "municipio_pcode": "VE1105", "center_lat": 11.697954, "center_lon": -70.0988724, "area_sqkm": 288.53609506}, "geometry": {"type": "Polygon", "coordinates": [[[-70.029011, 11.792704000000128], [-70.120796, 11.746605000000102], [-70.13937499999986, 11.71922400000011], [-70.179162, 11.700539000000106], [-70.183906, 11.695896000000175], [-70.183522, 11.690378000000123], [-70.18815399999988, 11.686157], [-70.193346, 11.68584900000019], [-70.21230199999985, 11.675484], [-70.21531003999996, 11.677605546000052], [-70.21490963699995, 11.667289648000065], [-70.22103687399994, 11.663478508000026], [-70.2370673339999, 11.633869620000155], [-70.23066495999996, 11.618894276999981], [-70.22651678399995, 11.618516298000088], [-70.22489068699997, 11.615681226000163], [-70.22544366499989, 11.608271032000061], [-70.20612981999994, 11.60339204200011], [-70.19533735899995, 11.603274112000122], [-70.18941113499989, 11.606045226000106], [-70.18517293199994, 11.604009197000096], [-70.17693462199998, 11.608386370000176], [-70.15384767599988, 11.61221863000003], [-70.14082716299993, 11.617501868000147], [-70.12861465099996, 11.616180912000118], [-70.11296500499998, 11.61917809900001], [-70.07332142999996, 11.632489729000099], [-70.0516275569999, 11.637100995000083], [-70.04126214999991, 11.64220320600009], [-70.04005508299997, 11.640105155000128], [-70.02337241899994, 11.644821396000168], [-70.00915486299988, 11.650993658000175], [-70.029011, 11.792704000000128]]]}}, {"type": "Feature", "properties": {"parroquia": "Santa Ana", "municipio": "Carirubana", "estado": "Falcón", "pcode": "VE110504", "estado_pcode": "VE11", "municipio_pcode": "VE1105", "center_lat": 11.74037268, "center_lon": -69.92753649, "area_sqkm": 348.82757203}, "geometry": {"type": "Polygon", "coordinates": [[[-69.8070442799999, 11.693016944000135], [-69.846275, 11.76346500000011], [-69.859298, 11.819492], [-69.89335799999986, 11.849227], [-69.917359, 11.836426000000131], [-69.95292099999989, 11.818288], [-70.029011, 11.792704000000128], [-70.00915486299988, 11.650993658000175], [-69.99853345499992, 11.657274902000097], [-69.98107972299988, 11.657246016000045], [-69.96969127899996, 11.662266225], [-69.96548509199994, 11.660861218000036], [-69.9612309549999, 11.666498399000034], [-69.95588470299998, 11.663037344000145], [-69.95274657499994, 11.663816394000094], [-69.95068651299994, 11.667143496000051], [-69.94030009599993, 11.671114663000083], [-69.93281872199998, 11.662141488000088], [-69.9476473339999, 11.660262331000126], [-69.94040898799989, 11.654908244000069], [-69.92986452899999, 11.653095260000157], [-69.92540330599991, 11.647492149000072], [-69.91249885999997, 11.661257604000127], [-69.90636459799998, 11.661878665000074], [-69.8982633359999, 11.671897980000153], [-69.89180706699995, 11.672749046000035], [-69.89730925099985, 11.666354835000107], [-69.87812943599988, 11.665300941999988], [-69.8750303199999, 11.667698026000096], [-69.87087210199991, 11.66220691000018], [-69.86608995799992, 11.669723150000152], [-69.86134176699989, 11.670990217999986], [-69.86633099199997, 11.672359212000117], [-69.85989979199996, 11.683031546000109], [-69.85175345299996, 11.683211607000032], [-69.84112406999998, 11.692390918000058], [-69.8333527129999, 11.688801882000064], [-69.83335668499996, 11.685267779000128], [-69.83670884699995, 11.688284844000123], [-69.83455872799988, 11.684222744000124], [-69.82158612399996, 11.677131653], [-69.81592690999997, 11.680266773000085], [-69.8070442799999, 11.693016944000135]]]}}, {"type": "Feature", "properties": {"parroquia": "La Vela de Coro", "municipio": "Colina", "estado": "Falcón", "pcode": "VE110601", "estado_pcode": "VE11", "municipio_pcode": "VE1106", "center_lat": 11.444755, "center_lon": -69.53490204, "area_sqkm": 142.32260434}, "geometry": {"type": "Polygon", "coordinates": [[[-69.46502577399986, 11.501203433], [-69.51525094199997, 11.505984222000052], [-69.52539435799991, 11.503433089000112], [-69.56149171499993, 11.478294173000052], [-69.56654088099992, 11.472483995000175], [-69.57312005699993, 11.456754531000058], [-69.59070078699989, 11.455131375000065], [-69.59874068699997, 11.457529562000161], [-69.59814099999983, 11.450596], [-69.602153, 11.447122], [-69.61028, 11.447444], [-69.611068, 11.439265], [-69.611414, 11.425486], [-69.5936109999999, 11.409395], [-69.58220099999988, 11.411865], [-69.572073, 11.40567700000014], [-69.563545, 11.406222], [-69.552324, 11.402844000000186], [-69.550038, 11.398838], [-69.551841, 11.38346], [-69.496878, 11.400741], [-69.50610199999988, 11.433282000000133], [-69.42207, 11.454318000000171], [-69.43374, 11.457681], [-69.4401309999999, 11.455094], [-69.43371999999988, 11.459625000000187], [-69.46502577399986, 11.501203433]]]}}, {"type": "Feature", "properties": {"parroquia": "Acurigua", "municipio": "Colina", "estado": "Falcón", "pcode": "VE110602", "estado_pcode": "VE11", "municipio_pcode": "VE1106", "center_lat": 11.2840755, "center_lon": -69.49294682, "area_sqkm": 113.75209861}, "geometry": {"type": "Polygon", "coordinates": [[[-69.59872499999983, 11.22963], [-69.561593, 11.213424000000145], [-69.544922, 11.228706000000159], [-69.538716, 11.226127000000133], [-69.513537, 11.240923], [-69.50543799999986, 11.253319], [-69.501887, 11.265335], [-69.492328, 11.269681000000105], [-69.463605, 11.274468], [-69.459972, 11.278446], [-69.450475, 11.280704000000128], [-69.44808099999983, 11.284174], [-69.43783999999988, 11.284432], [-69.436516, 11.288059000000146], [-69.431275, 11.289898], [-69.430148, 11.293039], [-69.423907, 11.292953], [-69.422308, 11.296701], [-69.418266, 11.295442], [-69.40277299999985, 11.301822], [-69.416502, 11.320854], [-69.4188979999999, 11.354741], [-69.47790599999985, 11.347416], [-69.496714, 11.30578400000013], [-69.502001, 11.300472], [-69.530669, 11.290289], [-69.54829099999989, 11.2735780000001], [-69.570293, 11.247327], [-69.59872499999983, 11.22963]]]}}, {"type": "Feature", "properties": {"parroquia": "Guaibacoa", "municipio": "Colina", "estado": "Falcón", "pcode": "VE110603", "estado_pcode": "VE11", "municipio_pcode": "VE1106", "center_lat": 11.412471, "center_lon": -69.46031909, "area_sqkm": 80.067049}, "geometry": {"type": "Polygon", "coordinates": [[[-69.422735, 11.368432], [-69.424088, 11.375364], [-69.418551, 11.431612000000143], [-69.43075999999985, 11.424201000000153], [-69.43384, 11.425312], [-69.431948, 11.4354], [-69.421844, 11.45116800000011], [-69.42207, 11.454318000000171], [-69.50610199999988, 11.433282000000133], [-69.496878, 11.400741], [-69.47790599999985, 11.347416], [-69.4188979999999, 11.354741], [-69.422735, 11.368432]]]}}, {"type": "Feature", "properties": {"parroquia": "Las Calderas", "municipio": "Colina", "estado": "Falcón", "pcode": "VE110604", "estado_pcode": "VE11", "municipio_pcode": "VE1106", "center_lat": 11.4076725, "center_lon": -69.60084876, "area_sqkm": 31.5896238}, "geometry": {"type": "Polygon", "coordinates": [[[-69.611068, 11.439265], [-69.613975, 11.442729], [-69.615919, 11.43855], [-69.6199759999999, 11.441107000000102], [-69.6205599999999, 11.435149], [-69.62544, 11.430742000000123], [-69.630245, 11.430003], [-69.6290949999999, 11.425247000000184], [-69.632359, 11.424931000000186], [-69.633573, 11.421685], [-69.629384, 11.421282], [-69.632438, 11.415071], [-69.629322, 11.414494000000104], [-69.627534, 11.410691], [-69.60406499999988, 11.37341], [-69.551841, 11.38346], [-69.550038, 11.398838], [-69.552324, 11.402844000000186], [-69.563545, 11.406222], [-69.572073, 11.40567700000014], [-69.58220099999988, 11.411865], [-69.5936109999999, 11.409395], [-69.611414, 11.425486], [-69.611068, 11.439265]]]}}, {"type": "Feature", "properties": {"parroquia": "Macoruca", "municipio": "Colina", "estado": "Falcón", "pcode": "VE110605", "estado_pcode": "VE11", "municipio_pcode": "VE1106", "center_lat": 11.2128135, "center_lon": -69.45385785, "area_sqkm": 198.22184016}, "geometry": {"type": "Polygon", "coordinates": [[[-69.538716, 11.226127000000133], [-69.53967099999988, 11.223497000000123], [-69.516341, 11.209976], [-69.503835, 11.207852], [-69.501297, 11.209655], [-69.49103, 11.203272], [-69.48799, 11.197615], [-69.467358, 11.179032], [-69.465763, 11.167155], [-69.459071, 11.148844], [-69.442475, 11.145056000000125], [-69.435709, 11.148786], [-69.427826, 11.125416000000143], [-69.416756, 11.124753000000169], [-69.411541, 11.120955000000151], [-69.39935899999989, 11.125976], [-69.393107, 11.121468000000164], [-69.386512, 11.123264], [-69.38666299999988, 11.237668], [-69.382939, 11.265024], [-69.373907, 11.286032], [-69.37632999999988, 11.293078], [-69.37990399999984, 11.292218000000162], [-69.383393, 11.29921700000017], [-69.389303, 11.298189], [-69.390763, 11.301913000000127], [-69.40277299999985, 11.301822], [-69.418266, 11.295442], [-69.422308, 11.296701], [-69.423907, 11.292953], [-69.430148, 11.293039], [-69.431275, 11.289898], [-69.436516, 11.288059000000146], [-69.43783999999988, 11.284432], [-69.44808099999983, 11.284174], [-69.450475, 11.280704000000128], [-69.459972, 11.278446], [-69.463605, 11.274468], [-69.492328, 11.269681000000105], [-69.501887, 11.265335], [-69.50543799999986, 11.253319], [-69.513537, 11.240923], [-69.538716, 11.226127000000133]]]}}, {"type": "Feature", "properties": {"parroquia": "Dabajuro", "municipio": "Dabajuro", "estado": "Falcón", "pcode": "VE110701", "estado_pcode": "VE11", "municipio_pcode": "VE1107", "center_lat": 10.708471, "center_lon": -70.61934092, "area_sqkm": 1295.3493019}, "geometry": {"type": "Polygon", "coordinates": [[[-70.51424440099998, 10.446182059000023], [-70.51358100199997, 10.450449228000025], [-70.52514713199997, 10.45270215800008], [-70.52723742399996, 10.45896239600006], [-70.53357904999996, 10.463606816000151], [-70.53541899999988, 10.47245700000019], [-70.545267, 10.476325000000145], [-70.546252, 10.483873], [-70.552814, 10.485823000000153], [-70.555863, 10.490895], [-70.559314, 10.491706], [-70.567427, 10.501653], [-70.568367, 10.506902], [-70.563, 10.508977], [-70.563338, 10.514283], [-70.55786299999988, 10.51564800000017], [-70.555918, 10.51936400000011], [-70.555887, 10.521342000000175], [-70.561724, 10.52300600000018], [-70.562147, 10.526792000000114], [-70.558831, 10.531636000000162], [-70.56128299999989, 10.53235], [-70.56361199999986, 10.538585000000126], [-70.560105, 10.543156000000124], [-70.55619799999988, 10.55801300000013], [-70.553375, 10.559676], [-70.552332, 10.572572], [-70.548314, 10.577935], [-70.545055, 10.576412000000175], [-70.530319, 10.588251], [-70.522954, 10.59067], [-70.518248, 10.609987000000103], [-70.522405, 10.61995], [-70.515382, 10.633053], [-70.509119, 10.634289], [-70.507859, 10.637818], [-70.520944, 10.651255000000162], [-70.52816299999984, 10.650768], [-70.536402, 10.654516000000115], [-70.543724, 10.663830000000189], [-70.549363, 10.677092], [-70.547594, 10.692039], [-70.551034, 10.697594000000151], [-70.560435, 10.703449], [-70.557771, 10.705747], [-70.558268, 10.711725000000172], [-70.570643, 10.723951000000113], [-70.55511599999988, 10.736535], [-70.554709, 10.74074700000017], [-70.547497, 10.748194000000126], [-70.54791399999988, 10.750937], [-70.5445749999999, 10.75228900000019], [-70.548085, 10.756879], [-70.549431, 10.770824], [-70.51394, 10.8321], [-70.523455, 10.846892], [-70.532452, 10.851131], [-70.54152, 10.868984000000182], [-70.562078, 10.893815000000188], [-70.568028, 10.90694], [-70.570265, 10.921618], [-70.575876, 10.92732100000012], [-70.58193799999987, 10.92679], [-70.587531, 10.931713], [-70.58909199999982, 10.944802], [-70.592547, 10.946133], [-70.597822, 10.954185000000109], [-70.596017, 10.95457800000014], [-70.597091, 10.96123], [-70.59447199999988, 10.967246], [-70.5994409999999, 10.973195], [-70.599875, 10.978418], [-70.603813, 10.980447], [-70.607105, 10.990114000000176], [-70.60512, 10.994483000000173], [-70.60967699999986, 10.999544], [-70.606327, 11.002911], [-70.608696, 11.002792], [-70.610623, 11.011561], [-70.61572199999989, 11.019329000000141], [-70.621811, 11.015805], [-70.630092, 11.022344], [-70.631131, 11.032112], [-70.637438, 11.030962], [-70.640886, 11.033824], [-70.64159, 11.04057900000015], [-70.638252, 11.046994000000154], [-70.64062599999988, 11.04866200000015], [-70.637325, 11.049851000000103], [-70.63715999999988, 11.058108000000118], [-70.642752, 11.069294000000127], [-70.648943, 11.069821], [-70.64340899999985, 11.07107800000017], [-70.647498, 11.075862], [-70.64770199999987, 11.080713000000117], [-70.65095699999989, 11.07840300000015], [-70.647459, 11.088217000000157], [-70.65586999999988, 11.092229000000145], [-70.65314, 11.093738], [-70.654796, 11.094908], [-70.651356, 11.100548000000117], [-70.65494799999988, 11.099623000000122], [-70.666551, 11.104811], [-70.723013, 11.102511000000163], [-70.75969399999985, 11.084914], [-70.74094699999984, 11.009989], [-70.732322, 10.943141], [-70.693975, 10.794639], [-70.68464299999988, 10.760789], [-70.67971851999994, 10.688085448000152], [-70.67036521599982, 10.310709700000018], [-70.66433414799997, 10.315316721000102], [-70.65404560499991, 10.31592511000008], [-70.6464155029999, 10.322085318000177], [-70.62353561999998, 10.329975614000034], [-70.60410365399997, 10.329279640000152], [-70.58142181499994, 10.322779561000118], [-70.56909937999995, 10.327089720000174], [-70.55412375499986, 10.346546522000097], [-70.55364273699996, 10.355191641000147], [-70.54415134899995, 10.365082967000035], [-70.53566025199996, 10.398287756000173], [-70.53723947899994, 10.411679074000062], [-70.52700929199995, 10.423101461000044], [-70.52068417499999, 10.443021918000113], [-70.51424440099998, 10.446182059000023]]]}}, {"type": "Feature", "properties": {"parroquia": "Pedregal", "municipio": "Democracia", "estado": "Falcón", "pcode": "VE110801", "estado_pcode": "VE11", "municipio_pcode": "VE1108", "center_lat": 10.977301, "center_lon": -70.15426014, "area_sqkm": 740.54011164}, "geometry": {"type": "Polygon", "coordinates": [[[-70.306319, 10.813248], [-70.074784, 10.88989000000015], [-70.025382, 11.055435000000102], [-70.029102, 11.060923000000116], [-70.025202, 11.061402000000157], [-70.02442099999985, 11.06659900000011], [-70.01639299999988, 11.072581000000184], [-70.018383, 11.078730000000178], [-70.015375, 11.085266], [-70.008901, 11.087161], [-70.0083039999999, 11.089454], [-70.013818, 11.092116], [-70.006695, 11.095107], [-70.006575, 11.098793], [-70.000939, 11.102649], [-70.00360599999988, 11.105973], [-70.0024, 11.108883000000162], [-69.995887, 11.110955], [-69.996373, 11.119608], [-70.000587, 11.124417], [-69.997835, 11.130278], [-70.0039809999999, 11.136261], [-70.01417, 11.139735], [-70.022065, 11.135525], [-70.030323, 11.142544000000157], [-70.066877, 11.122524000000112], [-70.12084, 11.106955000000141], [-70.1574609999999, 11.106817], [-70.18122199999982, 11.095873], [-70.235124, 11.063717], [-70.260687, 11.053054], [-70.24957999999987, 11.042917000000159], [-70.233355, 11.03704], [-70.230517, 11.029178], [-70.24215999999984, 11.005544000000157], [-70.24891799999989, 11.004986], [-70.252385, 10.997680000000173], [-70.26142, 10.99182500000012], [-70.260408, 10.97668300000015], [-70.252386, 10.966999], [-70.263403, 10.940416], [-70.271357, 10.937336], [-70.271957, 10.933692], [-70.278383, 10.93153], [-70.286656, 10.921638], [-70.3035119999999, 10.918926], [-70.31405499999988, 10.909060000000181], [-70.318996, 10.909039], [-70.35603199999986, 10.885368], [-70.381709, 10.831918], [-70.306319, 10.813248]]]}}, {"type": "Feature", "properties": {"parroquia": "Agua Clara", "municipio": "Democracia", "estado": "Falcón", "pcode": "VE110802", "estado_pcode": "VE11", "municipio_pcode": "VE1108", "center_lat": 11.135893, "center_lon": -69.95246026, "area_sqkm": 169.13275802}, "geometry": {"type": "Polygon", "coordinates": [[[-70.025382, 11.055435000000102], [-69.877425, 11.151621000000148], [-69.884249, 11.161197000000186], [-69.889439, 11.163192], [-69.89393299999983, 11.170732], [-69.900817, 11.175187], [-69.902844, 11.19386], [-69.915761, 11.212351000000183], [-69.919734, 11.216059], [-69.927082, 11.216581], [-69.97, 11.202556], [-69.984253, 11.193190000000186], [-70.023132, 11.181], [-70.12084, 11.106955000000141], [-70.066877, 11.122524000000112], [-70.030323, 11.142544000000157], [-70.022065, 11.135525], [-70.01417, 11.139735], [-70.0039809999999, 11.136261], [-69.997835, 11.130278], [-70.000587, 11.124417], [-69.996373, 11.119608], [-69.995887, 11.110955], [-70.0024, 11.108883000000162], [-70.00360599999988, 11.105973], [-70.000939, 11.102649], [-70.006575, 11.098793], [-70.006695, 11.095107], [-70.013818, 11.092116], [-70.0083039999999, 11.089454], [-70.008901, 11.087161], [-70.015375, 11.085266], [-70.018383, 11.078730000000178], [-70.01639299999988, 11.072581000000184], [-70.02442099999985, 11.06659900000011], [-70.025202, 11.061402000000157], [-70.029102, 11.060923000000116], [-70.025382, 11.055435000000102]]]}}, {"type": "Feature", "properties": {"parroquia": "Avaria", "municipio": "Democracia", "estado": "Falcón", "pcode": "VE110803", "estado_pcode": "VE11", "municipio_pcode": "VE1108", "center_lat": 10.720612, "center_lon": -70.38878564, "area_sqkm": 659.72158136}, "geometry": {"type": "Polygon", "coordinates": [[[-70.34143442699997, 10.568085767000014], [-70.33425911299992, 10.565686755000115], [-70.32647680799994, 10.568753873000048], [-70.32121561099996, 10.572867016000146], [-70.31882855899988, 10.579523196000025], [-70.31297232199984, 10.580984260000093], [-70.30710200799996, 10.570884051000121], [-70.29592353899989, 10.57038811000018], [-70.27845974899992, 10.561278993000087], [-70.25335776799989, 10.57298144300006], [-70.24146936999989, 10.587667888000112], [-70.23081392399996, 10.58802695999998], [-70.22117356699988, 10.594311083000093], [-70.28567, 10.688553000000127], [-70.279346, 10.706664000000103], [-70.315402, 10.798742], [-70.306319, 10.813248], [-70.381709, 10.831918], [-70.35603199999986, 10.885368], [-70.374384, 10.897493], [-70.44328691399988, 10.885069015000113], [-70.494797, 10.723246], [-70.481045, 10.710931000000187], [-70.475714, 10.703949], [-70.474474, 10.697649], [-70.470174, 10.694555], [-70.47514399999989, 10.659498], [-70.469173, 10.653285], [-70.463802, 10.636024], [-70.450637, 10.632291000000123], [-70.44544599999983, 10.619513000000154], [-70.444109, 10.607176], [-70.426678, 10.602581], [-70.420146, 10.596704000000102], [-70.41954, 10.593064], [-70.415605, 10.591611], [-70.415349, 10.585953000000188], [-70.40314499999988, 10.585655], [-70.386155, 10.551436], [-70.37171299699986, 10.543194383000184], [-70.34281134999992, 10.547643249000032], [-70.34143442699997, 10.568085767000014]]]}}, {"type": "Feature", "properties": {"parroquia": "Piedra Grande", "municipio": "Democracia", "estado": "Falcón", "pcode": "VE110804", "estado_pcode": "VE11", "municipio_pcode": "VE1108", "center_lat": 10.817547, "center_lon": -69.94574988, "area_sqkm": 392.35309264}, "geometry": {"type": "Polygon", "coordinates": [[[-69.910538, 10.901935], [-69.931063, 10.895548], [-69.952056, 10.884245], [-69.981168, 10.878578000000175], [-69.989553, 10.88159800000011], [-70.001841, 10.878141], [-70.048255, 10.87664], [-70.067643, 10.888766], [-70.074784, 10.88989000000015], [-69.97575292899995, 10.687921931000062], [-69.96468845699991, 10.696117356], [-69.95071590699996, 10.701707596000176], [-69.94376054499992, 10.690126343000031], [-69.94017738299993, 10.688388318000023], [-69.92758287299995, 10.692537507], [-69.91731542499997, 10.690127516000189], [-69.89299150599999, 10.704903043000172], [-69.88042997699989, 10.70544413100015], [-69.86755346599995, 10.710002335000183], [-69.86712750199996, 10.719370566], [-69.85592910999998, 10.730734930999972], [-69.84052346399994, 10.73128404300013], [-69.81860543199997, 10.742576137000071], [-69.830071, 10.754556], [-69.832638, 10.7758070000001], [-69.83791899999989, 10.7814130000001], [-69.86648, 10.853681], [-69.910538, 10.901935]]]}}, {"type": "Feature", "properties": {"parroquia": "Purureche", "municipio": "Democracia", "estado": "Falcón", "pcode": "VE110805", "estado_pcode": "VE11", "municipio_pcode": "VE1108", "center_lat": 10.752703, "center_lon": -70.15244259, "area_sqkm": 719.71114413}, "geometry": {"type": "Polygon", "coordinates": [[[-69.97575292899995, 10.687921931000062], [-70.074784, 10.88989000000015], [-70.306319, 10.813248], [-70.315402, 10.798742], [-70.279346, 10.706664000000103], [-70.28567, 10.688553000000127], [-70.22117356699988, 10.594311083000093], [-70.20456891199996, 10.601388460000123], [-70.19901372799995, 10.608230672000104], [-70.18850329399999, 10.609832771000072], [-70.17686484199999, 10.615854997000099], [-70.17500479599994, 10.619277097000065], [-70.18216813799995, 10.62638722500003], [-70.17848001899995, 10.632749413000113], [-70.17737204699995, 10.642686668000124], [-70.16665261899993, 10.645939817000112], [-70.15897635499994, 10.654729079000106], [-70.14711687699997, 10.657896241000117], [-70.14149066899995, 10.662967403000152], [-70.13341633699997, 10.663061454], [-70.12578698599992, 10.659575416000052], [-70.11716756499987, 10.649983226000074], [-70.11294040599995, 10.653004333000183], [-70.08566728399995, 10.655492574000107], [-70.08043699699994, 10.646591385000022], [-70.08059697499993, 10.64162825800014], [-70.06864846299993, 10.63927427200008], [-70.05272981699983, 10.643323474000056], [-70.0462966049999, 10.652771752000035], [-70.04065538499998, 10.655380851000189], [-70.03418011299988, 10.654275865000045], [-70.0188355219999, 10.663609200000053], [-70.01489241199988, 10.672171440000056], [-69.99419756899988, 10.675203650000128], [-69.98150606799999, 10.681282882000062], [-69.97575292899995, 10.687921931000062]]]}}, {"type": "Feature", "properties": {"parroquia": "Pueblo Nuevo", "municipio": "Falcón", "estado": "Falcón", "pcode": "VE110901", "estado_pcode": "VE11", "municipio_pcode": "VE1109", "center_lat": 11.9605445, "center_lon": -69.9469777, "area_sqkm": 192.15088418}, "geometry": {"type": "Polygon", "coordinates": [[[-69.88232099999988, 11.9849], [-69.894916, 12.044089], [-69.909126, 12.035452], [-70.003283, 12.034678], [-70.0292887579999, 12.025612084000045], [-70.00843, 11.936189], [-69.956825, 11.914302], [-69.939473, 11.911923], [-69.883464, 11.912556], [-69.873312, 11.896311], [-69.88232099999988, 11.9849]]]}}, {"type": "Feature", "properties": {"parroquia": "Baraived", "municipio": "Falcón", "estado": "Falcón", "pcode": "VE110903", "estado_pcode": "VE11", "municipio_pcode": "VE1109", "center_lat": 11.7260178, "center_lon": -69.79787108, "area_sqkm": 273.66438459}, "geometry": {"type": "Polygon", "coordinates": [[[-69.68606850299989, 11.538705640000103], [-69.71882620399992, 11.595020190000014], [-69.7553093759999, 11.683567284000048], [-69.78752638999987, 11.77443447100012], [-69.79951921399999, 11.818738571000154], [-69.81361232599994, 11.889940376000027], [-69.81413950399997, 11.910611919000019], [-69.80851210199995, 11.933957780000185], [-69.810525, 11.932868], [-69.873312, 11.896311], [-69.883464, 11.912556], [-69.89335799999986, 11.849227], [-69.859298, 11.819492], [-69.846275, 11.76346500000011], [-69.8070442799999, 11.693016944000135], [-69.80078533699992, 11.689057109000146], [-69.80353842699998, 11.684919979000142], [-69.79800214299996, 11.678758862000109], [-69.79907815199988, 11.673055693000094], [-69.79385088399994, 11.667258581000056], [-69.78972562199993, 11.654852279000124], [-69.78497039499996, 11.651157220000186], [-69.78503035099993, 11.644658049000043], [-69.77834302099996, 11.638510929], [-69.77881598099992, 11.630123702000162], [-69.77137759099998, 11.619303470000034], [-69.77207159499994, 11.615964375000033], [-69.76635333199994, 11.611892307000119], [-69.76415013299999, 11.59676991900011], [-69.76074793499993, 11.58995476400014], [-69.76610104999992, 11.574033312000154], [-69.75812662399994, 11.561705036999967], [-69.75078730199994, 11.559953037000184], [-69.75026620599988, 11.549145766000095], [-69.75538135999989, 11.540369491000035], [-69.74496285099997, 11.531405335000159], [-69.74557383599995, 11.524279135000086], [-69.73925353799996, 11.520376080000176], [-69.73632304499989, 11.513347890000034], [-69.68606850299989, 11.538705640000103]]]}}, {"type": "Feature", "properties": {"parroquia": "Buena Vista", "municipio": "Falcón", "estado": "Falcón", "pcode": "VE110904", "estado_pcode": "VE11", "municipio_pcode": "VE1109", "center_lat": 11.875768, "center_lon": -69.92612398, "area_sqkm": 58.10211285}, "geometry": {"type": "Polygon", "coordinates": [[[-69.917359, 11.836426000000131], [-69.89335799999986, 11.849227], [-69.883464, 11.912556], [-69.939473, 11.911923], [-69.956825, 11.914302], [-69.95661399999983, 11.9075], [-69.96435999999983, 11.880819], [-69.964515, 11.861343000000147], [-69.917359, 11.836426000000131]]]}}, {"type": "Feature", "properties": {"parroquia": "Jadacaquiva", "municipio": "Falcón", "estado": "Falcón", "pcode": "VE110905", "estado_pcode": "VE11", "municipio_pcode": "VE1109", "center_lat": 11.99674163, "center_lon": -70.13494553, "area_sqkm": 647.62166248}, "geometry": {"type": "Polygon", "coordinates": [[[-70.0292887579999, 12.025612084000045], [-70.0671569999999, 12.042126], [-70.0675833169999, 12.170821711000087], [-70.07064426199997, 12.17087508200018], [-70.06840314999988, 12.167469997000069], [-70.06985318099998, 12.164302905], [-70.09881327699992, 12.147993257000053], [-70.10401045199995, 12.141221035000171], [-70.11627091699995, 12.134432762000074], [-70.12588421999999, 12.119921308000073], [-70.13783365199987, 12.111827996000102], [-70.14626200099991, 12.109499872000185], [-70.14968510099999, 12.104079711000168], [-70.17393808899993, 12.10026743100002], [-70.18784670199994, 12.103678415], [-70.2001942149999, 12.101822282000171], [-70.21617979899997, 12.090889870000126], [-70.2150047369999, 12.088085812000145], [-70.21943985799999, 12.080416562999972], [-70.21050343499996, 12.07437446800003], [-70.20982033499996, 12.064979221000101], [-70.21760950299995, 12.04350359200015], [-70.23559508799997, 12.019985835], [-70.24660438799987, 11.996999145000018], [-70.25684570499993, 11.982050674000163], [-70.25908970299997, 11.969615331000057], [-70.25671355999998, 11.963578180000127], [-70.26208570799997, 11.952329852000048], [-70.22134499999987, 11.909486], [-70.161819, 11.837402000000111], [-70.121827, 11.822192000000143], [-70.04937499999988, 11.837841], [-70.03019, 11.86232600000011], [-70.00843, 11.936189], [-70.0292887579999, 12.025612084000045]]]}}, {"type": "Feature", "properties": {"parroquia": "Moruy", "municipio": "Falcón", "estado": "Falcón", "pcode": "VE110906", "estado_pcode": "VE11", "municipio_pcode": "VE1109", "center_lat": 11.805496, "center_lon": -70.05628263, "area_sqkm": 131.6878034}, "geometry": {"type": "Polygon", "coordinates": [[[-70.120796, 11.746605000000102], [-70.029011, 11.792704000000128], [-69.95292099999989, 11.818288], [-69.917359, 11.836426000000131], [-69.964515, 11.861343000000147], [-70.03019, 11.86232600000011], [-70.04937499999988, 11.837841], [-70.121827, 11.822192000000143], [-70.120796, 11.746605000000102]]]}}, {"type": "Feature", "properties": {"parroquia": "Adaure", "municipio": "Falcón", "estado": "Falcón", "pcode": "VE110907", "estado_pcode": "VE11", "municipio_pcode": "VE1109", "center_lat": 11.899216, "center_lon": -69.98972711, "area_sqkm": 46.32854322}, "geometry": {"type": "Polygon", "coordinates": [[[-69.956825, 11.914302], [-70.00843, 11.936189], [-70.03019, 11.86232600000011], [-69.964515, 11.861343000000147], [-69.96435999999983, 11.880819], [-69.95661399999983, 11.9075], [-69.956825, 11.914302]]]}}, {"type": "Feature", "properties": {"parroquia": "El Hato", "municipio": "Falcón", "estado": "Falcón", "pcode": "VE110908", "estado_pcode": "VE11", "municipio_pcode": "VE1109", "center_lat": 11.963968, "center_lon": -69.85549335, "area_sqkm": 48.23380899}, "geometry": {"type": "Polygon", "coordinates": [[[-69.810525, 11.932868], [-69.821575, 11.943036], [-69.840071, 11.985030000000108], [-69.84558499999986, 11.985918], [-69.84330099999988, 11.989993], [-69.88232099999988, 11.9849], [-69.873312, 11.896311], [-69.810525, 11.932868]]]}}, {"type": "Feature", "properties": {"parroquia": "El Vinculo", "municipio": "Falcón", "estado": "Falcón", "pcode": "VE110909", "estado_pcode": "VE11", "municipio_pcode": "VE1109", "center_lat": 12.10994428, "center_lon": -69.97560224, "area_sqkm": 313.90024488}, "geometry": {"type": "Polygon", "coordinates": [[[-69.85569398199988, 12.059861530000035], [-69.85477733099998, 12.062377710000021], [-69.86775102999997, 12.082748166000101], [-69.87558438299999, 12.085501186000158], [-69.87274931199988, 12.091754378000076], [-69.87673749599992, 12.093016383000133], [-69.87912864299989, 12.100262557000178], [-69.88253679299999, 12.100809549000132], [-69.88233883599992, 12.107513728000185], [-69.89800275399995, 12.141996553000013], [-69.93492755099987, 12.172709110000028], [-69.93750863999998, 12.17044903500016], [-69.94664405499992, 12.175318093000158], [-69.96665588699989, 12.17284888000006], [-69.97260614999982, 12.174508888000105], [-69.98726882299985, 12.181654977999983], [-70.0014585219999, 12.195067227000152], [-70.00828578499994, 12.191556085000059], [-70.02570054499995, 12.193728022000073], [-70.0277785959999, 12.189323890000026], [-70.05461164199994, 12.177977381000119], [-70.05972481599986, 12.17229319500018], [-70.0675833169999, 12.170821711000087], [-70.0671569999999, 12.042126], [-70.0292887579999, 12.025612084000045], [-70.003283, 12.034678], [-69.909126, 12.035452], [-69.894916, 12.044089], [-69.85569398199988, 12.059861530000035]]]}}, {"type": "Feature", "properties": {"parroquia": "Churuguara", "municipio": "Federación", "estado": "Falcón", "pcode": "VE111001", "estado_pcode": "VE11", "municipio_pcode": "VE1110", "center_lat": 10.832143, "center_lon": -69.53497488, "area_sqkm": 277.76403774}, "geometry": {"type": "Polygon", "coordinates": [[[-69.429225, 10.935660000000155], [-69.4336009999999, 10.936674], [-69.435442, 10.931870000000117], [-69.4431699999999, 10.93398900000011], [-69.44696499999986, 10.932611000000122], [-69.451715, 10.925968], [-69.451576, 10.919991], [-69.447387, 10.914311000000168], [-69.45451, 10.912612], [-69.453278, 10.907761000000164], [-69.45635, 10.905716], [-69.472178, 10.910068], [-69.481302, 10.909174000000178], [-69.48491, 10.912762], [-69.4890309999999, 10.90966], [-69.496246, 10.912559000000158], [-69.49710699999986, 10.910444], [-69.509963, 10.918584], [-69.513363, 10.914225000000158], [-69.520404, 10.911874000000125], [-69.525767, 10.911943000000122], [-69.526944, 10.915676000000133], [-69.53143299999988, 10.916864], [-69.542062, 10.91498], [-69.541165, 10.911248], [-69.545787, 10.910714], [-69.54733, 10.907763000000159], [-69.550946, 10.908218000000147], [-69.55134700299982, 10.910421003000067], [-69.553412, 10.908229000000176], [-69.551557, 10.90467400000017], [-69.558757, 10.905265], [-69.559928, 10.909709], [-69.569895, 10.908623], [-69.579485, 10.90551100000016], [-69.582672, 10.901356], [-69.595492, 10.89441], [-69.594307, 10.889], [-69.597961, 10.887216], [-69.597458, 10.883626], [-69.601788, 10.881848000000161], [-69.600638, 10.880184000000156], [-69.603942, 10.875915], [-69.6072779999999, 10.875690000000134], [-69.60230499999983, 10.868893000000128], [-69.60431099999988, 10.866267000000107], [-69.600706, 10.865387000000112], [-69.59561699999989, 10.853579000000138], [-69.602763, 10.842333], [-69.580055, 10.81818], [-69.604673, 10.777435000000139], [-69.64215513399995, 10.737593468], [-69.61752302699989, 10.72710336199998], [-69.60880869499988, 10.732522552000034], [-69.58948385499991, 10.728330569000036], [-69.57760337899998, 10.732653751000157], [-69.56714791099995, 10.729599743000051], [-69.5450490639999, 10.74310921800003], [-69.51855986599992, 10.741350760000046], [-69.515903, 10.750464], [-69.49948199999989, 10.775814000000139], [-69.506835, 10.796603000000175], [-69.500485, 10.810919], [-69.497693, 10.811539], [-69.49888, 10.82446], [-69.49185099999983, 10.829286], [-69.47935599999983, 10.829374], [-69.474655, 10.834361], [-69.467509, 10.836841], [-69.457945, 10.839688], [-69.45303499999983, 10.838513], [-69.43197099999986, 10.851103], [-69.430946, 10.854895000000113], [-69.436855, 10.862324000000172], [-69.43238699999989, 10.863173], [-69.433456, 10.86664500000012], [-69.431385, 10.86910300000011], [-69.433828, 10.870001000000116], [-69.431662, 10.875541], [-69.434849, 10.88239300000015], [-69.434568, 10.88959], [-69.43324, 10.893521], [-69.427164, 10.897081], [-69.427629, 10.899403000000177], [-69.423742, 10.900252], [-69.42597399999988, 10.907219], [-69.420899, 10.911447000000123], [-69.42618299999987, 10.911587000000168], [-69.429603, 10.914992], [-69.427785, 10.923543000000166], [-69.430786, 10.929799000000173], [-69.429225, 10.935660000000155]]]}}, {"type": "Feature", "properties": {"parroquia": "Agua Larga", "municipio": "Federación", "estado": "Falcón", "pcode": "VE111002", "estado_pcode": "VE11", "municipio_pcode": "VE1110", "center_lat": 10.851294, "center_lon": -69.73135082, "area_sqkm": 466.83067958}, "geometry": {"type": "Polygon", "coordinates": [[[-69.75965699999983, 10.938972], [-69.77460799999983, 10.931176], [-69.778054, 10.932755000000157], [-69.781421, 10.943702000000144], [-69.795304, 10.94843], [-69.80730999999986, 10.949267000000134], [-69.810459, 10.956171], [-69.81593199999986, 10.958585], [-69.84625199999988, 10.957415], [-69.855027, 10.948175], [-69.86239, 10.928044], [-69.870467, 10.917676], [-69.88724, 10.907507000000123], [-69.910538, 10.901935], [-69.86648, 10.853681], [-69.83791899999989, 10.7814130000001], [-69.832638, 10.7758070000001], [-69.830071, 10.754556], [-69.81860543199997, 10.742576137000071], [-69.779412, 10.793323], [-69.737155, 10.808731], [-69.668553, 10.832105], [-69.655492, 10.830136], [-69.636529, 10.836344000000167], [-69.60993699999989, 10.837913000000128], [-69.609495, 10.840299000000186], [-69.602763, 10.842333], [-69.59561699999989, 10.853579000000138], [-69.600706, 10.865387000000112], [-69.60431099999988, 10.866267000000107], [-69.60230499999983, 10.868893000000128], [-69.6072779999999, 10.875690000000134], [-69.603942, 10.875915], [-69.600638, 10.880184000000156], [-69.601788, 10.881848000000161], [-69.597458, 10.883626], [-69.597961, 10.887216], [-69.594307, 10.889], [-69.595492, 10.89441], [-69.582672, 10.901356], [-69.579485, 10.90551100000016], [-69.569895, 10.908623], [-69.559928, 10.909709], [-69.558757, 10.905265], [-69.551557, 10.90467400000017], [-69.553412, 10.908229000000176], [-69.55134700299982, 10.910421003000067], [-69.558595, 10.93106], [-69.563347, 10.933067], [-69.566302, 10.93653], [-69.690996, 10.94057400000014], [-69.69743899999986, 10.943642000000125], [-69.70176699999985, 10.941638], [-69.71130099999988, 10.942719000000181], [-69.72570999999982, 10.937095], [-69.75965699999983, 10.938972]]]}}, {"type": "Feature", "properties": {"parroquia": "El Paují", "municipio": "Federación", "estado": "Falcón", "pcode": "VE111003", "estado_pcode": "VE11", "municipio_pcode": "VE1110", "center_lat": 10.793083, "center_lon": -69.66209732, "area_sqkm": 133.8235793}, "geometry": {"type": "Polygon", "coordinates": [[[-69.64215513399995, 10.737593468], [-69.604673, 10.777435000000139], [-69.580055, 10.81818], [-69.602763, 10.842333], [-69.609495, 10.840299000000186], [-69.60993699999989, 10.837913000000128], [-69.636529, 10.836344000000167], [-69.655492, 10.830136], [-69.668553, 10.832105], [-69.737155, 10.808731], [-69.69051543499995, 10.719499270000028], [-69.67999962899995, 10.721272806], [-69.65752177999997, 10.736936356000172], [-69.6470023469999, 10.739247478000095], [-69.64215513399995, 10.737593468]]]}}, {"type": "Feature", "properties": {"parroquia": "Independencia", "municipio": "Federación", "estado": "Falcón", "pcode": "VE111004", "estado_pcode": "VE11", "municipio_pcode": "VE1110", "center_lat": 10.7582539, "center_lon": -69.75863529, "area_sqkm": 77.71754807}, "geometry": {"type": "Polygon", "coordinates": [[[-69.69051543499995, 10.719499270000028], [-69.737155, 10.808731], [-69.779412, 10.793323], [-69.81860543199997, 10.742576137000071], [-69.81095520899993, 10.730297209000184], [-69.81881552399994, 10.728198097000075], [-69.82505475499988, 10.722944926000025], [-69.8287034839999, 10.71128494900006], [-69.82360157599993, 10.704587478000064], [-69.81787133599983, 10.70396349300006], [-69.80430980199986, 10.711042761000101], [-69.79214030599996, 10.712546875000044], [-69.76268319699994, 10.733259590000102], [-69.73402307099991, 10.74533907200015], [-69.72082250599988, 10.74465615000014], [-69.69051543499995, 10.719499270000028]]]}}, {"type": "Feature", "properties": {"parroquia": "Maparari", "municipio": "Federación", "estado": "Falcón", "pcode": "VE111005", "estado_pcode": "VE11", "municipio_pcode": "VE1110", "center_lat": 10.815463, "center_lon": -69.3980317, "area_sqkm": 454.00138606}, "geometry": {"type": "Polygon", "coordinates": [[[-69.351062, 10.92338000000018], [-69.360904, 10.931043], [-69.364396, 10.929643], [-69.361186, 10.926169000000186], [-69.367101, 10.922058], [-69.372291, 10.923763], [-69.376292, 10.930985], [-69.37349699999987, 10.932937], [-69.376684, 10.939238000000103], [-69.38240899999988, 10.941127], [-69.386227, 10.941038000000162], [-69.387207, 10.935544000000164], [-69.393888, 10.938399000000118], [-69.39603099999988, 10.934101000000112], [-69.399755, 10.933368], [-69.398174, 10.930769000000112], [-69.402504, 10.928450000000112], [-69.415421, 10.938389], [-69.4212639999999, 10.937128000000143], [-69.41633, 10.932872], [-69.41796, 10.931562], [-69.429225, 10.935660000000155], [-69.430786, 10.929799000000173], [-69.427785, 10.923543000000166], [-69.429603, 10.914992], [-69.42618299999987, 10.911587000000168], [-69.420899, 10.911447000000123], [-69.42597399999988, 10.907219], [-69.423742, 10.900252], [-69.427629, 10.899403000000177], [-69.427164, 10.897081], [-69.43324, 10.893521], [-69.434568, 10.88959], [-69.434849, 10.88239300000015], [-69.431662, 10.875541], [-69.433828, 10.870001000000116], [-69.431385, 10.86910300000011], [-69.433456, 10.86664500000012], [-69.43238699999989, 10.863173], [-69.436855, 10.862324000000172], [-69.430946, 10.854895000000113], [-69.43197099999986, 10.851103], [-69.45303499999983, 10.838513], [-69.457945, 10.839688], [-69.467509, 10.836841], [-69.474655, 10.834361], [-69.47935599999983, 10.829374], [-69.49185099999983, 10.829286], [-69.49888, 10.82446], [-69.497693, 10.811539], [-69.500485, 10.810919], [-69.506835, 10.796603000000175], [-69.49948199999989, 10.775814000000139], [-69.515903, 10.750464], [-69.51855986599992, 10.741350760000046], [-69.51474176799996, 10.740068344000179], [-69.51798885099993, 10.73287513200006], [-69.51579472899994, 10.72831503700013], [-69.52236993099996, 10.716936698999973], [-69.51857170899996, 10.706005447000052], [-69.51831762499995, 10.694841166000117], [-69.51516445199991, 10.689805061000072], [-69.50463704099991, 10.69464325000007], [-69.47255364799992, 10.689774324000098], [-69.46483132199995, 10.68984037000007], [-69.46034114799994, 10.692551468000033], [-69.45415293099995, 10.69960669700015], [-69.44843069199999, 10.698500700000011], [-69.44522056599993, 10.700591777000113], [-69.44068535299994, 10.698542753000027], [-69.43512514399998, 10.702425887000174], [-69.42416967399998, 10.700028896], [-69.42181958499998, 10.702693979000173], [-69.41002610299984, 10.704458094000188], [-69.40423188799986, 10.70981126900017], [-69.39734658699984, 10.70863428000007], [-69.39346439799988, 10.704033185000128], [-69.38257693599991, 10.705429290000097], [-69.37973685799994, 10.711841474000039], [-69.37520363099986, 10.706021359000147], [-69.35782886299995, 10.702031362000128], [-69.35345569699996, 10.70389043400013], [-69.35013053799997, 10.701427396999975], [-69.34501034699991, 10.705699534000075], [-69.33804036499998, 10.699824731000092], [-69.33403385099996, 10.701690505000101], [-69.33408282999994, 10.69755140000018], [-69.33036166599999, 10.696215388000155], [-69.33045169599995, 10.70039948800013], [-69.32577551799994, 10.702924587000041], [-69.3222893389999, 10.698116487000107], [-69.31519205699993, 10.7011906030001], [-69.30617162899989, 10.695044504000066], [-69.3057486539999, 10.700538650000055], [-69.29967640199993, 10.702969747000054], [-69.290981, 10.697167656000033], [-69.28579179499997, 10.699737752999965], [-69.28021054499993, 10.697708743000135], [-69.27767345399997, 10.699522797000157], [-69.27437228799994, 10.696989754000072], [-69.26677730799992, 10.69904237600008], [-69.269314, 10.71532900000011], [-69.264284, 10.721324], [-69.264694, 10.732269], [-69.28094799999985, 10.750361], [-69.284521, 10.754108], [-69.285197, 10.75162500000016], [-69.293107, 10.751196000000164], [-69.299127, 10.760996000000148], [-69.308613, 10.769258], [-69.31133, 10.777055000000132], [-69.327685, 10.780242], [-69.332243, 10.783603000000141], [-69.321506, 10.80143500000014], [-69.305538, 10.80898400000018], [-69.302648, 10.815029], [-69.300462, 10.812865000000102], [-69.296574, 10.815897000000177], [-69.298756, 10.824382000000185], [-69.302825, 10.827628000000175], [-69.30377399999986, 10.834940000000131], [-69.313085, 10.833040000000153], [-69.325626, 10.835350000000119], [-69.337253, 10.850028000000123], [-69.341483, 10.859411], [-69.346184, 10.85934600000013], [-69.350535, 10.862545000000182], [-69.354237, 10.860847], [-69.356865, 10.863424], [-69.3578409999999, 10.866574], [-69.35216, 10.871008000000131], [-69.352064, 10.876985000000161], [-69.34416999999985, 10.882497], [-69.345286, 10.885348], [-69.341279, 10.89120800000012], [-69.345114, 10.901993], [-69.343015, 10.90955600000018], [-69.346412, 10.913053000000161], [-69.35002, 10.91275700000017], [-69.350739, 10.917172], [-69.353323, 10.917289000000153], [-69.351062, 10.92338000000018]]]}}, {"type": "Feature", "properties": {"parroquia": "Jacura", "municipio": "Jacura", "estado": "Falcón", "pcode": "VE111101", "estado_pcode": "VE11", "municipio_pcode": "VE1111", "center_lat": 11.08495, "center_lon": -68.88837373, "area_sqkm": 827.75959881}, "geometry": {"type": "Polygon", "coordinates": [[[-68.696116, 11.029302], [-68.728157, 11.029332000000181], [-68.800847, 11.164144000000135], [-68.82305999999988, 11.256604], [-68.88632899999988, 11.2279860000001], [-68.891576, 11.225062], [-68.919738, 11.219892], [-68.9445209999999, 11.218577000000153], [-68.946831, 11.212402000000111], [-68.944859, 11.199932], [-68.954272, 11.19261200000011], [-68.976068, 11.195770000000152], [-68.980611, 11.192282], [-68.991626, 11.192838], [-69.003026, 11.190009], [-69.02321599999982, 11.19557], [-69.023912, 11.19282], [-69.01222799999988, 11.190249], [-69.014077, 11.177422], [-69.023045, 11.165972], [-69.024584, 11.15506900000014], [-69.01411499999989, 11.136619000000167], [-69.01211199999989, 11.127275000000111], [-69.013696, 11.122798], [-69.00946, 11.117602], [-69.0138649999999, 11.100632000000132], [-69.020585, 11.09140100000019], [-69.0162279999999, 11.068855], [-69.00904, 11.057516000000135], [-68.988285, 11.046642000000134], [-68.9189889999999, 10.914029], [-68.90143, 10.913413000000105], [-68.895384, 10.910997], [-68.888379, 10.914135000000158], [-68.879692, 10.913157], [-68.87228899999985, 10.92241700000011], [-68.86401099999989, 10.920312], [-68.85924, 10.92350400000015], [-68.85586, 10.922721], [-68.85300999999987, 10.927621000000102], [-68.839323, 10.937101], [-68.833419, 10.93812300000019], [-68.82433, 10.933086000000173], [-68.812852, 10.935813], [-68.804698, 10.934577000000104], [-68.707797, 10.959899], [-68.710245, 10.964591], [-68.707893, 10.976590000000101], [-68.700655, 10.97844600000019], [-68.70598599999988, 10.991752000000133], [-68.70053799999988, 10.996405], [-68.696116, 11.029302]]]}}, {"type": "Feature", "properties": {"parroquia": "Agua Linda", "municipio": "Jacura", "estado": "Falcón", "pcode": "VE111102", "estado_pcode": "VE11", "municipio_pcode": "VE1111", "center_lat": 10.991494, "center_lon": -69.07040115, "area_sqkm": 1017.013873}, "geometry": {"type": "Polygon", "coordinates": [[[-68.9189889999999, 10.914029], [-68.988285, 11.046642000000134], [-69.00904, 11.057516000000135], [-69.0162279999999, 11.068855], [-69.020585, 11.09140100000019], [-69.0138649999999, 11.100632000000132], [-69.00946, 11.117602], [-69.013696, 11.122798], [-69.01211199999989, 11.127275000000111], [-69.01411499999989, 11.136619000000167], [-69.024584, 11.15506900000014], [-69.023045, 11.165972], [-69.014077, 11.177422], [-69.01222799999988, 11.190249], [-69.023912, 11.19282], [-69.02321599999982, 11.19557], [-69.150692, 11.224647], [-69.216921, 11.191602], [-69.223362, 11.188618], [-69.2183, 11.180574], [-69.222852, 11.165628], [-69.225892, 11.164166], [-69.224661, 11.158862], [-69.200075, 11.065926], [-69.162495, 10.920428000000186], [-69.161414, 10.90668], [-69.155872, 10.893701], [-69.158233, 10.881388000000129], [-69.151944, 10.867526000000169], [-69.142956, 10.861667000000182], [-69.112954, 10.864556000000107], [-69.090525, 10.859914], [-69.0731239999999, 10.861225], [-69.065933, 10.858512], [-69.05588499999988, 10.862374], [-69.047025, 10.86001], [-69.026799, 10.842638], [-69.0132349999999, 10.841319], [-69.001845, 10.833886000000177], [-68.97216299999985, 10.834605000000124], [-68.97002, 10.828405], [-68.97540899999984, 10.814043], [-68.969055, 10.80181], [-68.958991, 10.792023000000142], [-68.965363, 10.779488000000185], [-68.96411599999982, 10.77401], [-68.948646, 10.769821], [-68.939245, 10.763748], [-68.923276, 10.767915], [-68.901588, 10.791019000000176], [-68.894601, 10.795283], [-68.884187, 10.797665000000109], [-68.870639, 10.805173000000138], [-68.861734, 10.802435], [-68.9189889999999, 10.914029]]]}}, {"type": "Feature", "properties": {"parroquia": "Araurima", "municipio": "Jacura", "estado": "Falcón", "pcode": "VE111103", "estado_pcode": "VE11", "municipio_pcode": "VE1111", "center_lat": 10.9070175, "center_lon": -68.80946982, "area_sqkm": 349.53073712}, "geometry": {"type": "Polygon", "coordinates": [[[-68.852534, 10.784574000000191], [-68.848276, 10.787512000000106], [-68.850495, 10.788829], [-68.848826, 10.78966400000013], [-68.84387, 10.786392000000149], [-68.841624, 10.794268], [-68.833613, 10.793032], [-68.83226599999989, 10.799780000000112], [-68.827095, 10.80208], [-68.823519, 10.799785], [-68.825672, 10.804885000000127], [-68.82216, 10.808161], [-68.825756, 10.810157], [-68.819022, 10.81187], [-68.81844299999989, 10.81547200000017], [-68.81218899999988, 10.812918], [-68.812375, 10.819429000000184], [-68.810956, 10.816113], [-68.808516, 10.816448], [-68.807546, 10.824042000000134], [-68.8046, 10.825319], [-68.806859, 10.828951], [-68.7993249999999, 10.82612900000015], [-68.8018679999999, 10.830470000000162], [-68.798079, 10.834275], [-68.799702, 10.840019], [-68.7966, 10.83896], [-68.79615099999984, 10.841186], [-68.791794, 10.840386], [-68.788799, 10.841343], [-68.788933, 10.843933000000106], [-68.78347, 10.844468000000177], [-68.78008299999988, 10.852650000000153], [-68.770202, 10.850299000000177], [-68.76758099999984, 10.854807000000108], [-68.771011, 10.856255], [-68.764849, 10.860049], [-68.766231, 10.864695], [-68.762894, 10.863476000000105], [-68.75592099999989, 10.867940000000146], [-68.758909, 10.872668], [-68.757197, 10.87414500000017], [-68.7539349999999, 10.870129], [-68.747587, 10.870715], [-68.750051, 10.866987000000165], [-68.748395, 10.866377000000114], [-68.74014299999988, 10.874218], [-68.73906099999988, 10.879337], [-68.731524, 10.883207], [-68.731105, 10.886533], [-68.720093, 10.8856770000001], [-68.718103, 10.890869000000123], [-68.713701, 10.886744], [-68.71222499999982, 10.895624000000112], [-68.710016, 10.89245], [-68.70835999999986, 10.898877000000141], [-68.70474599999989, 10.897751], [-68.707307, 10.90142800000018], [-68.705092, 10.900844000000177], [-68.70549299999988, 10.905105000000162], [-68.701345, 10.9076510000001], [-68.698509, 10.904639000000145], [-68.697242, 10.91003400000011], [-68.694144, 10.909524], [-68.695864, 10.912701], [-68.690003, 10.909776], [-68.68568, 10.910670000000152], [-68.685015, 10.908702], [-68.687857, 10.908985], [-68.689698, 10.905834], [-68.68299899999988, 10.906352], [-68.682345, 10.902481], [-68.677904, 10.906586000000118], [-68.677062, 10.902395], [-68.668359, 10.905904], [-68.66658599999988, 10.901810000000182], [-68.66095, 10.908304000000157], [-68.655319, 10.911796], [-68.65051499999987, 10.91026200000016], [-68.649257, 10.913685], [-68.646792, 10.910282], [-68.639047, 10.914541000000156], [-68.640723, 10.91100200000011], [-68.63606, 10.906189], [-68.635368, 10.910663000000113], [-68.626446, 10.912842000000126], [-68.627079, 10.917194000000109], [-68.620963, 10.914269], [-68.622298, 10.91192400000017], [-68.6200209999999, 10.912463000000173], [-68.620132, 11.028311], [-68.696116, 11.029302], [-68.70053799999988, 10.996405], [-68.70598599999988, 10.991752000000133], [-68.700655, 10.97844600000019], [-68.707893, 10.976590000000101], [-68.710245, 10.964591], [-68.707797, 10.959899], [-68.804698, 10.934577000000104], [-68.812852, 10.935813], [-68.82433, 10.933086000000173], [-68.833419, 10.93812300000019], [-68.839323, 10.937101], [-68.85300999999987, 10.927621000000102], [-68.85586, 10.922721], [-68.85924, 10.92350400000015], [-68.86401099999989, 10.920312], [-68.87228899999985, 10.92241700000011], [-68.879692, 10.913157], [-68.888379, 10.914135000000158], [-68.895384, 10.910997], [-68.90143, 10.913413000000105], [-68.9189889999999, 10.914029], [-68.861734, 10.802435], [-68.852534, 10.784574000000191]]]}}, {"type": "Feature", "properties": {"parroquia": "Judibana", "municipio": "Los Taques", "estado": "Falcón", "pcode": "VE111202", "estado_pcode": "VE11", "municipio_pcode": "VE1112", "center_lat": 11.7843985, "center_lon": -70.14971812, "area_sqkm": 63.58454735}, "geometry": {"type": "Polygon", "coordinates": [[[-70.19497499999989, 11.729625], [-70.1822, 11.73279], [-70.17318, 11.732245000000148], [-70.120796, 11.746605000000102], [-70.121827, 11.822192000000143], [-70.161819, 11.837402000000111], [-70.19497499999989, 11.729625]]]}}, {"type": "Feature", "properties": {"parroquia": "Mene de Mauroa", "municipio": "Mauroa", "estado": "Falcón", "pcode": "VE111301", "estado_pcode": "VE11", "municipio_pcode": "VE1113", "center_lat": 10.58965927, "center_lon": -70.92378077, "area_sqkm": 618.56668928}, "geometry": {"type": "Polygon", "coordinates": [[[-71.011451, 10.730402], [-71.09486082699982, 10.73085892000006], [-71.09249967099993, 10.721076686000117], [-71.09601772699995, 10.707969342000126], [-71.09363460099996, 10.703586253000083], [-71.08971543099995, 10.703529281000158], [-71.09102746999997, 10.70007018500013], [-71.08849931999998, 10.694610073000092], [-71.09508157499994, 10.692188967000163], [-71.09637316999988, 10.689314363000165], [-71.09645954999985, 10.679439648000141], [-71.08730113199994, 10.672509530000127], [-71.08797612699993, 10.66833142500002], [-71.08349590599988, 10.662485313000047], [-71.08329682999994, 10.652719077000029], [-71.08110972499998, 10.65046703500002], [-71.08308278999988, 10.647607950000179], [-71.08054665599991, 10.64355087500013], [-71.08548081299989, 10.637269685000035], [-71.08681080199989, 10.626512408000167], [-71.08374565099996, 10.62363736900005], [-71.08280857699992, 10.616763202000186], [-71.07746635099988, 10.616767234000122], [-71.07512521499996, 10.610270090000085], [-71.06801193199993, 10.61190317400002], [-71.06581878799994, 10.60476902500011], [-71.05437630499995, 10.60385806700009], [-71.04849399999989, 10.593500851000044], [-71.04767789899995, 10.58281760400007], [-71.03828845299995, 10.574918464000064], [-71.02477089199982, 10.574013538000145], [-71.02506885099996, 10.567399367000064], [-71.02813994799993, 10.562724241000126], [-71.02760490299994, 10.559070147000114], [-71.02341071799998, 10.556983128000013], [-71.0234226799999, 10.550800972000104], [-71.02002150199996, 10.545229862000099], [-71.02233454399993, 10.537925672000085], [-71.01750726099993, 10.523811355000134], [-71.02051032599991, 10.515439136000111], [-71.01698712399997, 10.506810953000013], [-71.01239092299994, 10.505244935000121], [-71.00690771399991, 10.507163021], [-71.00114945099989, 10.504543992000151], [-70.99829938799996, 10.51172918800006], [-70.99127405899992, 10.507402121999974], [-70.99071301799995, 10.50315302600012], [-70.98607880099996, 10.500143981000122], [-70.97811347799984, 10.50176807000014], [-70.97132019499998, 10.50020808500011], [-70.96854001499997, 10.490068850000057], [-70.97115310599992, 10.48825879500015], [-70.96542886399993, 10.487397809000129], [-70.96300373799994, 10.483693729000095], [-70.95730050199995, 10.483427756000026], [-70.95788343199996, 10.469571419999966], [-70.95259118599995, 10.46490833900009], [-70.93992168199998, 10.468365508000034], [-70.92695912699992, 10.465773523000053], [-70.90323415399996, 10.4667106980001], [-70.89194465499997, 10.46199566000007], [-70.88722643299991, 10.457817590000047], [-70.88585333899994, 10.452150458000062], [-70.87922600899992, 10.449322270000039], [-70.87907395699995, 10.449294660000078], [-70.86904064199996, 10.451910558000122], [-70.86313445799988, 10.460989818000144], [-70.85224398999986, 10.458508823000102], [-70.84285755999991, 10.452555735000146], [-70.83271220099994, 10.46251204500004], [-70.81890775299985, 10.464189157000078], [-70.80518429699998, 10.470981880000181], [-70.79730399999988, 10.483527], [-70.801844, 10.63134900000017], [-70.802686, 10.637177], [-70.806417, 10.636066], [-70.80975699999988, 10.628038000000117], [-70.817617, 10.63085], [-70.821182, 10.636651], [-70.82325099999986, 10.63591600000018], [-70.822457, 10.633005], [-70.82774399999988, 10.63253], [-70.839505, 10.64982700000013], [-70.846031, 10.646740000000136], [-70.839995, 10.638682], [-70.847264, 10.634091000000183], [-70.847553, 10.625348], [-70.850715, 10.62459900000016], [-70.858724, 10.63048], [-70.865036, 10.619692], [-70.865941, 10.622431000000176], [-70.873202, 10.623867000000132], [-70.87052499999987, 10.628661000000136], [-70.87706999999989, 10.627569], [-70.885882, 10.633811], [-70.884043, 10.637246000000118], [-70.88080499999984, 10.635703000000149], [-70.881215, 10.63823600000012], [-70.888824, 10.6481], [-70.890077, 10.654299], [-70.89647, 10.652822000000128], [-70.894947, 10.66083500000019], [-70.902486, 10.66482], [-70.909359, 10.663277000000107], [-70.9103439999999, 10.664696], [-70.907189, 10.66615400000012], [-70.911069, 10.669951], [-70.919055, 10.665503], [-70.917063, 10.669225], [-70.92045599999989, 10.674643000000117], [-70.923191, 10.671389], [-70.92501, 10.674711], [-70.92664, 10.671134], [-70.930276, 10.671576000000186], [-70.927842, 10.675233], [-70.930652, 10.680921000000126], [-70.932345, 10.67711300000019], [-70.936273, 10.678105], [-70.936653, 10.68186100000014], [-70.941266, 10.679672], [-70.943292, 10.68238300000013], [-70.94902899999988, 10.680959], [-70.953059, 10.685642000000144], [-70.95598999999987, 10.682979], [-70.957614, 10.68606700000015], [-70.96221, 10.682402000000138], [-70.970583, 10.681941000000165], [-70.96902599999987, 10.686551], [-70.977449, 10.687798], [-70.978583, 10.682153000000142], [-70.98328, 10.684287], [-70.98577099999989, 10.680124], [-70.98801299999985, 10.687623], [-70.990624, 10.686899], [-70.992069, 10.681170000000122], [-70.994572, 10.685507], [-70.99896599999988, 10.682725], [-71.00166899999988, 10.684806], [-71.005993, 10.683079], [-71.009736, 10.689257000000111], [-71.004398, 10.695218], [-71.007097, 10.696308000000158], [-71.008547, 10.701292], [-71.00392499999987, 10.701521000000184], [-71.002032, 10.71041], [-71.00973, 10.715091000000143], [-71.006569, 10.722412000000134], [-71.009608, 10.722249000000147], [-71.01083799999986, 10.725280000000112], [-71.006267, 10.728579], [-71.011451, 10.730402]]]}}, {"type": "Feature", "properties": {"parroquia": "Casigua", "municipio": "Mauroa", "estado": "Falcón", "pcode": "VE111302", "estado_pcode": "VE11", "municipio_pcode": "VE1113", "center_lat": 10.8692885, "center_lon": -70.98433617, "area_sqkm": 1131.062121}, "geometry": {"type": "Polygon", "coordinates": [[[-70.903666, 11.037929], [-70.902459, 11.040970000000186], [-70.91138299999989, 11.053198000000123], [-70.915694, 11.05519900000013], [-70.92012099999988, 11.066547], [-70.926559, 11.069215], [-70.936653, 11.083419], [-70.965246, 11.10693600000019], [-70.97594454999995, 11.119041338999978], [-71.0040576419999, 11.107491863000064], [-71.01028685699998, 11.101513670000088], [-71.03689386599996, 11.088163153000039], [-71.04683622599987, 11.080425898000158], [-71.06711501099988, 11.072223556000097], [-71.07294621099999, 11.067315391000136], [-71.07443623799998, 11.06100421900004], [-71.06793399299994, 11.064748366000117], [-71.07403719699994, 11.059111181000048], [-71.11195570299992, 11.049102678000168], [-71.13521458099996, 11.037398219000124], [-71.15061312899985, 11.024580805000085], [-71.16727028299988, 11.017630807000046], [-71.155297, 11.005521], [-71.143608, 11.000743000000114], [-71.142774, 10.994749000000127], [-71.137236, 10.994075000000123], [-71.131878, 10.985532], [-71.133017, 10.971636], [-71.12981, 10.966350000000148], [-71.133988, 10.964992], [-71.137941, 10.968732], [-71.137212, 10.973412], [-71.140232, 10.974691000000178], [-71.146124, 10.972212], [-71.14974199999989, 10.965491000000156], [-71.147426, 10.958272], [-71.150707, 10.954978], [-71.152436, 10.946033000000114], [-71.151091, 10.937662], [-71.146762, 10.935609], [-71.150071, 10.929318], [-71.137299, 10.922774000000118], [-71.138541, 10.919268000000102], [-71.13649299999986, 10.916859000000102], [-71.128902, 10.914096000000143], [-71.132887, 10.911795000000154], [-71.13074299999988, 10.906776], [-71.132727, 10.903372000000104], [-71.1302879999999, 10.902125000000126], [-71.128922, 10.89508], [-71.122222, 10.898737], [-71.121011, 10.90309], [-71.112474, 10.897338], [-71.104505, 10.901914], [-71.104506, 10.899122], [-71.099231, 10.898131], [-71.101735, 10.894162000000108], [-71.10049, 10.890964], [-71.109134, 10.888960000000111], [-71.106623, 10.883776000000182], [-71.110605, 10.88300900000013], [-71.110923, 10.887499], [-71.114967, 10.889914], [-71.119739, 10.883667], [-71.1165079999999, 10.883895], [-71.114114, 10.87862100000018], [-71.116892, 10.873535000000174], [-71.11374, 10.867792000000179], [-71.107824, 10.867706000000169], [-71.10974999999985, 10.863591], [-71.107636, 10.859671], [-71.099408, 10.869942], [-71.097035, 10.867573000000164], [-71.09937899999989, 10.864815], [-71.093493, 10.864272], [-71.094991, 10.860792], [-71.093286, 10.858708], [-71.1012659999999, 10.856238], [-71.09880199999986, 10.853754], [-71.100948, 10.8503520000001], [-71.093104, 10.853076], [-71.090535, 10.848577000000148], [-71.088286, 10.851153000000124], [-71.089978, 10.854038], [-71.086738, 10.85756], [-71.082952, 10.853707], [-71.08505199999985, 10.851655000000108], [-71.081427, 10.849199000000112], [-71.08388999999988, 10.84086], [-71.078694, 10.843462], [-71.07743599999986, 10.83834], [-71.080196, 10.82893], [-71.08792899999986, 10.824511], [-71.081362, 10.820457000000147], [-71.073312, 10.824367], [-71.06639599999988, 10.820330000000126], [-71.064118, 10.813798], [-71.05244499999986, 10.813833000000102], [-71.046371, 10.810861], [-71.049908, 10.804848], [-71.04744699999986, 10.803622], [-71.047926, 10.800036], [-71.042119, 10.799058], [-71.037347, 10.80535], [-71.037937, 10.800736], [-71.035835, 10.802856], [-71.030552, 10.802366], [-71.025948, 10.800262], [-71.026813, 10.797208000000126], [-71.022153, 10.795606], [-71.02003, 10.798984000000189], [-71.019086, 10.790503000000115], [-71.023232, 10.789580000000115], [-71.026629, 10.791736000000185], [-71.02897, 10.789207], [-71.025733, 10.789846000000125], [-71.023653, 10.786703000000102], [-71.026726, 10.784803000000124], [-71.02504199999987, 10.782856000000152], [-71.02299799999986, 10.784359000000165], [-71.021227, 10.78076300000015], [-71.018295, 10.783969], [-71.016409, 10.781653], [-71.0163419999999, 10.784146000000135], [-71.012655, 10.784069000000159], [-71.009074, 10.780446], [-71.012282, 10.776077], [-71.0084619999999, 10.772908], [-71.000329, 10.775665], [-71.0044309999999, 10.763012000000117], [-71.001149, 10.762908], [-71.000996, 10.758872], [-71.004227, 10.758242000000166], [-71.001249, 10.757576000000142], [-71.00376199999988, 10.751483000000121], [-71.001364, 10.743996], [-71.011451, 10.730402], [-71.006267, 10.728579], [-71.01083799999986, 10.725280000000112], [-71.009608, 10.722249000000147], [-71.006569, 10.722412000000134], [-71.00973, 10.715091000000143], [-71.002032, 10.71041], [-71.00392499999987, 10.701521000000184], [-71.008547, 10.701292], [-71.007097, 10.696308000000158], [-71.004398, 10.695218], [-71.009736, 10.689257000000111], [-71.005993, 10.683079], [-71.00166899999988, 10.684806], [-70.99896599999988, 10.682725], [-70.994572, 10.685507], [-70.992069, 10.681170000000122], [-70.990624, 10.686899], [-70.98801299999985, 10.687623], [-70.98577099999989, 10.680124], [-70.98328, 10.684287], [-70.978583, 10.682153000000142], [-70.977449, 10.687798], [-70.96902599999987, 10.686551], [-70.970583, 10.681941000000165], [-70.96221, 10.682402000000138], [-70.957614, 10.68606700000015], [-70.95598999999987, 10.682979], [-70.953059, 10.685642000000144], [-70.94902899999988, 10.680959], [-70.943292, 10.68238300000013], [-70.941266, 10.679672], [-70.936653, 10.68186100000014], [-70.936273, 10.678105], [-70.932345, 10.67711300000019], [-70.930652, 10.680921000000126], [-70.927842, 10.675233], [-70.930276, 10.671576000000186], [-70.92664, 10.671134], [-70.92501, 10.674711], [-70.923191, 10.671389], [-70.92045599999989, 10.674643000000117], [-70.917063, 10.669225], [-70.919055, 10.665503], [-70.911069, 10.669951], [-70.907189, 10.66615400000012], [-70.9103439999999, 10.664696], [-70.909359, 10.663277000000107], [-70.902486, 10.66482], [-70.894947, 10.66083500000019], [-70.89647, 10.652822000000128], [-70.890077, 10.654299], [-70.888824, 10.6481], [-70.881215, 10.63823600000012], [-70.88080499999984, 10.635703000000149], [-70.884043, 10.637246000000118], [-70.885882, 10.633811], [-70.87706999999989, 10.627569], [-70.87052499999987, 10.628661000000136], [-70.873202, 10.623867000000132], [-70.865941, 10.622431000000176], [-70.865036, 10.619692], [-70.858724, 10.63048], [-70.850715, 10.62459900000016], [-70.847553, 10.625348], [-70.847264, 10.634091000000183], [-70.839995, 10.638682], [-70.846031, 10.646740000000136], [-70.839505, 10.64982700000013], [-70.82774399999988, 10.63253], [-70.822457, 10.633005], [-70.82325099999986, 10.63591600000018], [-70.821182, 10.636651], [-70.817617, 10.63085], [-70.80975699999988, 10.628038000000117], [-70.806417, 10.636066], [-70.802686, 10.637177], [-70.806231, 10.7592], [-70.832891, 10.762900000000116], [-70.8411579999999, 10.759917], [-70.86766, 10.787763], [-70.86997599999984, 10.866395], [-70.87997799999988, 10.953505000000177], [-70.903666, 11.037929]]]}}, {"type": "Feature", "properties": {"parroquia": "San Félix", "municipio": "Mauroa", "estado": "Falcón", "pcode": "VE111303", "estado_pcode": "VE11", "municipio_pcode": "VE1113", "center_lat": 10.87421887, "center_lon": -71.15848125, "area_sqkm": 334.39015683}, "geometry": {"type": "Polygon", "coordinates": [[[-71.011451, 10.730402], [-71.001364, 10.743996], [-71.00376199999988, 10.751483000000121], [-71.001249, 10.757576000000142], [-71.004227, 10.758242000000166], [-71.000996, 10.758872], [-71.001149, 10.762908], [-71.0044309999999, 10.763012000000117], [-71.000329, 10.775665], [-71.0084619999999, 10.772908], [-71.012282, 10.776077], [-71.009074, 10.780446], [-71.012655, 10.784069000000159], [-71.0163419999999, 10.784146000000135], [-71.016409, 10.781653], [-71.018295, 10.783969], [-71.021227, 10.78076300000015], [-71.02299799999986, 10.784359000000165], [-71.02504199999987, 10.782856000000152], [-71.026726, 10.784803000000124], [-71.023653, 10.786703000000102], [-71.025733, 10.789846000000125], [-71.02897, 10.789207], [-71.026629, 10.791736000000185], [-71.023232, 10.789580000000115], [-71.019086, 10.790503000000115], [-71.02003, 10.798984000000189], [-71.022153, 10.795606], [-71.026813, 10.797208000000126], [-71.025948, 10.800262], [-71.030552, 10.802366], [-71.035835, 10.802856], [-71.037937, 10.800736], [-71.037347, 10.80535], [-71.042119, 10.799058], [-71.047926, 10.800036], [-71.04744699999986, 10.803622], [-71.049908, 10.804848], [-71.046371, 10.810861], [-71.05244499999986, 10.813833000000102], [-71.064118, 10.813798], [-71.06639599999988, 10.820330000000126], [-71.073312, 10.824367], [-71.081362, 10.820457000000147], [-71.08792899999986, 10.824511], [-71.080196, 10.82893], [-71.07743599999986, 10.83834], [-71.078694, 10.843462], [-71.08388999999988, 10.84086], [-71.081427, 10.849199000000112], [-71.08505199999985, 10.851655000000108], [-71.082952, 10.853707], [-71.086738, 10.85756], [-71.089978, 10.854038], [-71.088286, 10.851153000000124], [-71.090535, 10.848577000000148], [-71.093104, 10.853076], [-71.100948, 10.8503520000001], [-71.09880199999986, 10.853754], [-71.1012659999999, 10.856238], [-71.093286, 10.858708], [-71.094991, 10.860792], [-71.093493, 10.864272], [-71.09937899999989, 10.864815], [-71.097035, 10.867573000000164], [-71.099408, 10.869942], [-71.107636, 10.859671], [-71.10974999999985, 10.863591], [-71.107824, 10.867706000000169], [-71.11374, 10.867792000000179], [-71.116892, 10.873535000000174], [-71.114114, 10.87862100000018], [-71.1165079999999, 10.883895], [-71.119739, 10.883667], [-71.114967, 10.889914], [-71.110923, 10.887499], [-71.110605, 10.88300900000013], [-71.106623, 10.883776000000182], [-71.109134, 10.888960000000111], [-71.10049, 10.890964], [-71.101735, 10.894162000000108], [-71.099231, 10.898131], [-71.104506, 10.899122], [-71.104505, 10.901914], [-71.112474, 10.897338], [-71.121011, 10.90309], [-71.122222, 10.898737], [-71.128922, 10.89508], [-71.1302879999999, 10.902125000000126], [-71.132727, 10.903372000000104], [-71.13074299999988, 10.906776], [-71.132887, 10.911795000000154], [-71.128902, 10.914096000000143], [-71.13649299999986, 10.916859000000102], [-71.138541, 10.919268000000102], [-71.137299, 10.922774000000118], [-71.150071, 10.929318], [-71.146762, 10.935609], [-71.151091, 10.937662], [-71.152436, 10.946033000000114], [-71.150707, 10.954978], [-71.147426, 10.958272], [-71.14974199999989, 10.965491000000156], [-71.146124, 10.972212], [-71.140232, 10.974691000000178], [-71.137212, 10.973412], [-71.137941, 10.968732], [-71.133988, 10.964992], [-71.12981, 10.966350000000148], [-71.133017, 10.971636], [-71.131878, 10.985532], [-71.137236, 10.994075000000123], [-71.142774, 10.994749000000127], [-71.143608, 11.000743000000114], [-71.155297, 11.005521], [-71.16727028299988, 11.017630807000046], [-71.17532309499995, 11.015386410000076], [-71.18677651399992, 11.007357134000074], [-71.21074046199993, 11.002372846000128], [-71.23094722999997, 10.991093434], [-71.30971733799998, 10.970224378000069], [-71.3150065019999, 10.963452185000108], [-71.30124893499988, 10.962989258000107], [-71.28845544899997, 10.968876497000053], [-71.2824811829999, 10.966597471000114], [-71.27027073599993, 10.975123769], [-71.26890861599992, 10.964739525000027], [-71.27159366899997, 10.956722310999965], [-71.26534333599989, 10.94574507200008], [-71.25607093899998, 10.944975119000048], [-71.25202974999996, 10.940892047999967], [-71.24556248899995, 10.941786108000088], [-71.22097241499995, 10.932519048000131], [-71.22013134699995, 10.928616955000166], [-71.22322543399991, 10.92261978199997], [-71.2172561399999, 10.91585466500004], [-71.21689102399989, 10.90148031100017], [-71.20939765899993, 10.892885145000093], [-71.20976463899996, 10.887582006000116], [-71.20395737299992, 10.883701953000184], [-71.19829404799998, 10.871242682], [-71.20119414199985, 10.86567752500008], [-71.20007804999995, 10.860284406000176], [-71.19510977899995, 10.849254170000052], [-71.19026754899994, 10.846004114000038], [-71.18793539399996, 10.837024912000174], [-71.18248812099995, 10.829739774000132], [-71.17688187799996, 10.82780576000016], [-71.17286066799994, 10.82271465499997], [-71.16872150099988, 10.823227698999972], [-71.1612701439999, 10.815135545000146], [-71.15275178399997, 10.813892574000022], [-71.14882559099993, 10.808732479000014], [-71.14162230699998, 10.810711572000116], [-71.13170183799991, 10.803200447000108], [-71.12947768099991, 10.793443222], [-71.12452948299995, 10.793784261000098], [-71.11312791699999, 10.7807130220001], [-71.10258046599995, 10.777425009000126], [-71.10126538199995, 10.772920905000092], [-71.09702317999995, 10.769975866999971], [-71.09935921199997, 10.759551595000062], [-71.09505398499988, 10.752166443000078], [-71.10084718899998, 10.74712526999997], [-71.0948148889999, 10.740332151000018], [-71.0970358589999, 10.736071069000104], [-71.09486082699982, 10.73085892000006], [-71.011451, 10.730402]]]}}, {"type": "Feature", "properties": {"parroquia": "San Gabriel", "municipio": "Miranda", "estado": "Falcón", "pcode": "VE111402", "estado_pcode": "VE11", "municipio_pcode": "VE1114", "center_lat": 11.47283157, "center_lon": -69.67176292, "area_sqkm": 104.09753917}, "geometry": {"type": "Polygon", "coordinates": [[[-69.59874068699997, 11.457529562000161], [-69.61906205999998, 11.465156437000132], [-69.63847097999997, 11.479094674000123], [-69.6544027729999, 11.496065016000045], [-69.68606850299989, 11.538705640000103], [-69.73632304499989, 11.513347890000034], [-69.72498186499996, 11.511352941000098], [-69.73295915199992, 11.50333867], [-69.72536382999994, 11.503012721000175], [-69.73368813299993, 11.496278479000011], [-69.72384970199988, 11.494332501000144], [-69.72582776599995, 11.490951394000035], [-69.72357466299997, 11.490728407000177], [-69.67748299999988, 11.41439800000012], [-69.674155, 11.404996], [-69.64208399999984, 11.410766], [-69.627534, 11.410691], [-69.629322, 11.414494000000104], [-69.632438, 11.415071], [-69.629384, 11.421282], [-69.633573, 11.421685], [-69.632359, 11.424931000000186], [-69.6290949999999, 11.425247000000184], [-69.630245, 11.430003], [-69.62544, 11.430742000000123], [-69.6205599999999, 11.435149], [-69.6199759999999, 11.441107000000102], [-69.615919, 11.43855], [-69.613975, 11.442729], [-69.611068, 11.439265], [-69.61028, 11.447444], [-69.602153, 11.447122], [-69.59814099999983, 11.450596], [-69.59874068699997, 11.457529562000161]]]}}, {"type": "Feature", "properties": {"parroquia": "Santa Ana", "municipio": "Miranda", "estado": "Falcón", "pcode": "VE111403", "estado_pcode": "VE11", "municipio_pcode": "VE1114", "center_lat": 11.4073035, "center_lon": -69.77145832, "area_sqkm": 194.86929037}, "geometry": {"type": "Polygon", "coordinates": [[[-69.674155, 11.404996], [-69.67748299999988, 11.41439800000012], [-69.72357466299997, 11.490728407000177], [-69.74022129899993, 11.481121042000098], [-69.73307898299998, 11.478401020000092], [-69.74882257199982, 11.468367642000032], [-69.74428738299991, 11.468020670999977], [-69.75098461899984, 11.461883464000152], [-69.76626623199991, 11.456701224000028], [-69.76601720499991, 11.454225159000032], [-69.78579896799994, 11.444290767000155], [-69.78899705399994, 11.436965543000156], [-69.78513185099996, 11.431741442000032], [-69.79199710699993, 11.425992235000137], [-69.80416162499995, 11.426065162000043], [-69.80910679299984, 11.421377007], [-69.81580006199994, 11.4195329100001], [-69.82772760099988, 11.423741943000095], [-69.84584736199997, 11.422461777000024], [-69.85410506399995, 11.427944363000165], [-69.865253, 11.422117], [-69.86845099999988, 11.414621000000125], [-69.866644, 11.410135], [-69.868304, 11.40602100000018], [-69.8659909999999, 11.403848000000153], [-69.869809, 11.404083], [-69.869428, 11.398761], [-69.874136, 11.398224], [-69.872253, 11.397843000000137], [-69.873251, 11.395099], [-69.880019, 11.389762000000133], [-69.880798, 11.381971000000135], [-69.883247, 11.381417000000113], [-69.88114599999983, 11.378924], [-69.887455, 11.37599200000011], [-69.889492, 11.37121500000012], [-69.890884, 11.359118], [-69.894149, 11.35504], [-69.892483, 11.350417], [-69.894634, 11.34919600000012], [-69.895636, 11.33939], [-69.889005, 11.329925], [-69.890143, 11.323483000000124], [-69.855555, 11.341831000000184], [-69.834483, 11.34086600000012], [-69.750348, 11.377653], [-69.705043, 11.383567], [-69.702881, 11.396420000000148], [-69.674155, 11.404996]]]}}, {"type": "Feature", "properties": {"parroquia": "Guzmán Guillermo", "municipio": "Miranda", "estado": "Falcón", "pcode": "VE111404", "estado_pcode": "VE11", "municipio_pcode": "VE1114", "center_lat": 11.2839065, "center_lon": -69.66029806, "area_sqkm": 504.82660675}, "geometry": {"type": "Polygon", "coordinates": [[[-69.551841, 11.38346], [-69.60406499999988, 11.37341], [-69.62610099999989, 11.357916], [-69.64176, 11.35823900000014], [-69.665942, 11.34923300000014], [-69.696628, 11.345344], [-69.695583, 11.340155], [-69.709361, 11.331724], [-69.710574, 11.324178], [-69.72575199999983, 11.302266], [-69.740168, 11.299775000000182], [-69.759868, 11.307681], [-69.774371, 11.300443], [-69.780094, 11.285697], [-69.798089, 11.274704], [-69.828036, 11.264982000000145], [-69.831829, 11.258856], [-69.842018, 11.255473000000109], [-69.85095299999989, 11.24589600000013], [-69.833513, 11.167572], [-69.8145219999999, 11.174045], [-69.801755, 11.172267], [-69.79232, 11.174919000000102], [-69.793129, 11.183577], [-69.77366299999989, 11.21928], [-69.770768, 11.212502], [-69.765885, 11.20908500000013], [-69.757358, 11.207783], [-69.754114, 11.203159], [-69.754968, 11.199654000000123], [-69.747534, 11.192271000000176], [-69.72794, 11.192692], [-69.714787, 11.198408], [-69.704171, 11.19530900000018], [-69.693924, 11.200032], [-69.664836, 11.209505], [-69.652522, 11.205199000000107], [-69.627986, 11.222088], [-69.607124, 11.22567000000015], [-69.59872499999983, 11.22963], [-69.570293, 11.247327], [-69.54829099999989, 11.2735780000001], [-69.530669, 11.290289], [-69.502001, 11.300472], [-69.496714, 11.30578400000013], [-69.47790599999985, 11.347416], [-69.496878, 11.400741], [-69.551841, 11.38346]]]}}, {"type": "Feature", "properties": {"parroquia": "Mitare", "municipio": "Miranda", "estado": "Falcón", "pcode": "VE111405", "estado_pcode": "VE11", "municipio_pcode": "VE1114", "center_lat": 11.416698, "center_lon": -70.00770961, "area_sqkm": 607.57768687}, "geometry": {"type": "Polygon", "coordinates": [[[-69.85410506399995, 11.427944363000165], [-69.87839382699991, 11.435544905000029], [-69.89641070999994, 11.453687260000038], [-69.89454281599984, 11.479385937000131], [-69.88632956299989, 11.494066387000146], [-69.88997477899989, 11.501358548000155], [-69.88909076099992, 11.504448638000042], [-69.89288893799994, 11.508202712000127], [-69.89786614199994, 11.506979645000115], [-69.90086123199995, 11.501607479000029], [-69.91196965399996, 11.494046203000039], [-69.91810191599984, 11.494941183000037], [-69.91635689099996, 11.502406397000073], [-69.92112212699988, 11.506788471000107], [-69.93393560899995, 11.499269187000039], [-69.93487760599999, 11.49266501500017], [-69.96587385899994, 11.484775592000119], [-69.97068811799994, 11.493449793000082], [-69.98003349899983, 11.490941663000058], [-69.9817175799999, 11.492499684000109], [-69.99296821099995, 11.514620191000063], [-69.99849643099998, 11.512813103000155], [-70.00472072899998, 11.518319210000186], [-70.02834767899992, 11.511577861999967], [-70.04708446199999, 11.511103728000023], [-70.06306820899982, 11.520703868000112], [-70.07382973699993, 11.531070064], [-70.09687876499999, 11.539674133000062], [-70.12453408199991, 11.561156503000063], [-70.13936774499996, 11.566420533000041], [-70.13524655699996, 11.564614517000052], [-70.13781165799992, 11.564114490000122], [-70.13728162299992, 11.561903432000179], [-70.12935123799997, 11.554862305000142], [-70.12092684599997, 11.549868226000171], [-70.11833774199988, 11.550782270000127], [-70.11999680099984, 11.54924422300013], [-70.11545061999993, 11.549554255000032], [-70.11904775199991, 11.546755167000072], [-70.11183839599983, 11.540383040000165], [-70.10440309099994, 11.540800111000124], [-70.08876737099996, 11.531456968000043], [-70.08093702899993, 11.531067012000108], [-70.08695726699995, 11.528436902000124], [-70.10450700499996, 11.52795577500018], [-70.10848519299992, 11.530498805000093], [-70.11741156599999, 11.530430748000072], [-70.12119570199991, 11.526942633000033], [-70.11703748699995, 11.521682514000076], [-70.12335774399992, 11.519904428000075], [-70.11066418399992, 11.517246446000058], [-70.10180182899995, 11.519776580000155], [-70.08882427799995, 11.518566632000045], [-70.07821285299985, 11.52182878900004], [-70.08377105599993, 11.517470638000134], [-70.0859521139999, 11.51206748400017], [-70.06796640199991, 11.518921783], [-70.08066787299992, 11.509934458000089], [-70.07986281499996, 11.506387379000103], [-70.07599365399989, 11.506537409000089], [-70.07080447599998, 11.512392595000165], [-70.0546297969999, 11.513105725000173], [-70.04480636099998, 11.50923269499998], [-70.04898739899988, 11.489403143000118], [-70.02956759399996, 11.492613362999975], [-70.0257594059999, 11.487860264000119], [-70.01928113799994, 11.488186321000171], [-70.02159820099996, 11.484487205000164], [-70.01952910599994, 11.482984175000126], [-70.02026909099993, 11.4769090100001], [-70.01731595399997, 11.474989983000057], [-70.01868896099995, 11.467558782000083], [-70.03292063199996, 11.47738493900016], [-70.04007194099995, 11.47779790100003], [-70.04278702499994, 11.47382378499998], [-70.04708523399995, 11.478025857000034], [-70.05116540399996, 11.477070805000096], [-70.05436645199995, 11.46584649200014], [-70.04882121399999, 11.465784530000178], [-70.04683315299997, 11.468471610000108], [-70.04993328799998, 11.467928582000127], [-70.04874024899993, 11.469720633000122], [-70.04335502799995, 11.470533696000189], [-70.0356006799999, 11.468944699000076], [-70.03567362799998, 11.459990466000022], [-70.02928436799988, 11.461559551000107], [-70.03495358999993, 11.459067446000063], [-70.03681461299988, 11.451822242000105], [-70.04555691399997, 11.442110940000191], [-70.04671392899996, 11.436520776000066], [-70.05302021499995, 11.439071808000108], [-70.06322974799997, 11.454064128000141], [-70.07220909799986, 11.450429971000062], [-70.08549265199991, 11.449201845000061], [-70.08938779499988, 11.447647784000026], [-70.0854776239999, 11.446254765000106], [-70.08332549899984, 11.440839639000103], [-70.09748697899988, 11.424651128000107], [-70.1091105299999, 11.433983289000139], [-70.13712293899994, 11.466997959000139], [-70.14881345499998, 11.469192928000098], [-70.16521912999991, 11.468037790000096], [-70.1673731979999, 11.463784660999977], [-70.16347504899994, 11.466790764000109], [-70.1613579559999, 11.465449753000087], [-70.15384865099998, 11.468100874000129], [-70.15341162499988, 11.466004817], [-70.14919145599993, 11.467282878000162], [-70.14768336599991, 11.464608819000148], [-70.13989805699998, 11.465946906000113], [-70.14339213399995, 11.45704765000005], [-70.14165104799997, 11.454557606000094], [-70.13591083299991, 11.458063732000141], [-70.14083600899994, 11.454209592000097], [-70.13734585399999, 11.452497571000094], [-70.13272766699998, 11.45453366099997], [-70.13655581099994, 11.451850567], [-70.13506874099988, 11.449982532000092], [-70.13245663899994, 11.45121857900017], [-70.13314363199993, 11.446593447000112], [-70.13425669799994, 11.448621492000086], [-70.13617176699995, 11.446900435000089], [-70.13923393399989, 11.45208755100009], [-70.14329308099997, 11.449957466000171], [-70.14687313199994, 11.434591040999976], [-70.13518467499989, 11.441074300000025], [-70.14903515799995, 11.426908831000105], [-70.14725106599997, 11.423220753000123], [-70.14284588399988, 11.424083806000056], [-70.14805705199996, 11.417468597000095], [-70.1490260519999, 11.411785441000063], [-70.15530528699998, 11.40678326799997], [-70.1634566319999, 11.407334225], [-70.16974070699996, 11.38083349600015], [-70.17879304899992, 11.374595276000036], [-70.18187109999997, 11.363346961000047], [-70.19112179899986, 11.360052468000049], [-70.18718, 11.35261400000013], [-70.185828, 11.324564], [-70.176085, 11.315844], [-70.169718, 11.296627000000115], [-70.148987, 11.279557000000125], [-70.10954999999984, 11.267952], [-70.048288, 11.299823], [-69.96889, 11.308627000000172], [-69.890884, 11.359118], [-69.889492, 11.37121500000012], [-69.887455, 11.37599200000011], [-69.88114599999983, 11.378924], [-69.883247, 11.381417000000113], [-69.880798, 11.381971000000135], [-69.880019, 11.389762000000133], [-69.873251, 11.395099], [-69.872253, 11.397843000000137], [-69.874136, 11.398224], [-69.869428, 11.398761], [-69.869809, 11.404083], [-69.8659909999999, 11.403848000000153], [-69.868304, 11.40602100000018], [-69.866644, 11.410135], [-69.86845099999988, 11.414621000000125], [-69.865253, 11.422117], [-69.85410506399995, 11.427944363000165]]]}}, {"type": "Feature", "properties": {"parroquia": "Rio Seco", "municipio": "Miranda", "estado": "Falcón", "pcode": "VE111406", "estado_pcode": "VE11", "municipio_pcode": "VE1114", "center_lat": 11.29895154, "center_lon": -70.19269791, "area_sqkm": 60.01476232}, "geometry": {"type": "Polygon", "coordinates": [[[-70.148987, 11.279557000000125], [-70.169718, 11.296627000000115], [-70.176085, 11.315844], [-70.185828, 11.324564], [-70.18718, 11.35261400000013], [-70.19112179899986, 11.360052468000049], [-70.19469558599997, 11.356841700000132], [-70.20660108599986, 11.355214586000159], [-70.21241029499993, 11.350555422000127], [-70.23903493899991, 11.341620152000132], [-70.202119, 11.279347000000143], [-70.154311, 11.236134000000106], [-70.136241, 11.236876], [-70.148987, 11.279557000000125]]]}}, {"type": "Feature", "properties": {"parroquia": "Sabaneta", "municipio": "Miranda", "estado": "Falcón", "pcode": "VE111407", "estado_pcode": "VE11", "municipio_pcode": "VE1114", "center_lat": 11.225677, "center_lon": -69.99935657, "area_sqkm": 444.046908}, "geometry": {"type": "Polygon", "coordinates": [[[-69.833513, 11.167572], [-69.85095299999989, 11.24589600000013], [-69.851678, 11.249152], [-69.85915299999982, 11.243005], [-69.864141, 11.245734], [-69.874558, 11.239119000000187], [-69.888721, 11.234773000000132], [-69.907091, 11.241495000000157], [-69.90005699999989, 11.256327], [-69.90157, 11.266344], [-69.906588, 11.269347000000153], [-69.906917, 11.272827000000177], [-69.893413, 11.2809], [-69.891079, 11.288237], [-69.894822, 11.294772], [-69.891678, 11.302307], [-69.897644, 11.307288], [-69.891452, 11.314743000000135], [-69.890143, 11.323483000000124], [-69.889005, 11.329925], [-69.895636, 11.33939], [-69.894634, 11.34919600000012], [-69.892483, 11.350417], [-69.894149, 11.35504], [-69.890884, 11.359118], [-69.96889, 11.308627000000172], [-70.048288, 11.299823], [-70.10954999999984, 11.267952], [-70.148987, 11.279557000000125], [-70.136241, 11.236876], [-70.154311, 11.236134000000106], [-70.12084, 11.106955000000141], [-70.023132, 11.181], [-69.984253, 11.193190000000186], [-69.97, 11.202556], [-69.927082, 11.216581], [-69.919734, 11.216059], [-69.915761, 11.212351000000183], [-69.902844, 11.19386], [-69.900817, 11.175187], [-69.89393299999983, 11.170732], [-69.889439, 11.163192], [-69.884249, 11.161197000000186], [-69.877425, 11.151621000000148], [-69.857891, 11.159774], [-69.8452989999999, 11.160588], [-69.833513, 11.167572]]]}}, {"type": "Feature", "properties": {"parroquia": "Boca de Tocuyo", "municipio": "Monseñor Iturriza", "estado": "Falcón", "pcode": "VE111502", "estado_pcode": "VE11", "municipio_pcode": "VE1115", "center_lat": 11.03266397, "center_lon": -68.34030164, "area_sqkm": 10.58956393}, "geometry": {"type": "Polygon", "coordinates": [[[-68.35379399999982, 11.00253800000013], [-68.32557779199993, 11.02220520300017], [-68.33929786199997, 11.060417108000024], [-68.348329, 11.054667000000165], [-68.35379399999982, 11.00253800000013]]]}}, {"type": "Feature", "properties": {"parroquia": "Tocuyo de la Costa", "municipio": "Monseñor Iturriza", "estado": "Falcón", "pcode": "VE111503", "estado_pcode": "VE11", "municipio_pcode": "VE1115", "center_lat": 10.852175, "center_lon": -68.66524895, "area_sqkm": 792.89329726}, "geometry": {"type": "Polygon", "coordinates": [[[-68.348329, 11.054667000000165], [-68.355677, 11.04747], [-68.365859, 11.048615000000154], [-68.372119, 11.042358], [-68.38161799999983, 11.041872000000183], [-68.38489, 11.046472000000108], [-68.391312, 11.044501], [-68.39778699999988, 11.045695000000137], [-68.405001, 11.043055], [-68.407067, 11.035485], [-68.40635999999984, 11.02798], [-68.402343, 11.029990000000112], [-68.40274199999988, 11.02426300000019], [-68.396596, 11.023128], [-68.398428, 11.015542000000153], [-68.394776, 11.012171000000137], [-68.398465, 11.009414000000106], [-68.399864, 10.999226], [-68.409879, 11.0010410000001], [-68.411848, 10.998477], [-68.415696, 10.999203], [-68.414598, 10.996867], [-68.417381, 10.99633800000015], [-68.417037, 10.993822], [-68.422679, 10.994620000000111], [-68.425127, 10.987886], [-68.431127, 10.992047], [-68.441255, 10.986993], [-68.438249, 10.982506], [-68.43988499999983, 10.978811000000178], [-68.448071, 10.977274], [-68.444164, 10.971702000000164], [-68.44792399999983, 10.969804000000124], [-68.447217, 10.966470000000129], [-68.450583, 10.966069000000175], [-68.45331, 10.966435000000104], [-68.45433999999989, 10.961213], [-68.457667, 10.964067000000114], [-68.460199, 10.959738000000186], [-68.474414, 10.953008], [-68.4733399999999, 10.947182000000112], [-68.480608, 10.946484000000112], [-68.481351, 10.940879000000166], [-68.49158299999988, 10.935294], [-68.49360899999982, 10.924325], [-68.498235, 10.925552000000152], [-68.494813, 10.922631], [-68.50207399999988, 10.914979000000187], [-68.5052419999999, 10.915514], [-68.50657399999989, 10.91257400000012], [-68.509681, 10.91459900000018], [-68.509778, 10.911298], [-68.512118, 10.913556], [-68.51622, 10.910739], [-68.514253, 10.916342000000157], [-68.51624, 10.917776000000117], [-68.518043, 10.915842000000168], [-68.52013, 10.918514], [-68.521944, 10.914333], [-68.522574, 10.91831900000011], [-68.526658, 10.916488000000129], [-68.526827, 10.921370000000138], [-68.52877199999989, 10.91968700000018], [-68.534454, 10.924175], [-68.529878, 10.925572], [-68.535375, 10.930038], [-68.536237, 10.926504], [-68.536884, 10.929527], [-68.539358, 10.926901], [-68.541125, 10.930468], [-68.541139, 10.925104], [-68.542862, 10.92903900000016], [-68.547063, 10.923333], [-68.55003, 10.92526700000019], [-68.547459, 10.927113000000134], [-68.551049, 10.92815000000013], [-68.55998, 10.923521000000108], [-68.560075, 10.920151], [-68.568613, 10.92334], [-68.56546, 10.921659], [-68.56813099999988, 10.92070600000011], [-68.565697, 10.91867800000017], [-68.572942, 10.919719000000157], [-68.574495, 10.918749000000162], [-68.572569, 10.915985], [-68.576466, 10.917570000000126], [-68.57782899999984, 10.912358], [-68.581013, 10.915437], [-68.58519799999988, 10.914842], [-68.589275, 10.919315], [-68.59273899999988, 10.918586000000175], [-68.600442, 10.922330000000159], [-68.609205, 10.92070200000012], [-68.6117799999999, 10.923027000000104], [-68.613331, 10.918136], [-68.616879, 10.919677], [-68.6200209999999, 10.912463000000173], [-68.622298, 10.91192400000017], [-68.620963, 10.914269], [-68.627079, 10.917194000000109], [-68.626446, 10.912842000000126], [-68.635368, 10.910663000000113], [-68.63606, 10.906189], [-68.640723, 10.91100200000011], [-68.639047, 10.914541000000156], [-68.646792, 10.910282], [-68.649257, 10.913685], [-68.65051499999987, 10.91026200000016], [-68.655319, 10.911796], [-68.66095, 10.908304000000157], [-68.66658599999988, 10.901810000000182], [-68.668359, 10.905904], [-68.677062, 10.902395], [-68.677904, 10.906586000000118], [-68.682345, 10.902481], [-68.68299899999988, 10.906352], [-68.689698, 10.905834], [-68.687857, 10.908985], [-68.685015, 10.908702], [-68.68568, 10.910670000000152], [-68.690003, 10.909776], [-68.695864, 10.912701], [-68.694144, 10.909524], [-68.697242, 10.91003400000011], [-68.698509, 10.904639000000145], [-68.701345, 10.9076510000001], [-68.70549299999988, 10.905105000000162], [-68.705092, 10.900844000000177], [-68.707307, 10.90142800000018], [-68.70474599999989, 10.897751], [-68.70835999999986, 10.898877000000141], [-68.710016, 10.89245], [-68.71222499999982, 10.895624000000112], [-68.713701, 10.886744], [-68.718103, 10.890869000000123], [-68.720093, 10.8856770000001], [-68.731105, 10.886533], [-68.731524, 10.883207], [-68.73906099999988, 10.879337], [-68.74014299999988, 10.874218], [-68.748395, 10.866377000000114], [-68.750051, 10.866987000000165], [-68.747587, 10.870715], [-68.7539349999999, 10.870129], [-68.757197, 10.87414500000017], [-68.758909, 10.872668], [-68.75592099999989, 10.867940000000146], [-68.762894, 10.863476000000105], [-68.766231, 10.864695], [-68.764849, 10.860049], [-68.771011, 10.856255], [-68.76758099999984, 10.854807000000108], [-68.770202, 10.850299000000177], [-68.78008299999988, 10.852650000000153], [-68.78347, 10.844468000000177], [-68.788933, 10.843933000000106], [-68.788799, 10.841343], [-68.791794, 10.840386], [-68.79615099999984, 10.841186], [-68.7966, 10.83896], [-68.799702, 10.840019], [-68.798079, 10.834275], [-68.8018679999999, 10.830470000000162], [-68.7993249999999, 10.82612900000015], [-68.806859, 10.828951], [-68.8046, 10.825319], [-68.807546, 10.824042000000134], [-68.808516, 10.816448], [-68.810956, 10.816113], [-68.812375, 10.819429000000184], [-68.81218899999988, 10.812918], [-68.81844299999989, 10.81547200000017], [-68.819022, 10.81187], [-68.825756, 10.810157], [-68.82216, 10.808161], [-68.825672, 10.804885000000127], [-68.823519, 10.799785], [-68.827095, 10.80208], [-68.83226599999989, 10.799780000000112], [-68.833613, 10.793032], [-68.841624, 10.794268], [-68.84387, 10.786392000000149], [-68.848826, 10.78966400000013], [-68.850495, 10.788829], [-68.848276, 10.787512000000106], [-68.852534, 10.784574000000191], [-68.860035, 10.789299000000142], [-68.86396799999989, 10.776689], [-68.872596, 10.778645], [-68.885565, 10.773866], [-68.882311, 10.768853], [-68.886067, 10.767271000000108], [-68.882667, 10.763441000000114], [-68.889351, 10.764615], [-68.88387199999988, 10.753414], [-68.893012, 10.756385], [-68.897335, 10.74657], [-68.902708, 10.746422], [-68.903497, 10.743093000000101], [-68.909553, 10.741153], [-68.910581, 10.738603], [-68.917702, 10.742341], [-68.921281, 10.738766], [-68.91822499999984, 10.737593000000174], [-68.918535, 10.735413000000108], [-68.924856, 10.737804], [-68.926824, 10.733482], [-68.922094, 10.732457000000124], [-68.926035, 10.730575], [-68.930395, 10.722730000000183], [-68.938211, 10.722956], [-68.937153, 10.718309], [-68.94274, 10.712933], [-68.93862799999982, 10.707319], [-68.94302424499995, 10.704842038000152], [-68.94340221299996, 10.697642847], [-68.93553885799992, 10.694629819000113], [-68.9222922859999, 10.694017883000129], [-68.92049022299994, 10.696343956000135], [-68.90342047499996, 10.693693999000118], [-68.8913038579999, 10.67696563800007], [-68.89077569299991, 10.654318060000094], [-68.8823982959999, 10.649642988000153], [-68.87485797299996, 10.649597034000067], [-68.87378565599994, 10.649584693000065], [-68.84347764299997, 10.650402249000024], [-68.80979847499998, 10.693288572000085], [-68.80437324699989, 10.694515636000176], [-68.79384679099996, 10.69220364], [-68.79258680399988, 10.703007925], [-68.78332442199985, 10.705967065000095], [-68.78076635699995, 10.712396242000125], [-68.77301606299994, 10.718530445000056], [-68.77806829799988, 10.721955508], [-68.77889937299989, 10.72785366000005], [-68.76637283199994, 10.727248720000091], [-68.74292079499992, 10.720861697000032], [-68.73207835899996, 10.725681891000079], [-68.7140736049999, 10.729151088000151], [-68.69892195499995, 10.728786182000135], [-68.69338869899997, 10.724171093000109], [-68.68829251199992, 10.730589289000022], [-68.67936313099995, 10.73098835400009], [-68.67012968699999, 10.723089210000012], [-68.65559513599999, 10.73336157000017], [-68.64021263199999, 10.757672294000088], [-68.62737415299983, 10.769575685000063], [-68.61815111099992, 10.774063650000073], [-68.61768819499997, 10.774325324000074], [-68.61644299999989, 10.782697000000155], [-68.624252, 10.807974], [-68.625217, 10.820767], [-68.608756, 10.834754], [-68.57033599999988, 10.847624000000167], [-68.552988, 10.856252], [-68.547717, 10.867795], [-68.533235, 10.868455], [-68.504648, 10.877086000000133], [-68.477136, 10.872997], [-68.467495, 10.87578], [-68.4292789999999, 10.865332], [-68.402542, 10.860794], [-68.388607, 10.875376], [-68.38691699999987, 10.895898], [-68.381091, 10.9153], [-68.377272, 10.94336], [-68.35379399999982, 11.00253800000013], [-68.348329, 11.054667000000165]]]}}, {"type": "Feature", "properties": {"parroquia": "Palmasola", "municipio": "Palmasola", "estado": "Falcón", "pcode": "VE111601", "estado_pcode": "VE11", "municipio_pcode": "VE1116", "center_lat": 10.67090478, "center_lon": -68.5601401, "area_sqkm": 265.14815341}, "geometry": {"type": "Polygon", "coordinates": [[[-68.45857, 10.709921000000122], [-68.48649299999988, 10.72029], [-68.492103, 10.726382000000172], [-68.508522, 10.733531000000141], [-68.511503, 10.732529], [-68.513651, 10.733917000000133], [-68.512386, 10.736239], [-68.51960999999989, 10.738610000000108], [-68.51868, 10.742374000000154], [-68.530038, 10.743579000000182], [-68.54238, 10.749769], [-68.55681, 10.747618], [-68.567873, 10.750153], [-68.572641, 10.746301000000187], [-68.578147, 10.749138], [-68.584122, 10.748695], [-68.590879, 10.754368], [-68.596347, 10.754615000000115], [-68.603805, 10.767805], [-68.61768819499997, 10.774325324000074], [-68.61815111099992, 10.774063650000073], [-68.6517982439999, 10.6186786130001], [-68.62873321799992, 10.61183658400006], [-68.62865223299997, 10.61500166400009], [-68.62675713199985, 10.612597614000094], [-68.62230695699998, 10.614604692000114], [-68.62018181199988, 10.60600748100012], [-68.61563963899994, 10.608862587999965], [-68.61359252899996, 10.605656522000118], [-68.61129943099985, 10.605482527], [-68.61304051999991, 10.608479594000073], [-68.60988336999992, 10.606766563], [-68.6037453699999, 10.603489112000034], [-68.60001490899998, 10.600871483000049], [-68.59508174099994, 10.60609063700008], [-68.58851444599986, 10.604614642000058], [-68.58797439699993, 10.600601549000089], [-68.58419423299989, 10.6009545820001], [-68.58282115399999, 10.597906510000143], [-68.58231716499995, 10.60217462200012], [-68.5756798729999, 10.600355611000168], [-68.57382779899996, 10.60253868100017], [-68.57217471099989, 10.598849597000083], [-68.56702849999988, 10.601177689000167], [-68.56490042999991, 10.605151798000065], [-68.55879917299995, 10.604637825000111], [-68.55998021299996, 10.603258785000037], [-68.5519028519999, 10.60047775900017], [-68.54827866099998, 10.596242676000145], [-68.5316519839999, 10.600476889000106], [-68.52937385699994, 10.596558800000025], [-68.52010676499998, 10.596794655000053], [-68.45857, 10.709921000000122]]]}}, {"type": "Feature", "properties": {"parroquia": "Cabure", "municipio": "Petit", "estado": "Falcón", "pcode": "VE111701", "estado_pcode": "VE11", "municipio_pcode": "VE1117", "center_lat": 11.0676205, "center_lon": -69.48998542, "area_sqkm": 836.47903902}, "geometry": {"type": "Polygon", "coordinates": [[[-69.561593, 11.213424000000145], [-69.59872499999983, 11.22963], [-69.648188, 11.15434], [-69.64483899999988, 11.132652], [-69.59514799999988, 11.047409000000187], [-69.566675, 10.99908], [-69.563347, 10.933067], [-69.558595, 10.93106], [-69.55134700299982, 10.910421003000067], [-69.550946, 10.908218000000147], [-69.54733, 10.907763000000159], [-69.545787, 10.910714], [-69.541165, 10.911248], [-69.542062, 10.91498], [-69.53143299999988, 10.916864], [-69.526944, 10.915676000000133], [-69.525767, 10.911943000000122], [-69.520404, 10.911874000000125], [-69.513363, 10.914225000000158], [-69.509963, 10.918584], [-69.49710699999986, 10.910444], [-69.496246, 10.912559000000158], [-69.4890309999999, 10.90966], [-69.48491, 10.912762], [-69.481302, 10.909174000000178], [-69.472178, 10.910068], [-69.45635, 10.905716], [-69.453278, 10.907761000000164], [-69.45451, 10.912612], [-69.447387, 10.914311000000168], [-69.451576, 10.919991], [-69.451715, 10.925968], [-69.44696499999986, 10.932611000000122], [-69.4431699999999, 10.93398900000011], [-69.435442, 10.931870000000117], [-69.4336009999999, 10.936674], [-69.429225, 10.935660000000155], [-69.41796, 10.931562], [-69.41633, 10.932872], [-69.4212639999999, 10.937128000000143], [-69.415421, 10.938389], [-69.402504, 10.928450000000112], [-69.398174, 10.930769000000112], [-69.399755, 10.933368], [-69.39603099999988, 10.934101000000112], [-69.393888, 10.938399000000118], [-69.387207, 10.935544000000164], [-69.386227, 10.941038000000162], [-69.38240899999988, 10.941127], [-69.376684, 10.939238000000103], [-69.37349699999987, 10.932937], [-69.376292, 10.930985], [-69.372291, 10.923763], [-69.367101, 10.922058], [-69.361186, 10.926169000000186], [-69.364396, 10.929643], [-69.360904, 10.931043], [-69.351062, 10.92338000000018], [-69.345986, 10.925031], [-69.3457959999999, 10.933192], [-69.331686, 10.937756], [-69.33447599999988, 10.94284], [-69.33121299999988, 10.949482], [-69.329444, 10.948584000000153], [-69.329698, 10.9524], [-69.32339, 10.950854], [-69.3226499999999, 10.944279000000108], [-69.311875, 10.936912000000177], [-69.3067769999999, 10.93745900000016], [-69.303632, 10.941618000000176], [-69.297512, 10.938003], [-69.29474099999987, 10.939379], [-69.293829, 10.944988000000137], [-69.28807699999987, 10.945741000000112], [-69.288145, 10.948730000000126], [-69.283352, 10.945990000000108], [-69.276668, 10.949753], [-69.274639, 10.95361400000013], [-69.277876, 10.952812], [-69.275335, 10.956534000000147], [-69.26294999999988, 10.956222], [-69.262598, 10.959831], [-69.26567099999988, 10.960708000000182], [-69.25901, 10.962909], [-69.258327, 10.972013000000118], [-69.261486, 10.980936000000156], [-69.257554, 10.977714], [-69.25291899999985, 10.980238000000156], [-69.254447, 10.989918000000102], [-69.249904, 10.993316], [-69.248695, 10.991291], [-69.245319, 10.991954], [-69.243548, 10.996456], [-69.245369, 10.999922], [-69.24349, 11.004591000000175], [-69.24621499999989, 11.006157], [-69.248143, 11.014018], [-69.247647, 11.023193000000106], [-69.245144, 11.023134], [-69.242765, 11.027242000000115], [-69.24579199999988, 11.029809], [-69.244647, 11.037029], [-69.238395, 11.040010000000109], [-69.236313, 11.044936], [-69.232785, 11.042746], [-69.231504, 11.045318], [-69.2267, 11.045975], [-69.218407, 11.043135], [-69.21669, 11.048786], [-69.212684, 11.049792], [-69.214178, 11.06274800000017], [-69.200075, 11.065926], [-69.224661, 11.158862], [-69.22888399999988, 11.15536800000018], [-69.227834, 11.150259], [-69.237474, 11.147317000000157], [-69.239124, 11.132275000000107], [-69.243391, 11.12851400000011], [-69.249172, 11.128981], [-69.252213, 11.123483], [-69.257913, 11.120584000000179], [-69.260099, 11.114211000000125], [-69.263385, 11.113083], [-69.26645799999989, 11.103186], [-69.27715599999988, 11.093347], [-69.27911399999988, 11.084323], [-69.287367, 11.081662000000108], [-69.29203299999989, 11.068728], [-69.299511, 11.066567000000134], [-69.299953, 11.061929], [-69.3096579999999, 11.053303], [-69.312626, 11.042971], [-69.317121, 11.039227], [-69.3306869999999, 11.050147], [-69.33105199999989, 11.065947000000165], [-69.339817, 11.077593], [-69.345228, 11.074263], [-69.34912599999984, 11.077336000000116], [-69.35575499999987, 11.070863000000145], [-69.364021, 11.075325], [-69.36687199999989, 11.067884], [-69.369179, 11.069320000000175], [-69.371569, 11.064752], [-69.375719, 11.067704], [-69.376672, 11.072495000000174], [-69.380567, 11.071673], [-69.382687, 11.07494700000018], [-69.40315099999987, 11.076106000000152], [-69.40414599999986, 11.07791600000013], [-69.401625, 11.078088], [-69.40685999999988, 11.081772000000171], [-69.404761, 11.086814], [-69.4084069999999, 11.087166], [-69.41102299999989, 11.095445], [-69.414476, 11.099192000000187], [-69.420005, 11.099752000000137], [-69.42858699999982, 11.108490000000131], [-69.439197, 11.102771000000189], [-69.452124, 11.10362], [-69.45769799999982, 11.10592000000014], [-69.458106, 11.110194], [-69.468934, 11.108616], [-69.47444699999988, 11.116896], [-69.47100099999989, 11.120871000000136], [-69.473943, 11.122658], [-69.48370099999988, 11.119936], [-69.488329, 11.124296000000186], [-69.498835, 11.123755000000187], [-69.5021579999999, 11.126816000000133], [-69.499155, 11.131834], [-69.501295, 11.138613000000134], [-69.504744, 11.136711000000162], [-69.50989499999986, 11.14332], [-69.516661, 11.144556], [-69.527437, 11.139345000000105], [-69.53222099999988, 11.142611000000159], [-69.53172099999989, 11.145532000000117], [-69.53621, 11.150387], [-69.5546, 11.140137], [-69.561593, 11.213424000000145]]]}}, {"type": "Feature", "properties": {"parroquia": "Colina", "municipio": "Petit", "estado": "Falcón", "pcode": "VE111702", "estado_pcode": "VE11", "municipio_pcode": "VE1117", "center_lat": 11.133842, "center_lon": -69.29896163, "area_sqkm": 242.01383661}, "geometry": {"type": "Polygon", "coordinates": [[[-69.386512, 11.123264], [-69.393107, 11.121468000000164], [-69.39935899999989, 11.125976], [-69.411541, 11.120955000000151], [-69.416756, 11.124753000000169], [-69.427826, 11.125416000000143], [-69.435709, 11.148786], [-69.442475, 11.145056000000125], [-69.459071, 11.148844], [-69.465763, 11.167155], [-69.467358, 11.179032], [-69.48799, 11.197615], [-69.49103, 11.203272], [-69.501297, 11.209655], [-69.503835, 11.207852], [-69.516341, 11.209976], [-69.53967099999988, 11.223497000000123], [-69.538716, 11.226127000000133], [-69.544922, 11.228706000000159], [-69.561593, 11.213424000000145], [-69.5546, 11.140137], [-69.53621, 11.150387], [-69.53172099999989, 11.145532000000117], [-69.53222099999988, 11.142611000000159], [-69.527437, 11.139345000000105], [-69.516661, 11.144556], [-69.50989499999986, 11.14332], [-69.504744, 11.136711000000162], [-69.501295, 11.138613000000134], [-69.499155, 11.131834], [-69.5021579999999, 11.126816000000133], [-69.498835, 11.123755000000187], [-69.488329, 11.124296000000186], [-69.48370099999988, 11.119936], [-69.473943, 11.122658], [-69.47100099999989, 11.120871000000136], [-69.47444699999988, 11.116896], [-69.468934, 11.108616], [-69.458106, 11.110194], [-69.45769799999982, 11.10592000000014], [-69.452124, 11.10362], [-69.439197, 11.102771000000189], [-69.42858699999982, 11.108490000000131], [-69.420005, 11.099752000000137], [-69.414476, 11.099192000000187], [-69.41102299999989, 11.095445], [-69.4084069999999, 11.087166], [-69.404761, 11.086814], [-69.40685999999988, 11.081772000000171], [-69.401625, 11.078088], [-69.40414599999986, 11.07791600000013], [-69.40315099999987, 11.076106000000152], [-69.382687, 11.07494700000018], [-69.380567, 11.071673], [-69.376672, 11.072495000000174], [-69.375719, 11.067704], [-69.371569, 11.064752], [-69.369179, 11.069320000000175], [-69.36687199999989, 11.067884], [-69.364021, 11.075325], [-69.35575499999987, 11.070863000000145], [-69.34912599999984, 11.077336000000116], [-69.345228, 11.074263], [-69.339817, 11.077593], [-69.33105199999989, 11.065947000000165], [-69.3306869999999, 11.050147], [-69.317121, 11.039227], [-69.312626, 11.042971], [-69.3096579999999, 11.053303], [-69.299953, 11.061929], [-69.299511, 11.066567000000134], [-69.29203299999989, 11.068728], [-69.287367, 11.081662000000108], [-69.27911399999988, 11.084323], [-69.27715599999988, 11.093347], [-69.26645799999989, 11.103186], [-69.263385, 11.113083], [-69.260099, 11.114211000000125], [-69.257913, 11.120584000000179], [-69.252213, 11.123483], [-69.249172, 11.128981], [-69.243391, 11.12851400000011], [-69.239124, 11.132275000000107], [-69.237474, 11.147317000000157], [-69.227834, 11.150259], [-69.22888399999988, 11.15536800000018], [-69.224661, 11.158862], [-69.225892, 11.164166], [-69.235085, 11.159742], [-69.240166, 11.151312000000132], [-69.24438199999986, 11.151218], [-69.250431, 11.156032], [-69.26033699999988, 11.157346], [-69.263074, 11.152679], [-69.26833299999987, 11.151667], [-69.273483, 11.147108000000117], [-69.288719, 11.152241], [-69.296431, 11.158642], [-69.316418, 11.160872], [-69.330027, 11.150714], [-69.339403, 11.147432], [-69.344504, 11.140948], [-69.348509, 11.140788000000157], [-69.354693, 11.134988], [-69.368885, 11.130634], [-69.379218, 11.120250000000112], [-69.383595, 11.120104], [-69.386512, 11.123264]]]}}, {"type": "Feature", "properties": {"parroquia": "Curimagua", "municipio": "Petit", "estado": "Falcón", "pcode": "VE111703", "estado_pcode": "VE11", "municipio_pcode": "VE1117", "center_lat": 11.187541, "center_lon": -69.65952778, "area_sqkm": 55.95891703}, "geometry": {"type": "Polygon", "coordinates": [[[-69.693924, 11.200032], [-69.692366, 11.189832], [-69.694002, 11.183809], [-69.710535, 11.17231100000015], [-69.716613, 11.157941000000108], [-69.722589, 11.150518], [-69.722639, 11.144347], [-69.69851, 11.145153000000164], [-69.687956, 11.149246], [-69.648188, 11.15434], [-69.59872499999983, 11.22963], [-69.607124, 11.22567000000015], [-69.627986, 11.222088], [-69.652522, 11.205199000000107], [-69.664836, 11.209505], [-69.693924, 11.200032]]]}}, {"type": "Feature", "properties": {"parroquia": "Piritu", "municipio": "Piritu", "estado": "Falcón", "pcode": "VE111801", "estado_pcode": "VE11", "municipio_pcode": "VE1118", "center_lat": 11.343556, "center_lon": -69.11799033, "area_sqkm": 821.957616}, "geometry": {"type": "Polygon", "coordinates": [[[-68.96808395799997, 11.439293803000055], [-68.98022268699998, 11.439224056000057], [-68.98725496099996, 11.433781867], [-69.00885193499988, 11.442340948000037], [-69.02321950199985, 11.435293659000024], [-69.03947224299998, 11.441977729000087], [-69.05363383099996, 11.439778575000048], [-69.0691005729999, 11.450963768000122], [-69.09782204099992, 11.48589951700012], [-69.10763051199996, 11.493246640000052], [-69.11226368299987, 11.491032554000014], [-69.1122826479999, 11.485377403000086], [-69.1191299429999, 11.484620335000159], [-69.13330958799992, 11.490992408000068], [-69.15561354599998, 11.49242630200007], [-69.16190627999993, 11.4960607270001], [-69.1824969999999, 11.442706], [-69.234689, 11.363084], [-69.246533, 11.280323], [-69.24651099999988, 11.254548000000113], [-69.24412699999988, 11.233402], [-69.239942, 11.225225], [-69.240786, 11.217004], [-69.230751, 11.209439], [-69.229042, 11.203016000000162], [-69.220485, 11.200985000000117], [-69.216921, 11.191602], [-69.150692, 11.224647], [-69.02321599999982, 11.19557], [-69.003026, 11.190009], [-68.991626, 11.192838], [-68.980611, 11.192282], [-68.976068, 11.195770000000152], [-68.954272, 11.19261200000011], [-68.944859, 11.199932], [-68.946831, 11.212402000000111], [-68.9445209999999, 11.218577000000153], [-68.919738, 11.219892], [-68.891576, 11.225062], [-68.88632899999988, 11.2279860000001], [-68.902518, 11.238539000000173], [-68.91591, 11.250996], [-68.957118, 11.30671], [-68.972596, 11.319423000000143], [-68.980406, 11.330491000000166], [-68.994789, 11.333495], [-68.999038, 11.346019000000126], [-68.995485, 11.352588], [-68.99790699999988, 11.367129], [-68.99373499999984, 11.388444000000106], [-68.99871, 11.401675000000125], [-68.99138, 11.411568000000102], [-68.99286099999989, 11.414833], [-68.990022, 11.41658800000016], [-68.99245, 11.419679], [-68.977143, 11.421036000000129], [-68.972734, 11.427751], [-68.97192299999989, 11.435407000000112], [-68.96808395799997, 11.439293803000055]]]}}, {"type": "Feature", "properties": {"parroquia": "San José de la Costa", "municipio": "Piritu", "estado": "Falcón", "pcode": "VE111802", "estado_pcode": "VE11", "municipio_pcode": "VE1118", "center_lat": 11.3394615, "center_lon": -68.86884012, "area_sqkm": 467.92864611}, "geometry": {"type": "Polygon", "coordinates": [[[-68.73424227399988, 11.353887987000064], [-68.74423708499995, 11.365457648000188], [-68.76633408399994, 11.373069709], [-68.78267589399991, 11.38968004800006], [-68.79232135399997, 11.39576414600009], [-68.83025730099996, 11.443433165999977], [-68.84187876499982, 11.438582958000154], [-68.85908058799998, 11.45043116300019], [-68.87277515599993, 11.448803021000117], [-68.8753382559999, 11.44584592900003], [-68.88379463099989, 11.449443975000065], [-68.88693075699985, 11.447727898999972], [-68.88610468899998, 11.443002778000107], [-68.89122189399995, 11.441257706000101], [-68.9097737379999, 11.447547741000164], [-68.93368773499998, 11.444328505000101], [-68.94697435099994, 11.45034457100013], [-68.95914484399998, 11.446684388000051], [-68.96871721499986, 11.441378185000076], [-68.96808395799997, 11.439293803000055], [-68.97192299999989, 11.435407000000112], [-68.972734, 11.427751], [-68.977143, 11.421036000000129], [-68.99245, 11.419679], [-68.990022, 11.41658800000016], [-68.99286099999989, 11.414833], [-68.99138, 11.411568000000102], [-68.99871, 11.401675000000125], [-68.99373499999984, 11.388444000000106], [-68.99790699999988, 11.367129], [-68.995485, 11.352588], [-68.999038, 11.346019000000126], [-68.994789, 11.333495], [-68.980406, 11.330491000000166], [-68.972596, 11.319423000000143], [-68.957118, 11.30671], [-68.91591, 11.250996], [-68.902518, 11.238539000000173], [-68.88632899999988, 11.2279860000001], [-68.82305999999988, 11.256604], [-68.770988, 11.28079], [-68.73424227399988, 11.353887987000064]]]}}, {"type": "Feature", "properties": {"parroquia": "San Francisco", "municipio": "San Francisco", "estado": "Falcón", "pcode": "VE111901", "estado_pcode": "VE11", "municipio_pcode": "VE1119", "center_lat": 11.1582445, "center_lon": -68.71626849, "area_sqkm": 364.52142917}, "geometry": {"type": "Polygon", "coordinates": [[[-68.63276499999989, 11.152345], [-68.63918299999989, 11.170324], [-68.621759, 11.187937], [-68.705103, 11.195719000000167], [-68.717932, 11.191209], [-68.770988, 11.28079], [-68.82305999999988, 11.256604], [-68.800847, 11.164144000000135], [-68.728157, 11.029332000000181], [-68.696116, 11.029302], [-68.620132, 11.028311], [-68.579819, 11.051772], [-68.576157, 11.051767], [-68.617308, 11.089354], [-68.643859, 11.091648], [-68.643378, 11.110639000000162], [-68.63830599999989, 11.139573000000155], [-68.628231, 11.139561], [-68.63276499999989, 11.152345]]]}}, {"type": "Feature", "properties": {"parroquia": "Tucacas", "municipio": "Silva", "estado": "Falcón", "pcode": "VE112001", "estado_pcode": "VE11", "municipio_pcode": "VE1120", "center_lat": 10.79366177, "center_lon": -68.46649412, "area_sqkm": 489.45293258}, "geometry": {"type": "Polygon", "coordinates": [[[-68.388607, 10.875376], [-68.402542, 10.860794], [-68.4292789999999, 10.865332], [-68.467495, 10.87578], [-68.477136, 10.872997], [-68.504648, 10.877086000000133], [-68.533235, 10.868455], [-68.547717, 10.867795], [-68.552988, 10.856252], [-68.57033599999988, 10.847624000000167], [-68.608756, 10.834754], [-68.625217, 10.820767], [-68.624252, 10.807974], [-68.61644299999989, 10.782697000000155], [-68.61768819499997, 10.774325324000074], [-68.603805, 10.767805], [-68.596347, 10.754615000000115], [-68.590879, 10.754368], [-68.584122, 10.748695], [-68.578147, 10.749138], [-68.572641, 10.746301000000187], [-68.567873, 10.750153], [-68.55681, 10.747618], [-68.54238, 10.749769], [-68.530038, 10.743579000000182], [-68.51868, 10.742374000000154], [-68.51960999999989, 10.738610000000108], [-68.512386, 10.736239], [-68.513651, 10.733917000000133], [-68.511503, 10.732529], [-68.508522, 10.733531000000141], [-68.492103, 10.726382000000172], [-68.48649299999988, 10.72029], [-68.45857, 10.709921000000122], [-68.31787406399991, 10.743016812000064], [-68.32327504899996, 10.76292340200007], [-68.32374618999995, 10.781623891000095], [-68.31344381499997, 10.792705244000103], [-68.32372234799993, 10.807411566000098], [-68.32389443399995, 10.818664866], [-68.32232238599988, 10.822416965000059], [-68.30806270699998, 10.812791802999982], [-68.30399054999992, 10.815513898000063], [-68.30316055599991, 10.82157306400012], [-68.30645572599997, 10.825736157000051], [-68.31505811099998, 10.827302142000065], [-68.31739723399988, 10.83122223100014], [-68.32473554899997, 10.83202121000005], [-68.32424254499995, 10.834135259999982], [-68.31680423399996, 10.835170341000094], [-68.29673427499995, 10.82126909900012], [-68.29264113299996, 10.826810266], [-68.29881047599997, 10.837409505000096], [-68.30423572099988, 10.840290556000184], [-68.30213564099995, 10.842282614000169], [-68.31172503899995, 10.839690493000035], [-68.30722787399992, 10.844341642000188], [-68.31403516199998, 10.842991562], [-68.31289912799997, 10.846028653000076], [-68.32096348599998, 10.847347634000016], [-68.32056648299994, 10.849735699000178], [-68.32424064399999, 10.84935567000008], [-68.32558173099994, 10.853536761999976], [-68.32211158099994, 10.853341784], [-68.32217559299994, 10.855266838000148], [-68.31522626799995, 10.851185765000082], [-68.31741139399998, 10.856046890000016], [-68.31364723199994, 10.85681792400004], [-68.31284316099993, 10.850177754000072], [-68.30445977499994, 10.847165733000168], [-68.30907400899991, 10.852942856000084], [-68.30771996599998, 10.855087917000162], [-68.30352274599994, 10.849030780000021], [-68.29240222399983, 10.841804660000037], [-68.2858959859999, 10.84821687100009], [-68.2949933569999, 10.845263738000085], [-68.30214970199995, 10.851703866000037], [-68.30287077199995, 10.856853999000123], [-68.2880891449999, 10.859244153000134], [-68.28501500199985, 10.856409100000178], [-68.28092982799996, 10.857778154000073], [-68.27612060099995, 10.853515075000075], [-68.27991572999997, 10.848320912000077], [-68.27436147699996, 10.84670090200018], [-68.26586315499998, 10.85425616100008], [-68.25789479399998, 10.850665111000183], [-68.25097352599994, 10.854995265000127], [-68.24029303399993, 10.85003120600004], [-68.22370834399999, 10.853880414000173], [-68.22736550399998, 10.854234394000173], [-68.22668450299994, 10.858917531000145], [-68.21787531099989, 10.85754611699997], [-68.265624, 10.866895], [-68.323857, 10.867150000000152], [-68.388607, 10.875376]]]}}, {"type": "Feature", "properties": {"parroquia": "Boca de Aroa", "municipio": "Silva", "estado": "Falcón", "pcode": "VE112002", "estado_pcode": "VE11", "municipio_pcode": "VE1120", "center_lat": 10.66018694, "center_lon": -68.38646097, "area_sqkm": 345.85130907}, "geometry": {"type": "Polygon", "coordinates": [[[-68.23548311399998, 10.577698099999964], [-68.26513864799989, 10.619123996000098], [-68.28833690499988, 10.661815973999978], [-68.31787406399991, 10.743016812000064], [-68.45857, 10.709921000000122], [-68.52010676499998, 10.596794655000053], [-68.24872068099995, 10.57862804500013], [-68.24241544299997, 10.583531211999968], [-68.23548311399998, 10.577698099999964]]]}}, {"type": "Feature", "properties": {"parroquia": "Sucre", "municipio": "Sucre", "estado": "Falcón", "pcode": "VE112101", "estado_pcode": "VE11", "municipio_pcode": "VE1121", "center_lat": 11.0396035, "center_lon": -69.73501302, "area_sqkm": 180.06111568}, "geometry": {"type": "Polygon", "coordinates": [[[-69.77986299999986, 10.968766], [-69.72867299999984, 10.992404], [-69.666482, 11.014251000000115], [-69.64546499999989, 11.031027000000108], [-69.681265, 11.073453], [-69.718863, 11.098235], [-69.74907599999983, 11.097258], [-69.794438, 11.111611], [-69.80763, 11.106639000000143], [-69.804869, 11.097928], [-69.795847, 11.097703], [-69.79189399999984, 11.091972000000169], [-69.798173, 11.080917000000113], [-69.798837, 11.066960000000108], [-69.80613, 11.064556], [-69.812232, 11.057357000000138], [-69.810829, 11.051351], [-69.814469, 11.049816], [-69.818674, 11.035221], [-69.815813, 11.027246000000105], [-69.824826, 11.015979], [-69.818072, 11.01631], [-69.813258, 11.004861000000119], [-69.810483, 11.005508], [-69.799283, 10.997617000000105], [-69.798213, 10.993845000000135], [-69.794433, 10.993999], [-69.791953, 10.989546], [-69.7856129999999, 10.986394000000189], [-69.781176, 10.981581], [-69.77986299999986, 10.968766]]]}}, {"type": "Feature", "properties": {"parroquia": "Pecaya", "municipio": "Sucre", "estado": "Falcón", "pcode": "VE112102", "estado_pcode": "VE11", "municipio_pcode": "VE1121", "center_lat": 11.0134725, "center_lon": -69.92748848, "area_sqkm": 613.64074104}, "geometry": {"type": "Polygon", "coordinates": [[[-69.877425, 11.151621000000148], [-70.025382, 11.055435000000102], [-70.074784, 10.88989000000015], [-70.067643, 10.888766], [-70.048255, 10.87664], [-70.001841, 10.878141], [-69.989553, 10.88159800000011], [-69.981168, 10.878578000000175], [-69.952056, 10.884245], [-69.931063, 10.895548], [-69.910538, 10.901935], [-69.88724, 10.907507000000123], [-69.870467, 10.917676], [-69.86239, 10.928044], [-69.855027, 10.948175], [-69.84625199999988, 10.957415], [-69.81593199999986, 10.958585], [-69.810459, 10.956171], [-69.80730999999986, 10.949267000000134], [-69.795304, 10.94843], [-69.781421, 10.943702000000144], [-69.778054, 10.932755000000157], [-69.77460799999983, 10.931176], [-69.75965699999983, 10.938972], [-69.761347, 10.944891], [-69.765633, 10.945499000000154], [-69.771855, 10.953981000000113], [-69.77591299999989, 10.953967], [-69.774602, 10.959953], [-69.780386, 10.962526000000139], [-69.77986299999986, 10.968766], [-69.781176, 10.981581], [-69.7856129999999, 10.986394000000189], [-69.791953, 10.989546], [-69.794433, 10.993999], [-69.798213, 10.993845000000135], [-69.799283, 10.997617000000105], [-69.810483, 11.005508], [-69.813258, 11.004861000000119], [-69.818072, 11.01631], [-69.824826, 11.015979], [-69.815813, 11.027246000000105], [-69.818674, 11.035221], [-69.814469, 11.049816], [-69.810829, 11.051351], [-69.812232, 11.057357000000138], [-69.80613, 11.064556], [-69.798837, 11.066960000000108], [-69.798173, 11.080917000000113], [-69.79189399999984, 11.091972000000169], [-69.795847, 11.097703], [-69.804869, 11.097928], [-69.80763, 11.106639000000143], [-69.794438, 11.111611], [-69.877425, 11.151621000000148]]]}}, {"type": "Feature", "properties": {"parroquia": "Tocopero", "municipio": "Tocopero", "estado": "Falcón", "pcode": "VE112201", "estado_pcode": "VE11", "municipio_pcode": "VE1122", "center_lat": 11.49113634, "center_lon": -69.22807165, "area_sqkm": 88.45840858}, "geometry": {"type": "Polygon", "coordinates": [[[-69.16190627999993, 11.4960607270001], [-69.17642253799994, 11.507762560000117], [-69.18435489899997, 11.511168600000019], [-69.19585238299993, 11.509965497000053], [-69.2001005219999, 11.503542298000184], [-69.20278763099992, 11.503321265000125], [-69.22079945399997, 11.510437336000109], [-69.22330554799993, 11.508376261000024], [-69.22930481399999, 11.50963726100008], [-69.26611755699997, 11.534764677999988], [-69.28242424699994, 11.534860566000134], [-69.28620835599997, 11.52717033500005], [-69.29907786099994, 11.521318098000108], [-69.29668, 11.503341], [-69.283827, 11.467225000000155], [-69.22834899999987, 11.458954], [-69.1824969999999, 11.442706], [-69.16190627999993, 11.4960607270001]]]}}, {"type": "Feature", "properties": {"parroquia": "Santa Cruz de Bucaral", "municipio": "Unión", "estado": "Falcón", "pcode": "VE112301", "estado_pcode": "VE11", "municipio_pcode": "VE1123", "center_lat": 10.8506145, "center_lon": -69.28615649, "area_sqkm": 229.08810917}, "geometry": {"type": "Polygon", "coordinates": [[[-69.158304, 10.781603], [-69.16841199999988, 10.787446000000159], [-69.177515, 10.80392], [-69.213971, 10.810588000000166], [-69.217087, 10.813075], [-69.217407, 10.819788], [-69.226901, 10.819409000000121], [-69.23069, 10.823529000000121], [-69.236995, 10.824984], [-69.245328, 10.822511], [-69.22788899999989, 10.869287], [-69.276318, 10.901437], [-69.29474099999987, 10.939379], [-69.297512, 10.938003], [-69.303632, 10.941618000000176], [-69.3067769999999, 10.93745900000016], [-69.311875, 10.936912000000177], [-69.3226499999999, 10.944279000000108], [-69.32339, 10.950854], [-69.329698, 10.9524], [-69.329444, 10.948584000000153], [-69.33121299999988, 10.949482], [-69.33447599999988, 10.94284], [-69.331686, 10.937756], [-69.3457959999999, 10.933192], [-69.345986, 10.925031], [-69.351062, 10.92338000000018], [-69.353323, 10.917289000000153], [-69.350739, 10.917172], [-69.35002, 10.91275700000017], [-69.346412, 10.913053000000161], [-69.343015, 10.90955600000018], [-69.345114, 10.901993], [-69.341279, 10.89120800000012], [-69.345286, 10.885348], [-69.34416999999985, 10.882497], [-69.352064, 10.876985000000161], [-69.35216, 10.871008000000131], [-69.3578409999999, 10.866574], [-69.356865, 10.863424], [-69.354237, 10.860847], [-69.350535, 10.862545000000182], [-69.346184, 10.85934600000013], [-69.341483, 10.859411], [-69.337253, 10.850028000000123], [-69.325626, 10.835350000000119], [-69.313085, 10.833040000000153], [-69.30377399999986, 10.834940000000131], [-69.302825, 10.827628000000175], [-69.298756, 10.824382000000185], [-69.296574, 10.815897000000177], [-69.300462, 10.812865000000102], [-69.302648, 10.815029], [-69.305538, 10.80898400000018], [-69.321506, 10.80143500000014], [-69.332243, 10.783603000000141], [-69.327685, 10.780242], [-69.31133, 10.777055000000132], [-69.308613, 10.769258], [-69.299127, 10.760996000000148], [-69.293107, 10.751196000000164], [-69.285197, 10.75162500000016], [-69.284521, 10.754108], [-69.28094799999985, 10.750361], [-69.275704, 10.753961000000174], [-69.26346499999988, 10.755235], [-69.261816, 10.75236], [-69.252767, 10.751039000000162], [-69.251234, 10.748256], [-69.239529, 10.750955000000147], [-69.231295, 10.74975], [-69.224543, 10.753513], [-69.217869, 10.751413000000184], [-69.217049, 10.757137], [-69.212043, 10.76106300000015], [-69.198686, 10.763368], [-69.196869, 10.765573000000131], [-69.177377, 10.7608800000001], [-69.162649, 10.761550000000113], [-69.15629499999989, 10.763587], [-69.149491, 10.772245], [-69.146024, 10.77247], [-69.14608899999985, 10.776056], [-69.158304, 10.781603]]]}}, {"type": "Feature", "properties": {"parroquia": "El Charal", "municipio": "Unión", "estado": "Falcón", "pcode": "VE112302", "estado_pcode": "VE11", "municipio_pcode": "VE1123", "center_lat": 10.9299035, "center_lon": -69.22754124, "area_sqkm": 294.41886658}, "geometry": {"type": "Polygon", "coordinates": [[[-69.200075, 11.065926], [-69.214178, 11.06274800000017], [-69.212684, 11.049792], [-69.21669, 11.048786], [-69.218407, 11.043135], [-69.2267, 11.045975], [-69.231504, 11.045318], [-69.232785, 11.042746], [-69.236313, 11.044936], [-69.238395, 11.040010000000109], [-69.244647, 11.037029], [-69.24579199999988, 11.029809], [-69.242765, 11.027242000000115], [-69.245144, 11.023134], [-69.247647, 11.023193000000106], [-69.248143, 11.014018], [-69.24621499999989, 11.006157], [-69.24349, 11.004591000000175], [-69.245369, 10.999922], [-69.243548, 10.996456], [-69.245319, 10.991954], [-69.248695, 10.991291], [-69.249904, 10.993316], [-69.254447, 10.989918000000102], [-69.25291899999985, 10.980238000000156], [-69.257554, 10.977714], [-69.261486, 10.980936000000156], [-69.258327, 10.972013000000118], [-69.25901, 10.962909], [-69.26567099999988, 10.960708000000182], [-69.262598, 10.959831], [-69.26294999999988, 10.956222], [-69.275335, 10.956534000000147], [-69.277876, 10.952812], [-69.274639, 10.95361400000013], [-69.276668, 10.949753], [-69.283352, 10.945990000000108], [-69.288145, 10.948730000000126], [-69.28807699999987, 10.945741000000112], [-69.293829, 10.944988000000137], [-69.29474099999987, 10.939379], [-69.276318, 10.901437], [-69.22788899999989, 10.869287], [-69.245328, 10.822511], [-69.236995, 10.824984], [-69.23069, 10.823529000000121], [-69.226901, 10.819409000000121], [-69.217407, 10.819788], [-69.217087, 10.813075], [-69.213971, 10.810588000000166], [-69.177515, 10.80392], [-69.16841199999988, 10.787446000000159], [-69.158304, 10.781603], [-69.108926, 10.830463], [-69.065933, 10.858512], [-69.0731239999999, 10.861225], [-69.090525, 10.859914], [-69.112954, 10.864556000000107], [-69.142956, 10.861667000000182], [-69.151944, 10.867526000000169], [-69.158233, 10.881388000000129], [-69.155872, 10.893701], [-69.161414, 10.90668], [-69.162495, 10.920428000000186], [-69.200075, 11.065926]]]}}, {"type": "Feature", "properties": {"parroquia": "Las Vegas Deltuy", "municipio": "Unión", "estado": "Falcón", "pcode": "VE112303", "estado_pcode": "VE11", "municipio_pcode": "VE1123", "center_lat": 10.761614, "center_lon": -69.02535858, "area_sqkm": 487.74694789}, "geometry": {"type": "Polygon", "coordinates": [[[-68.861734, 10.802435], [-68.870639, 10.805173000000138], [-68.884187, 10.797665000000109], [-68.894601, 10.795283], [-68.901588, 10.791019000000176], [-68.923276, 10.767915], [-68.939245, 10.763748], [-68.948646, 10.769821], [-68.96411599999982, 10.77401], [-68.965363, 10.779488000000185], [-68.958991, 10.792023000000142], [-68.969055, 10.80181], [-68.97540899999984, 10.814043], [-68.97002, 10.828405], [-68.97216299999985, 10.834605000000124], [-69.001845, 10.833886000000177], [-69.0132349999999, 10.841319], [-69.026799, 10.842638], [-69.047025, 10.86001], [-69.05588499999988, 10.862374], [-69.065933, 10.858512], [-69.108926, 10.830463], [-69.158304, 10.781603], [-69.14608899999985, 10.776056], [-69.146024, 10.77247], [-69.149491, 10.772245], [-69.15629499999989, 10.763587], [-69.162649, 10.761550000000113], [-69.177377, 10.7608800000001], [-69.196869, 10.765573000000131], [-69.198686, 10.763368], [-69.212043, 10.76106300000015], [-69.217049, 10.757137], [-69.217869, 10.751413000000184], [-69.224543, 10.753513], [-69.231295, 10.74975], [-69.239529, 10.750955000000147], [-69.251234, 10.748256], [-69.252767, 10.751039000000162], [-69.261816, 10.75236], [-69.26346499999988, 10.755235], [-69.275704, 10.753961000000174], [-69.28094799999985, 10.750361], [-69.264694, 10.732269], [-69.264284, 10.721324], [-69.269314, 10.71532900000011], [-69.26677730799992, 10.69904237600008], [-69.25815663599997, 10.700973956000041], [-69.24890717099998, 10.6911687650001], [-69.24203992699995, 10.697460971000055], [-69.23480958199991, 10.692807901000037], [-69.23017841499995, 10.695976012000017], [-69.22608721699993, 10.692521948999968], [-69.22221909399991, 10.699967162000064], [-69.21656387099989, 10.702673265000044], [-69.21221666499991, 10.69967922], [-69.21289765999995, 10.694047070000124], [-69.21010852899991, 10.691767027000026], [-69.20706040599998, 10.692959072000178], [-69.20468133899993, 10.698543233000066], [-69.20122216399989, 10.692767113], [-69.19626893299994, 10.69108310200005], [-69.18977866399996, 10.692086166000081], [-69.18747060299995, 10.696612292000111], [-69.18442843699995, 10.69191819700012], [-69.17995727699991, 10.696257332000073], [-69.17872820699989, 10.692899248], [-69.1838043969999, 10.688744111000062], [-69.17938718999989, 10.686669093000148], [-69.1755710359999, 10.687906151000163], [-69.17123590099993, 10.695395369000039], [-69.16940677999997, 10.688127192000081], [-69.16356653599996, 10.68933825900018], [-69.1609443879999, 10.68443714700004], [-69.15312805999997, 10.68465620000012], [-69.14951494899998, 10.691272399000127], [-69.14866286699998, 10.68458022700014], [-69.14568773699995, 10.683082204000073], [-69.13374626399991, 10.689639447000047], [-69.13303917299993, 10.679063181000174], [-69.12621989699988, 10.682271311000022], [-69.12681696699997, 10.687859451], [-69.11847655799994, 10.68085732500009], [-69.10861215399996, 10.682267423999974], [-69.10312590699982, 10.679683392000072], [-69.09174345999992, 10.686217631999966], [-69.08377209199995, 10.681468555000038], [-69.08499408299997, 10.672458313999982], [-69.08095288999993, 10.66835923900004], [-69.08435201199995, 10.66618015600011], [-69.07884674399992, 10.660906056000044], [-69.07735570199992, 10.662881117000097], [-69.07235747599998, 10.661355116000038], [-69.05716992199996, 10.676802597000176], [-69.0519406869999, 10.673781560000066], [-69.05318578299989, 10.681232737000073], [-69.04553444699991, 10.680092753999986], [-69.04187831599995, 10.683121853000102], [-69.03638907799996, 10.682697879000159], [-69.0365471099999, 10.685755962000144], [-69.03217590999998, 10.684552954000083], [-69.03086888099995, 10.687792044000048], [-69.03512306899995, 10.689179055000125], [-69.03316798599991, 10.689980090000063], [-69.02470860299997, 10.685229018000086], [-69.02416560699999, 10.690194148000046], [-69.01807632799989, 10.687447120000115], [-69.01874338499994, 10.69170122300011], [-69.01432320299995, 10.692337263000127], [-69.0101510529999, 10.69713441500005], [-69.00199669099999, 10.695159414000159], [-69.00101963599997, 10.692094348000012], [-68.99771652499993, 10.69793851900016], [-68.9907752069999, 10.693535444000076], [-68.98870913599995, 10.696987548000095], [-68.97815068399996, 10.69700960900002], [-68.9724794249999, 10.694248577], [-68.96764323899998, 10.697511695000173], [-68.9668931619999, 10.690661523000074], [-68.96189197199993, 10.693536629999983], [-68.96078596799998, 10.700947829000086], [-68.95777581599998, 10.696611732000065], [-68.95154257399997, 10.699515841999983], [-68.94828641199996, 10.696441791000098], [-68.94596635099992, 10.703310973000043], [-68.94302424499995, 10.704842038000152], [-68.93862799999982, 10.707319], [-68.94274, 10.712933], [-68.937153, 10.718309], [-68.938211, 10.722956], [-68.930395, 10.722730000000183], [-68.926035, 10.730575], [-68.922094, 10.732457000000124], [-68.926824, 10.733482], [-68.924856, 10.737804], [-68.918535, 10.735413000000108], [-68.91822499999984, 10.737593000000174], [-68.921281, 10.738766], [-68.917702, 10.742341], [-68.910581, 10.738603], [-68.909553, 10.741153], [-68.903497, 10.743093000000101], [-68.902708, 10.746422], [-68.897335, 10.74657], [-68.893012, 10.756385], [-68.88387199999988, 10.753414], [-68.889351, 10.764615], [-68.882667, 10.763441000000114], [-68.886067, 10.767271000000108], [-68.882311, 10.768853], [-68.885565, 10.773866], [-68.872596, 10.778645], [-68.86396799999989, 10.776689], [-68.860035, 10.789299000000142], [-68.852534, 10.784574000000191], [-68.861734, 10.802435]]]}}, {"type": "Feature", "properties": {"parroquia": "Urumaco", "municipio": "Urumaco", "estado": "Falcón", "pcode": "VE112401", "estado_pcode": "VE11", "municipio_pcode": "VE1124", "center_lat": 11.214342, "center_lon": -70.24130679, "area_sqkm": 473.45627133}, "geometry": {"type": "Polygon", "coordinates": [[[-70.23903493899991, 11.341620152000132], [-70.24804071899996, 11.340903930000025], [-70.26951368599993, 11.350988041000107], [-70.27889808799995, 11.351514996000105], [-70.28486532199986, 11.348789884000041], [-70.28990848799987, 11.342608689000144], [-70.30620112399993, 11.335117387000082], [-70.31927457299992, 11.322271963000048], [-70.32109361999989, 11.31732482100017], [-70.312454, 11.316251], [-70.312555, 11.306131], [-70.307148, 11.30542], [-70.31263999999987, 11.303216000000134], [-70.312784, 11.298168], [-70.31519, 11.29733], [-70.31184599999989, 11.294699], [-70.311853, 11.289123], [-70.314101, 11.28732], [-70.31175599999989, 11.285428], [-70.312711, 11.277033000000188], [-70.316664, 11.274686000000145], [-70.319316, 11.267263], [-70.324621, 11.26489800000013], [-70.326891, 11.259102000000155], [-70.327344, 11.252885], [-70.32037799999989, 11.238765], [-70.323827, 11.238986], [-70.329211, 11.230656], [-70.3271759999999, 11.227503], [-70.32891199999983, 11.221199], [-70.371934, 11.15835600000014], [-70.35041499999988, 11.14309400000019], [-70.315989, 11.118677000000162], [-70.25616699999989, 11.110108], [-70.24278, 11.116000000000156], [-70.227392, 11.114239000000111], [-70.219727, 11.117057], [-70.21658999999988, 11.121311000000105], [-70.214507, 11.11193800000018], [-70.216044, 11.108962000000133], [-70.22320899999988, 11.10866], [-70.227591, 11.095969000000139], [-70.228312, 11.083039], [-70.2361269999999, 11.072774000000152], [-70.234156, 11.070131000000117], [-70.235124, 11.063717], [-70.18122199999982, 11.095873], [-70.1574609999999, 11.106817], [-70.12084, 11.106955000000141], [-70.154311, 11.236134000000106], [-70.202119, 11.279347000000143], [-70.23903493899991, 11.341620152000132]]]}}, {"type": "Feature", "properties": {"parroquia": "Bruzual", "municipio": "Urumaco", "estado": "Falcón", "pcode": "VE112402", "estado_pcode": "VE11", "municipio_pcode": "VE1124", "center_lat": 11.0148705, "center_lon": -70.32144534, "area_sqkm": 423.35364379}, "geometry": {"type": "Polygon", "coordinates": [[[-70.235124, 11.063717], [-70.234156, 11.070131000000117], [-70.2361269999999, 11.072774000000152], [-70.228312, 11.083039], [-70.227591, 11.095969000000139], [-70.22320899999988, 11.10866], [-70.216044, 11.108962000000133], [-70.214507, 11.11193800000018], [-70.21658999999988, 11.121311000000105], [-70.219727, 11.117057], [-70.227392, 11.114239000000111], [-70.24278, 11.116000000000156], [-70.25616699999989, 11.110108], [-70.315989, 11.118677000000162], [-70.35041499999988, 11.14309400000019], [-70.39181599999989, 11.103111], [-70.38172, 11.097733], [-70.434845, 10.914847], [-70.44328691399988, 10.885069015000113], [-70.374384, 10.897493], [-70.35603199999986, 10.885368], [-70.318996, 10.909039], [-70.31405499999988, 10.909060000000181], [-70.3035119999999, 10.918926], [-70.286656, 10.921638], [-70.278383, 10.93153], [-70.271957, 10.933692], [-70.271357, 10.937336], [-70.263403, 10.940416], [-70.252386, 10.966999], [-70.260408, 10.97668300000015], [-70.26142, 10.99182500000012], [-70.252385, 10.997680000000173], [-70.24891799999989, 11.004986], [-70.24215999999984, 11.005544000000157], [-70.230517, 11.029178], [-70.233355, 11.03704], [-70.24957999999987, 11.042917000000159], [-70.260687, 11.053054], [-70.235124, 11.063717]]]}}, {"type": "Feature", "properties": {"parroquia": "Puerto Cumarebo", "municipio": "Zamora", "estado": "Falcón", "pcode": "VE112501", "estado_pcode": "VE11", "municipio_pcode": "VE1125", "center_lat": 11.4159325, "center_lon": -69.34001799, "area_sqkm": 133.04101355}, "geometry": {"type": "Polygon", "coordinates": [[[-69.330006, 11.362088], [-69.31871, 11.403925000000129], [-69.329279, 11.42794], [-69.322751, 11.430829000000188], [-69.33193399999988, 11.444384000000127], [-69.342022, 11.447086], [-69.342032, 11.455225], [-69.30725, 11.507717], [-69.30133188799994, 11.520530060000112], [-69.32363482899996, 11.509714623000093], [-69.33232413999991, 11.501164339000184], [-69.3685325539999, 11.482619596000063], [-69.39641774799998, 11.484280451000132], [-69.41957078299998, 11.492064510000148], [-69.4405186859999, 11.49381840500007], [-69.45536035499993, 11.500130482000145], [-69.46502577399986, 11.501203433], [-69.43371999999988, 11.459625000000187], [-69.368635, 11.466950000000168], [-69.34296299999988, 11.466981], [-69.344786, 11.457935000000134], [-69.355761, 11.437121000000161], [-69.356599, 11.373814], [-69.422735, 11.368432], [-69.4188979999999, 11.354741], [-69.416502, 11.320854], [-69.40277299999985, 11.301822], [-69.390763, 11.301913000000127], [-69.389303, 11.298189], [-69.383393, 11.29921700000017], [-69.37990399999984, 11.292218000000162], [-69.37632999999988, 11.293078], [-69.37116099999986, 11.294089], [-69.36957, 11.301916], [-69.366408, 11.302537], [-69.364138, 11.308248000000106], [-69.36082999999985, 11.307635000000175], [-69.361949, 11.313498000000152], [-69.35599899999988, 11.316726], [-69.353973, 11.323873], [-69.349047, 11.324466], [-69.3484299999999, 11.329520000000116], [-69.354431, 11.330904], [-69.35345399999983, 11.33377], [-69.346345, 11.34092900000013], [-69.339282, 11.343766], [-69.33684199999988, 11.351529], [-69.329454, 11.354263000000117], [-69.330006, 11.362088]]]}}, {"type": "Feature", "properties": {"parroquia": "La Ciénaga", "municipio": "Zamora", "estado": "Falcón", "pcode": "VE112502", "estado_pcode": "VE11", "municipio_pcode": "VE1125", "center_lat": 11.4534025, "center_lon": -69.35549232, "area_sqkm": 5.23932844}, "geometry": {"type": "Polygon", "coordinates": [[[-69.368635, 11.466950000000168], [-69.355761, 11.437121000000161], [-69.344786, 11.457935000000134], [-69.34296299999988, 11.466981], [-69.368635, 11.466950000000168]]]}}, {"type": "Feature", "properties": {"parroquia": "La Soledad", "municipio": "Zamora", "estado": "Falcón", "pcode": "VE112503", "estado_pcode": "VE11", "municipio_pcode": "VE1125", "center_lat": 11.3997825, "center_lon": -69.38896976, "area_sqkm": 74.3143865}, "geometry": {"type": "Polygon", "coordinates": [[[-69.43371999999988, 11.459625000000187], [-69.4401309999999, 11.455094], [-69.43374, 11.457681], [-69.42207, 11.454318000000171], [-69.421844, 11.45116800000011], [-69.431948, 11.4354], [-69.43384, 11.425312], [-69.43075999999985, 11.424201000000153], [-69.418551, 11.431612000000143], [-69.424088, 11.375364], [-69.422735, 11.368432], [-69.356599, 11.373814], [-69.355761, 11.437121000000161], [-69.368635, 11.466950000000168], [-69.43371999999988, 11.459625000000187]]]}}, {"type": "Feature", "properties": {"parroquia": "Pueblo Cumarebo", "municipio": "Zamora", "estado": "Falcón", "pcode": "VE112504", "estado_pcode": "VE11", "municipio_pcode": "VE1125", "center_lat": 11.4367675, "center_lon": -69.25658189, "area_sqkm": 170.77943181}, "geometry": {"type": "Polygon", "coordinates": [[[-69.330006, 11.362088], [-69.322662, 11.352148000000113], [-69.282337, 11.352189000000124], [-69.234689, 11.363084], [-69.1824969999999, 11.442706], [-69.22834899999987, 11.458954], [-69.283827, 11.467225000000155], [-69.29668, 11.503341], [-69.29907786099994, 11.521318098000108], [-69.30133188799994, 11.520530060000112], [-69.30725, 11.507717], [-69.342032, 11.455225], [-69.342022, 11.447086], [-69.33193399999988, 11.444384000000127], [-69.322751, 11.430829000000188], [-69.329279, 11.42794], [-69.31871, 11.403925000000129], [-69.330006, 11.362088]]]}}, {"type": "Feature", "properties": {"parroquia": "Zazarida", "municipio": "Zamora", "estado": "Falcón", "pcode": "VE112505", "estado_pcode": "VE11", "municipio_pcode": "VE1125", "center_lat": 11.241838, "center_lon": -69.31521939, "area_sqkm": 346.32259992}, "geometry": {"type": "Polygon", "coordinates": [[[-69.234689, 11.363084], [-69.282337, 11.352189000000124], [-69.322662, 11.352148000000113], [-69.330006, 11.362088], [-69.329454, 11.354263000000117], [-69.33684199999988, 11.351529], [-69.339282, 11.343766], [-69.346345, 11.34092900000013], [-69.35345399999983, 11.33377], [-69.354431, 11.330904], [-69.3484299999999, 11.329520000000116], [-69.349047, 11.324466], [-69.353973, 11.323873], [-69.35599899999988, 11.316726], [-69.361949, 11.313498000000152], [-69.36082999999985, 11.307635000000175], [-69.364138, 11.308248000000106], [-69.366408, 11.302537], [-69.36957, 11.301916], [-69.37116099999986, 11.294089], [-69.37632999999988, 11.293078], [-69.373907, 11.286032], [-69.382939, 11.265024], [-69.38666299999988, 11.237668], [-69.386512, 11.123264], [-69.383595, 11.120104], [-69.379218, 11.120250000000112], [-69.368885, 11.130634], [-69.354693, 11.134988], [-69.348509, 11.140788000000157], [-69.344504, 11.140948], [-69.339403, 11.147432], [-69.330027, 11.150714], [-69.316418, 11.160872], [-69.296431, 11.158642], [-69.288719, 11.152241], [-69.273483, 11.147108000000117], [-69.26833299999987, 11.151667], [-69.263074, 11.152679], [-69.26033699999988, 11.157346], [-69.250431, 11.156032], [-69.24438199999986, 11.151218], [-69.240166, 11.151312000000132], [-69.235085, 11.159742], [-69.225892, 11.164166], [-69.222852, 11.165628], [-69.2183, 11.180574], [-69.223362, 11.188618], [-69.216921, 11.191602], [-69.220485, 11.200985000000117], [-69.229042, 11.203016000000162], [-69.230751, 11.209439], [-69.240786, 11.217004], [-69.239942, 11.225225], [-69.24412699999988, 11.233402], [-69.24651099999988, 11.254548000000113], [-69.246533, 11.280323], [-69.234689, 11.363084]]]}}, {"type": "Feature", "properties": {"parroquia": "Adicora", "municipio": "Falcón", "estado": "Falcón", "pcode": "VE110902", "estado_pcode": "VE11", "municipio_pcode": "VE1109", "center_lat": 11.99606067, "center_lon": -69.85306517, "area_sqkm": 52.1380626}, "geometry": {"type": "Polygon", "coordinates": [[[-69.80851210199995, 11.933957780000185], [-69.80376327499994, 11.939891782000132], [-69.80117517299993, 11.940424815000142], [-69.79644893599993, 11.935999731000095], [-69.79670196799992, 11.93955381700016], [-69.80270628299996, 11.947338987000023], [-69.80380330499997, 11.943287872000155], [-69.80688943199988, 11.943369847000099], [-69.81284073999996, 11.95055899700003], [-69.81876909299996, 11.965527363000035], [-69.82181346899995, 11.998561223000138], [-69.83389106399994, 12.010707469000067], [-69.83318510599997, 12.02046373100012], [-69.83772032999997, 12.023910792000152], [-69.83612830099997, 12.029067945000065], [-69.84207359599992, 12.035394071000042], [-69.84510873099998, 12.035571063000077], [-69.84594779799994, 12.040329176000057], [-69.85178507799992, 12.044954266000104], [-69.85098208999995, 12.051219434000132], [-69.85569398199988, 12.059861530000035], [-69.894916, 12.044089], [-69.88232099999988, 11.9849], [-69.84330099999988, 11.989993], [-69.84558499999986, 11.985918], [-69.840071, 11.985030000000108], [-69.821575, 11.943036], [-69.810525, 11.932868], [-69.80851210199995, 11.933957780000185]]]}}, {"type": "Feature", "properties": {"parroquia": "Los Taques", "municipio": "Los Taques", "estado": "Falcón", "pcode": "VE111201", "estado_pcode": "VE11", "municipio_pcode": "VE1112", "center_lat": 11.83735733, "center_lon": -70.22221056, "area_sqkm": 180.71305832}, "geometry": {"type": "Polygon", "coordinates": [[[-70.161819, 11.837402000000111], [-70.22134499999987, 11.909486], [-70.26208570799997, 11.952329852000048], [-70.26996797099986, 11.944214576000093], [-70.27383004799992, 11.932819247], [-70.28138031899988, 11.92587500000019], [-70.28490936999992, 11.913393648000067], [-70.28929151199998, 11.907153456000117], [-70.29191353399995, 11.89438009600019], [-70.28918924399994, 11.871566514000165], [-70.30055159299985, 11.853133946000014], [-70.29200329399998, 11.861208214000044], [-70.28363791399988, 11.858420207000165], [-70.2803467199999, 11.849886006000077], [-70.28256270799994, 11.836278623000112], [-70.27752942599994, 11.825783383000044], [-70.27875638899997, 11.81399705900003], [-70.27321119499999, 11.819987259000072], [-70.26109867399998, 11.817775289], [-70.25314014199989, 11.791077638000047], [-70.2502440099999, 11.790019634999965], [-70.24544369399985, 11.773503228000038], [-70.2427115779999, 11.773553256000127], [-70.24081446799988, 11.769780166000032], [-70.23903529799992, 11.756773834000171], [-70.23179404199988, 11.762473036000074], [-70.2328691109999, 11.765915118000123], [-70.23878837799992, 11.769319170000074], [-70.23686837099996, 11.778147408999985], [-70.22655095299984, 11.781394571000078], [-70.21908761799995, 11.778016533000027], [-70.21708254399988, 11.779460584000049], [-70.20998619799991, 11.772279451000145], [-70.20449484499994, 11.755355039000108], [-70.2123920969999, 11.744739706000132], [-70.20235464599995, 11.741219687000068], [-70.2016885459999, 11.730747418000021], [-70.20983684499998, 11.725330219000057], [-70.21219200299998, 11.733938428999977], [-70.22095532299994, 11.727015177000055], [-70.22712564799997, 11.73560935900008], [-70.22645167699989, 11.743846582000117], [-70.22968177999996, 11.739339447000134], [-70.23507099199992, 11.737747367000054], [-70.22635457999985, 11.730987251000045], [-70.22393837899995, 11.722640775000116], [-70.2233849999999, 11.725105], [-70.21198131199998, 11.723891588000129], [-70.19497499999989, 11.729625], [-70.161819, 11.837402000000111]]]}}, {"type": "Feature", "properties": {"parroquia": "Chichiriviche", "municipio": "Monseñor Iturriza", "estado": "Falcón", "pcode": "VE111501", "estado_pcode": "VE11", "municipio_pcode": "VE1115", "center_lat": 10.94047567, "center_lon": -68.32768215, "area_sqkm": 147.74428632}, "geometry": {"type": "Polygon", "coordinates": [[[-68.21787531099989, 10.85754611699997], [-68.22200032799987, 10.86354667500018], [-68.22008826399991, 10.865902751000078], [-68.22326740999989, 10.867476775000114], [-68.23112271699995, 10.863345611000057], [-68.22853163399998, 10.867816743000162], [-68.2259245219999, 10.867841769999984], [-68.22739860699994, 10.871402848000116], [-68.22402044099994, 10.868386787000077], [-68.22209736999997, 10.869344827000134], [-68.22626460299989, 10.877511021000089], [-68.22702260599993, 10.873721914000157], [-68.22688465399995, 10.881861126], [-68.23217190799983, 10.884928177], [-68.22565860299994, 10.88276616000013], [-68.22470759099997, 10.885870252000075], [-68.23533304799997, 10.88716722200013], [-68.24071630299989, 10.890485266000042], [-68.24633362499998, 10.90193853400018], [-68.25087783599992, 10.905149599000026], [-68.25122088899997, 10.909822713000153], [-68.2473837419999, 10.912862825000161], [-68.25290901699992, 10.91915895600016], [-68.25774223299999, 10.920785971000043], [-68.26082035299993, 10.91867088700019], [-68.25332797899995, 10.911131739000098], [-68.25472200599984, 10.905548585000133], [-68.2512608429999, 10.903679556000156], [-68.25431895299988, 10.899432427000022], [-68.25352887999998, 10.894190293000065], [-68.2551439739999, 10.897911379000107], [-68.25744005099995, 10.894290264000063], [-68.26515138999997, 10.895042235], [-68.31450660399997, 10.908500282000034], [-68.32076191899995, 10.915430433000154], [-68.3482850399999, 10.905783996000025], [-68.35125417599988, 10.907267025000067], [-68.34862008099992, 10.909425091000116], [-68.35515438999994, 10.913692168000125], [-68.35689248399996, 10.91798526700012], [-68.36289774999989, 10.917856226000026], [-68.36439384499994, 10.923595374000058], [-68.36131073499996, 10.927614499000185], [-68.36362386199994, 10.931007569000087], [-68.35311842099998, 10.933059694000121], [-68.34440703099995, 10.929982660000064], [-68.34042887599986, 10.932886770000039], [-68.33020042899989, 10.932001803999981], [-68.31795193799996, 10.936982018000094], [-68.3094475339999, 10.931035913000073], [-68.30481833299996, 10.931447947000095], [-68.28591947399997, 10.924273883000183], [-68.28917956399988, 10.916494650000175], [-68.29350675899991, 10.918813685000089], [-68.29581884699996, 10.916979623000032], [-68.29303972799988, 10.916021613], [-68.29263771899997, 10.91785866600003], [-68.27949905799989, 10.903820384000085], [-68.27494985899989, 10.902695376000054], [-68.2623153369999, 10.906071547000067], [-68.2621523499999, 10.908617622000179], [-68.26884064099988, 10.909470599000144], [-68.27404390999982, 10.916113745000189], [-68.27359793499994, 10.92356794200009], [-68.26762470299991, 10.927316073000156], [-68.27057987799998, 10.935103262000098], [-68.28167842099998, 10.944807449000052], [-68.30765178599984, 10.98285829200006], [-68.32557779199993, 11.02220520300017], [-68.35379399999982, 11.00253800000013], [-68.377272, 10.94336], [-68.381091, 10.9153], [-68.38691699999987, 10.895898], [-68.388607, 10.875376], [-68.323857, 10.867150000000152], [-68.265624, 10.866895], [-68.21787531099989, 10.85754611699997]]]}}, {"type": "Feature", "properties": {"parroquia": "San Antonio", "municipio": "Miranda", "estado": "Falcón", "pcode": "VE111401", "estado_pcode": "VE11", "municipio_pcode": "VE1114", "center_lat": 11.323073, "center_lon": -69.80060387, "area_sqkm": 244.57067717}, "geometry": {"type": "Polygon", "coordinates": [[[-69.674155, 11.404996], [-69.702881, 11.396420000000148], [-69.705043, 11.383567], [-69.750348, 11.377653], [-69.834483, 11.34086600000012], [-69.855555, 11.341831000000184], [-69.890143, 11.323483000000124], [-69.891452, 11.314743000000135], [-69.897644, 11.307288], [-69.891678, 11.302307], [-69.894822, 11.294772], [-69.891079, 11.288237], [-69.893413, 11.2809], [-69.906917, 11.272827000000177], [-69.906588, 11.269347000000153], [-69.90157, 11.266344], [-69.90005699999989, 11.256327], [-69.907091, 11.241495000000157], [-69.888721, 11.234773000000132], [-69.874558, 11.239119000000187], [-69.864141, 11.245734], [-69.85915299999982, 11.243005], [-69.851678, 11.249152], [-69.85095299999989, 11.24589600000013], [-69.842018, 11.255473000000109], [-69.831829, 11.258856], [-69.828036, 11.264982000000145], [-69.798089, 11.274704], [-69.780094, 11.285697], [-69.774371, 11.300443], [-69.759868, 11.307681], [-69.740168, 11.299775000000182], [-69.72575199999983, 11.302266], [-69.710574, 11.324178], [-69.709361, 11.331724], [-69.695583, 11.340155], [-69.696628, 11.345344], [-69.665942, 11.34923300000014], [-69.64176, 11.35823900000014], [-69.62610099999989, 11.357916], [-69.60406499999988, 11.37341], [-69.627534, 11.410691], [-69.64208399999984, 11.410766], [-69.674155, 11.404996]]]}}]}