{"type": "FeatureCollection", "features": [{"type": "Feature", "properties": {"parroquia": "Camaguan", "municipio": "Camaguan", "estado": "Guárico", "pcode": "VE120101", "estado_pcode": "VE12", "municipio_pcode": "VE1201", "center_lat": 8.21765783, "center_lon": -67.59900867, "area_sqkm": 1019.67659319}, "geometry": {"type": "Polygon", "coordinates": [[[-67.40305199999989, 8.22692], [-67.403994, 8.233874], [-67.4086329999999, 8.239480000000128], [-67.41708399999987, 8.231956], [-67.420239, 8.243553000000134], [-67.424217, 8.243897000000175], [-67.427108, 8.259865000000104], [-67.43482399999988, 8.258723000000145], [-67.436609, 8.261335], [-67.436331, 8.265201], [-67.4316639999999, 8.261846], [-67.414486, 8.261219], [-67.412601, 8.263066], [-67.41219599999982, 8.2681070000001], [-67.41641, 8.26706600000017], [-67.420558, 8.273973000000183], [-67.4266669999999, 8.275426000000152], [-67.4261, 8.282033], [-67.428892, 8.28441], [-67.4319129999999, 8.303199], [-67.4313709999999, 8.305947], [-67.427008, 8.303502], [-67.416987, 8.309442], [-67.40771199999989, 8.325878000000102], [-67.415103, 8.330084000000113], [-67.41525499999989, 8.334877], [-67.411804, 8.336976000000163], [-67.406193, 8.333099], [-67.40181, 8.333515000000148], [-67.40016499999984, 8.343891000000156], [-67.403396, 8.346408], [-67.4124599999999, 8.342862], [-67.412543, 8.34898800000019], [-67.417732, 8.356429000000162], [-67.428183, 8.344989], [-67.432379, 8.34453], [-67.439429, 8.351412], [-67.435094, 8.355798], [-67.434635, 8.36264400000016], [-67.43673599999988, 8.363871], [-67.4478, 8.353224000000182], [-67.45688, 8.355851000000143], [-67.457454, 8.35301800000019], [-67.46098199999989, 8.353969], [-67.465151, 8.359890000000178], [-67.46458, 8.362882000000127], [-67.460912, 8.364503000000127], [-67.457252, 8.359952], [-67.453549, 8.362216000000103], [-67.456997, 8.369157], [-67.468866, 8.372861000000114], [-67.464873, 8.384951], [-67.481606, 8.379993000000127], [-67.487278, 8.381986], [-67.48137999999989, 8.388188000000127], [-67.484361, 8.38823], [-67.487025, 8.384675], [-67.489534, 8.386790000000133], [-67.484453, 8.393483], [-67.48930599999989, 8.39220900000015], [-67.492869, 8.39511], [-67.480081, 8.401082000000144], [-67.47967299999988, 8.406827000000135], [-67.484074, 8.407465000000172], [-67.49196499999988, 8.402812], [-67.493935, 8.405809], [-67.49658699999986, 8.404181], [-67.49941799999988, 8.406245000000126], [-67.495725, 8.410369], [-67.488597, 8.409799], [-67.489815, 8.417259000000115], [-67.492428, 8.418684], [-67.49184799999989, 8.423811000000114], [-67.499777, 8.417461000000173], [-67.500954, 8.421342], [-67.50687599999986, 8.419473], [-67.515341, 8.423059], [-67.52011799999985, 8.435384], [-67.5175359999999, 8.441894], [-67.513027, 8.441692], [-67.514554, 8.437639000000104], [-67.512918, 8.43569900000017], [-67.505675, 8.435188000000153], [-67.50328599999983, 8.437881], [-67.518595, 8.448004], [-67.83664589699993, 8.289934072000108], [-67.83148316099988, 8.287182643000051], [-67.82858701399982, 8.280518496000127], [-67.82798391599994, 8.266113166000025], [-67.83255008599997, 8.260542007000083], [-67.83153194499994, 8.258985702000189], [-67.81867746299997, 8.256286982], [-67.81471232399997, 8.261947124000073], [-67.81094815499989, 8.261550131000035], [-67.79567446399994, 8.253835023000079], [-67.79146029899988, 8.256009097], [-67.79323944499998, 8.270432431000074], [-67.78881125599997, 8.271184469000104], [-67.78590110399989, 8.266286369000056], [-67.78424396699984, 8.253056063000145], [-67.77554653699997, 8.24005980100003], [-67.77421239199998, 8.222079386000132], [-67.76964617699991, 8.21826632200009], [-67.76400993199996, 8.217233315000158], [-67.75740166199995, 8.220518433], [-67.74972437999998, 8.231996735999985], [-67.72657836899992, 8.228210757], [-67.70760755099997, 8.22862884600005], [-67.69722099399996, 8.20425933200005], [-67.68914661999997, 8.200069270000085], [-67.68068327299989, 8.20154734], [-67.67789508299995, 8.187794031000067], [-67.66687757399995, 8.180769925000106], [-67.6692405949999, 8.16288948700003], [-67.67417074999997, 8.151194191000116], [-67.66724845099992, 8.151450228000101], [-67.66409831099998, 8.148846186000128], [-67.66311820299995, 8.136622907000117], [-67.63119777799994, 8.125157784000123], [-67.62725357999989, 8.120286685000053], [-67.62375837299999, 8.10779641500011], [-67.61712405899988, 8.100228265999988], [-67.61820307199997, 8.09384711600012], [-67.62901553299986, 8.091994021], [-67.62937253299998, 8.089468956000076], [-67.61434487599996, 8.087712983000188], [-67.6095127239999, 8.100898322000035], [-67.60400946099986, 8.093119158000093], [-67.58433158399998, 8.08860315000004], [-67.57638818999999, 8.076725899000053], [-67.57741818399995, 8.064632619000065], [-67.5814503229999, 8.058240445000024], [-67.58722755799988, 8.055329354000094], [-67.58526745699999, 8.050496253000176], [-67.57660706799999, 8.04837124300002], [-67.57474397499993, 8.04443215599997], [-67.58539241499994, 8.042398065000157], [-67.59234375499989, 8.049002180000116], [-67.59807000399996, 8.05003618], [-67.60276418899986, 8.047381099000177], [-67.60436822699995, 8.039987916000143], [-67.58868152999992, 8.03499887800018], [-67.58873350999988, 8.031305784000153], [-67.59437274099992, 8.02846270200007], [-67.58700141299994, 8.025668670000186], [-67.58662235899993, 8.01826048900017], [-67.58060512699996, 8.024177662000113], [-67.5783180229999, 8.023589660000141], [-67.5722767019999, 8.008700337000164], [-67.5692495649999, 8.007427324000105], [-67.56128023499991, 8.010254430000089], [-67.56018715799996, 8.003055264000182], [-67.57172060099998, 7.991797948000112], [-67.56733770299991, 7.98742533300009], [-67.532661, 8.006855], [-67.549384, 8.028704000000175], [-67.543323, 8.038372], [-67.54460299999988, 8.046029000000146], [-67.550832, 8.051466], [-67.544631, 8.057774], [-67.54547999999988, 8.06192300000015], [-67.54219299999988, 8.064641000000165], [-67.532024, 8.065801], [-67.529919, 8.06964], [-67.519311, 8.076215000000161], [-67.495166, 8.105798], [-67.508436, 8.111809], [-67.503298, 8.118754], [-67.50614, 8.13058], [-67.503044, 8.135041], [-67.50265799999983, 8.141855], [-67.49895699999985, 8.145263000000114], [-67.50625699999989, 8.150741], [-67.504432, 8.168671000000131], [-67.496323, 8.179670000000158], [-67.49771, 8.208359000000144], [-67.495443, 8.213801000000103], [-67.498726, 8.224696], [-67.494229, 8.229631], [-67.49417399999987, 8.238445], [-67.488116, 8.242893], [-67.478964, 8.241961], [-67.474926, 8.244706000000122], [-67.467778, 8.244935000000112], [-67.462165, 8.249617], [-67.44398399999989, 8.246294], [-67.435827, 8.242006], [-67.43314999999984, 8.234186000000136], [-67.425376, 8.223969000000125], [-67.40305199999989, 8.22692]]]}}, {"type": "Feature", "properties": {"parroquia": "Uverito", "municipio": "Camaguan", "estado": "Guárico", "pcode": "VE120103", "estado_pcode": "VE12", "municipio_pcode": "VE1201", "center_lat": 8.1159005, "center_lon": -67.49045724, "area_sqkm": 219.20152778}, "geometry": {"type": "Polygon", "coordinates": [[[-67.40305199999989, 8.22692], [-67.425376, 8.223969000000125], [-67.43314999999984, 8.234186000000136], [-67.435827, 8.242006], [-67.44398399999989, 8.246294], [-67.462165, 8.249617], [-67.467778, 8.244935000000112], [-67.474926, 8.244706000000122], [-67.478964, 8.241961], [-67.488116, 8.242893], [-67.49417399999987, 8.238445], [-67.494229, 8.229631], [-67.498726, 8.224696], [-67.495443, 8.213801000000103], [-67.49771, 8.208359000000144], [-67.496323, 8.179670000000158], [-67.504432, 8.168671000000131], [-67.50625699999989, 8.150741], [-67.49895699999985, 8.145263000000114], [-67.50265799999983, 8.141855], [-67.503044, 8.135041], [-67.50614, 8.13058], [-67.503298, 8.118754], [-67.508436, 8.111809], [-67.495166, 8.105798], [-67.519311, 8.076215000000161], [-67.529919, 8.06964], [-67.532024, 8.065801], [-67.54219299999988, 8.064641000000165], [-67.54547999999988, 8.06192300000015], [-67.544631, 8.057774], [-67.550832, 8.051466], [-67.54460299999988, 8.046029000000146], [-67.543323, 8.038372], [-67.549384, 8.028704000000175], [-67.532661, 8.006855], [-67.526968, 8.012186], [-67.520388, 8.010787], [-67.518679, 8.015679], [-67.51623599999982, 8.016101000000106], [-67.50949999999989, 8.015803000000119], [-67.506046, 8.012191], [-67.499157, 8.013133], [-67.49799499999983, 8.008942], [-67.474773, 8.024206000000163], [-67.475838, 8.0258970000001], [-67.46750899999984, 8.026921], [-67.460028, 8.02528000000018], [-67.46109399999983, 8.006784000000152], [-67.455904, 8.00355900000011], [-67.45506599999987, 7.998600000000181], [-67.44853099999989, 7.996656], [-67.44202599999988, 7.990802000000144], [-67.445085, 7.987619], [-67.44284, 7.98211], [-67.400437, 7.999436], [-67.406731, 8.00341], [-67.411423, 8.004605], [-67.41742, 8.001605], [-67.43270499999988, 8.007935], [-67.429589, 8.022631], [-67.424004, 8.028627], [-67.427128, 8.039215000000127], [-67.423805, 8.04142400000012], [-67.42496, 8.046971], [-67.416797, 8.056258], [-67.416953, 8.070147], [-67.419956, 8.072724000000164], [-67.42948, 8.073595000000125], [-67.4304499999999, 8.081466000000148], [-67.445012, 8.08425700000015], [-67.453587, 8.096662000000151], [-67.461967, 8.101677000000166], [-67.462296, 8.112782], [-67.45962, 8.118992000000162], [-67.472811, 8.122970000000123], [-67.476027, 8.120167], [-67.470827, 8.115128], [-67.474408, 8.113026], [-67.47849, 8.123149], [-67.474906, 8.126722], [-67.477971, 8.130536000000177], [-67.47118399999988, 8.137325], [-67.47268799999989, 8.142931], [-67.455407, 8.151979000000154], [-67.444768, 8.171235], [-67.439138, 8.171123000000136], [-67.434474, 8.174037], [-67.431585, 8.177750000000117], [-67.42939799999982, 8.190376000000128], [-67.426181, 8.19154900000018], [-67.418189, 8.188037], [-67.418236, 8.199817], [-67.415969, 8.202684], [-67.41070699999989, 8.201], [-67.40654199999989, 8.202866], [-67.407018, 8.208065], [-67.417406, 8.211576], [-67.413618, 8.214487], [-67.41344, 8.218627], [-67.40305199999989, 8.22692]]]}}, {"type": "Feature", "properties": {"parroquia": "Chaguaramas", "municipio": "Chaguaramas", "estado": "Guárico", "pcode": "VE120201", "estado_pcode": "VE12", "municipio_pcode": "VE1202", "center_lat": 9.3326715, "center_lon": -66.33123544, "area_sqkm": 2307.0471023}, "geometry": {"type": "Polygon", "coordinates": [[[-65.99905, 9.60987], [-66.01487999999983, 9.622552], [-66.01646099999988, 9.628943], [-66.031054, 9.629775000000166], [-66.032989, 9.627607000000182], [-66.042515, 9.628219000000172], [-66.04838099999989, 9.625017000000128], [-66.056002, 9.630154], [-66.05653899999987, 9.633963000000108], [-66.07244, 9.651939], [-66.08418999999986, 9.652540000000101], [-66.109109, 9.646024], [-66.134445, 9.637842], [-66.162797, 9.621647000000166], [-66.161179, 9.617340000000127], [-66.176258, 9.573502], [-66.3476179999999, 9.558475], [-66.347265, 9.548969], [-66.351561, 9.537548000000129], [-66.354314, 9.5358710000001], [-66.351117, 9.53388], [-66.354216, 9.530896], [-66.358819, 9.53091000000012], [-66.362405, 9.524148], [-66.366762, 9.52744500000017], [-66.36594799999989, 9.524466], [-66.371712, 9.522947000000102], [-66.37806099999989, 9.52692900000011], [-66.38507, 9.52064], [-66.391576, 9.521000000000129], [-66.398067, 9.507925000000114], [-66.400407, 9.50897700000013], [-66.40035299999988, 9.502258], [-66.404285, 9.499067000000139], [-66.40163899999988, 9.494027], [-66.404779, 9.487099], [-66.402291, 9.479078000000186], [-66.404254, 9.474903], [-66.40084499999989, 9.470712], [-66.403897, 9.46782], [-66.404575, 9.45495700000015], [-66.408647, 9.452705000000151], [-66.411119, 9.448759000000166], [-66.40947199999988, 9.44578], [-66.415833, 9.442196], [-66.414208, 9.438874000000112], [-66.42070699999988, 9.43471600000015], [-66.422113, 9.430220000000133], [-66.423737, 9.432924], [-66.42903399999983, 9.429982000000166], [-66.42754899999989, 9.427576], [-66.429692, 9.420099000000107], [-66.438952, 9.420362000000182], [-66.442676, 9.41818000000012], [-66.441791, 9.414512], [-66.445329, 9.41235300000011], [-66.444603, 9.406507], [-66.44703, 9.403684000000112], [-66.45986499999987, 9.395779000000118], [-66.466372, 9.397489000000178], [-66.472592, 9.393353000000104], [-66.480659, 9.386188], [-66.481802, 9.37713], [-66.487455, 9.379575000000159], [-66.49076, 9.37697900000012], [-66.50164099999989, 9.377732], [-66.505147, 9.36929600000019], [-66.507567, 9.370602], [-66.507238, 9.367742], [-66.510667, 9.368054], [-66.516967, 9.361424], [-66.529431, 9.360392000000104], [-66.53390999999988, 9.354465000000175], [-66.53308, 9.350054], [-66.540694, 9.333611], [-66.54315599999984, 9.334526], [-66.543298, 9.332510000000127], [-66.547098, 9.335359], [-66.552477, 9.331714000000147], [-66.551731, 9.327234], [-66.555386, 9.318611000000146], [-66.55173499999984, 9.312038], [-66.563033, 9.29867], [-66.569847, 9.294890000000123], [-66.575319, 9.301089], [-66.579581, 9.30105600000013], [-66.5811839999999, 9.295822000000157], [-66.585858, 9.296328], [-66.58938299999983, 9.288030000000106], [-66.586536, 9.280515], [-66.5909759999999, 9.280982000000108], [-66.59143499999988, 9.277755], [-66.596483, 9.273843], [-66.598264, 9.276040000000137], [-66.60844, 9.271564000000126], [-66.618024, 9.27582800000016], [-66.62202, 9.267033], [-66.617651, 9.265095], [-66.6231719999999, 9.260732], [-66.624239, 9.255444], [-66.629272, 9.250292000000115], [-66.631897, 9.252809000000184], [-66.6392469999999, 9.24761100000012], [-66.640862, 9.253440000000182], [-66.643807, 9.255029], [-66.64740999999987, 9.25012500000014], [-66.654262, 9.250658], [-66.660546, 9.255316000000107], [-66.66973799999988, 9.252819000000102], [-66.676782, 9.260393], [-66.679565, 9.259691], [-66.677458, 9.2574800000001], [-66.678826, 9.255236], [-66.682946, 9.255068], [-66.687293, 9.259302], [-66.690502, 9.252871000000141], [-66.700956, 9.251460000000122], [-66.70413799999989, 9.245671], [-66.706618, 9.246424000000161], [-66.70429499999989, 9.240960000000143], [-66.712115, 9.236803000000123], [-66.71649699999983, 9.229327], [-66.716758, 9.221996000000104], [-66.715997, 9.219103], [-66.409169, 9.170574], [-66.25259, 9.012243], [-66.25002699999987, 9.017834000000107], [-66.253053, 9.021285], [-66.25115099999982, 9.028426], [-66.24856, 9.027459], [-66.2399999999999, 9.04275], [-66.238775, 9.058594], [-66.236164, 9.060882000000163], [-66.234132, 9.05972000000014], [-66.233938, 9.066893000000107], [-66.225518, 9.075330000000122], [-66.224849, 9.078665000000171], [-66.228735, 9.082935], [-66.226827, 9.089204000000166], [-66.230645, 9.094551], [-66.2278859999999, 9.099496000000158], [-66.22280399999988, 9.098344], [-66.226658, 9.121026], [-66.221099, 9.122822000000156], [-66.21446399999985, 9.130811000000165], [-66.218756, 9.138988], [-66.216535, 9.146970000000124], [-66.192631, 9.16757900000016], [-66.18972899999989, 9.173782], [-66.180437, 9.176078000000132], [-66.179843, 9.179093], [-66.174461, 9.17678700000016], [-66.17180999999982, 9.180931], [-66.168147, 9.179278], [-66.163123, 9.180786000000126], [-66.158596, 9.191772000000128], [-66.146676, 9.199334], [-66.142857, 9.209577], [-66.13191499999988, 9.217777], [-66.122307, 9.21752000000015], [-66.112972, 9.22068400000012], [-66.107852, 9.241125000000125], [-66.103939, 9.246963000000164], [-66.105296, 9.25384600000018], [-66.100502, 9.260904], [-66.101045, 9.281228], [-66.0989019999999, 9.285312], [-66.10986, 9.303939000000128], [-66.121493, 9.312467], [-66.12533699999989, 9.318779000000177], [-65.99905, 9.60987]]]}}, {"type": "Feature", "properties": {"parroquia": "El Socorro", "municipio": "El Socorro", "estado": "Guárico", "pcode": "VE120301", "estado_pcode": "VE12", "municipio_pcode": "VE1203", "center_lat": 8.5148495, "center_lon": -65.64801604, "area_sqkm": 2820.18782635}, "geometry": {"type": "Polygon", "coordinates": [[[-65.603797, 9.137216], [-65.61358799999982, 9.129038], [-65.623635, 9.124785], [-65.625907, 9.120945], [-65.632211, 9.119794], [-65.63513499999988, 9.110523000000171], [-65.64609, 9.108605000000125], [-65.648604, 9.10545800000017], [-65.652341, 9.106603], [-65.65873, 9.095396], [-65.66406599999982, 9.095192], [-65.667268, 9.091139], [-65.670652, 9.091199], [-65.6840749999999, 9.08209], [-65.69371, 9.081341], [-65.696251, 9.085771], [-65.697741, 9.08419], [-65.713569, 9.087201000000164], [-65.74242099999987, 9.069362000000126], [-65.752733, 9.070965], [-65.754858, 9.074079000000154], [-65.763304, 9.07627], [-65.770218, 9.070673], [-65.772321, 9.07236300000011], [-65.777159, 9.070128000000125], [-65.913538, 8.969466], [-65.754898, 8.705506], [-65.745435, 8.703016000000105], [-65.743707, 8.694242000000145], [-65.747644, 8.690070000000105], [-65.746925, 8.684127], [-65.750644, 8.684765], [-65.752371, 8.675481], [-65.758835, 8.666915], [-65.74887699999988, 8.654718000000173], [-65.740931, 8.654276], [-65.73192399999988, 8.644574], [-65.73154099999988, 8.63670900000011], [-65.725565, 8.63530900000012], [-65.727194, 8.629152000000147], [-65.717939, 8.62337], [-65.718991, 8.61965400000014], [-65.714096, 8.614333], [-65.715698, 8.59914700000013], [-65.718196, 8.597492000000159], [-65.709592, 8.590004], [-65.708586, 8.584602000000189], [-65.711619, 8.5845], [-65.71245, 8.577081000000135], [-65.70798, 8.573998000000131], [-65.704396, 8.562303], [-65.707325, 8.545179], [-65.701444, 8.54045], [-65.703503, 8.533822], [-65.701778, 8.530997], [-65.69218199999983, 8.52433], [-65.69363, 8.515526], [-65.691785, 8.509574000000157], [-65.682001, 8.507956], [-65.68261699999988, 8.495868000000144], [-65.680737, 8.491982000000121], [-65.67693899999983, 8.492982], [-65.67419099999984, 8.489578000000165], [-65.680047, 8.482775], [-65.67027999999988, 8.472314], [-65.674127, 8.4671120000001], [-65.67227899999989, 8.462055], [-65.674882, 8.455855], [-65.6718269999999, 8.452626], [-65.674751, 8.448134000000152], [-65.667061, 8.4378880000001], [-65.668509, 8.433242], [-65.6663329999999, 8.430886], [-65.66399399999989, 8.432661000000166], [-65.652897, 8.42106], [-65.64993, 8.417213], [-65.651691, 8.414619000000187], [-65.635934, 8.411780000000135], [-65.63629499999985, 8.406346], [-65.640727, 8.40332], [-65.642299, 8.395943], [-65.637265, 8.392429], [-65.638483, 8.38614600000011], [-65.631395, 8.383312000000103], [-65.632742, 8.3757], [-65.627292, 8.368937000000187], [-65.618121, 8.367057], [-65.608039, 8.358123], [-65.614681, 8.342339], [-65.619002, 8.342456], [-65.618913, 8.335793], [-65.624078, 8.331340000000125], [-65.61868, 8.326891000000103], [-65.629736, 8.322677000000112], [-65.62817799999988, 8.317366000000163], [-65.630578, 8.311975000000132], [-65.624927, 8.308782000000122], [-65.625235, 8.303025], [-65.62734399999988, 8.3042650000001], [-65.628048, 8.288000000000125], [-65.631947, 8.280659], [-65.630307, 8.277826000000118], [-65.63317099999989, 8.277919000000168], [-65.633296, 8.273489], [-65.63768, 8.272368], [-65.640108, 8.266817000000174], [-65.64251, 8.268296000000134], [-65.64159399999988, 8.272196], [-65.64629999999988, 8.273910000000114], [-65.64932999999985, 8.266955], [-65.65228699999989, 8.266338000000133], [-65.65129499999989, 8.260034], [-65.655889, 8.258161], [-65.655933, 8.25060400000018], [-65.6515849999999, 8.246466000000112], [-65.658012, 8.243711], [-65.65841499999988, 8.237176], [-65.654111, 8.234510000000114], [-65.656889, 8.23094600000013], [-65.65532599999989, 8.21888], [-65.6648, 8.2190030000001], [-65.661827, 8.215966], [-65.666638, 8.211734000000149], [-65.664671, 8.205537], [-65.671733, 8.204525], [-65.66682999999989, 8.191408], [-65.670372, 8.189869000000101], [-65.669954, 8.184387000000186], [-65.673604, 8.183058000000187], [-65.673534, 8.17961], [-65.679808, 8.177286], [-65.679178, 8.168444], [-65.67585799999983, 8.166085], [-65.682339, 8.157519], [-65.676291, 8.149626000000126], [-65.681972, 8.14772], [-65.67944399999988, 8.145180000000153], [-65.681084, 8.141052], [-65.6761939999999, 8.130372], [-65.676952, 8.123596], [-65.67365699999988, 8.121215], [-65.675514, 8.11128200000013], [-65.672683, 8.103309], [-65.6765319999999, 8.103641], [-65.676772, 8.088141000000178], [-65.680441, 8.086905], [-65.68039, 8.082217000000128], [-65.68207399999989, 8.082295000000158], [-65.674835, 8.074180000000183], [-65.677722, 8.073538], [-65.683362, 8.065197000000182], [-65.682716, 8.05892800000015], [-65.685479, 8.058558000000119], [-65.6830379999999, 8.054137], [-65.684501, 8.051152000000172], [-65.67664999999988, 8.043384000000117], [-65.679434, 8.036146], [-65.677737, 8.030922], [-65.68522999999988, 8.023813000000132], [-65.677723, 8.018216000000109], [-65.676795, 8.0135], [-65.681392, 8.01075400000019], [-65.67713, 8.004160000000127], [-65.67311699999988, 8.006028000000128], [-65.670132, 8.003358], [-65.67367, 7.997087], [-65.680341, 7.994294], [-65.675475, 7.992062], [-65.672829, 7.986867000000132], [-65.675143, 7.983855000000176], [-65.672914, 7.982554000000164], [-65.67419099999984, 7.979648], [-65.672175, 7.978733], [-65.669803, 7.98245500000013], [-65.667333, 7.978335000000129], [-65.659435, 7.976853], [-65.657609, 7.972633000000144], [-65.659304, 7.966282], [-65.656865, 7.962804000000119], [-65.6503709999999, 7.963046], [-65.6525079999999, 7.957034], [-65.650175, 7.954632], [-65.654565, 7.953728000000183], [-65.650409, 7.951212], [-65.65558299999987, 7.948533], [-65.661391, 7.950661], [-65.659371, 7.943784], [-65.66565, 7.943017], [-65.66488, 7.938462], [-65.661722, 7.938249], [-65.660851, 7.940508], [-65.657468, 7.937041], [-65.661167, 7.928808000000117], [-65.654471, 7.933203000000162], [-65.65390799999983, 7.917409], [-65.63575999999989, 7.913944], [-65.63991312499996, 7.899921229000029], [-65.5778819969999, 7.892370801000027], [-65.570562, 7.923726000000102], [-65.545494, 7.932195], [-65.54395999999986, 7.936157000000151], [-65.54684, 7.941350000000114], [-65.544361, 7.950178000000108], [-65.531419, 7.971322], [-65.529581, 7.983888], [-65.523716, 7.988956000000144], [-65.516563, 8.022653000000105], [-65.50893799999989, 8.044508], [-65.510922, 8.048288000000184], [-65.50482, 8.069131], [-65.50451, 8.094049000000155], [-65.500596, 8.108964000000185], [-65.502418, 8.132722], [-65.498578, 8.152312000000165], [-65.500003, 8.160944], [-65.494054, 8.167254000000128], [-65.499603, 8.169312], [-65.496842, 8.176293000000157], [-65.5029899999999, 8.21347900000012], [-65.498708, 8.225442000000157], [-65.500034, 8.242739], [-65.49237, 8.252609000000177], [-65.490763, 8.259470000000135], [-65.492288, 8.274794], [-65.494741, 8.275882], [-65.496463, 8.283917000000145], [-65.493091, 8.288404000000128], [-65.492269, 8.29537500000015], [-65.492715, 8.31169], [-65.4974, 8.333402], [-65.48790799999989, 8.356583000000114], [-65.492172, 8.374738], [-65.49999, 8.383676], [-65.52004, 8.382616], [-65.541941, 8.399525], [-65.5538, 8.40129700000017], [-65.557914, 8.404579000000126], [-65.564897, 8.430705000000103], [-65.573722, 8.438605], [-65.583451, 8.470467], [-65.588202, 8.474203000000102], [-65.594096, 8.506245], [-65.601208, 8.510780000000125], [-65.603204, 8.516278000000113], [-65.600957, 8.520489000000168], [-65.595768, 8.52156600000012], [-65.582612, 8.519808000000126], [-65.573307, 8.522472000000107], [-65.565779, 8.553163], [-65.568381, 8.573218], [-65.57249499999989, 8.580749], [-65.575252, 8.600280000000112], [-65.5868569999999, 8.616145], [-65.59305, 8.633702], [-65.59919699999989, 8.661936], [-65.6102, 8.671563], [-65.618539, 8.675143000000105], [-65.618026, 8.681326000000126], [-65.620238, 8.684193], [-65.614317, 8.687562], [-65.610193, 8.693725], [-65.603704, 8.709875], [-65.595296, 8.717869000000178], [-65.583139, 8.741379000000109], [-65.57975, 8.744021], [-65.557607, 8.744358], [-65.524591, 8.757241], [-65.523696, 8.766215000000159], [-65.527282, 8.77533000000011], [-65.526357, 8.799320000000137], [-65.517273, 8.82289], [-65.51571699999988, 8.834835], [-65.507844, 8.85207], [-65.515202, 8.864396], [-65.520328, 8.881393], [-65.52001899999988, 8.903129], [-65.537278, 8.960671000000161], [-65.546601, 8.973014], [-65.547814, 8.980586000000187], [-65.54354199999989, 8.996235], [-65.531107, 9.008534000000168], [-65.531535, 9.018993], [-65.52143499999988, 9.030167], [-65.51396299999982, 9.031379000000129], [-65.513244, 9.038233], [-65.506331, 9.043811], [-65.50012, 9.043783], [-65.494592, 9.039393000000132], [-65.471502, 9.046766000000162], [-65.46719999999988, 9.043629000000124], [-65.442193, 9.054734], [-65.416903, 9.052728000000172], [-65.603797, 9.137216]]]}}, {"type": "Feature", "properties": {"parroquia": "Capital San Gerónimo de Guayabal", "municipio": "San Gerónimo de Guayabal", "estado": "Guárico", "pcode": "VE120401", "estado_pcode": "VE12", "municipio_pcode": "VE1204", "center_lat": 8.1075185, "center_lon": -67.29899582, "area_sqkm": 1859.4418556}, "geometry": {"type": "Polygon", "coordinates": [[[-67.13655, 8.316155000000151], [-67.145437, 8.310783000000129], [-67.155885, 8.31717], [-67.176439, 8.318838], [-67.18263199999984, 8.327273000000105], [-67.1837599999999, 8.339381], [-67.186912, 8.341237000000149], [-67.1975589999999, 8.337007], [-67.20791499999984, 8.338861000000179], [-67.21411499999982, 8.336720000000128], [-67.22270999999989, 8.343718], [-67.235338, 8.347439], [-67.23844, 8.353262000000143], [-67.243087, 8.354863], [-67.248214, 8.35345], [-67.249409, 8.344896000000176], [-67.255206, 8.342118], [-67.274141, 8.34989], [-67.278875, 8.356605000000172], [-67.30715, 8.367436000000168], [-67.318407, 8.354336], [-67.33077999999989, 8.35386], [-67.335855, 8.357402], [-67.332481, 8.36505000000011], [-67.331476, 8.374247], [-67.3333209999999, 8.375341000000162], [-67.340764, 8.366156000000103], [-67.362338, 8.372734], [-67.37283999999983, 8.372172000000148], [-67.381315, 8.38268], [-67.392448, 8.390575000000126], [-67.400438, 8.390306], [-67.405494, 8.39277], [-67.417144, 8.38778200000013], [-67.42019, 8.388902], [-67.42036999999988, 8.393971], [-67.416553, 8.400344000000189], [-67.429428, 8.412614], [-67.4321159999999, 8.422391], [-67.436713, 8.422361], [-67.4471989999999, 8.428704], [-67.452219, 8.435689], [-67.46385199999986, 8.436322000000189], [-67.468576, 8.442164], [-67.47514299999989, 8.44508500000012], [-67.49085, 8.447347], [-67.494187, 8.454726], [-67.501764, 8.451628], [-67.506874, 8.453953], [-67.517727, 8.451606], [-67.518595, 8.448004], [-67.50328599999983, 8.437881], [-67.505675, 8.435188000000153], [-67.512918, 8.43569900000017], [-67.514554, 8.437639000000104], [-67.513027, 8.441692], [-67.5175359999999, 8.441894], [-67.52011799999985, 8.435384], [-67.515341, 8.423059], [-67.50687599999986, 8.419473], [-67.500954, 8.421342], [-67.499777, 8.417461000000173], [-67.49184799999989, 8.423811000000114], [-67.492428, 8.418684], [-67.489815, 8.417259000000115], [-67.488597, 8.409799], [-67.495725, 8.410369], [-67.49941799999988, 8.406245000000126], [-67.49658699999986, 8.404181], [-67.493935, 8.405809], [-67.49196499999988, 8.402812], [-67.484074, 8.407465000000172], [-67.47967299999988, 8.406827000000135], [-67.480081, 8.401082000000144], [-67.492869, 8.39511], [-67.48930599999989, 8.39220900000015], [-67.484453, 8.393483], [-67.489534, 8.386790000000133], [-67.487025, 8.384675], [-67.484361, 8.38823], [-67.48137999999989, 8.388188000000127], [-67.487278, 8.381986], [-67.481606, 8.379993000000127], [-67.464873, 8.384951], [-67.468866, 8.372861000000114], [-67.456997, 8.369157], [-67.453549, 8.362216000000103], [-67.457252, 8.359952], [-67.460912, 8.364503000000127], [-67.46458, 8.362882000000127], [-67.465151, 8.359890000000178], [-67.46098199999989, 8.353969], [-67.457454, 8.35301800000019], [-67.45688, 8.355851000000143], [-67.4478, 8.353224000000182], [-67.43673599999988, 8.363871], [-67.434635, 8.36264400000016], [-67.435094, 8.355798], [-67.439429, 8.351412], [-67.432379, 8.34453], [-67.428183, 8.344989], [-67.417732, 8.356429000000162], [-67.412543, 8.34898800000019], [-67.4124599999999, 8.342862], [-67.403396, 8.346408], [-67.40016499999984, 8.343891000000156], [-67.40181, 8.333515000000148], [-67.406193, 8.333099], [-67.411804, 8.336976000000163], [-67.41525499999989, 8.334877], [-67.415103, 8.330084000000113], [-67.40771199999989, 8.325878000000102], [-67.416987, 8.309442], [-67.427008, 8.303502], [-67.4313709999999, 8.305947], [-67.4319129999999, 8.303199], [-67.428892, 8.28441], [-67.4261, 8.282033], [-67.4266669999999, 8.275426000000152], [-67.420558, 8.273973000000183], [-67.41641, 8.26706600000017], [-67.41219599999982, 8.2681070000001], [-67.412601, 8.263066], [-67.414486, 8.261219], [-67.4316639999999, 8.261846], [-67.436331, 8.265201], [-67.436609, 8.261335], [-67.43482399999988, 8.258723000000145], [-67.427108, 8.259865000000104], [-67.424217, 8.243897000000175], [-67.420239, 8.243553000000134], [-67.41708399999987, 8.231956], [-67.4086329999999, 8.239480000000128], [-67.403994, 8.233874], [-67.40305199999989, 8.22692], [-67.41344, 8.218627], [-67.413618, 8.214487], [-67.417406, 8.211576], [-67.407018, 8.208065], [-67.40654199999989, 8.202866], [-67.41070699999989, 8.201], [-67.415969, 8.202684], [-67.418236, 8.199817], [-67.418189, 8.188037], [-67.426181, 8.19154900000018], [-67.42939799999982, 8.190376000000128], [-67.431585, 8.177750000000117], [-67.434474, 8.174037], [-67.439138, 8.171123000000136], [-67.444768, 8.171235], [-67.455407, 8.151979000000154], [-67.47268799999989, 8.142931], [-67.47118399999988, 8.137325], [-67.477971, 8.130536000000177], [-67.474906, 8.126722], [-67.47849, 8.123149], [-67.474408, 8.113026], [-67.470827, 8.115128], [-67.476027, 8.120167], [-67.472811, 8.122970000000123], [-67.45962, 8.118992000000162], [-67.462296, 8.112782], [-67.461967, 8.101677000000166], [-67.453587, 8.096662000000151], [-67.445012, 8.08425700000015], [-67.4304499999999, 8.081466000000148], [-67.42948, 8.073595000000125], [-67.419956, 8.072724000000164], [-67.416953, 8.070147], [-67.416797, 8.056258], [-67.42496, 8.046971], [-67.423805, 8.04142400000012], [-67.427128, 8.039215000000127], [-67.424004, 8.028627], [-67.429589, 8.022631], [-67.43270499999988, 8.007935], [-67.41742, 8.001605], [-67.411423, 8.004605], [-67.406731, 8.00341], [-67.400437, 7.999436], [-67.400433, 7.982854], [-67.395434, 7.982045000000141], [-67.391891, 7.974985], [-67.387656, 7.976021000000173], [-67.38484199999988, 7.973903], [-67.38377, 7.976808], [-67.37569, 7.966992], [-67.368447, 7.966597], [-67.37038, 7.963082], [-67.36750599999982, 7.962134000000106], [-67.367535, 7.957566000000156], [-67.370774, 7.958908000000179], [-67.37184599999989, 7.955957], [-67.3749279999999, 7.958881], [-67.3769, 7.956055000000163], [-67.37004999999988, 7.949603000000138], [-67.371234, 7.944954], [-67.364093, 7.941874], [-67.364654, 7.927234000000112], [-67.3697729999999, 7.919435], [-67.376689, 7.918013], [-67.37823, 7.904323000000147], [-67.37660494299996, 7.901132659000041], [-67.37254458799998, 7.900801730000126], [-67.3640151809999, 7.894125605999989], [-67.36630225399995, 7.887767451000173], [-67.35998495199988, 7.881367330999979], [-67.35629580199998, 7.883166386000084], [-67.35585281999994, 7.891540589000101], [-67.35319372299989, 7.894061656000076], [-67.34684942099989, 7.889910586000155], [-67.35213562399986, 7.883743419000098], [-67.35143058499995, 7.880844361000072], [-67.34708739499996, 7.881304383000099], [-67.3372410259999, 7.892774699000086], [-67.33721299799998, 7.887218568000151], [-67.33345384099988, 7.889039631000117], [-67.32687951599996, 7.880960476000155], [-67.31953720899998, 7.881344511000066], [-67.32989359099992, 7.867700151000179], [-67.32614340299995, 7.862795054000117], [-67.32799046199995, 7.856683907000104], [-67.32502728999998, 7.847540698000103], [-67.30843653299996, 7.837774546000105], [-67.30234521699998, 7.825890299000093], [-67.29900109299996, 7.831732451000107], [-67.28586748999999, 7.82438833700013], [-67.27642311899996, 7.831132536000155], [-67.26598164899997, 7.828315517000021], [-67.25884635699987, 7.830880605000175], [-67.25596617499997, 7.818730333000076], [-67.24261054799996, 7.808790170000179], [-67.24679571799993, 7.80401303400015], [-67.24589265899994, 7.800353955000162], [-67.23931239399991, 7.804876088000128], [-67.23673825699984, 7.79814694900017], [-67.22647378599999, 7.794159900000068], [-67.22644864799997, 7.789307834000056], [-67.22089047799989, 7.778538555000125], [-67.21163407299997, 7.777155570000161], [-67.20897894399985, 7.77343249900008], [-67.20508878899994, 7.776697582000111], [-67.19291924499987, 7.773952575000123], [-67.18230081199988, 7.780474770000183], [-67.17026029599998, 7.780462832000069], [-67.16519704999985, 7.775657735000152], [-67.15596566899995, 7.779989884000031], [-67.15418358499994, 7.776619805000166], [-67.16030280299998, 7.768260584000132], [-67.15878671199994, 7.760003401000063], [-67.14934429199991, 7.758847415000162], [-67.13816101399993, 7.763911034000159], [-67.13655, 8.316155000000151]]]}}, {"type": "Feature", "properties": {"parroquia": "Cazorla", "municipio": "San Gerónimo de Guayabal", "estado": "Guárico", "pcode": "VE120402", "estado_pcode": "VE12", "municipio_pcode": "VE1204", "center_lat": 8.000929, "center_lon": -66.99223315, "area_sqkm": 2173.88649655}, "geometry": {"type": "Polygon", "coordinates": [[[-66.805408, 7.990681], [-66.812033, 7.989002], [-66.81463, 7.992340000000183], [-66.817315, 7.989431], [-66.816565, 7.985569], [-66.81845699999985, 7.985506000000157], [-66.825934, 7.992627000000141], [-66.82971, 7.987102], [-66.833669, 7.989985], [-66.83936799999987, 7.989772000000187], [-66.840513, 7.993083], [-66.837571, 7.996820000000127], [-66.84278399999988, 7.998938], [-66.846479, 7.997543000000121], [-66.8483609999999, 8.003352], [-66.850579, 8.002254000000164], [-66.856342, 8.006209000000183], [-66.877959, 8.012318000000107], [-66.882252, 8.02467200000018], [-66.895649, 8.03318000000013], [-66.897625, 8.038118000000168], [-66.91, 8.050343], [-66.908101, 8.054013000000111], [-66.92604399999988, 8.05038500000012], [-66.934023, 8.055857], [-66.935236, 8.062078], [-66.93336099999988, 8.06464700000015], [-66.95145, 8.071347], [-66.948879, 8.076416000000108], [-66.950075, 8.07885], [-66.962511, 8.083845000000167], [-66.957468, 8.08992300000017], [-66.950955, 8.091338000000178], [-66.949626, 8.098773], [-66.94398, 8.105997000000173], [-66.946915, 8.117591], [-66.93898399999983, 8.123802], [-66.937932, 8.131101], [-66.94099299999988, 8.137324000000149], [-66.947624, 8.134624], [-66.945088, 8.145592000000136], [-66.952053, 8.150764000000152], [-66.955716, 8.168993000000114], [-66.969214, 8.175343], [-66.962165, 8.178802000000132], [-66.968557, 8.181747], [-66.96912, 8.189873], [-66.971885, 8.193571000000134], [-66.966761, 8.205110000000104], [-66.97289399999988, 8.21124600000013], [-66.968531, 8.210277], [-66.968827, 8.212343], [-66.987146, 8.22379500000011], [-66.990258, 8.227149000000168], [-66.99121699999989, 8.234013], [-67.000269, 8.235332], [-66.998276, 8.238704], [-67.000141, 8.242975000000115], [-67.009146, 8.24389900000017], [-67.01133599999986, 8.24797], [-67.01700199999988, 8.244483000000173], [-67.02545, 8.245578], [-67.0460379999999, 8.258363], [-67.056229, 8.255092000000104], [-67.075038, 8.262875000000122], [-67.09071299999988, 8.282776], [-67.1011309999999, 8.280187], [-67.10203899999988, 8.28852000000012], [-67.109863, 8.30242], [-67.116968, 8.301668000000177], [-67.12594, 8.304905000000133], [-67.1308279999999, 8.31287200000014], [-67.13655, 8.316155000000151], [-67.13816101399993, 7.763911034000159], [-67.13268658499993, 7.761218539000026], [-67.12455223999996, 7.764437651000094], [-67.09696204699992, 7.764899785000182], [-67.09548502299992, 7.774547020000171], [-67.09327793799991, 7.775832058999981], [-67.06521774299995, 7.782690334000165], [-67.06001951299999, 7.781555331000163], [-67.05210721099996, 7.789250548000098], [-67.04941308499991, 7.788808554000127], [-67.03870957899989, 7.779511377000119], [-67.03026519799994, 7.775953330000164], [-67.02316385099988, 7.766327146000037], [-67.00822616499994, 7.758223016000102], [-67.00799018599997, 7.766162202000089], [-67.00555909599996, 7.768820275000166], [-66.97540576799997, 7.764150296000025], [-66.96789941799989, 7.759559223000053], [-66.96986245299996, 7.748604962000059], [-66.96633830099995, 7.74710294200014], [-66.96517327199996, 7.752063060000012], [-66.96020503099999, 7.746972962000029], [-66.95038260099989, 7.746695997000131], [-66.93764502999989, 7.741562935000161], [-66.92856266599989, 7.7497421650001], [-66.92189937699987, 7.749793197000088], [-66.91021889799993, 7.754978372000039], [-66.88967396299995, 7.746424255000022], [-66.8902439599999, 7.739855097000088], [-66.88401665299989, 7.73154493200019], [-66.88375062099993, 7.727615841999977], [-66.87819238299994, 7.728450885000086], [-66.86985700599985, 7.724178826000184], [-66.85236422799994, 7.721718841000154], [-66.84767704199999, 7.724531930000126], [-66.84686405099995, 7.735671193000087], [-66.83704562399998, 7.734266203], [-66.83304443199995, 7.730510133000109], [-66.81577367999995, 7.731472229000133], [-66.78989242799992, 7.702959676000091], [-66.78922244499995, 7.712031891000152], [-66.78358817899993, 7.706938791000084], [-66.7825421419999, 7.710105866], [-66.77747092199996, 7.710090893000086], [-66.77486776799998, 7.701239694000037], [-66.76304025299987, 7.701640752], [-66.75895305699999, 7.696047649000093], [-66.75187074999985, 7.697726715000101], [-66.74917963099995, 7.695650680000028], [-66.74440143399994, 7.698025749000124], [-66.7345449799999, 7.694711721000033], [-66.73094081099998, 7.689463607000107], [-66.72477052699998, 7.686734571000102], [-66.7249665519999, 7.69066266800013], [-66.72869772099989, 7.69184567700006], [-66.72726365999989, 7.693586719000052], [-66.71930532999994, 7.69546979900008], [-66.71565613999996, 7.689945682000143], [-66.70852384099993, 7.693231792000063], [-66.70542173199988, 7.69788491200012], [-66.69056209999997, 7.702525085000104], [-66.68905108699994, 7.714695374000144], [-66.68469692399998, 7.721251553], [-66.68099076399994, 7.719654530000128], [-66.67890963799988, 7.714135408000175], [-66.67949562899997, 7.703387160000091], [-66.68563786999994, 7.69968504000002], [-66.68449082299998, 7.697913003000053], [-66.67047723499985, 7.705012229000033], [-66.66433095599996, 7.702237193000087], [-66.66631401599989, 7.69459400900007], [-66.66447291999998, 7.693714996000097], [-66.65922771699996, 7.69781011300006], [-66.65064934899993, 7.69906917600008], [-66.63584483199998, 7.730443980000075], [-66.64599826699992, 7.726870845000064], [-66.64832137399986, 7.728623885], [-66.65059851199999, 7.73781908400008], [-66.65612176399992, 7.740869131000125], [-66.64993050699997, 7.744892260000029], [-66.65184862099994, 7.750893393000183], [-66.65609081199995, 7.750631362000036], [-66.66187103199991, 7.745298218000016], [-66.66516321199998, 7.754174402000103], [-66.65869495499993, 7.758357528000033], [-66.6561528869999, 7.767697761000022], [-66.65043363199993, 7.768460801000117], [-66.63913611499999, 7.761395693000111], [-66.63486996199987, 7.769144889000017], [-66.62835369499999, 7.773855033000189], [-66.61870123799991, 7.764244846000054], [-66.60988686199988, 7.766811940000025], [-66.60687871799996, 7.763171871], [-66.59658228099988, 7.767755016000081], [-66.59104507599994, 7.776027238999973], [-66.58480079499992, 7.774973242999977], [-66.58437080299996, 7.77954235600015], [-66.58162368099988, 7.780704391000086], [-66.56637201099994, 7.777827389000095], [-66.55265943499995, 7.783452582], [-66.55110035799999, 7.780782522000038], [-66.55473149899996, 7.777350431000059], [-66.55301340199992, 7.77401436100007], [-66.54753618199999, 7.77801447600018], [-66.54400506899992, 7.786132677000182], [-66.55162647599991, 7.802604033000023], [-66.53427775899996, 7.81251134200005], [-66.52927254099995, 7.813435391000041], [-66.52712657799998, 7.810609897000177], [-66.527609, 7.815288000000123], [-66.539895, 7.823002], [-66.52728899999988, 7.827850000000126], [-66.5272159999999, 7.835681], [-66.530776, 7.839485], [-66.536052, 7.840744], [-66.560887, 7.826361], [-66.566758, 7.828724], [-66.575687, 7.826665000000162], [-66.57731699999988, 7.828806], [-66.57369099999988, 7.837453000000153], [-66.578478, 7.840203], [-66.589154, 7.840033], [-66.601861, 7.853399], [-66.601528, 7.856636000000151], [-66.594738, 7.859553000000119], [-66.595072, 7.863252000000102], [-66.597881, 7.86450200000013], [-66.604699, 7.859702], [-66.606839, 7.861041000000114], [-66.6075469999999, 7.863111000000174], [-66.600721, 7.870346000000154], [-66.601867, 7.872394000000156], [-66.607606, 7.873286], [-66.612654, 7.866849000000173], [-66.6140989999999, 7.876065], [-66.626722, 7.887408], [-66.63157, 7.885794], [-66.63787599999989, 7.875318000000107], [-66.63376, 7.89299], [-66.63396199999988, 7.894828], [-66.637732, 7.891373000000158], [-66.637794, 7.907521], [-66.633134, 7.915154000000143], [-66.638088, 7.916526000000147], [-66.64068, 7.921105000000125], [-66.64552899999984, 7.919284000000118], [-66.645012, 7.908097000000112], [-66.6502359999999, 7.90414], [-66.65198, 7.914], [-66.661056, 7.909942], [-66.66499, 7.913285], [-66.675086, 7.914720000000102], [-66.69139599999988, 7.906227000000115], [-66.7053489999999, 7.920790000000181], [-66.706188, 7.92541000000017], [-66.699529, 7.923275000000103], [-66.698433, 7.927291], [-66.70034399999986, 7.928216], [-66.69576499999988, 7.932382], [-66.70067399999988, 7.940575], [-66.705094, 7.928599], [-66.706941, 7.935266000000126], [-66.71634099999989, 7.938972], [-66.71400099999988, 7.942318], [-66.717033, 7.94621], [-66.721065, 7.940296000000103], [-66.722978, 7.940486], [-66.722761, 7.943586], [-66.729059, 7.94317], [-66.7335379999999, 7.949386000000118], [-66.73608499999989, 7.946408], [-66.74216399999989, 7.949643], [-66.75364699999983, 7.950988000000166], [-66.7576959999999, 7.946682], [-66.764823, 7.946957], [-66.764951, 7.942731000000151], [-66.768309, 7.945728000000145], [-66.774906, 7.945587], [-66.784149, 7.955883000000142], [-66.797708, 7.965366000000188], [-66.799563, 7.969828], [-66.79734799999989, 7.977931], [-66.805408, 7.990681]]]}}, {"type": "Feature", "properties": {"parroquia": "Capital Valle de la Pascua", "municipio": "Leonardo Infante", "estado": "Guárico", "pcode": "VE120501", "estado_pcode": "VE12", "municipio_pcode": "VE1205", "center_lat": 9.164723, "center_lon": -66.06231306, "area_sqkm": 2311.30957851}, "geometry": {"type": "Polygon", "coordinates": [[[-65.913538, 8.969466], [-65.923914, 8.985314], [-65.923941, 8.988735000000133], [-65.923356, 8.998148], [-65.910286, 9.013196], [-65.91313799999989, 9.019875], [-65.91268799999989, 9.029967], [-65.90955799999989, 9.03276], [-65.90877199999989, 9.03807300000011], [-65.912514, 9.052392], [-65.911329, 9.06206], [-65.91636, 9.068826], [-65.91915, 9.090107000000103], [-65.923041, 9.092997000000139], [-65.923538, 9.106160000000159], [-65.930483, 9.113531], [-65.928808, 9.117956], [-65.933157, 9.12673000000018], [-65.928773, 9.133703], [-65.935665, 9.147019], [-65.941932, 9.145289000000105], [-65.935232, 9.157548000000133], [-65.926081, 9.159896], [-65.928193, 9.166637], [-65.920531, 9.170532], [-65.917087, 9.179749000000129], [-65.909823, 9.187559], [-65.882782, 9.251953], [-65.876343, 9.32542], [-65.91063499999984, 9.470893000000103], [-65.959186, 9.586916], [-65.99905, 9.60987], [-66.12533699999989, 9.318779000000177], [-66.121493, 9.312467], [-66.10986, 9.303939000000128], [-66.0989019999999, 9.285312], [-66.101045, 9.281228], [-66.100502, 9.260904], [-66.105296, 9.25384600000018], [-66.103939, 9.246963000000164], [-66.107852, 9.241125000000125], [-66.112972, 9.22068400000012], [-66.122307, 9.21752000000015], [-66.13191499999988, 9.217777], [-66.142857, 9.209577], [-66.146676, 9.199334], [-66.158596, 9.191772000000128], [-66.163123, 9.180786000000126], [-66.168147, 9.179278], [-66.17180999999982, 9.180931], [-66.174461, 9.17678700000016], [-66.179843, 9.179093], [-66.180437, 9.176078000000132], [-66.18972899999989, 9.173782], [-66.192631, 9.16757900000016], [-66.216535, 9.146970000000124], [-66.218756, 9.138988], [-66.21446399999985, 9.130811000000165], [-66.221099, 9.122822000000156], [-66.226658, 9.121026], [-66.22280399999988, 9.098344], [-66.2278859999999, 9.099496000000158], [-66.230645, 9.094551], [-66.226827, 9.089204000000166], [-66.228735, 9.082935], [-66.224849, 9.078665000000171], [-66.225518, 9.075330000000122], [-66.233938, 9.066893000000107], [-66.234132, 9.05972000000014], [-66.236164, 9.060882000000163], [-66.238775, 9.058594], [-66.2399999999999, 9.04275], [-66.24856, 9.027459], [-66.25115099999982, 9.028426], [-66.253053, 9.021285], [-66.25002699999987, 9.017834000000107], [-66.25259, 9.012243], [-66.249723, 9.010055], [-66.255172, 9.001148000000114], [-66.250178, 8.995617], [-66.25023, 8.99168], [-66.255279, 8.984658000000138], [-66.256333, 8.986215000000186], [-66.262084, 8.983148], [-66.262515, 8.979124000000184], [-66.269757, 8.97661600000015], [-66.272715, 8.962354000000175], [-66.276708, 8.957142], [-66.28014199999984, 8.957625], [-66.280906, 8.954272], [-66.286411, 8.952988], [-66.29716, 8.934165000000121], [-66.300646, 8.932174], [-66.299863, 8.914374], [-66.305274, 8.9086870000001], [-66.307792, 8.897693000000118], [-66.305368, 8.889851], [-66.302649, 8.888352000000111], [-66.302065, 8.879814000000124], [-66.306874, 8.874161000000129], [-66.30815, 8.867289000000142], [-66.31525099999988, 8.860353], [-66.311226, 8.8561], [-66.311721, 8.841236], [-66.30775099999983, 8.838794], [-66.3099749999999, 8.835196], [-66.306867, 8.830228], [-66.307222, 8.827623000000187], [-66.31123, 8.827086000000122], [-66.30896899999988, 8.822479000000158], [-66.30829299999982, 8.801725], [-66.31425799999988, 8.798157000000174], [-66.310159, 8.784186], [-66.301153, 8.772933], [-66.300979, 8.762388], [-66.29601199999985, 8.754609000000187], [-66.299115, 8.752060000000142], [-66.293861, 8.751402], [-66.290658, 8.745493000000124], [-66.289546, 8.732317000000137], [-66.296733, 8.734388], [-66.29535099999987, 8.726454000000103], [-66.293842, 8.72349], [-66.28843299999988, 8.723677], [-66.290042, 8.720708], [-66.288403, 8.719575], [-66.28513999999984, 8.72079100000019], [-65.913538, 8.969466]]]}}, {"type": "Feature", "properties": {"parroquia": "Capital las Mercedes", "municipio": "Las Mercedes", "estado": "Guárico", "pcode": "VE120601", "estado_pcode": "VE12", "municipio_pcode": "VE1206", "center_lat": 8.906214, "center_lon": -66.47937144, "area_sqkm": 2423.99861882}, "geometry": {"type": "Polygon", "coordinates": [[[-66.28513999999984, 8.72079100000019], [-66.288403, 8.719575], [-66.290042, 8.720708], [-66.28843299999988, 8.723677], [-66.293842, 8.72349], [-66.29535099999987, 8.726454000000103], [-66.296733, 8.734388], [-66.289546, 8.732317000000137], [-66.290658, 8.745493000000124], [-66.293861, 8.751402], [-66.299115, 8.752060000000142], [-66.29601199999985, 8.754609000000187], [-66.300979, 8.762388], [-66.301153, 8.772933], [-66.310159, 8.784186], [-66.31425799999988, 8.798157000000174], [-66.30829299999982, 8.801725], [-66.30896899999988, 8.822479000000158], [-66.31123, 8.827086000000122], [-66.307222, 8.827623000000187], [-66.306867, 8.830228], [-66.3099749999999, 8.835196], [-66.30775099999983, 8.838794], [-66.311721, 8.841236], [-66.311226, 8.8561], [-66.31525099999988, 8.860353], [-66.30815, 8.867289000000142], [-66.306874, 8.874161000000129], [-66.302065, 8.879814000000124], [-66.302649, 8.888352000000111], [-66.305368, 8.889851], [-66.307792, 8.897693000000118], [-66.305274, 8.9086870000001], [-66.299863, 8.914374], [-66.300646, 8.932174], [-66.29716, 8.934165000000121], [-66.286411, 8.952988], [-66.280906, 8.954272], [-66.28014199999984, 8.957625], [-66.276708, 8.957142], [-66.272715, 8.962354000000175], [-66.269757, 8.97661600000015], [-66.262515, 8.979124000000184], [-66.262084, 8.983148], [-66.256333, 8.986215000000186], [-66.255279, 8.984658000000138], [-66.25023, 8.99168], [-66.250178, 8.995617], [-66.255172, 9.001148000000114], [-66.249723, 9.010055], [-66.25259, 9.012243], [-66.409169, 9.170574], [-66.715997, 9.219103], [-66.699835, 9.181944], [-66.671572, 9.079577000000143], [-66.66939799999989, 9.043068], [-66.664325, 9.031613000000164], [-66.664324, 8.987230000000125], [-66.656353, 8.965754000000118], [-66.652729, 8.92853], [-66.654179, 8.897747000000152], [-66.665049, 8.891305], [-66.671571, 8.873408], [-66.66594099999986, 8.852464000000111], [-66.66502, 8.831858], [-66.667568, 8.81253700000019], [-66.686321, 8.757676000000117], [-66.691677, 8.721562], [-66.686717, 8.695966000000169], [-66.259591, 8.594169], [-66.25882399999989, 8.595807], [-66.268171, 8.598856], [-66.27443099999982, 8.616413], [-66.286343, 8.617993000000183], [-66.295559, 8.632963000000132], [-66.29621, 8.643546], [-66.300898, 8.644956], [-66.299382, 8.653988], [-66.293528, 8.663307000000145], [-66.29867899999988, 8.666249], [-66.297536, 8.670144], [-66.291252, 8.670246000000134], [-66.286737, 8.677442], [-66.283008, 8.67796200000015], [-66.28172499999988, 8.6852], [-66.291613, 8.691818000000126], [-66.283837, 8.693608], [-66.282542, 8.701488000000154], [-66.28454, 8.70762400000018], [-66.280756, 8.714009], [-66.28513999999984, 8.72079100000019]]]}}, {"type": "Feature", "properties": {"parroquia": "Cabruta", "municipio": "Las Mercedes", "estado": "Guárico", "pcode": "VE120602", "estado_pcode": "VE12", "municipio_pcode": "VE1206", "center_lat": 7.9378655, "center_lon": -66.43996273, "area_sqkm": 2402.45785018}, "geometry": {"type": "Polygon", "coordinates": [[[-66.205626, 7.993576000000132], [-66.426204, 8.050108000000137], [-66.73899599999987, 8.252889], [-66.74711999999988, 8.245029], [-66.76323699999989, 8.235532000000148], [-66.770419, 8.204653000000121], [-66.759923, 8.189994000000127], [-66.76744, 8.173964], [-66.765376, 8.167512000000158], [-66.768179, 8.163293000000124], [-66.766792, 8.153744000000188], [-66.77181399999989, 8.137457], [-66.770675, 8.119991], [-66.773048, 8.111296], [-66.768374, 8.10585], [-66.76893599999988, 8.091323], [-66.761807, 8.067765000000179], [-66.76226799999984, 8.057393000000161], [-66.76705, 8.045213000000103], [-66.777861, 8.030197], [-66.779146, 8.01177], [-66.782163, 8.003374000000122], [-66.78764399999989, 7.998173000000179], [-66.798233, 7.996658], [-66.805408, 7.990681], [-66.79734799999989, 7.977931], [-66.799563, 7.969828], [-66.797708, 7.965366000000188], [-66.784149, 7.955883000000142], [-66.774906, 7.945587], [-66.768309, 7.945728000000145], [-66.764951, 7.942731000000151], [-66.764823, 7.946957], [-66.7576959999999, 7.946682], [-66.75364699999983, 7.950988000000166], [-66.74216399999989, 7.949643], [-66.73608499999989, 7.946408], [-66.7335379999999, 7.949386000000118], [-66.729059, 7.94317], [-66.722761, 7.943586], [-66.722978, 7.940486], [-66.721065, 7.940296000000103], [-66.717033, 7.94621], [-66.71400099999988, 7.942318], [-66.71634099999989, 7.938972], [-66.706941, 7.935266000000126], [-66.705094, 7.928599], [-66.70067399999988, 7.940575], [-66.69576499999988, 7.932382], [-66.70034399999986, 7.928216], [-66.698433, 7.927291], [-66.699529, 7.923275000000103], [-66.706188, 7.92541000000017], [-66.7053489999999, 7.920790000000181], [-66.69139599999988, 7.906227000000115], [-66.675086, 7.914720000000102], [-66.66499, 7.913285], [-66.661056, 7.909942], [-66.65198, 7.914], [-66.6502359999999, 7.90414], [-66.645012, 7.908097000000112], [-66.64552899999984, 7.919284000000118], [-66.64068, 7.921105000000125], [-66.638088, 7.916526000000147], [-66.633134, 7.915154000000143], [-66.637794, 7.907521], [-66.637732, 7.891373000000158], [-66.63396199999988, 7.894828], [-66.63376, 7.89299], [-66.63787599999989, 7.875318000000107], [-66.63157, 7.885794], [-66.626722, 7.887408], [-66.6140989999999, 7.876065], [-66.612654, 7.866849000000173], [-66.607606, 7.873286], [-66.601867, 7.872394000000156], [-66.600721, 7.870346000000154], [-66.6075469999999, 7.863111000000174], [-66.606839, 7.861041000000114], [-66.604699, 7.859702], [-66.597881, 7.86450200000013], [-66.595072, 7.863252000000102], [-66.594738, 7.859553000000119], [-66.601528, 7.856636000000151], [-66.601861, 7.853399], [-66.589154, 7.840033], [-66.578478, 7.840203], [-66.57369099999988, 7.837453000000153], [-66.57731699999988, 7.828806], [-66.575687, 7.826665000000162], [-66.566758, 7.828724], [-66.560887, 7.826361], [-66.536052, 7.840744], [-66.530776, 7.839485], [-66.5272159999999, 7.835681], [-66.52728899999988, 7.827850000000126], [-66.539895, 7.823002], [-66.527609, 7.815288000000123], [-66.52712657799998, 7.810609897000177], [-66.5225411539999, 7.793291938000038], [-66.51458981199988, 7.792436957000064], [-66.51471377599984, 7.783479742000111], [-66.51212564499991, 7.778555635000089], [-66.49972808299998, 7.774644606000095], [-66.47998217299994, 7.763996438000106], [-66.47660200799993, 7.759959348000052], [-66.47718297999995, 7.748174069000072], [-66.48669235599993, 7.737574779000056], [-66.48387220599989, 7.73210266500007], [-66.46892253799984, 7.72974167000001], [-66.44493343699997, 7.718022504000089], [-66.42281047199992, 7.716803566000124], [-66.40523967299998, 7.710671498000124], [-66.37262028899994, 7.719844852000051], [-66.36549100199994, 7.725623023000026], [-66.3563515919999, 7.723513006000189], [-66.33901068199998, 7.690142298000069], [-66.32842520499997, 7.686626260000082], [-66.33609446999992, 7.67014183200007], [-66.33013311399998, 7.64682431600005], [-66.30231192799994, 7.65460060900017], [-66.2731545989999, 7.642732453000178], [-66.25542273899993, 7.623364075999973], [-66.23976205899993, 7.623696148000079], [-66.22093226499999, 7.631268404000139], [-66.19916639399997, 7.652699999000106], [-66.1819606929999, 7.663103317000093], [-66.14674219199986, 7.674158733000183], [-66.12781041799991, 7.688324143000159], [-66.06626470899988, 7.685912352], [-66.01595934799997, 7.687407952000115], [-66.01280999999989, 7.702836000000161], [-66.022475, 7.702894000000185], [-66.032575, 7.708405000000141], [-66.04241199999984, 7.708929000000182], [-66.055022, 7.719079000000136], [-66.0749019999999, 7.725731], [-66.08938, 7.724905], [-66.092409, 7.720127000000161], [-66.11088399999988, 7.71009000000015], [-66.12054499999988, 7.713546], [-66.122975, 7.710935], [-66.132317, 7.7097270000001], [-66.13641099999984, 7.70363900000018], [-66.140393, 7.705120000000136], [-66.1381669999999, 7.71241700000013], [-66.14475099999987, 7.716337], [-66.139278, 7.721089000000177], [-66.14228999999989, 7.722643000000119], [-66.14661, 7.720115], [-66.148476, 7.723526], [-66.14494799999983, 7.72795200000013], [-66.146312, 7.731124], [-66.151736, 7.725383], [-66.159562, 7.729558000000111], [-66.155266, 7.735391000000106], [-66.16001, 7.739091], [-66.16513, 7.751356000000158], [-66.168397, 7.752915], [-66.172214, 7.750125], [-66.174526, 7.753224000000159], [-66.176024, 7.749950000000183], [-66.178205, 7.750454000000104], [-66.1826109999999, 7.757129], [-66.185148, 7.750458], [-66.189606, 7.753509000000122], [-66.190395, 7.757747000000109], [-66.17959, 7.77049], [-66.183728, 7.772296], [-66.185033, 7.778335], [-66.192628, 7.781427000000122], [-66.194364, 7.786694000000125], [-66.188112, 7.793450000000121], [-66.1796159999999, 7.796007000000145], [-66.180288, 7.80139], [-66.19095, 7.811245], [-66.18599, 7.812382000000184], [-66.182306, 7.817607000000123], [-66.18830699999984, 7.819658000000175], [-66.1912779999999, 7.824400000000139], [-66.201688, 7.826403000000141], [-66.194456, 7.833597000000111], [-66.198593, 7.842172000000119], [-66.2008909999999, 7.84371], [-66.202196, 7.836395000000152], [-66.205957, 7.83638000000019], [-66.20701799999989, 7.83865], [-66.2031889999999, 7.846419], [-66.205256, 7.85245], [-66.20364299999989, 7.857924000000139], [-66.209051, 7.858562000000177], [-66.210271, 7.867698], [-66.203169, 7.875216], [-66.20685, 7.883529], [-66.2049679999999, 7.888585], [-66.209598, 7.892397000000187], [-66.193706, 7.894251000000111], [-66.19047999999987, 7.8996], [-66.183297, 7.898764], [-66.17851999999988, 7.902107000000115], [-66.175148, 7.90672], [-66.178295, 7.915159], [-66.175833, 7.917036], [-66.180304, 7.919514000000106], [-66.17693899999989, 7.920455000000175], [-66.177957, 7.931375], [-66.1758999999999, 7.93594400000012], [-66.182834, 7.935467], [-66.17989899999986, 7.940111], [-66.18129, 7.943145000000129], [-66.184511, 7.941399], [-66.18656399999986, 7.944745000000182], [-66.190346, 7.941565000000139], [-66.19010999999989, 7.948443], [-66.193748, 7.952168], [-66.19059, 7.953112], [-66.1906929999999, 7.957038000000125], [-66.194451, 7.953857], [-66.198369, 7.961877000000129], [-66.19338, 7.960971000000143], [-66.19779, 7.96533], [-66.192987, 7.965437000000179], [-66.189587, 7.973559], [-66.197988, 7.973548000000164], [-66.194789, 7.978622], [-66.199125, 7.986582], [-66.203044, 7.98680000000013], [-66.20708, 7.991357], [-66.205626, 7.993576000000132]]]}}, {"type": "Feature", "properties": {"parroquia": "Santa Rita de Manapire", "municipio": "Las Mercedes", "estado": "Guárico", "pcode": "VE120603", "estado_pcode": "VE12", "municipio_pcode": "VE1206", "center_lat": 8.344239, "center_lon": -66.50465532, "area_sqkm": 3195.12309224}, "geometry": {"type": "Polygon", "coordinates": [[[-66.259591, 8.594169], [-66.686717, 8.695966000000169], [-66.697014, 8.686438000000123], [-66.700485, 8.67884700000019], [-66.702322, 8.669594000000188], [-66.698341, 8.661100000000147], [-66.700451, 8.652130000000113], [-66.698187, 8.64948], [-66.70087499999983, 8.646323000000109], [-66.69930099999988, 8.642759000000126], [-66.704712, 8.630333000000121], [-66.70404499999984, 8.625681], [-66.710242, 8.620065], [-66.711891, 8.611798], [-66.716848, 8.60891], [-66.716269, 8.60191200000014], [-66.720296, 8.597248], [-66.722004, 8.60007000000013], [-66.725676, 8.599679], [-66.72849799999989, 8.589573], [-66.726725, 8.58122], [-66.73324999999988, 8.577899000000116], [-66.739012, 8.563503], [-66.739128, 8.55398], [-66.742506, 8.548077], [-66.73878999999988, 8.547691], [-66.737393, 8.543574], [-66.742888, 8.541161000000102], [-66.741407, 8.537666000000115], [-66.743864, 8.527398000000176], [-66.74798699999985, 8.524834000000112], [-66.744637, 8.5147], [-66.746435, 8.512213], [-66.741132, 8.505144], [-66.744231, 8.501678], [-66.744409, 8.496006], [-66.740969, 8.487941], [-66.74013, 8.475434000000178], [-66.742763, 8.461479000000168], [-66.751844, 8.454104000000143], [-66.750731, 8.450404], [-66.754139, 8.452834], [-66.75598, 8.446209], [-66.751379, 8.445381000000111], [-66.751924, 8.441217], [-66.7612, 8.438134], [-66.763463, 8.431075], [-66.75707099999988, 8.423440000000141], [-66.742745, 8.386436000000117], [-66.74548799999985, 8.382053], [-66.740879, 8.36813], [-66.7429479999999, 8.363489], [-66.73773, 8.3574890000001], [-66.738797, 8.35095200000012], [-66.73414, 8.336541], [-66.73682899999989, 8.335096], [-66.735693, 8.330197], [-66.73919699999988, 8.324145000000101], [-66.734295, 8.316127000000165], [-66.740847, 8.309943], [-66.73798, 8.301308], [-66.743747, 8.284886], [-66.738815, 8.280013], [-66.741479, 8.266822], [-66.737053, 8.26332600000012], [-66.73899599999987, 8.252889], [-66.426204, 8.050108000000137], [-66.205626, 7.993576000000132], [-66.20976799999988, 8.001303000000178], [-66.19954, 8.007934], [-66.200915, 8.010082000000182], [-66.205535, 8.007137], [-66.208184, 8.009896], [-66.205649, 8.010509000000184], [-66.206938, 8.017247], [-66.204261, 8.020913000000178], [-66.20542199999983, 8.029303], [-66.210574, 8.030141], [-66.20730299999985, 8.034752], [-66.214097, 8.043473], [-66.210372, 8.045586], [-66.214939, 8.052325], [-66.21797, 8.04975800000011], [-66.221913, 8.052829], [-66.22156, 8.055355000000134], [-66.218376, 8.055560000000185], [-66.218866, 8.063817], [-66.224704, 8.059855000000141], [-66.22718, 8.060848], [-66.226399, 8.072395], [-66.23657999999989, 8.087037000000123], [-66.227942, 8.093611000000124], [-66.227187, 8.10201400000011], [-66.241964, 8.109695000000102], [-66.244598, 8.113693000000126], [-66.244649, 8.121632], [-66.250864, 8.126065], [-66.243729, 8.133158], [-66.2442089999999, 8.143252000000132], [-66.24736499999989, 8.142175], [-66.2533739999999, 8.146679], [-66.253106, 8.151821], [-66.247987, 8.156627000000128], [-66.246499, 8.162305000000117], [-66.24962199999987, 8.166667], [-66.25406999999984, 8.16549], [-66.256902, 8.167858], [-66.253834, 8.175521], [-66.256419, 8.182777], [-66.254057, 8.185294000000113], [-66.257558, 8.191191], [-66.254786, 8.194675000000188], [-66.25944699999985, 8.197925000000168], [-66.257312, 8.20711800000015], [-66.261565, 8.20782400000013], [-66.263927, 8.219811], [-66.259939, 8.224679], [-66.253069, 8.226468000000125], [-66.25211199999984, 8.22840200000013], [-66.256086, 8.232437], [-66.25146099999989, 8.231504], [-66.249153, 8.235282], [-66.250338, 8.243833], [-66.252983, 8.245835000000113], [-66.24969999999985, 8.245145], [-66.246441, 8.248471000000109], [-66.24936, 8.253638], [-66.251732, 8.252544000000114], [-66.25519499999984, 8.256055000000174], [-66.25527199999982, 8.26110400000016], [-66.251382, 8.259454], [-66.249154, 8.261258000000112], [-66.25207099999989, 8.269867], [-66.255049, 8.269664], [-66.25639799999982, 8.27491], [-66.260541, 8.276305], [-66.2572899999999, 8.280985], [-66.26373999999987, 8.281838], [-66.258316, 8.286256], [-66.26383, 8.292415000000176], [-66.261547, 8.29295800000017], [-66.262341, 8.298162000000161], [-66.258042, 8.301564], [-66.26053, 8.307697], [-66.257243, 8.310289], [-66.258672, 8.31344600000017], [-66.261542, 8.310812], [-66.265141, 8.31384], [-66.260434, 8.314582], [-66.260566, 8.324655000000178], [-66.26526799999982, 8.330407], [-66.270874, 8.325689000000125], [-66.27423499999986, 8.330346000000134], [-66.272469, 8.333802000000105], [-66.27788, 8.33735600000017], [-66.27631899999989, 8.340884], [-66.276495, 8.338685000000169], [-66.271389, 8.336283], [-66.268889, 8.33814400000017], [-66.26906499999984, 8.34138], [-66.272426, 8.34185], [-66.273831, 8.348868], [-66.269773, 8.354188], [-66.257483, 8.356273], [-66.257562, 8.361159], [-66.252064, 8.3629], [-66.252968, 8.365391], [-66.248269, 8.370265], [-66.25275, 8.37421600000016], [-66.24649199999988, 8.379842], [-66.250172, 8.380638], [-66.249056, 8.389219], [-66.258995, 8.404843], [-66.25540299999989, 8.411133], [-66.250475, 8.410453000000132], [-66.24441699999988, 8.42468300000013], [-66.250488, 8.421965000000114], [-66.24762, 8.429163], [-66.254899, 8.435455], [-66.260216, 8.44591], [-66.254268, 8.450945], [-66.256467, 8.453298], [-66.250132, 8.457960000000128], [-66.24691499999989, 8.463913000000105], [-66.251213, 8.462312000000168], [-66.255594, 8.465300000000127], [-66.25427, 8.46984], [-66.26052799999985, 8.473845000000154], [-66.26011299999988, 8.479226], [-66.2646539999999, 8.486527], [-66.263135, 8.488977], [-66.27394299999986, 8.499641], [-66.275339, 8.504434000000117], [-66.26787, 8.513319], [-66.267295, 8.517299], [-66.27039699999989, 8.51815500000015], [-66.27506199999988, 8.528966], [-66.27618399999983, 8.543133], [-66.26498599999985, 8.558054], [-66.267923, 8.578122000000121], [-66.259591, 8.594169]]]}}, {"type": "Feature", "properties": {"parroquia": "Capital el Sombrero", "municipio": "Julián Mellado", "estado": "Guárico", "pcode": "VE120701", "estado_pcode": "VE12", "municipio_pcode": "VE1207", "center_lat": 9.44500051, "center_lon": -67.13397915, "area_sqkm": 1561.58429688}, "geometry": {"type": "Polygon", "coordinates": [[[-66.85027865699988, 9.665177449000055], [-66.86169018599992, 9.66886149100003], [-66.87878898999992, 9.679540668000186], [-66.9006509329999, 9.676788482000177], [-66.90922531299998, 9.679494503000171], [-66.91542162399992, 9.685628623000014], [-66.93774259799989, 9.684952485000053], [-66.9466140319999, 9.693533660000128], [-66.96346101399985, 9.693874897000057], [-66.978489, 9.677355], [-66.985746, 9.64825], [-67.00216, 9.639573], [-67.02039, 9.623398], [-67.041511, 9.622946000000184], [-67.06318, 9.611227], [-67.072544, 9.610878000000127], [-67.133655, 9.5734700000001], [-67.15906499999988, 9.57947], [-67.17346, 9.576741], [-67.186995, 9.572898], [-67.203143, 9.560157000000117], [-67.250437, 9.470603], [-67.25148399999989, 9.464975], [-67.25575, 9.465839], [-67.255814, 9.454125], [-67.25240799999989, 9.455239], [-67.251249, 9.453337], [-67.25737, 9.449404], [-67.25526699999983, 9.446881], [-67.258136, 9.443713000000116], [-67.25839999999988, 9.432545000000118], [-67.25426, 9.429197], [-67.258624, 9.42647600000015], [-67.254781, 9.423903], [-67.25056699999988, 9.412635000000137], [-67.242939, 9.410725], [-67.242151, 9.407827], [-67.249921, 9.374411000000123], [-67.25325, 9.371163000000138], [-67.25202699999988, 9.367564], [-67.258904, 9.359570000000133], [-67.254542, 9.35845600000016], [-67.254616, 9.35386], [-67.249917, 9.357003], [-67.253296, 9.3491140000001], [-67.246392, 9.348336], [-67.247823, 9.341343000000165], [-67.239466, 9.346639000000152], [-67.235543, 9.353162], [-67.232169, 9.351657], [-67.232639, 9.347122000000127], [-67.230357, 9.344787], [-67.227942, 9.351343000000156], [-67.223386, 9.353702000000112], [-67.22432499999985, 9.344562], [-67.214939, 9.349515], [-67.213849, 9.345635000000186], [-67.207821, 9.346535], [-67.20625399999989, 9.340187], [-67.202864, 9.338016], [-67.201442, 9.340576000000112], [-67.204452, 9.344317], [-67.199447, 9.344366], [-67.19665, 9.347648000000106], [-67.19288299999988, 9.336552], [-67.189586, 9.341153], [-67.190977, 9.347896], [-67.18784199999988, 9.348635], [-67.1882, 9.34617], [-67.184657, 9.34533400000015], [-67.186853, 9.335453], [-67.181416, 9.342609], [-67.181401, 9.340082000000109], [-67.175365, 9.340706], [-67.175048, 9.344848], [-67.16976299999988, 9.349702], [-67.166912, 9.348735], [-67.170991, 9.344828], [-67.171593, 9.339967000000172], [-67.16642999999988, 9.34507200000013], [-67.161032, 9.339366], [-67.156119, 9.340399], [-67.152904, 9.345526], [-67.155427, 9.349257], [-67.143584, 9.352289], [-67.14394599999986, 9.346103], [-67.139493, 9.345974000000183], [-67.140572, 9.259721], [-67.078727, 9.237144], [-67.06206299999985, 9.237654], [-67.058763, 9.229681], [-67.048553, 9.217131000000109], [-67.03324199999986, 9.220114], [-67.03456, 9.223262], [-67.03224599999987, 9.224859], [-67.029616, 9.221031], [-66.96647499999989, 9.196168], [-66.77431, 9.259273000000121], [-66.747393, 9.243299], [-66.722682, 9.234131], [-66.716758, 9.221996000000104], [-66.71649699999983, 9.229327], [-66.712115, 9.236803000000123], [-66.70429499999989, 9.240960000000143], [-66.706618, 9.246424000000161], [-66.70413799999989, 9.245671], [-66.700956, 9.251460000000122], [-66.690502, 9.252871000000141], [-66.687293, 9.259302], [-66.68709736099993, 9.261447144000101], [-66.69792344899997, 9.25516071800007], [-66.70276900599993, 9.25231271600012], [-66.70972832099994, 9.253676717000133], [-66.72852025899988, 9.276820203000113], [-66.75608060099984, 9.303040718000034], [-66.76810009699994, 9.296546495000143], [-66.7767604629999, 9.295148416000188], [-66.78342076499996, 9.29809545900008], [-66.81597027599997, 9.314208696000037], [-66.83370912999999, 9.328768969000123], [-66.8370303349999, 9.339163215000042], [-66.8410035199999, 9.341329247000033], [-66.85137198699994, 9.34430326900008], [-66.86051635199988, 9.337127048000013], [-66.89327877899996, 9.33732288200008], [-66.98280621299989, 9.436374908000118], [-66.99953381399996, 9.412250209000035], [-67.00338099699997, 9.414183247000096], [-67.00627008999999, 9.409846113000071], [-67.00633412699989, 9.41457524000009], [-67.01396346099989, 9.415640222000093], [-67.01056433799994, 9.4209303720001], [-67.01336345599992, 9.419695334000096], [-67.01501753899998, 9.422022380000044], [-67.00871233599992, 9.434865732000105], [-67.01144544399995, 9.433792690000132], [-67.01558964599991, 9.437486762999981], [-67.00935439699992, 9.440522883000028], [-67.01148150799997, 9.444193954000127], [-67.00984146699983, 9.44942110200003], [-67.00471221999999, 9.445221017999984], [-67.00041406899999, 9.451749211000049], [-67.00344024599997, 9.461163437000039], [-67.00266024999985, 9.468460623000055], [-66.99866210599998, 9.473785779000082], [-66.99609398299992, 9.47186674700015], [-66.9972110139999, 9.46823564000016], [-66.99108375499998, 9.471163748000151], [-66.99123879499996, 9.476841891], [-66.98296145699993, 9.480159027000013], [-66.98177243099997, 9.485760171000038], [-66.98413954799997, 9.488346223000121], [-66.98060342399998, 9.493170362], [-66.97558920799997, 9.494231414000069], [-66.97845236199998, 9.49972054], [-66.98292056299994, 9.499627510000153], [-66.98573571499998, 9.507041689000118], [-66.98222857999997, 9.510422798000036], [-66.97694734999988, 9.510340817999975], [-66.97586833399998, 9.515413950000152], [-66.96790898299997, 9.514077958000087], [-66.96714596499999, 9.518392081000115], [-66.97064411999997, 9.518515057000172], [-66.96945208899996, 9.521780149000108], [-66.96155473599993, 9.519733136000127], [-66.95457847899996, 9.529860435000046], [-66.94741818399984, 9.531698515000073], [-66.95062735199997, 9.537116640000136], [-66.94510414199993, 9.542601813000033], [-66.93690373599992, 9.533960634000152], [-66.93034347799988, 9.539914816000021], [-66.91852094499995, 9.536853804000032], [-66.91343675699989, 9.54219696500013], [-66.91010658699997, 9.538406890000147], [-66.90337732699999, 9.543698064000068], [-66.89826605799993, 9.535780884000076], [-66.8924528099999, 9.537992967999969], [-66.87587220099988, 9.557835564000072], [-66.85948865999995, 9.589882479000153], [-66.86153176899995, 9.594693582000048], [-66.85635354499988, 9.595753642000034], [-66.85680359399998, 9.601062776], [-66.85232339599986, 9.600191772000073], [-66.84598816399995, 9.607905004000031], [-66.84893732199998, 9.6129361240001], [-66.83960894199998, 9.61811429800008], [-66.84464816899992, 9.619254301000183], [-66.84413318899988, 9.627572521000047], [-66.84675234199995, 9.63430267900003], [-66.85108558099995, 9.643213888000105], [-66.85404770599996, 9.642816861000028], [-66.85305468399997, 9.647544990000142], [-66.84827549099987, 9.64917305300014], [-66.84858152699996, 9.654025176000061], [-66.8457674259999, 9.657420272000081], [-66.84785151999995, 9.659529317000079], [-66.85249871999997, 9.658566274000066], [-66.85027865699988, 9.665177449000055]]]}}, {"type": "Feature", "properties": {"parroquia": "Sosa", "municipio": "Julián Mellado", "estado": "Guárico", "pcode": "VE120702", "estado_pcode": "VE12", "municipio_pcode": "VE1207", "center_lat": 9.2393995, "center_lon": -67.22307149, "area_sqkm": 548.8130755}, "geometry": {"type": "Polygon", "coordinates": [[[-67.397493, 9.192678000000114], [-67.3997169999999, 9.18539], [-67.395684, 9.176943000000108], [-67.39945299999982, 9.170482], [-67.395649, 9.167855], [-67.39350799999988, 9.16171], [-67.38425499999988, 9.156944], [-67.380077, 9.156651000000124], [-67.378315, 9.15363200000013], [-67.372786, 9.155146000000173], [-67.368212, 9.152851000000169], [-67.36880399999984, 9.141831], [-67.374526, 9.140997], [-67.372714, 9.136925000000133], [-67.370421, 9.138337], [-67.371442, 9.13546700000012], [-67.365486, 9.140168], [-67.362411, 9.139252000000113], [-67.361758, 9.143069], [-67.35669399999989, 9.140705], [-67.359098, 9.146058000000153], [-67.357115, 9.15112900000014], [-67.355598, 9.145437], [-67.34948099999986, 9.142822], [-67.349341, 9.138858], [-67.347343, 9.15196200000014], [-67.320709, 9.160857], [-67.310615, 9.170128], [-67.28442099999984, 9.170669], [-67.270773, 9.178193000000135], [-67.24993399999983, 9.179431], [-67.243636, 9.185773], [-67.241288, 9.192489000000137], [-67.23498, 9.196675], [-67.22433199999989, 9.198577], [-67.216308, 9.194278000000168], [-67.20384299999989, 9.193461], [-67.187985, 9.181918000000167], [-67.182597, 9.164121], [-67.183867, 9.158098000000166], [-67.17278, 9.147097000000144], [-67.17264599999987, 9.137763000000177], [-67.16791, 9.136438000000169], [-67.1667379999999, 9.129651], [-67.16318, 9.125775], [-67.157082, 9.128477000000146], [-67.154059, 9.133134000000155], [-67.137512, 9.13901600000014], [-67.141303, 9.152868000000126], [-67.138933, 9.156646], [-67.118008, 9.161942], [-67.11175999999989, 9.17938700000019], [-67.0919, 9.195236], [-67.03240099999982, 9.20224700000017], [-67.012143, 9.192203], [-67.00325499999985, 9.193174000000113], [-67.001401, 9.187185], [-66.99772, 9.186314], [-66.96647499999989, 9.196168], [-67.029616, 9.221031], [-67.03224599999987, 9.224859], [-67.03456, 9.223262], [-67.03324199999986, 9.220114], [-67.048553, 9.217131000000109], [-67.058763, 9.229681], [-67.06206299999985, 9.237654], [-67.078727, 9.237144], [-67.140572, 9.259721], [-67.139493, 9.345974000000183], [-67.14394599999986, 9.346103], [-67.143584, 9.352289], [-67.155427, 9.349257], [-67.152904, 9.345526], [-67.156119, 9.340399], [-67.161032, 9.339366], [-67.16642999999988, 9.34507200000013], [-67.171593, 9.339967000000172], [-67.170991, 9.344828], [-67.166912, 9.348735], [-67.16976299999988, 9.349702], [-67.175048, 9.344848], [-67.175365, 9.340706], [-67.181401, 9.340082000000109], [-67.181416, 9.342609], [-67.186853, 9.335453], [-67.184657, 9.34533400000015], [-67.1882, 9.34617], [-67.18784199999988, 9.348635], [-67.190977, 9.347896], [-67.189586, 9.341153], [-67.19288299999988, 9.336552], [-67.19665, 9.347648000000106], [-67.199447, 9.344366], [-67.204452, 9.344317], [-67.201442, 9.340576000000112], [-67.202864, 9.338016], [-67.20625399999989, 9.340187], [-67.207821, 9.346535], [-67.213849, 9.345635000000186], [-67.214939, 9.349515], [-67.22432499999985, 9.344562], [-67.223386, 9.353702000000112], [-67.227942, 9.351343000000156], [-67.230357, 9.344787], [-67.232639, 9.347122000000127], [-67.232169, 9.351657], [-67.235543, 9.353162], [-67.239466, 9.346639000000152], [-67.247823, 9.341343000000165], [-67.246392, 9.348336], [-67.253296, 9.3491140000001], [-67.256592, 9.34547600000019], [-67.261965, 9.350034], [-67.264414, 9.344924000000162], [-67.271133, 9.344719], [-67.269295, 9.341593], [-67.264205, 9.341071], [-67.270855, 9.335195], [-67.267368, 9.32895], [-67.281479, 9.321773], [-67.281685, 9.326171], [-67.285223, 9.328559], [-67.295136, 9.321226000000138], [-67.298619, 9.320954], [-67.301868, 9.324090000000126], [-67.304092, 9.316209000000129], [-67.299412, 9.318600000000117], [-67.298733, 9.315969], [-67.30162499999989, 9.313956], [-67.311103, 9.321562], [-67.315689, 9.309764000000143], [-67.310302, 9.30596800000012], [-67.323066, 9.301192], [-67.32682099999988, 9.302789000000189], [-67.3237079999999, 9.297124], [-67.326218, 9.294371000000183], [-67.333515, 9.293008], [-67.330685, 9.2983], [-67.333046, 9.305698000000177], [-67.336128, 9.306248], [-67.335253, 9.299953000000187], [-67.338592, 9.29808], [-67.336088, 9.293075], [-67.34407, 9.2821560000001], [-67.343708, 9.279372000000137], [-67.347264, 9.282126], [-67.353824, 9.281806], [-67.36312, 9.273742], [-67.366119, 9.276475], [-67.365781, 9.281081000000142], [-67.371335, 9.2795670000001], [-67.3758969999999, 9.26435], [-67.374994, 9.25697600000018], [-67.36759599999988, 9.240488], [-67.363039, 9.241521], [-67.357488, 9.237687], [-67.356754, 9.233406], [-67.359123, 9.231118], [-67.365792, 9.23313400000012], [-67.36677, 9.223932000000104], [-67.37308, 9.225711], [-67.371774, 9.216658], [-67.37871, 9.2223800000001], [-67.38087, 9.221548], [-67.379151, 9.212077], [-67.388199, 9.208131], [-67.39071799999988, 9.210496], [-67.397493, 9.192678000000114]]]}}, {"type": "Feature", "properties": {"parroquia": "Capital Calabozo", "municipio": "Francisco de Miranda", "estado": "Guárico", "pcode": "VE120801", "estado_pcode": "VE12", "municipio_pcode": "VE1208", "center_lat": 8.591845, "center_lon": -67.46925695, "area_sqkm": 6003.05931056}, "geometry": {"type": "Polygon", "coordinates": [[[-67.16318, 9.125775], [-67.1667379999999, 9.129651], [-67.16791, 9.136438000000169], [-67.17264599999987, 9.137763000000177], [-67.17278, 9.147097000000144], [-67.183867, 9.158098000000166], [-67.182597, 9.164121], [-67.187985, 9.181918000000167], [-67.20384299999989, 9.193461], [-67.216308, 9.194278000000168], [-67.22433199999989, 9.198577], [-67.23498, 9.196675], [-67.241288, 9.192489000000137], [-67.243636, 9.185773], [-67.24993399999983, 9.179431], [-67.270773, 9.178193000000135], [-67.28442099999984, 9.170669], [-67.310615, 9.170128], [-67.320709, 9.160857], [-67.347343, 9.15196200000014], [-67.349341, 9.138858], [-67.34948099999986, 9.142822], [-67.355598, 9.145437], [-67.357115, 9.15112900000014], [-67.359098, 9.146058000000153], [-67.35669399999989, 9.140705], [-67.361758, 9.143069], [-67.362411, 9.139252000000113], [-67.365486, 9.140168], [-67.371442, 9.13546700000012], [-67.370421, 9.138337], [-67.372714, 9.136925000000133], [-67.374526, 9.140997], [-67.36880399999984, 9.141831], [-67.368212, 9.152851000000169], [-67.372786, 9.155146000000173], [-67.378315, 9.15363200000013], [-67.380077, 9.156651000000124], [-67.38425499999988, 9.156944], [-67.38564, 9.138720000000149], [-67.394975, 9.129597000000103], [-67.399596, 9.132305000000144], [-67.402861, 9.129566000000182], [-67.407451, 9.08789800000011], [-67.418939, 9.080735], [-67.424585, 9.067991], [-67.42273399999982, 9.067241000000138], [-67.430554, 9.05297300000018], [-67.436747, 9.051737], [-67.420639, 8.999941], [-67.472742, 9.007429], [-67.471102, 9.000664], [-67.473287, 8.994028], [-67.489444, 8.982737], [-67.495198, 8.975585000000137], [-67.501243, 8.97595200000012], [-67.507179, 8.971011], [-67.510765, 8.970975], [-67.510161, 8.966894], [-67.525387, 8.946047], [-67.533345, 8.940388], [-67.53835, 8.939851], [-67.54327299999989, 8.944423000000143], [-67.54507299999989, 8.943027], [-67.554422, 8.944210000000112], [-67.573243, 8.934132], [-67.582882, 8.935359000000176], [-67.585661, 8.932277], [-67.600804, 8.930959], [-67.60516599999988, 8.923435000000154], [-67.61158499999988, 8.920589], [-67.61628199999984, 8.911085], [-67.618891, 8.895872], [-67.630223, 8.875891], [-67.639688, 8.8523], [-67.649016, 8.84536], [-67.653617, 8.834988], [-67.658906, 8.830778], [-67.66452, 8.830497], [-67.67974, 8.81781500000011], [-67.68774999999988, 8.821148000000164], [-67.693279, 8.817228], [-67.696085, 8.818221000000108], [-67.69949, 8.808983000000126], [-67.707388, 8.812388000000112], [-67.709806, 8.810438], [-67.708681, 8.806029000000137], [-67.71320899999989, 8.804268], [-67.714282, 8.799885000000188], [-67.709509, 8.793342], [-67.71069399999982, 8.787283], [-67.715404, 8.782265000000109], [-67.714821, 8.774291000000119], [-67.719586, 8.77195], [-67.718628, 8.768499000000133], [-67.728178, 8.769151], [-67.731005, 8.768517], [-67.73044599999986, 8.766038], [-67.734297, 8.766426], [-67.73353, 8.770182], [-67.739884, 8.77775400000013], [-67.755159, 8.769418000000144], [-67.757453, 8.770334000000105], [-67.76080899999988, 8.767257], [-67.758536, 8.765516], [-67.760591, 8.762271000000169], [-67.767565, 8.766527], [-67.76600699999983, 8.760826000000122], [-67.769331, 8.762146], [-67.771703, 8.759441], [-67.7689309999999, 8.757234], [-67.77375299999983, 8.749807], [-67.769466, 8.7433410000001], [-67.776955, 8.735376], [-67.78086, 8.740663], [-67.782721, 8.74024], [-67.782068, 8.736962], [-67.786202, 8.739059000000168], [-67.787804, 8.735393], [-67.788972, 8.738105000000132], [-67.79329899999988, 8.733487], [-67.794366, 8.737485000000163], [-67.797854, 8.735777], [-67.797969, 8.738842000000147], [-67.801752, 8.732293], [-67.80549699999989, 8.733760000000132], [-67.804775, 8.728149], [-67.799514, 8.730941000000144], [-67.803484, 8.722118], [-67.800359, 8.71893800000015], [-67.80432399999984, 8.718475], [-67.801132, 8.716144], [-67.801211, 8.711837], [-67.799061, 8.711856], [-67.801886, 8.70577100000014], [-67.797467, 8.694867000000158], [-67.798127, 8.691389000000186], [-67.80170599999985, 8.691968], [-67.805694, 8.687657000000115], [-67.807291, 8.673754000000145], [-67.801727, 8.667877], [-67.801973, 8.663725], [-67.798007, 8.661156000000119], [-67.799673, 8.652113], [-67.80408399999988, 8.65190100000018], [-67.810019, 8.646578], [-67.8119569999999, 8.636288], [-67.814264, 8.632975000000101], [-67.817479, 8.633087000000103], [-67.81819, 8.627765000000124], [-67.823789, 8.629019000000142], [-67.825383, 8.633004], [-67.836367, 8.631176], [-67.838356, 8.628168], [-67.848881, 8.634574], [-67.8564439999999, 8.633717], [-67.86854, 8.623914000000184], [-67.869526, 8.616517000000101], [-67.866767, 8.612122], [-67.869289, 8.596098], [-67.861241, 8.58989], [-67.86155299999984, 8.586368000000107], [-67.866227, 8.579555], [-67.87837499999983, 8.576091000000133], [-67.880928, 8.571531000000107], [-67.888992, 8.568433], [-67.875351, 8.540042], [-67.882152, 8.531275000000164], [-67.878808, 8.528547], [-67.872337, 8.528600000000154], [-67.872563, 8.523356], [-67.864864, 8.511075000000176], [-67.8694789999999, 8.504769000000124], [-67.865755, 8.498557], [-67.866054, 8.491452000000152], [-67.855964, 8.485749000000112], [-67.857904, 8.481709000000137], [-67.8558139999999, 8.478217], [-67.853546, 8.477096000000188], [-67.844297, 8.480840000000171], [-67.842861, 8.475634000000184], [-67.84696, 8.453877], [-67.843215, 8.449756], [-67.849701, 8.443432000000143], [-67.84818499999989, 8.441834], [-67.843582, 8.443614], [-67.842434, 8.438884], [-67.845835, 8.43706200000014], [-67.846345, 8.429078000000175], [-67.849173, 8.427498000000185], [-67.844792, 8.42279400000018], [-67.848538, 8.417909], [-67.850181, 8.421066000000167], [-67.854503, 8.422142], [-67.852341, 8.418537000000185], [-67.85293499999989, 8.411195], [-67.85656299999988, 8.40923], [-67.855926, 8.404649], [-67.85847299999989, 8.40287000000012], [-67.853651, 8.399117000000103], [-67.856324, 8.396806], [-67.85235099999989, 8.391795000000172], [-67.84744399999988, 8.393397], [-67.847424, 8.387516000000176], [-67.838947, 8.374494], [-67.840553, 8.36798], [-67.831811, 8.360455], [-67.829376, 8.353985], [-67.833093, 8.348871], [-67.8288629999999, 8.346737], [-67.835065, 8.344186], [-67.831395, 8.341303], [-67.837579, 8.339029], [-67.8353, 8.3353350000001], [-67.837474, 8.331427], [-67.835452, 8.33012100000019], [-67.83868399999983, 8.322756], [-67.833248, 8.32059900000013], [-67.830614, 8.315563], [-67.836676, 8.309091], [-67.830771, 8.309942000000149], [-67.829191, 8.307930000000113], [-67.831591, 8.303239000000133], [-67.836925, 8.303538000000174], [-67.83703237299994, 8.289800193000133], [-67.83664589699993, 8.289934072000108], [-67.518595, 8.448004], [-67.517727, 8.451606], [-67.506874, 8.453953], [-67.501764, 8.451628], [-67.494187, 8.454726], [-67.49085, 8.447347], [-67.47514299999989, 8.44508500000012], [-67.468576, 8.442164], [-67.46385199999986, 8.436322000000189], [-67.452219, 8.435689], [-67.4471989999999, 8.428704], [-67.436713, 8.422361], [-67.4321159999999, 8.422391], [-67.429428, 8.412614], [-67.416553, 8.400344000000189], [-67.42036999999988, 8.393971], [-67.42019, 8.388902], [-67.417144, 8.38778200000013], [-67.405494, 8.39277], [-67.400438, 8.390306], [-67.392448, 8.390575000000126], [-67.381315, 8.38268], [-67.37283999999983, 8.372172000000148], [-67.362338, 8.372734], [-67.340764, 8.366156000000103], [-67.3333209999999, 8.375341000000162], [-67.331476, 8.374247], [-67.332481, 8.36505000000011], [-67.335855, 8.357402], [-67.33077999999989, 8.35386], [-67.318407, 8.354336], [-67.30715, 8.367436000000168], [-67.278875, 8.356605000000172], [-67.274141, 8.34989], [-67.255206, 8.342118], [-67.249409, 8.344896000000176], [-67.248214, 8.35345], [-67.243087, 8.354863], [-67.23844, 8.353262000000143], [-67.235338, 8.347439], [-67.22270999999989, 8.343718], [-67.21411499999982, 8.336720000000128], [-67.20791499999984, 8.338861000000179], [-67.1975589999999, 8.337007], [-67.186912, 8.341237000000149], [-67.1837599999999, 8.339381], [-67.18263199999984, 8.327273000000105], [-67.176439, 8.318838], [-67.155885, 8.31717], [-67.145437, 8.310783000000129], [-67.13655, 8.316155000000151], [-67.1308279999999, 8.31287200000014], [-67.12594, 8.304905000000133], [-67.116968, 8.301668000000177], [-67.109863, 8.30242], [-67.10203899999988, 8.28852000000012], [-67.1011309999999, 8.280187], [-67.09071299999988, 8.282776], [-67.075038, 8.262875000000122], [-67.056229, 8.255092000000104], [-67.0460379999999, 8.258363], [-67.02545, 8.245578], [-67.01700199999988, 8.244483000000173], [-67.01133599999986, 8.24797], [-67.009146, 8.24389900000017], [-67.000141, 8.242975000000115], [-66.998276, 8.238704], [-67.000269, 8.235332], [-66.99121699999989, 8.234013], [-66.990258, 8.227149000000168], [-66.987146, 8.22379500000011], [-66.968827, 8.212343], [-66.968531, 8.210277], [-66.97289399999988, 8.21124600000013], [-66.966761, 8.205110000000104], [-66.971885, 8.193571000000134], [-66.96912, 8.189873], [-66.968557, 8.181747], [-66.962165, 8.178802000000132], [-66.969214, 8.175343], [-66.955716, 8.168993000000114], [-66.952053, 8.150764000000152], [-66.945088, 8.145592000000136], [-66.947624, 8.134624], [-66.94099299999988, 8.137324000000149], [-66.937932, 8.131101], [-66.93898399999983, 8.123802], [-66.946915, 8.117591], [-66.94398, 8.105997000000173], [-66.949626, 8.098773], [-66.950955, 8.091338000000178], [-66.957468, 8.08992300000017], [-66.962511, 8.083845000000167], [-66.950075, 8.07885], [-66.948879, 8.076416000000108], [-66.95145, 8.071347], [-66.93336099999988, 8.06464700000015], [-66.935236, 8.062078], [-66.934023, 8.055857], [-66.92604399999988, 8.05038500000012], [-66.908101, 8.054013000000111], [-66.91, 8.050343], [-66.897625, 8.038118000000168], [-66.895649, 8.03318000000013], [-66.882252, 8.02467200000018], [-66.877959, 8.012318000000107], [-66.856342, 8.006209000000183], [-66.850579, 8.002254000000164], [-66.8483609999999, 8.003352], [-66.846479, 7.997543000000121], [-66.84278399999988, 7.998938], [-66.837571, 7.996820000000127], [-66.840513, 7.993083], [-66.83936799999987, 7.989772000000187], [-66.833669, 7.989985], [-66.82971, 7.987102], [-66.825934, 7.992627000000141], [-66.81845699999985, 7.985506000000157], [-66.816565, 7.985569], [-66.817315, 7.989431], [-66.81463, 7.992340000000183], [-66.812033, 7.989002], [-66.805408, 7.990681], [-66.955956, 8.329329], [-67.098269, 8.644364], [-67.134769, 8.719534], [-67.189651, 8.881767], [-67.19242, 8.884665], [-67.188609, 8.893056000000115], [-67.18014099999988, 8.89583400000015], [-67.17580499999985, 8.902468000000113], [-67.1607719999999, 8.914545], [-67.1492439999999, 8.939851], [-67.142054, 8.948175000000106], [-67.144261, 8.964301000000148], [-67.15357199999988, 8.979654], [-67.15331, 9.005271], [-67.157116, 9.013477], [-67.167425, 9.018797], [-67.16480399999983, 9.025088], [-67.165607, 9.037353], [-67.17059, 9.042017000000158], [-67.16885599999989, 9.04999], [-67.15744299999989, 9.06122], [-67.160286, 9.075091], [-67.16034799999983, 9.108687000000145], [-67.164877, 9.113028000000156], [-67.16318, 9.125775]]]}}, {"type": "Feature", "properties": {"parroquia": "El Calvario", "municipio": "Francisco de Miranda", "estado": "Guárico", "pcode": "VE120802", "estado_pcode": "VE12", "municipio_pcode": "VE1208", "center_lat": 8.623944, "center_lon": -66.89710004, "area_sqkm": 4891.43725838}, "geometry": {"type": "Polygon", "coordinates": [[[-66.686717, 8.695966000000169], [-66.691677, 8.721562], [-66.686321, 8.757676000000117], [-66.667568, 8.81253700000019], [-66.66502, 8.831858], [-66.66594099999986, 8.852464000000111], [-66.671571, 8.873408], [-66.665049, 8.891305], [-66.654179, 8.897747000000152], [-66.652729, 8.92853], [-66.656353, 8.965754000000118], [-66.664324, 8.987230000000125], [-66.664325, 9.031613000000164], [-66.66939799999989, 9.043068], [-66.671572, 9.079577000000143], [-66.699835, 9.181944], [-66.715997, 9.219103], [-66.716758, 9.221996000000104], [-66.722682, 9.234131], [-66.747393, 9.243299], [-66.77431, 9.259273000000121], [-66.96647499999989, 9.196168], [-66.99772, 9.186314], [-67.001401, 9.187185], [-67.00325499999985, 9.193174000000113], [-67.012143, 9.192203], [-67.03240099999982, 9.20224700000017], [-67.0919, 9.195236], [-67.11175999999989, 9.17938700000019], [-67.118008, 9.161942], [-67.138933, 9.156646], [-67.141303, 9.152868000000126], [-67.137512, 9.13901600000014], [-67.154059, 9.133134000000155], [-67.157082, 9.128477000000146], [-67.16318, 9.125775], [-67.164877, 9.113028000000156], [-67.16034799999983, 9.108687000000145], [-67.160286, 9.075091], [-67.15744299999989, 9.06122], [-67.16885599999989, 9.04999], [-67.17059, 9.042017000000158], [-67.165607, 9.037353], [-67.16480399999983, 9.025088], [-67.167425, 9.018797], [-67.157116, 9.013477], [-67.15331, 9.005271], [-67.15357199999988, 8.979654], [-67.144261, 8.964301000000148], [-67.142054, 8.948175000000106], [-67.1492439999999, 8.939851], [-67.1607719999999, 8.914545], [-67.17580499999985, 8.902468000000113], [-67.18014099999988, 8.89583400000015], [-67.188609, 8.893056000000115], [-67.19242, 8.884665], [-67.189651, 8.881767], [-67.134769, 8.719534], [-67.098269, 8.644364], [-66.955956, 8.329329], [-66.805408, 7.990681], [-66.798233, 7.996658], [-66.78764399999989, 7.998173000000179], [-66.782163, 8.003374000000122], [-66.779146, 8.01177], [-66.777861, 8.030197], [-66.76705, 8.045213000000103], [-66.76226799999984, 8.057393000000161], [-66.761807, 8.067765000000179], [-66.76893599999988, 8.091323], [-66.768374, 8.10585], [-66.773048, 8.111296], [-66.770675, 8.119991], [-66.77181399999989, 8.137457], [-66.766792, 8.153744000000188], [-66.768179, 8.163293000000124], [-66.765376, 8.167512000000158], [-66.76744, 8.173964], [-66.759923, 8.189994000000127], [-66.770419, 8.204653000000121], [-66.76323699999989, 8.235532000000148], [-66.74711999999988, 8.245029], [-66.73899599999987, 8.252889], [-66.737053, 8.26332600000012], [-66.741479, 8.266822], [-66.738815, 8.280013], [-66.743747, 8.284886], [-66.73798, 8.301308], [-66.740847, 8.309943], [-66.734295, 8.316127000000165], [-66.73919699999988, 8.324145000000101], [-66.735693, 8.330197], [-66.73682899999989, 8.335096], [-66.73414, 8.336541], [-66.738797, 8.35095200000012], [-66.73773, 8.3574890000001], [-66.7429479999999, 8.363489], [-66.740879, 8.36813], [-66.74548799999985, 8.382053], [-66.742745, 8.386436000000117], [-66.75707099999988, 8.423440000000141], [-66.763463, 8.431075], [-66.7612, 8.438134], [-66.751924, 8.441217], [-66.751379, 8.445381000000111], [-66.75598, 8.446209], [-66.754139, 8.452834], [-66.750731, 8.450404], [-66.751844, 8.454104000000143], [-66.742763, 8.461479000000168], [-66.74013, 8.475434000000178], [-66.740969, 8.487941], [-66.744409, 8.496006], [-66.744231, 8.501678], [-66.741132, 8.505144], [-66.746435, 8.512213], [-66.744637, 8.5147], [-66.74798699999985, 8.524834000000112], [-66.743864, 8.527398000000176], [-66.741407, 8.537666000000115], [-66.742888, 8.541161000000102], [-66.737393, 8.543574], [-66.73878999999988, 8.547691], [-66.742506, 8.548077], [-66.739128, 8.55398], [-66.739012, 8.563503], [-66.73324999999988, 8.577899000000116], [-66.726725, 8.58122], [-66.72849799999989, 8.589573], [-66.725676, 8.599679], [-66.722004, 8.60007000000013], [-66.720296, 8.597248], [-66.716269, 8.60191200000014], [-66.716848, 8.60891], [-66.711891, 8.611798], [-66.710242, 8.620065], [-66.70404499999984, 8.625681], [-66.704712, 8.630333000000121], [-66.69930099999988, 8.642759000000126], [-66.70087499999983, 8.646323000000109], [-66.698187, 8.64948], [-66.700451, 8.652130000000113], [-66.698341, 8.661100000000147], [-66.702322, 8.669594000000188], [-66.700485, 8.67884700000019], [-66.697014, 8.686438000000123], [-66.686717, 8.695966000000169]]]}}, {"type": "Feature", "properties": {"parroquia": "El Rastro", "municipio": "Francisco de Miranda", "estado": "Guárico", "pcode": "VE120803", "estado_pcode": "VE12", "municipio_pcode": "VE1208", "center_lat": 9.078573, "center_lon": -67.5087096, "area_sqkm": 433.87372827}, "geometry": {"type": "Polygon", "coordinates": [[[-67.397493, 9.192678000000114], [-67.443978, 9.206042], [-67.461775, 9.203701], [-67.47176599999989, 9.21335500000015], [-67.493531, 9.219480000000146], [-67.518631, 9.211355], [-67.522329, 9.206865000000164], [-67.533834, 9.196833], [-67.532266, 9.179953000000125], [-67.536484, 9.176804000000175], [-67.538349, 9.18004100000013], [-67.5400709999999, 9.178979], [-67.540376, 9.173882000000162], [-67.53435799999988, 9.171957], [-67.53885999999989, 9.170488], [-67.54090899999989, 9.162123000000122], [-67.546134, 9.160134], [-67.550257, 9.161878000000115], [-67.557488, 9.158164000000113], [-67.565751, 9.148189], [-67.566342, 9.142106000000183], [-67.571522, 9.137635000000103], [-67.56734999999986, 9.12902000000014], [-67.571126, 9.126004], [-67.5676509999999, 9.121832], [-67.568234, 9.118989], [-67.573192, 9.123016], [-67.58133899999984, 9.120046000000116], [-67.582185, 9.12338700000015], [-67.588919, 9.123090000000104], [-67.58854999999988, 9.118216], [-67.583586, 9.114878], [-67.58498, 9.111859], [-67.590341, 9.109986000000163], [-67.586627, 9.106661], [-67.586918, 9.10285], [-67.59224, 9.102654000000143], [-67.591787, 9.106394000000137], [-67.59808399999986, 9.105840000000114], [-67.596176, 9.095043], [-67.606565, 9.089821], [-67.601602, 9.086484], [-67.6023019999999, 9.083435000000122], [-67.594179, 9.073387], [-67.597532, 9.056561], [-67.59632, 9.05247700000018], [-67.591072, 9.050983], [-67.585079, 9.045100000000161], [-67.572101, 9.043333000000132], [-67.564736, 9.034123], [-67.564629, 9.001863000000128], [-67.552047, 8.99069100000014], [-67.544516, 8.961696], [-67.547742, 8.952466], [-67.54507299999989, 8.943027], [-67.54327299999989, 8.944423000000143], [-67.53835, 8.939851], [-67.533345, 8.940388], [-67.525387, 8.946047], [-67.510161, 8.966894], [-67.510765, 8.970975], [-67.507179, 8.971011], [-67.501243, 8.97595200000012], [-67.495198, 8.975585000000137], [-67.489444, 8.982737], [-67.473287, 8.994028], [-67.471102, 9.000664], [-67.472742, 9.007429], [-67.420639, 8.999941], [-67.436747, 9.051737], [-67.430554, 9.05297300000018], [-67.42273399999982, 9.067241000000138], [-67.424585, 9.067991], [-67.418939, 9.080735], [-67.407451, 9.08789800000011], [-67.402861, 9.129566000000182], [-67.399596, 9.132305000000144], [-67.394975, 9.129597000000103], [-67.38564, 9.138720000000149], [-67.38425499999988, 9.156944], [-67.39350799999988, 9.16171], [-67.395649, 9.167855], [-67.39945299999982, 9.170482], [-67.395684, 9.176943000000108], [-67.3997169999999, 9.18539], [-67.397493, 9.192678000000114]]]}}, {"type": "Feature", "properties": {"parroquia": "Guardatinajas", "municipio": "Francisco de Miranda", "estado": "Guárico", "pcode": "VE120804", "estado_pcode": "VE12", "municipio_pcode": "VE1208", "center_lat": 8.75963644, "center_lon": -67.89855915, "area_sqkm": 2576.19276032}, "geometry": {"type": "Polygon", "coordinates": [[[-67.842004, 9.229636], [-67.8809491959999, 9.231476865000047], [-67.87749386999985, 9.222299863000103], [-67.87854381499994, 9.203238382000109], [-67.87269848499983, 9.18939408], [-67.87199638699991, 9.177276775999985], [-67.85978776999997, 9.158567381000182], [-67.85870667199998, 9.150078187000133], [-67.86134575599993, 9.144704038000043], [-67.85639745099996, 9.126455615000111], [-67.85657141499996, 9.117381393000187], [-67.86294365399988, 9.111009206000062], [-67.86039851699996, 9.105906097000172], [-67.85647434599991, 9.105063091999966], [-67.85407719699998, 9.096353895000107], [-67.85038001799995, 9.093353838000155], [-67.8519380429999, 9.084682627000063], [-67.86123534399985, 9.06666613100009], [-67.86678348599997, 9.048934668000186], [-67.87269869899995, 9.039111404000096], [-67.88066200299988, 9.033076219000122], [-67.88535113099988, 9.018047822000028], [-67.89050131799996, 9.011019623000038], [-67.89614154299989, 9.008569536000095], [-67.90493980099984, 8.984595913000078], [-67.90283266899985, 8.977276743], [-67.90464570199993, 8.968952534000039], [-67.90962586799998, 8.958598260000088], [-67.91541510199988, 8.95530314900003], [-67.91905819799996, 8.943563846000131], [-67.93068664699996, 8.933851558000129], [-67.93829198299994, 8.935101547000102], [-67.94466522499994, 8.930514402000085], [-67.94789638399993, 8.933508454000162], [-67.95256655799983, 8.92788429900014], [-67.95951486199988, 8.93019632000005], [-67.96847221499996, 8.923287101000085], [-67.97419646399999, 8.92400509099997], [-67.97701456999994, 8.920074978000173], [-67.97558548799998, 8.916946912000128], [-67.98153365399992, 8.89944645900016], [-67.97879747199994, 8.886605168000187], [-67.97400924499993, 8.883192106000024], [-67.96501186399996, 8.883311162000155], [-67.96361378199992, 8.879012062000072], [-67.96818691399994, 8.86609272100003], [-67.97253707599998, 8.862604618000148], [-67.97160900499995, 8.85710848900004], [-67.97760923699991, 8.850688308000088], [-67.97863425999998, 8.84592818700014], [-67.99036271099982, 8.837175925], [-67.98593850599997, 8.833162847000153], [-67.99403481899998, 8.826100637000081], [-67.99194568499996, 8.81855146700019], [-67.99535782599992, 8.817712422000113], [-67.99344672799998, 8.813075323000078], [-67.99502176599992, 8.807965194000076], [-68.00171202599995, 8.803336045000151], [-68.00149798699994, 8.796905893000144], [-68.00770521799996, 8.789195679999978], [-68.00573311099998, 8.786627628000133], [-68.0214326919999, 8.767207081000095], [-68.02663992099997, 8.768508085000065], [-68.0219746869999, 8.761857957000188], [-68.02616588399991, 8.764032985000028], [-68.02460078299993, 8.757974851000029], [-68.02172964699997, 8.756325818000107], [-68.01673944499998, 8.758353891000127], [-68.01473632799997, 8.7526177740001], [-68.01684839299992, 8.74666962100008], [-68.00666894599993, 8.744572623000124], [-68.00920002999993, 8.73963348400008], [-68.01746334899991, 8.733744308000098], [-68.02110353299992, 8.737618383000097], [-68.01903045299991, 8.740629466000087], [-68.02629075999994, 8.740434419], [-68.02785280899997, 8.73669032500004], [-68.02430463699994, 8.73247223900006], [-68.02668072599988, 8.730311180000058], [-68.02888884299989, 8.734646272000077], [-68.03054590099998, 8.731590184000027], [-68.02891881299996, 8.728287118000083], [-68.0225555319999, 8.72669010900006], [-68.02208253699996, 8.731695235000075], [-68.01951442299998, 8.731056233000174], [-68.02090645099997, 8.723938054000143], [-68.01686423899991, 8.716184885000189], [-68.01935433599988, 8.71367882200002], [-68.01168897899998, 8.708709733000035], [-68.01463307599994, 8.702874579000024], [-68.01784820999995, 8.703305582000098], [-68.01754018799988, 8.700390509000044], [-68.00602469199993, 8.699879549000059], [-68.00495362699996, 8.696736488000113], [-68.00278554899995, 8.69898954700011], [-68.00993281299998, 8.690990320000026], [-68.00902275199991, 8.687640245000068], [-68.01573902899997, 8.68310810000014], [-68.01646406699996, 8.68632118000005], [-68.01921217899996, 8.685077134000153], [-68.01286588899995, 8.680496062000032], [-68.01324086399995, 8.673309882000183], [-68.01043773399994, 8.671316850000096], [-68.0101206949999, 8.664798696000105], [-68.01354681299995, 8.659142550000183], [-68.00725053299993, 8.656924524000146], [-68.00772253199989, 8.653684441], [-68.00142325799999, 8.65343447400005], [-68.00319327999995, 8.642212199000085], [-68.00822372299996, 8.638014135], [-68.0022781969999, 8.632485966000104], [-68.00858942999997, 8.626254790000019], [-68.0163757549999, 8.625230729000123], [-68.01921286899989, 8.622003631000098], [-68.01385859999993, 8.61562151600009], [-68.01281454299993, 8.611914424000133], [-68.01619769299992, 8.612272418000089], [-68.01526963499998, 8.609028345000183], [-68.01375656399989, 8.607287316000054], [-68.01060443399996, 8.60878236700006], [-68.0175727059999, 8.602987186000064], [-68.01366049599994, 8.596059042999968], [-68.02101480299996, 8.593071940000186], [-68.01277743499998, 8.590705919000072], [-68.01157637199998, 8.587255851000123], [-68.01017033899984, 8.593865009000183], [-68.00680318299993, 8.592281987000092], [-68.01532846999993, 8.576386575000129], [-68.0089151919999, 8.574978570000098], [-68.00103189399994, 8.582550788000106], [-67.99798975199991, 8.581385776000161], [-67.9992787839999, 8.577350675000162], [-67.99707167599996, 8.573683594000045], [-67.9986947249999, 8.568403467000053], [-68.00343390199998, 8.565319362000082], [-68.00080474099997, 8.554497124000079], [-68.00883408799996, 8.554954096000074], [-68.01127421399997, 8.56028520600006], [-68.0143073509999, 8.560063195000112], [-68.0110501769999, 8.554960081000104], [-68.01094514699992, 8.54859394000016], [-68.0156113509999, 8.548375906000047], [-68.01375125099992, 8.54482283200008], [-68.01527429899988, 8.540967734000105], [-68.01853743999999, 8.542828758000098], [-68.02308863299987, 8.540990696000051], [-68.02053149599993, 8.536121589000174], [-68.02449265499996, 8.534502535000115], [-68.0202273459999, 8.507835928000077], [-68.01589313799997, 8.50463987000012], [-68.01739514199988, 8.492138564000129], [-68.0011154259999, 8.488213560000077], [-68.00758463299996, 8.474308203000021], [-67.99875220899986, 8.465290025000058], [-67.97329813199991, 8.468715235000161], [-67.97128998099993, 8.453917890000184], [-67.97652118699995, 8.44934275800017], [-67.98901869899998, 8.445245604000092], [-67.99034572599999, 8.438736442000106], [-67.97312994599986, 8.431681361000187], [-67.96583059399995, 8.422817188000124], [-67.95733821599993, 8.419310146000043], [-67.96349943299998, 8.41101491700016], [-67.96235036999997, 8.408305857000187], [-67.95081781399989, 8.394183582000096], [-67.94014332699999, 8.389186517000098], [-67.93575108899995, 8.378073281000184], [-67.9387511939999, 8.374950186000149], [-67.93715511799991, 8.372895149000044], [-67.9230175059999, 8.372891219000053], [-67.91393114799996, 8.37757636900011], [-67.90082958999994, 8.379455480000047], [-67.89860047599996, 8.375967411000033], [-67.90397069599993, 8.372400301000141], [-67.90190456999989, 8.365968150000015], [-67.88708883699996, 8.346610767000016], [-67.87358324999991, 8.343903776000161], [-67.87078609599996, 8.337785637000081], [-67.86200177699993, 8.35057298300012], [-67.8570475809999, 8.352085046000127], [-67.85476246899992, 8.350183008000101], [-67.85202031299997, 8.343420864000166], [-67.85262430599994, 8.334538655000017], [-67.86956293999998, 8.316366145000131], [-67.87784627099995, 8.310800974000188], [-67.88043934499984, 8.303287782000098], [-67.87839425199991, 8.300681736000115], [-67.87393807699988, 8.305081861000133], [-67.86098053699982, 8.308510001000059], [-67.8589294969999, 8.318407239000067], [-67.84352879199992, 8.309042091000038], [-67.84269165299997, 8.289521642000068], [-67.84076756399992, 8.287969618999966], [-67.83703237299994, 8.289800193000133], [-67.836925, 8.303538000000174], [-67.831591, 8.303239000000133], [-67.829191, 8.307930000000113], [-67.830771, 8.309942000000149], [-67.836676, 8.309091], [-67.830614, 8.315563], [-67.833248, 8.32059900000013], [-67.83868399999983, 8.322756], [-67.835452, 8.33012100000019], [-67.837474, 8.331427], [-67.8353, 8.3353350000001], [-67.837579, 8.339029], [-67.831395, 8.341303], [-67.835065, 8.344186], [-67.8288629999999, 8.346737], [-67.833093, 8.348871], [-67.829376, 8.353985], [-67.831811, 8.360455], [-67.840553, 8.36798], [-67.838947, 8.374494], [-67.847424, 8.387516000000176], [-67.84744399999988, 8.393397], [-67.85235099999989, 8.391795000000172], [-67.856324, 8.396806], [-67.853651, 8.399117000000103], [-67.85847299999989, 8.40287000000012], [-67.855926, 8.404649], [-67.85656299999988, 8.40923], [-67.85293499999989, 8.411195], [-67.852341, 8.418537000000185], [-67.854503, 8.422142], [-67.850181, 8.421066000000167], [-67.848538, 8.417909], [-67.844792, 8.42279400000018], [-67.849173, 8.427498000000185], [-67.846345, 8.429078000000175], [-67.845835, 8.43706200000014], [-67.842434, 8.438884], [-67.843582, 8.443614], [-67.84818499999989, 8.441834], [-67.849701, 8.443432000000143], [-67.843215, 8.449756], [-67.84696, 8.453877], [-67.842861, 8.475634000000184], [-67.844297, 8.480840000000171], [-67.853546, 8.477096000000188], [-67.8558139999999, 8.478217], [-67.857904, 8.481709000000137], [-67.855964, 8.485749000000112], [-67.866054, 8.491452000000152], [-67.865755, 8.498557], [-67.8694789999999, 8.504769000000124], [-67.864864, 8.511075000000176], [-67.872563, 8.523356], [-67.872337, 8.528600000000154], [-67.878808, 8.528547], [-67.882152, 8.531275000000164], [-67.875351, 8.540042], [-67.888992, 8.568433], [-67.880928, 8.571531000000107], [-67.87837499999983, 8.576091000000133], [-67.866227, 8.579555], [-67.86155299999984, 8.586368000000107], [-67.861241, 8.58989], [-67.869289, 8.596098], [-67.866767, 8.612122], [-67.869526, 8.616517000000101], [-67.86854, 8.623914000000184], [-67.8564439999999, 8.633717], [-67.848881, 8.634574], [-67.838356, 8.628168], [-67.836367, 8.631176], [-67.825383, 8.633004], [-67.823789, 8.629019000000142], [-67.81819, 8.627765000000124], [-67.817479, 8.633087000000103], [-67.814264, 8.632975000000101], [-67.8119569999999, 8.636288], [-67.810019, 8.646578], [-67.80408399999988, 8.65190100000018], [-67.799673, 8.652113], [-67.798007, 8.661156000000119], [-67.801973, 8.663725], [-67.801727, 8.667877], [-67.807291, 8.673754000000145], [-67.805694, 8.687657000000115], [-67.80170599999985, 8.691968], [-67.798127, 8.691389000000186], [-67.797467, 8.694867000000158], [-67.801886, 8.70577100000014], [-67.799061, 8.711856], [-67.801211, 8.711837], [-67.801132, 8.716144], [-67.80432399999984, 8.718475], [-67.800359, 8.71893800000015], [-67.803484, 8.722118], [-67.799514, 8.730941000000144], [-67.804775, 8.728149], [-67.80549699999989, 8.733760000000132], [-67.801752, 8.732293], [-67.797969, 8.738842000000147], [-67.797854, 8.735777], [-67.794366, 8.737485000000163], [-67.79329899999988, 8.733487], [-67.788972, 8.738105000000132], [-67.787804, 8.735393], [-67.786202, 8.739059000000168], [-67.782068, 8.736962], [-67.782721, 8.74024], [-67.78086, 8.740663], [-67.776955, 8.735376], [-67.769466, 8.7433410000001], [-67.77375299999983, 8.749807], [-67.7689309999999, 8.757234], [-67.771703, 8.759441], [-67.769331, 8.762146], [-67.76600699999983, 8.760826000000122], [-67.767565, 8.766527], [-67.760591, 8.762271000000169], [-67.758536, 8.765516], [-67.76080899999988, 8.767257], [-67.757453, 8.770334000000105], [-67.755159, 8.769418000000144], [-67.739884, 8.77775400000013], [-67.73353, 8.770182], [-67.734297, 8.766426], [-67.73044599999986, 8.766038], [-67.731005, 8.768517], [-67.728178, 8.769151], [-67.718628, 8.768499000000133], [-67.719586, 8.77195], [-67.714821, 8.774291000000119], [-67.715404, 8.782265000000109], [-67.71069399999982, 8.787283], [-67.709509, 8.793342], [-67.714282, 8.799885000000188], [-67.71320899999989, 8.804268], [-67.708681, 8.806029000000137], [-67.709806, 8.810438], [-67.707388, 8.812388000000112], [-67.69949, 8.808983000000126], [-67.696085, 8.818221000000108], [-67.693279, 8.817228], [-67.68774999999988, 8.821148000000164], [-67.67974, 8.81781500000011], [-67.66452, 8.830497], [-67.658906, 8.830778], [-67.653617, 8.834988], [-67.649016, 8.84536], [-67.639688, 8.8523], [-67.630223, 8.875891], [-67.618891, 8.895872], [-67.61628199999984, 8.911085], [-67.61158499999988, 8.920589], [-67.60516599999988, 8.923435000000154], [-67.600804, 8.930959], [-67.585661, 8.932277], [-67.582882, 8.935359000000176], [-67.573243, 8.934132], [-67.554422, 8.944210000000112], [-67.54507299999989, 8.943027], [-67.547742, 8.952466], [-67.544516, 8.961696], [-67.552047, 8.99069100000014], [-67.564629, 9.001863000000128], [-67.564736, 9.034123], [-67.572101, 9.043333000000132], [-67.585079, 9.045100000000161], [-67.591072, 9.050983], [-67.59632, 9.05247700000018], [-67.597532, 9.056561], [-67.594179, 9.073387], [-67.6023019999999, 9.083435000000122], [-67.601602, 9.086484], [-67.606565, 9.089821], [-67.596176, 9.095043], [-67.59808399999986, 9.105840000000114], [-67.591787, 9.106394000000137], [-67.59224, 9.102654000000143], [-67.586918, 9.10285], [-67.586627, 9.106661], [-67.590341, 9.109986000000163], [-67.58498, 9.111859], [-67.583586, 9.114878], [-67.58854999999988, 9.118216], [-67.588919, 9.123090000000104], [-67.582185, 9.12338700000015], [-67.58133899999984, 9.120046000000116], [-67.573192, 9.123016], [-67.568234, 9.118989], [-67.5676509999999, 9.121832], [-67.571126, 9.126004], [-67.56734999999986, 9.12902000000014], [-67.571522, 9.137635000000103], [-67.566342, 9.142106000000183], [-67.565751, 9.148189], [-67.557488, 9.158164000000113], [-67.550257, 9.161878000000115], [-67.546134, 9.160134], [-67.54090899999989, 9.162123000000122], [-67.53885999999989, 9.170488], [-67.53435799999988, 9.171957], [-67.540376, 9.173882000000162], [-67.5400709999999, 9.178979], [-67.538349, 9.18004100000013], [-67.536484, 9.176804000000175], [-67.532266, 9.179953000000125], [-67.533834, 9.196833], [-67.522329, 9.206865000000164], [-67.529728, 9.211908000000165], [-67.842004, 9.229636]]]}}, {"type": "Feature", "properties": {"parroquia": "Capital Altagracia de Orituco", "municipio": "José Tadeo Monagas", "estado": "Guárico", "pcode": "VE120901", "estado_pcode": "VE12", "municipio_pcode": "VE1209", "center_lat": 9.9265295, "center_lon": -66.38738761, "area_sqkm": 413.1285249}, "geometry": {"type": "Polygon", "coordinates": [[[-66.38303852299998, 10.040065744000174], [-66.39704183399994, 10.037498611000103], [-66.40692327699992, 10.039485612000135], [-66.43110029999991, 10.030784245], [-66.4335403849999, 10.027764153000078], [-66.43412336599994, 10.018311903000097], [-66.44580784199991, 10.013212704000182], [-66.46278059099996, 10.013363619000131], [-66.47384812399997, 10.021984779999968], [-66.48543262899994, 10.019385654000075], [-66.48771768799992, 10.01316348], [-66.48755358499994, 9.99630103100003], [-66.49583190599992, 9.98877178500004], [-66.51012748099998, 9.979487462000066], [-66.52151498899991, 9.979917414999989], [-66.53002433099994, 9.974018216000161], [-66.53438084099997, 9.974029357000063], [-66.530887, 9.965600000000109], [-66.52245099999982, 9.957341000000156], [-66.514891, 9.955249], [-66.50859999999989, 9.94805], [-66.50351199999989, 9.937622000000147], [-66.5057589999999, 9.92794600000019], [-66.501904, 9.921266], [-66.492482, 9.917846000000111], [-66.473325, 9.919862], [-66.45194, 9.938797], [-66.448517, 9.935334], [-66.44217, 9.921964000000116], [-66.429146, 9.912398000000167], [-66.427688, 9.907310000000166], [-66.432287, 9.900568000000135], [-66.446054, 9.896713], [-66.44518, 9.890548], [-66.429381, 9.874562], [-66.416526, 9.867947], [-66.418425, 9.86041900000015], [-66.413367, 9.849186], [-66.40501599999988, 9.846295000000168], [-66.404318, 9.84074900000013], [-66.383613, 9.834643], [-66.370099, 9.846814000000109], [-66.35395199999988, 9.848540000000128], [-66.332924, 9.865059], [-66.326887, 9.866176], [-66.21500499999985, 9.812898000000189], [-66.212942, 9.8152520000001], [-66.21448, 9.81906], [-66.2058909999999, 9.83026000000018], [-66.202778, 9.84174], [-66.205541, 9.864826000000107], [-66.22687599999989, 9.864749000000131], [-66.229744, 9.868485000000135], [-66.228239, 9.87252100000012], [-66.23953299999988, 9.877001], [-66.240982, 9.882357], [-66.244273, 9.881797], [-66.263316, 9.898564], [-66.26135, 9.915751000000114], [-66.26656, 9.92269000000016], [-66.260268, 9.93105300000019], [-66.259008, 9.935892], [-66.26134, 9.939363000000128], [-66.30076099999985, 9.927006], [-66.308548, 9.930438], [-66.330027, 9.924380000000156], [-66.33140999999983, 9.931615], [-66.31995499999982, 9.955041], [-66.319625, 9.964435], [-66.325541, 9.966808], [-66.328343, 9.972422], [-66.327487, 9.989064000000155], [-66.33149922799993, 9.998905278000166], [-66.3356649079999, 9.99867292700003], [-66.33790003299998, 10.001893006999978], [-66.33619601699996, 10.013635318000183], [-66.34655754499994, 10.024780562000046], [-66.35664200499997, 10.028099589000135], [-66.36437634499998, 10.027693536000186], [-66.37821201299988, 10.039034765], [-66.38303852299998, 10.040065744000174]]]}}, {"type": "Feature", "properties": {"parroquia": "Lezama", "municipio": "José Tadeo Monagas", "estado": "Guárico", "pcode": "VE120902", "estado_pcode": "VE12", "municipio_pcode": "VE1209", "center_lat": 9.649221, "center_lon": -66.33395124, "area_sqkm": 1106.57361559}, "geometry": {"type": "Polygon", "coordinates": [[[-66.18173799999988, 9.759483], [-66.402122, 9.762886], [-66.40173, 9.768983], [-66.399232, 9.770957], [-66.40187999999984, 9.77327], [-66.444086, 9.77334900000011], [-66.455469, 9.767897], [-66.463508, 9.759145000000103], [-66.475717, 9.754269], [-66.484447, 9.754234], [-66.4919369999999, 9.747898], [-66.503384, 9.7488120000001], [-66.5210479999999, 9.76257], [-66.53171, 9.761699], [-66.5606499999999, 9.747815], [-66.56893999999988, 9.738571], [-66.577958, 9.73759100000018], [-66.5845609999999, 9.740493000000129], [-66.6255334579999, 9.725990591000027], [-66.63224741799996, 9.720669060000034], [-66.6332314149999, 9.713340863000042], [-66.6234910039999, 9.715396970000086], [-66.62243591799995, 9.708765804000109], [-66.61357654099999, 9.710313891000055], [-66.6099233679999, 9.7086278700001], [-66.602786, 9.697380608000117], [-66.59748875199983, 9.69632061600015], [-66.59500061999995, 9.69086449000008], [-66.57394961499995, 9.67744025200011], [-66.57294451699994, 9.666629974000045], [-66.55819284799992, 9.661655926000094], [-66.55581871099986, 9.655655788000104], [-66.55693670699998, 9.64664655200005], [-66.55428450899984, 9.643572394000103], [-66.54938132599995, 9.63659633399999], [-66.55355441699999, 9.620277882000039], [-66.54858018999994, 9.618446866000056], [-66.5461420449999, 9.612996736000127], [-66.55841254399996, 9.605258473000163], [-66.5528212889999, 9.601853417000143], [-66.55435831299991, 9.595565242000077], [-66.5606585839999, 9.59326315200019], [-66.56000653399997, 9.590567092000072], [-66.56545377399993, 9.59099706699999], [-66.56106454399992, 9.582565870000053], [-66.56791682899996, 9.579914765000183], [-66.56816378499997, 9.56963250500013], [-66.57470501499995, 9.558809192000126], [-66.56685061499996, 9.548967975999972], [-66.57393490399988, 9.54400181800014], [-66.57563398899998, 9.547283888000095], [-66.58005313499996, 9.537464614000157], [-66.58563137399983, 9.537183579999976], [-66.58371655599996, 9.527888513000164], [-66.575333, 9.530139000000133], [-66.51762799999989, 9.524053000000151], [-66.358819, 9.53091000000012], [-66.354216, 9.530896], [-66.351117, 9.53388], [-66.354314, 9.5358710000001], [-66.351561, 9.537548000000129], [-66.347265, 9.548969], [-66.3476179999999, 9.558475], [-66.176258, 9.573502], [-66.161179, 9.617340000000127], [-66.162797, 9.621647000000166], [-66.134445, 9.637842], [-66.109109, 9.646024], [-66.11255599999987, 9.651742000000127], [-66.12995699999988, 9.661827], [-66.129063, 9.67702800000012], [-66.133523, 9.693332000000169], [-66.147523, 9.713822000000164], [-66.16057499999988, 9.719526], [-66.162545, 9.731453], [-66.170034, 9.734229], [-66.18173799999988, 9.759483]]]}}, {"type": "Feature", "properties": {"parroquia": "Libertad de Orituco", "municipio": "José Tadeo Monagas", "estado": "Guárico", "pcode": "VE120903", "estado_pcode": "VE12", "municipio_pcode": "VE1209", "center_lat": 9.39016991, "center_lon": -66.53328857, "area_sqkm": 405.7510989}, "geometry": {"type": "Polygon", "coordinates": [[[-66.687293, 9.259302], [-66.682946, 9.255068], [-66.678826, 9.255236], [-66.677458, 9.2574800000001], [-66.679565, 9.259691], [-66.676782, 9.260393], [-66.66973799999988, 9.252819000000102], [-66.660546, 9.255316000000107], [-66.654262, 9.250658], [-66.64740999999987, 9.25012500000014], [-66.643807, 9.255029], [-66.640862, 9.253440000000182], [-66.6392469999999, 9.24761100000012], [-66.631897, 9.252809000000184], [-66.629272, 9.250292000000115], [-66.624239, 9.255444], [-66.6231719999999, 9.260732], [-66.617651, 9.265095], [-66.62202, 9.267033], [-66.618024, 9.27582800000016], [-66.60844, 9.271564000000126], [-66.598264, 9.276040000000137], [-66.596483, 9.273843], [-66.59143499999988, 9.277755], [-66.5909759999999, 9.280982000000108], [-66.586536, 9.280515], [-66.58938299999983, 9.288030000000106], [-66.585858, 9.296328], [-66.5811839999999, 9.295822000000157], [-66.579581, 9.30105600000013], [-66.575319, 9.301089], [-66.569847, 9.294890000000123], [-66.563033, 9.29867], [-66.55173499999984, 9.312038], [-66.555386, 9.318611000000146], [-66.551731, 9.327234], [-66.552477, 9.331714000000147], [-66.547098, 9.335359], [-66.543298, 9.332510000000127], [-66.54315599999984, 9.334526], [-66.540694, 9.333611], [-66.53308, 9.350054], [-66.53390999999988, 9.354465000000175], [-66.529431, 9.360392000000104], [-66.516967, 9.361424], [-66.510667, 9.368054], [-66.507238, 9.367742], [-66.507567, 9.370602], [-66.505147, 9.36929600000019], [-66.50164099999989, 9.377732], [-66.49076, 9.37697900000012], [-66.487455, 9.379575000000159], [-66.481802, 9.37713], [-66.480659, 9.386188], [-66.472592, 9.393353000000104], [-66.466372, 9.397489000000178], [-66.45986499999987, 9.395779000000118], [-66.44703, 9.403684000000112], [-66.444603, 9.406507], [-66.445329, 9.41235300000011], [-66.441791, 9.414512], [-66.442676, 9.41818000000012], [-66.438952, 9.420362000000182], [-66.429692, 9.420099000000107], [-66.42754899999989, 9.427576], [-66.42903399999983, 9.429982000000166], [-66.423737, 9.432924], [-66.422113, 9.430220000000133], [-66.42070699999988, 9.43471600000015], [-66.414208, 9.438874000000112], [-66.415833, 9.442196], [-66.40947199999988, 9.44578], [-66.411119, 9.448759000000166], [-66.408647, 9.452705000000151], [-66.404575, 9.45495700000015], [-66.403897, 9.46782], [-66.40084499999989, 9.470712], [-66.404254, 9.474903], [-66.402291, 9.479078000000186], [-66.404779, 9.487099], [-66.40163899999988, 9.494027], [-66.404285, 9.499067000000139], [-66.40035299999988, 9.502258], [-66.400407, 9.50897700000013], [-66.398067, 9.507925000000114], [-66.391576, 9.521000000000129], [-66.38507, 9.52064], [-66.37806099999989, 9.52692900000011], [-66.371712, 9.522947000000102], [-66.36594799999989, 9.524466], [-66.366762, 9.52744500000017], [-66.362405, 9.524148], [-66.358819, 9.53091000000012], [-66.51762799999989, 9.524053000000151], [-66.575333, 9.530139000000133], [-66.58371655599996, 9.527888513000164], [-66.57797598099995, 9.526333345000069], [-66.58099208099992, 9.519825153], [-66.56974049399997, 9.503467798000088], [-66.56706538899994, 9.504591843000128], [-66.56387520699997, 9.497981690000017], [-66.56192515299989, 9.50218980700015], [-66.55801195599997, 9.497394701000076], [-66.55726484699994, 9.484900382000035], [-66.56410411699989, 9.478791192000074], [-66.56474711399989, 9.47356505300013], [-66.56200598799995, 9.47253704600007], [-66.56813319799994, 9.460000688000036], [-66.56614307899991, 9.455348587000117], [-66.56829015199997, 9.450039439000136], [-66.57373836199997, 9.446118305000084], [-66.57298131899995, 9.442118210000103], [-66.57487240599994, 9.443726241000036], [-66.57577342599996, 9.441153168000028], [-66.56807707399997, 9.437745119000056], [-66.57678944899993, 9.436289048000106], [-66.5779034599999, 9.429500867000058], [-66.5751113149999, 9.425657775000047], [-66.58695576299988, 9.410868335999965], [-66.58382758999988, 9.403548169000146], [-66.58758771999987, 9.397605], [-66.59064885399994, 9.39817100200014], [-66.5916468559999, 9.389093763], [-66.5957580299999, 9.388230719000035], [-66.59420893399988, 9.38366560300011], [-66.5961509899999, 9.378815480000014], [-66.60000716999991, 9.380267489000175], [-66.60132021299995, 9.377301412000179], [-66.60706646199986, 9.375506336000115], [-66.6035342649999, 9.369495198000152], [-66.60967350999994, 9.363139005000107], [-66.60847641499998, 9.356876851000152], [-66.61032049499988, 9.356102828000132], [-66.61102754999996, 9.359690917000137], [-66.61732779899995, 9.355531771000074], [-66.62008992599988, 9.356329775], [-66.62010389899996, 9.35078863900003], [-66.62853225699996, 9.348829544000182], [-66.63424848899996, 9.344171396999968], [-66.63226037099997, 9.33981729500016], [-66.63482146699994, 9.336747208000077], [-66.63853663899994, 9.33794722100015], [-66.63848261599998, 9.33490213500005], [-66.63476544499991, 9.333496125000067], [-66.63662051599994, 9.331577070000037], [-66.63521044599997, 9.328017980000084], [-66.64161470499988, 9.324585865000017], [-66.63949959799993, 9.321342787000106], [-66.64221170299999, 9.319862741000065], [-66.64148964399993, 9.31442059800014], [-66.6460268589999, 9.316536630000087], [-66.64378374399996, 9.313641571000062], [-66.64717589199995, 9.313151537000067], [-66.64700483799999, 9.304525322000131], [-66.65135602199996, 9.303570276000187], [-66.65767322499994, 9.289610887000038], [-66.66207041399997, 9.289412861000187], [-66.6644084969999, 9.28479774100009], [-66.66715662399997, 9.285979748000102], [-66.67088574699989, 9.279855582000152], [-66.67918609699984, 9.276212447000091], [-66.67977107899992, 9.26882625400009], [-66.68359723399993, 9.265889160000086], [-66.68297319799984, 9.262924087000158], [-66.68709736099993, 9.261447144000101], [-66.687293, 9.259302]]]}}, {"type": "Feature", "properties": {"parroquia": "Paso Real de Macaira", "municipio": "José Tadeo Monagas", "estado": "Guárico", "pcode": "VE120904", "estado_pcode": "VE12", "municipio_pcode": "VE1209", "center_lat": 9.7431655, "center_lon": -66.07665932, "area_sqkm": 524.42188045}, "geometry": {"type": "Polygon", "coordinates": [[[-66.205541, 9.864826000000107], [-66.202778, 9.84174], [-66.2058909999999, 9.83026000000018], [-66.21448, 9.81906], [-66.212942, 9.8152520000001], [-66.21500499999985, 9.812898000000189], [-66.22087999999985, 9.797984], [-66.220813, 9.795247], [-66.217885, 9.794578000000172], [-66.220442, 9.789313000000107], [-66.216994, 9.787383], [-66.218084, 9.784407], [-66.209671, 9.779290000000174], [-66.21488599999986, 9.778838], [-66.210153, 9.775652], [-66.211949, 9.770968], [-66.210251, 9.767391], [-66.212495, 9.766684], [-66.214291, 9.760003], [-66.18173799999988, 9.759483], [-66.170034, 9.734229], [-66.162545, 9.731453], [-66.16057499999988, 9.719526], [-66.147523, 9.713822000000164], [-66.133523, 9.693332000000169], [-66.129063, 9.67702800000012], [-66.12995699999988, 9.661827], [-66.11255599999987, 9.651742000000127], [-66.109109, 9.646024], [-66.08418999999986, 9.652540000000101], [-66.07244, 9.651939], [-66.05653899999987, 9.633963000000108], [-66.056002, 9.630154], [-66.04838099999989, 9.625017000000128], [-66.042515, 9.628219000000172], [-66.032989, 9.627607000000182], [-66.031054, 9.629775000000166], [-66.01646099999988, 9.628943], [-66.01487999999983, 9.622552], [-65.99905, 9.60987], [-65.959186, 9.586916], [-65.968004, 9.653408000000127], [-65.973091, 9.664593], [-65.974593, 9.682605], [-65.955545, 9.72109300000011], [-65.960219, 9.72917200000012], [-65.980623, 9.74503], [-65.982001, 9.75900600000017], [-65.979632, 9.784778], [-65.98506399999985, 9.796895], [-65.978807, 9.809310000000153], [-65.979324, 9.815832000000114], [-66.002056, 9.829673000000128], [-66.15881599999983, 9.857797], [-66.168626, 9.859096], [-66.21526199999988, 9.896272000000124], [-66.210295, 9.881008000000122], [-66.204578, 9.87364], [-66.205541, 9.864826000000107]]]}}, {"type": "Feature", "properties": {"parroquia": "San Francisco de Macaira", "municipio": "José Tadeo Monagas", "estado": "Guárico", "pcode": "VE120905", "estado_pcode": "VE12", "municipio_pcode": "VE1209", "center_lat": 9.9305365, "center_lon": -66.20414535, "area_sqkm": 161.90726256}, "geometry": {"type": "Polygon", "coordinates": [[[-66.16236926199991, 9.947616787000129], [-66.1786607169999, 9.949295491000157], [-66.18926522499999, 9.956381623000084], [-66.18959825299999, 9.960121720000188], [-66.1930203849999, 9.956378599000175], [-66.20043871599995, 9.956577567000124], [-66.20764700499996, 9.950970377000147], [-66.21103318199994, 9.95675451000011], [-66.22035961699987, 9.9605665630001], [-66.22423383699999, 9.969215767000037], [-66.23394625999987, 9.969260709000025], [-66.24444182499997, 9.987986145000036], [-66.26046551499991, 9.983116936000158], [-66.27633922499996, 9.985180899000113], [-66.28348649599997, 9.977827666000053], [-66.28661763499997, 9.977988650000043], [-66.31033576899989, 9.994502963000116], [-66.31581205999987, 10.00229014000007], [-66.32636752599996, 10.002790092000055], [-66.33149922799993, 9.998905278000166], [-66.327487, 9.989064000000155], [-66.328343, 9.972422], [-66.325541, 9.966808], [-66.319625, 9.964435], [-66.31995499999982, 9.955041], [-66.33140999999983, 9.931615], [-66.330027, 9.924380000000156], [-66.308548, 9.930438], [-66.30076099999985, 9.927006], [-66.26134, 9.939363000000128], [-66.259008, 9.935892], [-66.260268, 9.93105300000019], [-66.26656, 9.92269000000016], [-66.26135, 9.915751000000114], [-66.263316, 9.898564], [-66.244273, 9.881797], [-66.240982, 9.882357], [-66.23953299999988, 9.877001], [-66.228239, 9.87252100000012], [-66.229744, 9.868485000000135], [-66.22687599999989, 9.864749000000131], [-66.205541, 9.864826000000107], [-66.204578, 9.87364], [-66.210295, 9.881008000000122], [-66.21526199999988, 9.896272000000124], [-66.168626, 9.859096], [-66.15881599999983, 9.857797], [-66.16564, 9.867620000000159], [-66.16504, 9.871333], [-66.170647, 9.882379], [-66.16918999999984, 9.885696], [-66.159676, 9.893812000000139], [-66.14978899999988, 9.897867], [-66.134487, 9.896586000000127], [-66.12234399999988, 9.903567], [-66.130464, 9.908793000000117], [-66.141558, 9.907816000000139], [-66.147438, 9.917504], [-66.14623499999982, 9.928116], [-66.152671, 9.932245], [-66.16236926199991, 9.947616787000129]]]}}, {"type": "Feature", "properties": {"parroquia": "San Rafael de Orituco", "municipio": "José Tadeo Monagas", "estado": "Guárico", "pcode": "VE120906", "estado_pcode": "VE12", "municipio_pcode": "VE1209", "center_lat": 9.85474673, "center_lon": -66.50637749, "area_sqkm": 625.63421581}, "geometry": {"type": "Polygon", "coordinates": [[[-66.53438084099997, 9.974029357000063], [-66.54122578399989, 9.967328975999976], [-66.54679502099992, 9.966477925], [-66.56281079999991, 9.979044160000115], [-66.57102015099997, 9.977174071000036], [-66.58421776399985, 9.98311115700011], [-66.59564322599988, 9.976136903], [-66.60594867199984, 9.976066851999974], [-66.61285396499989, 9.97248671200009], [-66.61025374999997, 9.954384253000171], [-66.60287538099993, 9.948233132000098], [-66.60416534099988, 9.930567669000084], [-66.60752545999992, 9.924885505000134], [-66.60318722799997, 9.917887344000121], [-66.60470626599988, 9.911960181999973], [-66.60116808999999, 9.909236122000038], [-66.60118804999985, 9.900479892000078], [-66.59510072999996, 9.891624693999972], [-66.60118396199994, 9.886230521000186], [-66.59877377399994, 9.870674135000172], [-66.6020958929999, 9.866093997000121], [-66.59501847899998, 9.848347577000084], [-66.58118583799995, 9.840589444000045], [-66.57447354099997, 9.840497480000124], [-66.5785947089999, 9.837797384000169], [-66.57715761299994, 9.83369228200013], [-66.58532897499992, 9.833044222000183], [-66.58732202999994, 9.827550077000069], [-66.59177822699996, 9.82702903], [-66.5976314319999, 9.817985769000074], [-66.59227415399994, 9.809922591000145], [-66.58851298799993, 9.81009660900014], [-66.58526882699994, 9.806755539000108], [-66.60267555899998, 9.800265276000175], [-66.6036865559999, 9.793442102000142], [-66.60000938799993, 9.791733069000031], [-66.59999134399993, 9.783421862000068], [-66.61071776299997, 9.77401555], [-66.61641201899994, 9.775212560000114], [-66.61815412199996, 9.780096676000142], [-66.62142725999996, 9.779785652000157], [-66.62507334899993, 9.76631828300009], [-66.61884902599996, 9.756582054000148], [-66.62655035499984, 9.75529199000016], [-66.62762538399994, 9.752118898000163], [-66.62412020399995, 9.747723804000145], [-66.62386216699997, 9.742626671000039], [-66.62726828799998, 9.736782502000096], [-66.6246471739999, 9.73713651900016], [-66.62136900399992, 9.73177640700004], [-66.6255334579999, 9.725990591000027], [-66.5845609999999, 9.740493000000129], [-66.577958, 9.73759100000018], [-66.56893999999988, 9.738571], [-66.5606499999999, 9.747815], [-66.53171, 9.761699], [-66.5210479999999, 9.76257], [-66.503384, 9.7488120000001], [-66.4919369999999, 9.747898], [-66.484447, 9.754234], [-66.475717, 9.754269], [-66.463508, 9.759145000000103], [-66.455469, 9.767897], [-66.444086, 9.77334900000011], [-66.40187999999984, 9.77327], [-66.399232, 9.770957], [-66.40173, 9.768983], [-66.402122, 9.762886], [-66.18173799999988, 9.759483], [-66.214291, 9.760003], [-66.212495, 9.766684], [-66.210251, 9.767391], [-66.211949, 9.770968], [-66.210153, 9.775652], [-66.21488599999986, 9.778838], [-66.209671, 9.779290000000174], [-66.218084, 9.784407], [-66.216994, 9.787383], [-66.220442, 9.789313000000107], [-66.217885, 9.794578000000172], [-66.220813, 9.795247], [-66.22087999999985, 9.797984], [-66.21500499999985, 9.812898000000189], [-66.326887, 9.866176], [-66.332924, 9.865059], [-66.35395199999988, 9.848540000000128], [-66.370099, 9.846814000000109], [-66.383613, 9.834643], [-66.404318, 9.84074900000013], [-66.40501599999988, 9.846295000000168], [-66.413367, 9.849186], [-66.418425, 9.86041900000015], [-66.416526, 9.867947], [-66.429381, 9.874562], [-66.44518, 9.890548], [-66.446054, 9.896713], [-66.432287, 9.900568000000135], [-66.427688, 9.907310000000166], [-66.429146, 9.912398000000167], [-66.44217, 9.921964000000116], [-66.448517, 9.935334], [-66.45194, 9.938797], [-66.473325, 9.919862], [-66.492482, 9.917846000000111], [-66.501904, 9.921266], [-66.5057589999999, 9.92794600000019], [-66.50351199999989, 9.937622000000147], [-66.50859999999989, 9.94805], [-66.514891, 9.955249], [-66.52245099999982, 9.957341000000156], [-66.530887, 9.965600000000109], [-66.53438084099997, 9.974029357000063]]]}}, {"type": "Feature", "properties": {"parroquia": "Soublette", "municipio": "José Tadeo Monagas", "estado": "Guárico", "pcode": "VE120907", "estado_pcode": "VE12", "municipio_pcode": "VE1209", "center_lat": 9.903241, "center_lon": -66.04506924, "area_sqkm": 259.62391056}, "geometry": {"type": "Polygon", "coordinates": [[[-66.08769290299995, 9.971169145000033], [-66.09196092999997, 9.958485204000112], [-66.0992352259999, 9.952282998000157], [-66.11449992499996, 9.95690704000009], [-66.12568941199993, 9.956369967000171], [-66.12935662999996, 9.96561818400005], [-66.13295877099995, 9.963941122000165], [-66.14467336099995, 9.976576397000144], [-66.14801051199998, 9.976461377000021], [-66.15269168499998, 9.97068919000003], [-66.15768680299993, 9.952289680000149], [-66.16236926199991, 9.947616787000129], [-66.152671, 9.932245], [-66.14623499999982, 9.928116], [-66.147438, 9.917504], [-66.141558, 9.907816000000139], [-66.130464, 9.908793000000117], [-66.12234399999988, 9.903567], [-66.134487, 9.896586000000127], [-66.14978899999988, 9.897867], [-66.159676, 9.893812000000139], [-66.16918999999984, 9.885696], [-66.170647, 9.882379], [-66.16504, 9.871333], [-66.16564, 9.867620000000159], [-66.15881599999983, 9.857797], [-66.002056, 9.829673000000128], [-65.995627, 9.831996000000117], [-65.984812, 9.829812], [-65.98014599999988, 9.832291], [-65.979389, 9.838501000000122], [-65.975653, 9.840361], [-65.971149, 9.84811900000011], [-65.965516, 9.849978], [-65.96665499999989, 9.85619], [-65.96231499999982, 9.85898], [-65.96219, 9.86519], [-65.955733, 9.871084], [-65.955848, 9.874811], [-65.96258199999988, 9.87792300000018], [-65.96535, 9.885689], [-65.96490899999986, 9.8919], [-65.962102, 9.893139], [-65.96971, 9.927091000000132], [-65.967363, 9.932988], [-65.9679903519999, 9.941777438000088], [-65.97188653499995, 9.942248431000053], [-65.98170793899988, 9.937315246000026], [-65.98825823099997, 9.937768215000062], [-65.99476954499988, 9.942397306000032], [-66.00344190599998, 9.938789165000173], [-66.02633998999988, 9.951146367000149], [-66.06042853199989, 9.956748331000028], [-66.06302471499993, 9.968643627000176], [-66.07541725899989, 9.967733543000179], [-66.07780237599991, 9.970333596999978], [-66.08769290299995, 9.971169145000033]]]}}, {"type": "Feature", "properties": {"parroquia": "Capital Ortiz", "municipio": "Ortiz", "estado": "Guárico", "pcode": "VE121001", "estado_pcode": "VE12", "municipio_pcode": "VE1210", "center_lat": 9.4221875, "center_lon": -67.34440927, "area_sqkm": 1006.02504498}, "geometry": {"type": "Polygon", "coordinates": [[[-67.253296, 9.3491140000001], [-67.249917, 9.357003], [-67.254616, 9.35386], [-67.254542, 9.35845600000016], [-67.258904, 9.359570000000133], [-67.25202699999988, 9.367564], [-67.25325, 9.371163000000138], [-67.249921, 9.374411000000123], [-67.242151, 9.407827], [-67.242939, 9.410725], [-67.25056699999988, 9.412635000000137], [-67.254781, 9.423903], [-67.258624, 9.42647600000015], [-67.25426, 9.429197], [-67.25839999999988, 9.432545000000118], [-67.258136, 9.443713000000116], [-67.25526699999983, 9.446881], [-67.25737, 9.449404], [-67.251249, 9.453337], [-67.25240799999989, 9.455239], [-67.255814, 9.454125], [-67.25575, 9.465839], [-67.25148399999989, 9.464975], [-67.250437, 9.470603], [-67.203143, 9.560157000000117], [-67.228875, 9.586357], [-67.253954, 9.603629], [-67.25360999999987, 9.616224000000159], [-67.230978, 9.637218000000132], [-67.232068, 9.641639000000168], [-67.248237, 9.651281], [-67.254587, 9.652088000000163], [-67.288864, 9.642556000000184], [-67.310209, 9.6284050000001], [-67.31817199999989, 9.62599200000011], [-67.33352699999989, 9.628396], [-67.34322999999983, 9.636229000000185], [-67.367582, 9.629882000000123], [-67.449124, 9.628794000000141], [-67.44798, 9.623548], [-67.458447, 9.622745], [-67.457992, 9.619334], [-67.463152, 9.619715], [-67.469782, 9.612871], [-67.466204, 9.605194], [-67.46849, 9.600958], [-67.472414, 9.601093], [-67.472413, 9.5897930000001], [-67.47622299999989, 9.587197000000117], [-67.4804759999999, 9.588427], [-67.482458, 9.583211000000176], [-67.487323, 9.582933], [-67.494468, 9.576329], [-67.4890989999999, 9.571291000000144], [-67.483821, 9.557705000000112], [-67.474692, 9.559097000000179], [-67.463914, 9.544640000000186], [-67.45265399999988, 9.531011000000149], [-67.45422, 9.525805000000162], [-67.449017, 9.515249], [-67.4435759999999, 9.510006], [-67.436935, 9.509684000000163], [-67.438884, 9.503137], [-67.435768, 9.495288], [-67.43561599999987, 9.483555], [-67.420839, 9.463629], [-67.41774399999986, 9.454824], [-67.43226, 9.436827], [-67.43511199999989, 9.419921000000102], [-67.434358, 9.417574], [-67.426368, 9.415125000000103], [-67.428164, 9.408995], [-67.43722999999983, 9.39864800000015], [-67.438255, 9.393225], [-67.445874, 9.388148], [-67.445614, 9.383263000000113], [-67.44921, 9.38143], [-67.456989, 9.366037], [-67.462506, 9.361287000000118], [-67.459617, 9.355108], [-67.4599419999999, 9.347659], [-67.463307, 9.344063000000176], [-67.46143599999988, 9.339652], [-67.466146, 9.33793100000014], [-67.471103, 9.326263000000154], [-67.474955, 9.325468000000114], [-67.477191, 9.321348000000114], [-67.48724, 9.320844000000136], [-67.497213, 9.305102], [-67.49437199999983, 9.300366], [-67.49551, 9.296526000000142], [-67.489454, 9.289412], [-67.491195, 9.281711], [-67.49930099999989, 9.274455], [-67.50150599999989, 9.275066], [-67.5065489999999, 9.267099], [-67.503885, 9.265163], [-67.508013, 9.257212000000152], [-67.50262, 9.252811000000179], [-67.504614, 9.233969000000116], [-67.51945499999988, 9.228043], [-67.523672, 9.220689000000164], [-67.53126, 9.225411], [-67.52846, 9.21842], [-67.532977, 9.213184], [-67.529728, 9.211908000000165], [-67.522329, 9.206865000000164], [-67.518631, 9.211355], [-67.493531, 9.219480000000146], [-67.47176599999989, 9.21335500000015], [-67.461775, 9.203701], [-67.443978, 9.206042], [-67.397493, 9.192678000000114], [-67.39071799999988, 9.210496], [-67.388199, 9.208131], [-67.379151, 9.212077], [-67.38087, 9.221548], [-67.37871, 9.2223800000001], [-67.371774, 9.216658], [-67.37308, 9.225711], [-67.36677, 9.223932000000104], [-67.365792, 9.23313400000012], [-67.359123, 9.231118], [-67.356754, 9.233406], [-67.357488, 9.237687], [-67.363039, 9.241521], [-67.36759599999988, 9.240488], [-67.374994, 9.25697600000018], [-67.3758969999999, 9.26435], [-67.371335, 9.2795670000001], [-67.365781, 9.281081000000142], [-67.366119, 9.276475], [-67.36312, 9.273742], [-67.353824, 9.281806], [-67.347264, 9.282126], [-67.343708, 9.279372000000137], [-67.34407, 9.2821560000001], [-67.336088, 9.293075], [-67.338592, 9.29808], [-67.335253, 9.299953000000187], [-67.336128, 9.306248], [-67.333046, 9.305698000000177], [-67.330685, 9.2983], [-67.333515, 9.293008], [-67.326218, 9.294371000000183], [-67.3237079999999, 9.297124], [-67.32682099999988, 9.302789000000189], [-67.323066, 9.301192], [-67.310302, 9.30596800000012], [-67.315689, 9.309764000000143], [-67.311103, 9.321562], [-67.30162499999989, 9.313956], [-67.298733, 9.315969], [-67.299412, 9.318600000000117], [-67.304092, 9.316209000000129], [-67.301868, 9.324090000000126], [-67.298619, 9.320954], [-67.295136, 9.321226000000138], [-67.285223, 9.328559], [-67.281685, 9.326171], [-67.281479, 9.321773], [-67.267368, 9.32895], [-67.270855, 9.335195], [-67.264205, 9.341071], [-67.269295, 9.341593], [-67.271133, 9.344719], [-67.264414, 9.344924000000162], [-67.261965, 9.350034], [-67.256592, 9.34547600000019], [-67.253296, 9.3491140000001]]]}}, {"type": "Feature", "properties": {"parroquia": "San Francisco de Tiznados", "municipio": "Ortiz", "estado": "Guárico", "pcode": "VE121002", "estado_pcode": "VE12", "municipio_pcode": "VE1210", "center_lat": 9.49314219, "center_lon": -67.7542814, "area_sqkm": 1452.33490905}, "geometry": {"type": "Polygon", "coordinates": [[[-67.502303, 9.712088], [-67.510701, 9.72554], [-67.5183669999999, 9.725443], [-67.526734, 9.756471], [-67.54564099999988, 9.745243], [-67.546406, 9.74149100000011], [-67.542742, 9.739304000000175], [-67.544568, 9.735943], [-67.54314999999986, 9.728886], [-67.548756, 9.72828], [-67.54945, 9.723429000000124], [-67.55659999999989, 9.71942700000011], [-67.558188, 9.712747], [-67.570877, 9.713559], [-67.571458, 9.706647000000146], [-67.57492799999989, 9.705969], [-67.57914099999988, 9.700508], [-67.584509, 9.707281], [-67.5930019999999, 9.701683000000116], [-67.592445, 9.685612000000162], [-67.611522, 9.686902000000146], [-67.62358099999989, 9.67911], [-67.674316, 9.661701000000107], [-67.68293099999988, 9.662049], [-67.68961999999982, 9.657962000000168], [-67.703465, 9.65529], [-67.709048, 9.656173000000138], [-67.719007, 9.63969400000019], [-67.730268, 9.654974], [-67.739314, 9.659907000000146], [-67.753608, 9.655757000000165], [-67.769105, 9.661308], [-67.772687, 9.660101], [-67.776958, 9.651662000000101], [-67.787978, 9.650727000000188], [-67.805974, 9.641], [-67.81248634899998, 9.640807595000012], [-67.81578447899994, 9.639745558000186], [-67.81603944499989, 9.630452325000135], [-67.81934359899998, 9.632409347000078], [-67.82869595899996, 9.625753130000078], [-67.83381817599991, 9.624934081999982], [-67.8362312989999, 9.628576166000073], [-67.84132249599998, 9.623342], [-67.84800678699997, 9.623593972000151], [-67.85167291599993, 9.618497827999988], [-67.85750217699996, 9.6212578680001], [-67.86423644199994, 9.615079667000089], [-67.86987569999997, 9.617545696000093], [-67.87131974399995, 9.614477614000066], [-67.87425488899999, 9.61765368500005], [-67.87571391799992, 9.612869551000188], [-67.88282121099991, 9.609613427000056], [-67.88784847999995, 9.61922764000019], [-67.89175965599998, 9.620280650000097], [-67.90152306399995, 9.618763564000119], [-67.90414216199991, 9.615743463000115], [-67.9173057289999, 9.61505837400017], [-67.92311595499996, 9.61015422500003], [-67.92614602199995, 9.600377961999982], [-67.93817254699991, 9.600603901000113], [-67.93409326199998, 9.580838433000054], [-67.93577031699994, 9.57797234900005], [-67.92822795199999, 9.570782207000036], [-67.92690084499998, 9.56215700700011], [-67.93962838699991, 9.560334894999983], [-67.93393310599998, 9.554736783000067], [-67.93750224399997, 9.55211269400013], [-67.95466796999995, 9.549960550000037], [-67.96382132699995, 9.542731317000062], [-67.9722566779999, 9.54052521400007], [-67.97257167399994, 9.536241108000183], [-67.96822245099997, 9.529910978999965], [-67.95715597399993, 9.530493056000125], [-67.95677594299997, 9.527250976000062], [-67.95990606599992, 9.525823917000025], [-67.9584929799999, 9.520151791000046], [-67.96116008599995, 9.518594727000163], [-67.96094604399991, 9.51431962300012], [-67.95621684199995, 9.513853638], [-67.95163454399989, 9.49565321700004], [-67.94711933499997, 9.492917175000116], [-67.94687333799993, 9.494615218000035], [-67.94315316999996, 9.49390222], [-67.94119606099997, 9.48997812400006], [-67.93486278199998, 9.48857812600005], [-67.93411973299993, 9.485639059000107], [-67.92645038099988, 9.481632004000119], [-67.92783039799997, 9.473714793999989], [-67.9235231859999, 9.468366685000092], [-67.92587427399991, 9.465923613000086], [-67.92314812599994, 9.461464521000096], [-67.92494919799987, 9.459122452000031], [-67.92030396699994, 9.454238357000122], [-67.92595221299996, 9.454620331000115], [-67.92496712999991, 9.44706414899997], [-67.91920984299998, 9.440461017000075], [-67.92112289199997, 9.434044849000145], [-67.91827371599999, 9.423912619000077], [-67.91986877599999, 9.421643549000066], [-67.91818166299998, 9.414763387000107], [-67.91399246099996, 9.412182350000023], [-67.91611753399991, 9.408644245000062], [-67.91319340099983, 9.40599519300008], [-67.91529245499993, 9.399713029000054], [-67.92036365999996, 9.397474946000102], [-67.92083362299996, 9.387605705000169], [-67.91749648699988, 9.38759471300017], [-67.92230866199998, 9.38245456200002], [-67.92080655999985, 9.375571409000088], [-67.92344065899994, 9.373581339000111], [-67.92060251899994, 9.370564284000125], [-67.92533566899994, 9.35961498100005], [-67.92230653599995, 9.358866988000045], [-67.9221664929999, 9.35351585300009], [-67.92897674399995, 9.344245589000082], [-67.93301591699992, 9.34488458300018], [-67.93545300999995, 9.342119496000123], [-67.93487996099998, 9.338376415000141], [-67.94015718599996, 9.337461357000052], [-67.94409329799998, 9.326972075000128], [-67.9468074159999, 9.32637805200011], [-67.94592133799995, 9.319176878000064], [-67.9437632449999, 9.319821900000136], [-67.94227116299999, 9.315740809000033], [-67.93764195899996, 9.315741839000111], [-67.93962801699996, 9.311004710000134], [-67.93788094399991, 9.309723685000108], [-67.9403540369999, 9.30744962000017], [-67.93585680299998, 9.300374464000072], [-67.92976752599992, 9.297972436000066], [-67.93002652299992, 9.294849363000083], [-67.92470128199994, 9.292569332000141], [-67.91968201599997, 9.28431716], [-67.91300671999994, 9.282943167000099], [-67.91540879899998, 9.278163027000176], [-67.91235363799996, 9.273077918000183], [-67.90479629899994, 9.269236866000142], [-67.90034700899997, 9.251729458], [-67.89616079599989, 9.246334355000101], [-67.88619336299996, 9.245685389000073], [-67.8809491959999, 9.231476865000047], [-67.842004, 9.229636], [-67.8401879999999, 9.233605000000182], [-67.831998, 9.235914], [-67.826925, 9.246686000000182], [-67.826514, 9.25369], [-67.834311, 9.274311], [-67.82986499999987, 9.282079000000124], [-67.832292, 9.292673], [-67.830009, 9.309562000000142], [-67.826079, 9.316532], [-67.827121, 9.321621000000107], [-67.82161, 9.329447000000187], [-67.823178, 9.34025800000012], [-67.80858099999989, 9.349224000000163], [-67.810298, 9.356653], [-67.804147, 9.358977], [-67.799022, 9.371396], [-67.793262, 9.375108], [-67.790527, 9.381972], [-67.787365, 9.3815], [-67.785408, 9.39212600000019], [-67.78154699999988, 9.396516000000133], [-67.781562, 9.404065000000173], [-67.778517, 9.406359000000123], [-67.779436, 9.410255], [-67.776834, 9.410185000000126], [-67.773665, 9.420007000000112], [-67.77332, 9.432047000000125], [-67.76546499999984, 9.438517], [-67.764742, 9.444660000000113], [-67.74855, 9.441502000000128], [-67.742258, 9.446435], [-67.736486, 9.445457000000147], [-67.733633, 9.448273], [-67.73185599999988, 9.457928000000152], [-67.67272799999989, 9.429788], [-67.639057, 9.434851000000151], [-67.627594, 9.43885500000016], [-67.61117, 9.44996], [-67.579763, 9.45402300000012], [-67.562151, 9.505386], [-67.53822999999988, 9.510216000000128], [-67.533284, 9.513694000000157], [-67.522307, 9.533756], [-67.47013, 9.541068], [-67.463914, 9.544640000000186], [-67.474692, 9.559097000000179], [-67.483821, 9.557705000000112], [-67.4890989999999, 9.571291000000144], [-67.494468, 9.576329], [-67.487323, 9.582933], [-67.482458, 9.583211000000176], [-67.4804759999999, 9.588427], [-67.47622299999989, 9.587197000000117], [-67.472413, 9.5897930000001], [-67.472414, 9.601093], [-67.46849, 9.600958], [-67.466204, 9.605194], [-67.469782, 9.612871], [-67.463152, 9.619715], [-67.457992, 9.619334], [-67.458447, 9.622745], [-67.44798, 9.623548], [-67.449124, 9.628794000000141], [-67.45127799999989, 9.633092000000147], [-67.461278, 9.635906], [-67.456925, 9.64003], [-67.458971, 9.645839], [-67.455493, 9.647806], [-67.455328, 9.651485], [-67.451724, 9.652123], [-67.454034, 9.654525], [-67.452048, 9.661486], [-67.462199, 9.669817000000137], [-67.46335299999987, 9.676668000000177], [-67.475821, 9.689001], [-67.479888, 9.689211], [-67.48095, 9.693994], [-67.484877, 9.696162000000186], [-67.488973, 9.694601000000148], [-67.48838299999989, 9.698224], [-67.4935109999999, 9.705242], [-67.502303, 9.712088]]]}}, {"type": "Feature", "properties": {"parroquia": "San José de Tiznados", "municipio": "Ortiz", "estado": "Guárico", "pcode": "VE121003", "estado_pcode": "VE12", "municipio_pcode": "VE1210", "center_lat": 9.3785105, "center_lon": -67.6214294, "area_sqkm": 1056.42686351}, "geometry": {"type": "Polygon", "coordinates": [[[-67.463914, 9.544640000000186], [-67.47013, 9.541068], [-67.522307, 9.533756], [-67.533284, 9.513694000000157], [-67.53822999999988, 9.510216000000128], [-67.562151, 9.505386], [-67.579763, 9.45402300000012], [-67.61117, 9.44996], [-67.627594, 9.43885500000016], [-67.639057, 9.434851000000151], [-67.67272799999989, 9.429788], [-67.73185599999988, 9.457928000000152], [-67.733633, 9.448273], [-67.736486, 9.445457000000147], [-67.742258, 9.446435], [-67.74855, 9.441502000000128], [-67.764742, 9.444660000000113], [-67.76546499999984, 9.438517], [-67.77332, 9.432047000000125], [-67.773665, 9.420007000000112], [-67.776834, 9.410185000000126], [-67.779436, 9.410255], [-67.778517, 9.406359000000123], [-67.781562, 9.404065000000173], [-67.78154699999988, 9.396516000000133], [-67.785408, 9.39212600000019], [-67.787365, 9.3815], [-67.790527, 9.381972], [-67.793262, 9.375108], [-67.799022, 9.371396], [-67.804147, 9.358977], [-67.810298, 9.356653], [-67.80858099999989, 9.349224000000163], [-67.823178, 9.34025800000012], [-67.82161, 9.329447000000187], [-67.827121, 9.321621000000107], [-67.826079, 9.316532], [-67.830009, 9.309562000000142], [-67.832292, 9.292673], [-67.82986499999987, 9.282079000000124], [-67.834311, 9.274311], [-67.826514, 9.25369], [-67.826925, 9.246686000000182], [-67.831998, 9.235914], [-67.8401879999999, 9.233605000000182], [-67.842004, 9.229636], [-67.529728, 9.211908000000165], [-67.532977, 9.213184], [-67.52846, 9.21842], [-67.53126, 9.225411], [-67.523672, 9.220689000000164], [-67.51945499999988, 9.228043], [-67.504614, 9.233969000000116], [-67.50262, 9.252811000000179], [-67.508013, 9.257212000000152], [-67.503885, 9.265163], [-67.5065489999999, 9.267099], [-67.50150599999989, 9.275066], [-67.49930099999989, 9.274455], [-67.491195, 9.281711], [-67.489454, 9.289412], [-67.49551, 9.296526000000142], [-67.49437199999983, 9.300366], [-67.497213, 9.305102], [-67.48724, 9.320844000000136], [-67.477191, 9.321348000000114], [-67.474955, 9.325468000000114], [-67.471103, 9.326263000000154], [-67.466146, 9.33793100000014], [-67.46143599999988, 9.339652], [-67.463307, 9.344063000000176], [-67.4599419999999, 9.347659], [-67.459617, 9.355108], [-67.462506, 9.361287000000118], [-67.456989, 9.366037], [-67.44921, 9.38143], [-67.445614, 9.383263000000113], [-67.445874, 9.388148], [-67.438255, 9.393225], [-67.43722999999983, 9.39864800000015], [-67.428164, 9.408995], [-67.426368, 9.415125000000103], [-67.434358, 9.417574], [-67.43511199999989, 9.419921000000102], [-67.43226, 9.436827], [-67.41774399999986, 9.454824], [-67.420839, 9.463629], [-67.43561599999987, 9.483555], [-67.435768, 9.495288], [-67.438884, 9.503137], [-67.436935, 9.509684000000163], [-67.4435759999999, 9.510006], [-67.449017, 9.515249], [-67.45422, 9.525805000000162], [-67.45265399999988, 9.531011000000149], [-67.463914, 9.544640000000186]]]}}, {"type": "Feature", "properties": {"parroquia": "San Lorenzo de Tiznados", "municipio": "Ortiz", "estado": "Guárico", "pcode": "VE121004", "estado_pcode": "VE12", "municipio_pcode": "VE1210", "center_lat": 9.78428864, "center_lon": -67.66929991, "area_sqkm": 605.6029897}, "geometry": {"type": "Polygon", "coordinates": [[[-67.51711771599992, 9.878186668000126], [-67.52425624199992, 9.883257343000025], [-67.54425211499989, 9.885344279000037], [-67.54943936399985, 9.889255352000077], [-67.54909738099997, 9.895367512000064], [-67.55889182599998, 9.898835547000033], [-67.56508612499994, 9.904773661000036], [-67.56863927199993, 9.903705615000092], [-67.57655960499989, 9.90029348500002], [-67.5747434569999, 9.888384194000082], [-67.58553085499994, 9.877394853000055], [-67.58491578099995, 9.868152612000188], [-67.58919892899985, 9.860713407000048], [-67.58984888999998, 9.84938411000013], [-67.59211796499994, 9.846362023000097], [-67.59984829199982, 9.844191918000092], [-67.60410851199998, 9.84951803500013], [-67.61165883699994, 9.850473016000024], [-67.62980968399995, 9.861654202000182], [-67.64326418699983, 9.846715739000103], [-67.65697078499988, 9.848417714000107], [-67.66428009899988, 9.846000605000086], [-67.67972464899998, 9.825355997000088], [-67.68698094699994, 9.82261789000006], [-67.71155708499998, 9.83664910300007], [-67.7092340239999, 9.843323294000129], [-67.70298679399991, 9.849649488000068], [-67.71030913599992, 9.85494658000016], [-67.71243534199994, 9.873944050000091], [-67.73090316699995, 9.880202098999973], [-67.7360274699999, 9.892675389000146], [-67.74477586299997, 9.895857423000166], [-67.75157620199997, 9.903136570000186], [-67.7655078169999, 9.907011596000189], [-67.76818098799993, 9.915599791000147], [-67.78234264299988, 9.923419916000114], [-67.79980440799989, 9.924800847000085], [-67.80482965399995, 9.929835951000143], [-67.81174885299998, 9.91263547400007], [-67.80906167099988, 9.900512187], [-67.81350880799994, 9.891986945000042], [-67.81492276599988, 9.874237475000143], [-67.81010948199997, 9.861162181000054], [-67.80636931399994, 9.858011113000146], [-67.80538121699993, 9.849004896000054], [-67.80239102499996, 9.837839627], [-67.79790679099983, 9.831845501000032], [-67.80261192599994, 9.81919915200018], [-67.79731859099991, 9.800862725000115], [-67.79742548699988, 9.780773214000135], [-67.7863339569999, 9.772273058999986], [-67.78255574599996, 9.76488289200006], [-67.76291788699996, 9.761599919000105], [-67.76682894099997, 9.742946429000028], [-67.76377079799988, 9.739795357000048], [-67.76481981599994, 9.735708255000134], [-67.76091359599991, 9.726418035000052], [-67.75681940499999, 9.7229209730001], [-67.76142057299995, 9.718955853000125], [-67.76121654999986, 9.715359756], [-67.75274411399988, 9.702891489000024], [-67.75589617799983, 9.689666136000028], [-67.75478308999993, 9.683307985000056], [-67.77960109299988, 9.670061513000064], [-67.78282719199996, 9.664365354000097], [-67.78771839999996, 9.661931266000124], [-67.78739035199993, 9.656263129000024], [-67.79090750199998, 9.657188132000101], [-67.7951266629999, 9.652014977000078], [-67.79706675399996, 9.653652002000058], [-67.80608113099998, 9.651417905000073], [-67.8065511129999, 9.645300744999986], [-67.81086230699992, 9.645479721000072], [-67.81248634899998, 9.640807595000012], [-67.805974, 9.641], [-67.787978, 9.650727000000188], [-67.776958, 9.651662000000101], [-67.772687, 9.660101], [-67.769105, 9.661308], [-67.753608, 9.655757000000165], [-67.739314, 9.659907000000146], [-67.730268, 9.654974], [-67.719007, 9.63969400000019], [-67.709048, 9.656173000000138], [-67.703465, 9.65529], [-67.68961999999982, 9.657962000000168], [-67.68293099999988, 9.662049], [-67.674316, 9.661701000000107], [-67.62358099999989, 9.67911], [-67.611522, 9.686902000000146], [-67.592445, 9.685612000000162], [-67.5930019999999, 9.701683000000116], [-67.584509, 9.707281], [-67.57914099999988, 9.700508], [-67.57492799999989, 9.705969], [-67.571458, 9.706647000000146], [-67.570877, 9.713559], [-67.558188, 9.712747], [-67.55659999999989, 9.71942700000011], [-67.54945, 9.723429000000124], [-67.548756, 9.72828], [-67.54314999999986, 9.728886], [-67.544568, 9.735943], [-67.542742, 9.739304000000175], [-67.546406, 9.74149100000011], [-67.54564099999988, 9.745243], [-67.526734, 9.756471], [-67.54381199999989, 9.790084], [-67.537329, 9.80043000000012], [-67.52890199999985, 9.845461000000114], [-67.522393, 9.858353], [-67.518703, 9.855652], [-67.515854, 9.870559000000128], [-67.51711771599992, 9.878186668000126]]]}}, {"type": "Feature", "properties": {"parroquia": "Capital Tucupido", "municipio": "José Félix Ribas", "estado": "Guárico", "pcode": "VE121101", "estado_pcode": "VE12", "municipio_pcode": "VE1211", "center_lat": 9.296469, "center_lon": -65.7175714, "area_sqkm": 1851.20195066}, "geometry": {"type": "Polygon", "coordinates": [[[-65.913538, 8.969466], [-65.777159, 9.070128000000125], [-65.772321, 9.07236300000011], [-65.770218, 9.070673], [-65.763304, 9.07627], [-65.754858, 9.074079000000154], [-65.752733, 9.070965], [-65.74242099999987, 9.069362000000126], [-65.713569, 9.087201000000164], [-65.697741, 9.08419], [-65.696251, 9.085771], [-65.69371, 9.081341], [-65.6840749999999, 9.08209], [-65.670652, 9.091199], [-65.667268, 9.091139], [-65.66406599999982, 9.095192], [-65.65873, 9.095396], [-65.652341, 9.106603], [-65.648604, 9.10545800000017], [-65.64609, 9.108605000000125], [-65.63513499999988, 9.110523000000171], [-65.632211, 9.119794], [-65.625907, 9.120945], [-65.623635, 9.124785], [-65.61358799999982, 9.129038], [-65.603797, 9.137216], [-65.541262, 9.267518], [-65.635182, 9.448785], [-65.704594, 9.522748], [-65.719377, 9.529932], [-65.73059099999989, 9.530507], [-65.74933, 9.53766800000011], [-65.765685, 9.549119], [-65.780568, 9.569133], [-65.7913989999999, 9.576981], [-65.79867, 9.57929], [-65.80892399999988, 9.569392], [-65.813975, 9.568935], [-65.829461, 9.581674], [-65.83812499999988, 9.594081000000187], [-65.959186, 9.586916], [-65.91063499999984, 9.470893000000103], [-65.876343, 9.32542], [-65.882782, 9.251953], [-65.909823, 9.187559], [-65.917087, 9.179749000000129], [-65.920531, 9.170532], [-65.928193, 9.166637], [-65.926081, 9.159896], [-65.935232, 9.157548000000133], [-65.941932, 9.145289000000105], [-65.935665, 9.147019], [-65.928773, 9.133703], [-65.933157, 9.12673000000018], [-65.928808, 9.117956], [-65.930483, 9.113531], [-65.923538, 9.106160000000159], [-65.923041, 9.092997000000139], [-65.91915, 9.090107000000103], [-65.91636, 9.068826], [-65.911329, 9.06206], [-65.912514, 9.052392], [-65.90877199999989, 9.03807300000011], [-65.90955799999989, 9.03276], [-65.91268799999989, 9.029967], [-65.91313799999989, 9.019875], [-65.910286, 9.013196], [-65.923356, 8.998148], [-65.923941, 8.988735000000133], [-65.923914, 8.985314], [-65.913538, 8.969466]]]}}, {"type": "Feature", "properties": {"parroquia": "San Rafael de Laya", "municipio": "José Félix Ribas", "estado": "Guárico", "pcode": "VE121102", "estado_pcode": "VE12", "municipio_pcode": "VE1211", "center_lat": 9.5692795, "center_lon": -65.71393146, "area_sqkm": 390.88532353}, "geometry": {"type": "Polygon", "coordinates": [[[-65.69785995899997, 9.687213855000095], [-65.709318, 9.68385], [-65.71146, 9.687747], [-65.713796, 9.685333000000185], [-65.719987, 9.685206000000164], [-65.720527, 9.687936], [-65.745712, 9.68972], [-65.751479, 9.68778500000019], [-65.749585, 9.681082000000174], [-65.75628999999986, 9.682606000000135], [-65.76355, 9.675270000000125], [-65.769908, 9.676748], [-65.77298699999989, 9.675089], [-65.776633, 9.668678], [-65.78239699999989, 9.66800700000016], [-65.778984, 9.663647], [-65.779591, 9.660199000000148], [-65.785115, 9.653124000000105], [-65.790054, 9.651562000000183], [-65.805853, 9.621789], [-65.811989, 9.617155], [-65.81513799999988, 9.609904], [-65.82945599999982, 9.607027000000187], [-65.834465, 9.596383], [-65.83812499999988, 9.594081000000187], [-65.829461, 9.581674], [-65.813975, 9.568935], [-65.80892399999988, 9.569392], [-65.79867, 9.57929], [-65.7913989999999, 9.576981], [-65.780568, 9.569133], [-65.765685, 9.549119], [-65.74933, 9.53766800000011], [-65.73059099999989, 9.530507], [-65.719377, 9.529932], [-65.704594, 9.522748], [-65.635182, 9.448785], [-65.50158559799996, 9.558420790000184], [-65.64702107199986, 9.560002076999979], [-65.64764948599998, 9.632818987], [-65.69785995899997, 9.687213855000095]]]}}, {"type": "Feature", "properties": {"parroquia": "Capital San Juan de los Morros", "municipio": "Juan Germán Roscio", "estado": "Guárico", "pcode": "VE121201", "estado_pcode": "VE12", "municipio_pcode": "VE1212", "center_lat": 9.89283762, "center_lon": -67.33969157, "area_sqkm": 581.76748832}, "geometry": {"type": "Polygon", "coordinates": [[[-67.30330382199998, 9.939824195000028], [-67.30584104799993, 9.936798932000102], [-67.31232234299995, 9.938891951000187], [-67.31452041499989, 9.933325802000127], [-67.32426381099998, 9.92858761900004], [-67.32770695999994, 9.929871639000055], [-67.33450023799998, 9.92620849900004], [-67.33686934399998, 9.927215517000036], [-67.33857145799993, 9.932698642000105], [-67.34711384999991, 9.937644730999978], [-67.35087000499993, 9.936322676000145], [-67.35555025199994, 9.943029822000142], [-67.35848538899995, 9.944438838], [-67.36407761599992, 9.942088752000075], [-67.36426366699993, 9.950363959000072], [-67.37616020899998, 9.954617007000081], [-67.37839434599994, 9.961031148000075], [-67.38598271999996, 9.968918313000131], [-67.40647466299993, 9.977217412000186], [-67.40716570299998, 9.980031477000011], [-67.41123688699997, 9.980288465000172], [-67.4307378119999, 9.99403571400012], [-67.43807311999996, 9.991669605000027], [-67.44045517899997, 9.985040419000029], [-67.44691943999993, 9.98223230900004], [-67.4491505069999, 9.977124166000067], [-67.46563524599998, 9.979711142999975], [-67.47711468999995, 9.971664867000186], [-67.47764568499991, 9.966386732000046], [-67.49197831799984, 9.968374699000094], [-67.50328777599998, 9.961256462000108], [-67.50595485999992, 9.955885298000112], [-67.51430021799996, 9.955255246000036], [-67.52284355999996, 9.95064507800015], [-67.53457709799983, 9.95468211300016], [-67.51711771599992, 9.878186668000126], [-67.515854, 9.870559000000128], [-67.518703, 9.855652], [-67.510144, 9.852909000000125], [-67.500883, 9.844718], [-67.486114, 9.840637], [-67.472567, 9.850914000000103], [-67.44658, 9.852042000000154], [-67.439764, 9.850123000000167], [-67.428671, 9.842840000000137], [-67.4317089999999, 9.835235], [-67.42923999999988, 9.831509000000153], [-67.43457299999989, 9.822308], [-67.432341, 9.817658], [-67.424634, 9.813648], [-67.413891, 9.81701100000015], [-67.398726, 9.806911], [-67.390251, 9.8112220000001], [-67.378934, 9.803706], [-67.363786, 9.797929000000124], [-67.360466, 9.792855], [-67.11238519199992, 9.826515521999966], [-67.11304903899997, 9.828514213000062], [-67.11984925999997, 9.829475250000087], [-67.13997322499995, 9.830085116000134], [-67.15012373199994, 9.840884334000123], [-67.14790074599995, 9.861730886000146], [-67.15255498499994, 9.867850019000116], [-67.15859326099996, 9.870021042000019], [-67.15839136399995, 9.89091657500012], [-67.16362265299995, 9.90119680700019], [-67.16885889999998, 9.903610844000184], [-67.16953894199992, 9.90640991500004], [-67.16160663399995, 9.912994125000182], [-67.16495281099998, 9.917838238000172], [-67.16321780099997, 9.929498546], [-67.1719221589999, 9.926600422000035], [-67.18019454899996, 9.93102649400015], [-67.18688383099999, 9.92893239600005], [-67.19347513799994, 9.932934468999974], [-67.19558621599998, 9.930682398000101], [-67.20973483599994, 9.930892325000116], [-67.21618313599998, 9.934689383999967], [-67.22044928399998, 9.928046185000028], [-67.22277639399988, 9.93032023800015], [-67.23099371399996, 9.922741991000066], [-67.24111013499999, 9.92016087200011], [-67.25026650499996, 9.914103661000127], [-67.25550475199998, 9.916752702000053], [-67.25782082499984, 9.912265576000038], [-67.26230301599998, 9.91226355200007], [-67.26498010199998, 9.906250380000074], [-67.27446956399996, 9.91524855900019], [-67.27129749599999, 9.927181885000095], [-67.27307161599992, 9.934917069999983], [-67.2797769199999, 9.936707077000051], [-67.28858728099993, 9.93387595400003], [-67.29093940199994, 9.936241002000088], [-67.2996037819999, 9.936263954000083], [-67.30330382199998, 9.939824195000028]]]}}, {"type": "Feature", "properties": {"parroquia": "Cantagallo", "municipio": "Juan Germán Roscio", "estado": "Guárico", "pcode": "VE121202", "estado_pcode": "VE12", "municipio_pcode": "VE1212", "center_lat": 9.784681, "center_lon": -67.44751621, "area_sqkm": 242.75886247}, "geometry": {"type": "Polygon", "coordinates": [[[-67.360466, 9.792855], [-67.363786, 9.797929000000124], [-67.378934, 9.803706], [-67.390251, 9.8112220000001], [-67.398726, 9.806911], [-67.413891, 9.81701100000015], [-67.424634, 9.813648], [-67.432341, 9.817658], [-67.43457299999989, 9.822308], [-67.42923999999988, 9.831509000000153], [-67.4317089999999, 9.835235], [-67.428671, 9.842840000000137], [-67.439764, 9.850123000000167], [-67.44658, 9.852042000000154], [-67.472567, 9.850914000000103], [-67.486114, 9.840637], [-67.500883, 9.844718], [-67.510144, 9.852909000000125], [-67.518703, 9.855652], [-67.522393, 9.858353], [-67.52890199999985, 9.845461000000114], [-67.537329, 9.80043000000012], [-67.54381199999989, 9.790084], [-67.526734, 9.756471], [-67.5183669999999, 9.725443], [-67.510701, 9.72554], [-67.502303, 9.712088], [-67.475911, 9.721616], [-67.46855799999986, 9.72779], [-67.46355299999988, 9.727046], [-67.457746, 9.71541900000011], [-67.452528, 9.713053000000116], [-67.434067, 9.713563], [-67.429268, 9.714903], [-67.429226, 9.719068], [-67.415319, 9.719854], [-67.406898, 9.718845000000101], [-67.395797, 9.71248700000018], [-67.382782, 9.715133], [-67.37801599999989, 9.713235], [-67.3769, 9.721301], [-67.36052499999988, 9.73016200000012], [-67.34960099999984, 9.744059000000163], [-67.349676, 9.749439000000109], [-67.337771, 9.758822], [-67.349134, 9.770514], [-67.35306999999989, 9.771107], [-67.354463, 9.786335], [-67.360466, 9.792855]]]}}, {"type": "Feature", "properties": {"parroquia": "Parapara", "municipio": "Juan Germán Roscio", "estado": "Guárico", "pcode": "VE121203", "estado_pcode": "VE12", "municipio_pcode": "VE1212", "center_lat": 9.69359273, "center_lon": -67.22227494, "area_sqkm": 992.0594376}, "geometry": {"type": "Polygon", "coordinates": [[[-66.96346101399985, 9.693874897000057], [-66.9584166919999, 9.721267312000123], [-66.96415996899992, 9.72543738100012], [-66.9656281199999, 9.740726774000109], [-66.97138639799994, 9.746114873000181], [-66.97541062299985, 9.754751074000183], [-66.9825489559999, 9.758971145000032], [-66.9921133449999, 9.753047938000122], [-66.99746059199992, 9.75637900300012], [-67.00207278699997, 9.755433947000085], [-67.02738493699991, 9.762226987000133], [-67.03361924599989, 9.76901313000019], [-67.03728546199994, 9.779156362000094], [-67.03717950999993, 9.788499610000088], [-67.0459759179999, 9.793862693000051], [-67.05500727999993, 9.787531480000098], [-67.07031798099996, 9.793803563000097], [-67.08157143099999, 9.78571729700002], [-67.09290294399989, 9.788529305000168], [-67.10025723399991, 9.784203152999964], [-67.10558447999989, 9.786913189000018], [-67.11492098399992, 9.80329056200003], [-67.11389098399997, 9.812145795000049], [-67.10697871399998, 9.817580969000176], [-67.11238519199992, 9.826515521999966], [-67.360466, 9.792855], [-67.354463, 9.786335], [-67.35306999999989, 9.771107], [-67.349134, 9.770514], [-67.337771, 9.758822], [-67.349676, 9.749439000000109], [-67.34960099999984, 9.744059000000163], [-67.36052499999988, 9.73016200000012], [-67.3769, 9.721301], [-67.37801599999989, 9.713235], [-67.382782, 9.715133], [-67.395797, 9.71248700000018], [-67.406898, 9.718845000000101], [-67.415319, 9.719854], [-67.429226, 9.719068], [-67.429268, 9.714903], [-67.434067, 9.713563], [-67.452528, 9.713053000000116], [-67.457746, 9.71541900000011], [-67.46355299999988, 9.727046], [-67.46855799999986, 9.72779], [-67.475911, 9.721616], [-67.502303, 9.712088], [-67.4935109999999, 9.705242], [-67.48838299999989, 9.698224], [-67.488973, 9.694601000000148], [-67.484877, 9.696162000000186], [-67.48095, 9.693994], [-67.479888, 9.689211], [-67.475821, 9.689001], [-67.46335299999987, 9.676668000000177], [-67.462199, 9.669817000000137], [-67.452048, 9.661486], [-67.454034, 9.654525], [-67.451724, 9.652123], [-67.455328, 9.651485], [-67.455493, 9.647806], [-67.458971, 9.645839], [-67.456925, 9.64003], [-67.461278, 9.635906], [-67.45127799999989, 9.633092000000147], [-67.449124, 9.628794000000141], [-67.367582, 9.629882000000123], [-67.34322999999983, 9.636229000000185], [-67.33352699999989, 9.628396], [-67.31817199999989, 9.62599200000011], [-67.310209, 9.6284050000001], [-67.288864, 9.642556000000184], [-67.254587, 9.652088000000163], [-67.248237, 9.651281], [-67.232068, 9.641639000000168], [-67.230978, 9.637218000000132], [-67.25360999999987, 9.616224000000159], [-67.253954, 9.603629], [-67.228875, 9.586357], [-67.203143, 9.560157000000117], [-67.186995, 9.572898], [-67.17346, 9.576741], [-67.15906499999988, 9.57947], [-67.133655, 9.5734700000001], [-67.072544, 9.610878000000127], [-67.06318, 9.611227], [-67.041511, 9.622946000000184], [-67.02039, 9.623398], [-67.00216, 9.639573], [-66.985746, 9.64825], [-66.978489, 9.677355], [-66.96346101399985, 9.693874897000057]]]}}, {"type": "Feature", "properties": {"parroquia": "San José de Guaribe", "municipio": "San José de Guaribe", "estado": "Guárico", "pcode": "VE121301", "estado_pcode": "VE12", "municipio_pcode": "VE1213", "center_lat": 9.77971534, "center_lon": -65.82816899, "area_sqkm": 1085.04772271}, "geometry": {"type": "Polygon", "coordinates": [[[-65.71770836699989, 9.962057332000086], [-65.74520256499989, 9.957185046], [-65.74515951499995, 9.947772801999974], [-65.74882366499997, 9.945169710000073], [-65.74693455399984, 9.941844630000105], [-65.75612195399998, 9.940537551999967], [-65.7595271649999, 9.949662777000128], [-65.76966763099995, 9.952612796000096], [-65.77206570999988, 9.949147693000157], [-65.77058062499992, 9.94488558400002], [-65.77319573499994, 9.94286851400011], [-65.78194418699991, 9.955146801000012], [-65.7884534779999, 9.95521276300019], [-65.79189765799998, 9.960664889999975], [-65.8075073199999, 9.95420963600003], [-65.82515413599987, 9.96189274600016], [-65.83472160699995, 9.968896877000134], [-65.87523940199998, 9.969043658000146], [-65.88034361399997, 9.965948555000068], [-65.88907077499994, 9.967841821000093], [-65.89645032199991, 9.965233449000095], [-65.90641970399992, 9.95484011200017], [-65.90737072199994, 9.950005988000044], [-65.91840317599997, 9.944581773000039], [-65.93254980999995, 9.945199722999973], [-65.93711499299991, 9.942604621000044], [-65.94053816799993, 9.945529689000125], [-65.95062154899995, 9.935113351000155], [-65.9679903519999, 9.941777438000088], [-65.967363, 9.932988], [-65.96971, 9.927091000000132], [-65.962102, 9.893139], [-65.96490899999986, 9.8919], [-65.96535, 9.885689], [-65.96258199999988, 9.87792300000018], [-65.955848, 9.874811], [-65.955733, 9.871084], [-65.96219, 9.86519], [-65.96231499999982, 9.85898], [-65.96665499999989, 9.85619], [-65.965516, 9.849978], [-65.971149, 9.84811900000011], [-65.975653, 9.840361], [-65.979389, 9.838501000000122], [-65.98014599999988, 9.832291], [-65.984812, 9.829812], [-65.995627, 9.831996000000117], [-66.002056, 9.829673000000128], [-65.979324, 9.815832000000114], [-65.978807, 9.809310000000153], [-65.98506399999985, 9.796895], [-65.979632, 9.784778], [-65.982001, 9.75900600000017], [-65.980623, 9.74503], [-65.960219, 9.72917200000012], [-65.955545, 9.72109300000011], [-65.974593, 9.682605], [-65.973091, 9.664593], [-65.968004, 9.653408000000127], [-65.959186, 9.586916], [-65.83812499999988, 9.594081000000187], [-65.834465, 9.596383], [-65.82945599999982, 9.607027000000187], [-65.81513799999988, 9.609904], [-65.811989, 9.617155], [-65.805853, 9.621789], [-65.790054, 9.651562000000183], [-65.785115, 9.653124000000105], [-65.779591, 9.660199000000148], [-65.778984, 9.663647], [-65.78239699999989, 9.66800700000016], [-65.776633, 9.668678], [-65.77298699999989, 9.675089], [-65.769908, 9.676748], [-65.76355, 9.675270000000125], [-65.75628999999986, 9.682606000000135], [-65.749585, 9.681082000000174], [-65.751479, 9.68778500000019], [-65.745712, 9.68972], [-65.720527, 9.687936], [-65.719987, 9.685206000000164], [-65.713796, 9.685333000000185], [-65.71146, 9.687747], [-65.709318, 9.68385], [-65.69785995899997, 9.687213855000095], [-65.67071383199982, 9.773613730000022], [-65.67592351799993, 9.778378681000163], [-65.6780757219999, 9.799018209999986], [-65.68778317699991, 9.802817255000036], [-65.69090935699995, 9.810672453000166], [-65.70252192699996, 9.820755650000024], [-65.70763521999999, 9.83271094700001], [-65.71201442099994, 9.833859954000161], [-65.71299649399992, 9.840062115000023], [-65.70550618199997, 9.842649215000051], [-65.7062752949999, 9.85855063200006], [-65.7167007939999, 9.864188734000095], [-65.72194708299998, 9.875031990000025], [-65.72100808899995, 9.883640223000043], [-65.72347622899991, 9.88999538400003], [-65.72229924499987, 9.900605669000129], [-65.7182160729999, 9.903859782000154], [-65.71767710299997, 9.912781017000157], [-65.71306091099996, 9.914619087000176], [-65.71642933499993, 9.922868338000171], [-65.71770836699989, 9.962057332000086]]]}}, {"type": "Feature", "properties": {"parroquia": "Capital Santa María de Ipire", "municipio": "Santa María de Ipire", "estado": "Guárico", "pcode": "VE121401", "estado_pcode": "VE12", "municipio_pcode": "VE1214", "center_lat": 8.47238721, "center_lon": -65.31137448, "area_sqkm": 3823.60544401}, "geometry": {"type": "Polygon", "coordinates": [[[-64.78349699299991, 8.808517111000015], [-64.80910899999986, 8.805929], [-64.826002, 8.822694000000183], [-64.83663799999988, 8.823659], [-64.84748, 8.828484000000174], [-64.85283, 8.844492], [-64.859586, 8.847613], [-64.860552, 8.853556], [-64.869936, 8.85805], [-64.885499, 8.859513000000163], [-64.885568, 8.865741000000128], [-64.898508, 8.876310000000103], [-64.905922, 8.874068], [-64.914816, 8.878061], [-64.91702199999986, 8.881117000000131], [-64.916834, 8.889140000000111], [-64.921073, 8.896333], [-64.937508, 8.897024], [-64.942779, 8.899356], [-64.945105, 8.904892000000132], [-64.948861, 8.906068000000118], [-64.944402, 8.912231], [-64.947857, 8.913365], [-64.948031, 8.920535], [-64.954325, 8.923406], [-64.96900299999987, 8.919933000000128], [-64.970695, 8.916282], [-64.97577799999982, 8.916179], [-64.980474, 8.912611], [-64.98810999999984, 8.91365100000013], [-64.990989, 8.910815000000127], [-65.00006299999984, 8.912253], [-65.002484, 8.921031], [-65.00830899999988, 8.920695000000137], [-65.01057, 8.923653], [-65.015085, 8.920553], [-65.014576, 8.923963000000128], [-65.018204, 8.925291], [-65.025545, 8.922473000000139], [-65.032429, 8.923479], [-65.040773, 8.919473], [-65.058619, 8.920275000000174], [-65.0603789999999, 8.92369900000017], [-65.06441399999989, 8.92444600000016], [-65.072231, 8.92097600000011], [-65.07702, 8.926035000000184], [-65.08007499999985, 8.926128], [-65.080256, 8.93261], [-65.08470399999987, 8.93466100000012], [-65.09127299999983, 8.932911000000104], [-65.094285, 8.928245], [-65.103443, 8.929768000000138], [-65.10947899999985, 8.934601000000157], [-65.115342, 8.928653], [-65.123077, 8.930978], [-65.124575, 8.925553], [-65.133246, 8.925265], [-65.13249, 8.920770000000118], [-65.141081, 8.926416], [-65.143198, 8.92066], [-65.148422, 8.923687], [-65.149493, 8.919234000000188], [-65.15111899999982, 8.92128], [-65.15782599999983, 8.921228000000156], [-65.158913, 8.917901], [-65.166642, 8.928042000000119], [-65.1726599999999, 8.929954], [-65.175355, 8.93405300000012], [-65.185806, 8.937073], [-65.18892, 8.941326], [-65.200454, 8.938995], [-65.20305999999988, 8.935163000000102], [-65.21294099999989, 8.932166000000109], [-65.21699, 8.935486], [-65.220556, 8.932467000000145], [-65.2260619999999, 8.934179], [-65.238276, 8.940642000000139], [-65.23672199999987, 8.937147000000152], [-65.2392559999999, 8.933109000000172], [-65.243145, 8.93335], [-65.244065, 8.936234], [-65.250892, 8.936477000000139], [-65.253697, 8.938504000000137], [-65.255664, 8.948361], [-65.26328799999987, 8.949236], [-65.26444999999984, 8.962553], [-65.262429, 8.963572], [-65.266761, 8.968933], [-65.270459, 8.967062000000112], [-65.268431, 8.964356], [-65.278628, 8.96543], [-65.284328, 8.974111], [-65.28215099999989, 8.978785], [-65.28578299999987, 8.978491], [-65.28819599999986, 8.975109], [-65.29410999999988, 8.975526], [-65.293967, 8.979961000000173], [-65.299084, 8.98504300000019], [-65.299203, 8.989734], [-65.308725, 8.99209500000012], [-65.31063399999982, 8.994167000000175], [-65.30660799999987, 8.996504], [-65.30754, 8.998222000000112], [-65.314453, 9.000737], [-65.314109, 9.009347000000105], [-65.31639299999989, 9.011555], [-65.313144, 9.013196], [-65.31760899999989, 9.014217], [-65.313473, 9.017965000000117], [-65.319573, 9.021215], [-65.319535, 9.025251], [-65.310911, 9.027312], [-65.311452, 9.036988], [-65.308183, 9.04383300000012], [-65.31277399999988, 9.048042], [-65.3211869999999, 9.046759000000122], [-65.321323, 9.053545], [-65.327945, 9.053748], [-65.328243, 9.060397], [-65.333587, 9.062085], [-65.332902, 9.071484], [-65.324334, 9.071024], [-65.324947, 9.074143000000106], [-65.336727, 9.082727], [-65.33008699999988, 9.08656], [-65.330403, 9.088808], [-65.416903, 9.052728000000172], [-65.442193, 9.054734], [-65.46719999999988, 9.043629000000124], [-65.471502, 9.046766000000162], [-65.494592, 9.039393000000132], [-65.50012, 9.043783], [-65.506331, 9.043811], [-65.513244, 9.038233], [-65.51396299999982, 9.031379000000129], [-65.52143499999988, 9.030167], [-65.531535, 9.018993], [-65.531107, 9.008534000000168], [-65.54354199999989, 8.996235], [-65.547814, 8.980586000000187], [-65.546601, 8.973014], [-65.537278, 8.960671000000161], [-65.52001899999988, 8.903129], [-65.520328, 8.881393], [-65.515202, 8.864396], [-65.507844, 8.85207], [-65.51571699999988, 8.834835], [-65.517273, 8.82289], [-65.526357, 8.799320000000137], [-65.527282, 8.77533000000011], [-65.51177399999989, 8.77919900000012], [-65.505526, 8.784226], [-65.499003, 8.785664000000168], [-65.494496, 8.782544000000144], [-65.49378, 8.7758520000001], [-65.486499, 8.773535], [-65.46542, 8.781266], [-65.460598, 8.777492000000109], [-65.45636699999983, 8.777799], [-65.4502619999999, 8.784132], [-65.445207, 8.78525000000019], [-65.44054299999988, 8.781803], [-65.433836, 8.784708000000137], [-65.425234, 8.783852], [-65.424654, 8.778956000000107], [-65.4093539999999, 8.769097], [-65.39926, 8.747680000000116], [-65.391418, 8.739161], [-65.388871, 8.724141], [-65.38423299999988, 8.7189], [-65.385382, 8.706833], [-65.381593, 8.687730000000101], [-65.3757389999999, 8.67661], [-65.37045499999988, 8.671038000000124], [-65.36300299999988, 8.669372000000124], [-65.362564, 8.665945], [-65.378339, 8.643145], [-65.379808, 8.626261], [-65.375861, 8.608750000000157], [-65.377857, 8.604316], [-65.389869, 8.596665000000144], [-65.402054, 8.584362], [-65.4051889999999, 8.584747000000107], [-65.407582, 8.576625], [-65.41264199999989, 8.572806], [-65.438434, 8.570050000000151], [-65.44338299999987, 8.571546000000126], [-65.44955, 8.567549000000156], [-65.450473, 8.543306000000143], [-65.442993, 8.52605], [-65.44596299999989, 8.517885], [-65.441847, 8.513162], [-65.441092, 8.50328], [-65.435681, 8.498984], [-65.433401, 8.486572000000137], [-65.443705, 8.466533], [-65.468223, 8.445434], [-65.469613, 8.429606000000149], [-65.476386, 8.42155700000012], [-65.474063, 8.418692], [-65.479252, 8.418861000000163], [-65.481261, 8.426048], [-65.479262, 8.42946400000011], [-65.482095, 8.435839], [-65.493583, 8.428226], [-65.49648799999989, 8.429707000000178], [-65.4996139999999, 8.438367], [-65.497132, 8.44145500000019], [-65.493589, 8.439155], [-65.49176, 8.441919], [-65.492203, 8.445021000000168], [-65.498503, 8.447823], [-65.49895, 8.450599000000182], [-65.50189099999989, 8.448253], [-65.50909399999983, 8.45109200000013], [-65.52303, 8.451428], [-65.525766, 8.446289], [-65.529889, 8.446861000000183], [-65.53417499999989, 8.443349], [-65.551214, 8.450017000000173], [-65.562725, 8.443716], [-65.56985999999984, 8.443267000000162], [-65.573722, 8.438605], [-65.564897, 8.430705000000103], [-65.557914, 8.404579000000126], [-65.5538, 8.40129700000017], [-65.541941, 8.399525], [-65.52004, 8.382616], [-65.49999, 8.383676], [-65.492172, 8.374738], [-65.48790799999989, 8.356583000000114], [-65.4974, 8.333402], [-65.492715, 8.31169], [-65.492269, 8.29537500000015], [-65.493091, 8.288404000000128], [-65.496463, 8.283917000000145], [-65.494741, 8.275882], [-65.492288, 8.274794], [-65.490763, 8.259470000000135], [-65.49237, 8.252609000000177], [-65.500034, 8.242739], [-65.498708, 8.225442000000157], [-65.5029899999999, 8.21347900000012], [-65.496842, 8.176293000000157], [-65.499603, 8.169312], [-65.494054, 8.167254000000128], [-65.500003, 8.160944], [-65.498578, 8.152312000000165], [-65.502418, 8.132722], [-65.500596, 8.108964000000185], [-65.50451, 8.094049000000155], [-65.50482, 8.069131], [-65.510922, 8.048288000000184], [-65.50893799999989, 8.044508], [-65.516563, 8.022653000000105], [-65.523716, 7.988956000000144], [-65.529581, 7.983888], [-65.531419, 7.971322], [-65.544361, 7.950178000000108], [-65.54684, 7.941350000000114], [-65.54395999999986, 7.936157000000151], [-65.545494, 7.932195], [-65.570562, 7.923726000000102], [-65.5778819969999, 7.892370801000027], [-65.52844284999998, 7.888533490000043], [-65.41659175299986, 7.856144175000054], [-65.36684255099993, 7.856524392000154], [-65.37125182099999, 7.873938805000137], [-65.37660208999984, 7.881866966000018], [-65.38993275399997, 7.897209290999967], [-65.40205831499998, 7.904481415000021], [-65.40981566599999, 7.905822417000138], [-65.41016170199993, 7.910603523000134], [-65.42153523499996, 7.916440616000045], [-65.4564087849999, 7.918582524000158], [-65.46109098699998, 7.916543457000103], [-65.47328352999989, 7.918823463000081], [-65.47137647399995, 7.924152597000159], [-65.48265194399994, 7.917560387000037], [-65.49161234399998, 7.916942335000044], [-65.49536851999989, 7.919215377], [-65.49708562099994, 7.927300557000024], [-65.50335791599997, 7.929914594000024], [-65.50406798299991, 7.938856817000158], [-65.50047885199996, 7.944157957000186], [-65.49985386399993, 7.953228182000032], [-65.50178595099999, 7.95517721900012], [-65.49790180099995, 7.958650323000086], [-65.49911787299988, 7.962712411999973], [-65.49231156999991, 7.962118434000047], [-65.4876353759999, 7.967087571000036], [-65.49045851199998, 7.968202590000033], [-65.48984250799998, 7.973587724000083], [-65.49497972899997, 7.973237685000186], [-65.4907665749999, 7.980788885000038], [-65.49390674499983, 7.988218052000036], [-65.4973589089999, 7.990014086000144], [-65.48262734299993, 8.009660631000031], [-65.48341641399998, 8.017980832000035], [-65.48877966099997, 8.021485897000048], [-65.48956171599986, 8.026456005000057], [-65.47752120499996, 8.030009143000086], [-65.47979136499998, 8.044025476000058], [-65.47397113399995, 8.048942623000073], [-65.46089357099999, 8.052780780000091], [-65.4567973579999, 8.046372636000115], [-65.44911404199996, 8.052086817000145], [-65.43930567699994, 8.068257250000045], [-65.43430952699998, 8.082984634000013], [-65.42750123999997, 8.088529805000064], [-65.42127501999994, 8.100056111000072], [-65.42102603599994, 8.105885249000096], [-65.41819092699984, 8.109077346000163], [-65.41074558099996, 8.107883343000026], [-65.39824006499987, 8.116784616000132], [-65.40002719099994, 8.125874842000144], [-65.39562801699992, 8.129814955000086], [-65.39107981299992, 8.129878973000075], [-65.39271590799996, 8.134750089000079], [-65.38772368799988, 8.136884163000047], [-65.38224750799992, 8.149848506000069], [-65.37584825199997, 8.157454717000121], [-65.38486267899987, 8.163771833000055], [-65.38848888299998, 8.17176802300014], [-65.38601378599998, 8.173970081000107], [-65.38263460199988, 8.167829941000093], [-65.38120456499996, 8.17334908500004], [-65.37682135299997, 8.168525992000014], [-65.37331622099993, 8.174453153000059], [-65.36565089099992, 8.177230251000026], [-65.36902806399996, 8.18325539000017], [-65.37258921699998, 8.181112323000036], [-65.37711843199992, 8.184098367], [-65.36647598999997, 8.192592631000082], [-65.36547693099993, 8.189229545000046], [-65.36319583599993, 8.189754574], [-65.36597301699993, 8.201084839000032], [-65.35905073499998, 8.207158022000101], [-65.35705963299989, 8.203941952999969], [-65.35401448999994, 8.204381973000181], [-65.35311942999994, 8.199664867000138], [-65.35113335699992, 8.202389944000117], [-65.34606712999994, 8.201426938000168], [-65.35172340999998, 8.209152107000136], [-65.34625315799997, 8.206862068000135], [-65.34152895999989, 8.208143123000127], [-65.34563615299999, 8.210354163000147], [-65.3443531129999, 8.214243261000036], [-65.3408689709999, 8.217279350000126], [-65.33738980899989, 8.215522326999974], [-65.33645177799991, 8.21926942500005], [-65.33266561099998, 8.219441439999969], [-65.3354137579999, 8.224830559000111], [-65.32495128599999, 8.22210353800017], [-65.32606234399998, 8.225121609000041], [-65.3235272369999, 8.22571863200011], [-65.32811447299986, 8.232742790000088], [-65.30943765199987, 8.233851897000136], [-65.30788558499995, 8.235976957000105], [-65.31091178599996, 8.249576283000124], [-65.30630757199998, 8.248677285000042], [-65.30216340499999, 8.252981404000082], [-65.30339748699998, 8.256801502000144], [-65.29811024699984, 8.257101533000025], [-65.29786928599998, 8.266715773000044], [-65.29133998999993, 8.267715820000092], [-65.28850290699995, 8.276298042000178], [-65.28019153699995, 8.276923105000094], [-65.28081758199988, 8.279877168000041], [-65.28541879099993, 8.280317155000091], [-65.27839556399994, 8.299260662000108], [-65.26808109599989, 8.298045683000055], [-65.27456843899995, 8.311040970000136], [-65.27142333199993, 8.3160481110001], [-65.26750314899994, 8.31424808200012], [-65.26701314399998, 8.319093204000069], [-65.26237693799999, 8.319983244000184], [-65.26342900299983, 8.324195352000174], [-65.2580937869999, 8.327110441000059], [-65.25566670299997, 8.33243158800002], [-65.25349258999995, 8.329399519999981], [-65.24821535999996, 8.33105259100006], [-65.24818534299993, 8.327543504000062], [-65.23661785299987, 8.331625649000046], [-65.23559983699994, 8.338763841000059], [-65.23231869799997, 8.340535901000123], [-65.22904854099994, 8.338617864000128], [-65.22611843299995, 8.343434995000166], [-65.22620450399995, 8.357575344000168], [-65.21702009699999, 8.356995378000136], [-65.21333298999997, 8.36981871300003], [-65.21045483699999, 8.365352618000088], [-65.2031555339999, 8.369155738000131], [-65.20613070499996, 8.3790069800001], [-65.19629231599993, 8.390122297000062], [-65.20449669899995, 8.394356368], [-65.20223062799994, 8.398617483000066], [-65.20319468899993, 8.403100591000054], [-65.19840048999993, 8.405963682999982], [-65.20039160399983, 8.411721815000021], [-65.1952473689999, 8.411745844000166], [-65.19561442999998, 8.421438082000066], [-65.18633206799996, 8.432868412000062], [-65.18140584199995, 8.431584408000049], [-65.17945020499997, 8.434414687000015], [-65.18128186899997, 8.438117568000052], [-65.18352195699998, 8.43585149900008], [-65.18796817499998, 8.440142584000114], [-65.18181091799988, 8.442926690000093], [-65.18188993999996, 8.446455773000139], [-65.17798476799993, 8.448255838000136], [-65.17800180499995, 8.455063013000142], [-65.18383005999988, 8.454115958000045], [-65.18313704699995, 8.458981079000125], [-65.17838083999993, 8.46101915500003], [-65.17594976599997, 8.467551332000028], [-65.17614078599996, 8.470735412000067], [-65.1791889129999, 8.468575341000133], [-65.18228306399988, 8.471274393000158], [-65.18193407799987, 8.478406576999987], [-65.17797191299996, 8.479153611000186], [-65.17782993299994, 8.48616879399998], [-65.16948559299988, 8.491951972000152], [-65.16943363899986, 8.503825272000029], [-65.1581481899999, 8.513463570999988], [-65.16242942699995, 8.524747834000095], [-65.16028135299996, 8.529465961000142], [-65.15134897199994, 8.531771061000086], [-65.15128497499995, 8.53477413200011], [-65.15561518399994, 8.536476164000078], [-65.1576292989999, 8.542096295000135], [-65.15121400799995, 8.54213232], [-65.14842389299992, 8.54481640500012], [-65.14801690899992, 8.55073455600018], [-65.15387617399995, 8.552926586000183], [-65.14686388399991, 8.558193749000168], [-65.14906899699992, 8.5595717650001], [-65.14733895699999, 8.567197970000052], [-65.15037210299994, 8.570677043000046], [-65.14481586799991, 8.573776148999968], [-65.14412685499985, 8.57664722900006], [-65.14454789399997, 8.582236362000174], [-65.15060620099996, 8.588484493000124], [-65.14887313299988, 8.590723563000154], [-65.15055721699997, 8.593045607000079], [-65.14620605399995, 8.599228782000182], [-65.15342339599988, 8.603448856000114], [-65.14776714899995, 8.605815942], [-65.14713213499982, 8.609420037000064], [-65.1636119559999, 8.626780403999987], [-65.16516707499989, 8.63756166800016], [-65.1706923449999, 8.643378793000181], [-65.1688812939999, 8.649629952], [-65.17212443999983, 8.650882970000112], [-65.16948936599994, 8.657806165000181], [-65.17132045799991, 8.661044232000108], [-65.16771130599989, 8.663508311000157], [-65.16912238599997, 8.665782370000102], [-65.16601427199998, 8.671352528000057], [-65.16194908799991, 8.670369521000168], [-65.16082204499992, 8.673154586000123], [-65.16849140299996, 8.676614647000122], [-65.16688536399994, 8.683883834000028], [-65.17057158399996, 8.694248081000012], [-65.16815449399996, 8.699357226000075], [-65.17159865699995, 8.702088276000097], [-65.16887354499988, 8.701793283000086], [-65.16394736899997, 8.711321545000146], [-65.15785109199993, 8.710618559000068], [-65.15912716999992, 8.714916661000075], [-65.15611105899995, 8.720439814000088], [-65.15022279399994, 8.720104830000082], [-65.15136186499996, 8.725138952], [-65.14762973299997, 8.731376131000161], [-65.15047387099992, 8.734545205000188], [-65.14654769499987, 8.73340219], [-65.14539965799992, 8.737726307000116], [-65.13765235299996, 8.745764547000135], [-65.13324716799991, 8.748898652000037], [-65.12677987399985, 8.74757463800006], [-65.12657588199994, 8.749874708000164], [-65.1229257139999, 8.748661685000059], [-65.12167364199996, 8.744386583000164], [-65.12038359399997, 8.746687652000048], [-65.11747145399988, 8.744944615000179], [-65.11391830599996, 8.747111690000168], [-65.1126292539999, 8.750079777000167], [-65.10731600899993, 8.747787738000113], [-65.10025671999989, 8.752282889000185], [-65.09869067099993, 8.755964989000177], [-65.08004487599993, 8.764523297999972], [-65.07576566399996, 8.759171173000084], [-65.0718424939999, 8.761016247000157], [-65.06846832599996, 8.75828419100003], [-65.06424515599997, 8.76075027200011], [-65.0591088839999, 8.751789067000175], [-65.05677678399985, 8.752137085000186], [-65.05266057499989, 8.746715971000185], [-65.04330815299994, 8.746728017000123], [-65.04254410499993, 8.744221954000125], [-65.03471273899999, 8.741173912000022], [-65.02910349599995, 8.742997980000098], [-65.02023207899992, 8.738431904000151], [-65.01663394299993, 8.742277025000078], [-65.01102269299997, 8.7423760530001], [-65.00927163199998, 8.745759151000073], [-64.99751410499988, 8.744882182000083], [-64.98136540999991, 8.750555400000167], [-64.97460608499995, 8.747113346000106], [-64.97037592099997, 8.750906462000046], [-64.96110449899993, 8.749929475000158], [-64.95774734499992, 8.749230473000011], [-64.95550722699994, 8.745118375000175], [-64.93769941999989, 8.742878401999974], [-64.92558190299997, 8.747677582000051], [-64.91845958199997, 8.746881594000115], [-64.91125323699993, 8.74263952400014], [-64.91111418799989, 8.734275308000122], [-64.89498237699996, 8.714248872000155], [-64.87547148399989, 8.710345867000058], [-64.87227631099995, 8.703255700000057], [-64.85641256599985, 8.696990608000021], [-64.84801954599993, 8.698074400000166], [-64.78349699299991, 8.808517111000015]]]}}, {"type": "Feature", "properties": {"parroquia": "Altamira", "municipio": "Santa María de Ipire", "estado": "Guárico", "pcode": "VE121402", "estado_pcode": "VE12", "municipio_pcode": "VE1214", "center_lat": 8.601976, "center_lon": -65.47851408, "area_sqkm": 708.26923368}, "geometry": {"type": "Polygon", "coordinates": [[[-65.573722, 8.438605], [-65.56985999999984, 8.443267000000162], [-65.562725, 8.443716], [-65.551214, 8.450017000000173], [-65.53417499999989, 8.443349], [-65.529889, 8.446861000000183], [-65.525766, 8.446289], [-65.52303, 8.451428], [-65.50909399999983, 8.45109200000013], [-65.50189099999989, 8.448253], [-65.49895, 8.450599000000182], [-65.498503, 8.447823], [-65.492203, 8.445021000000168], [-65.49176, 8.441919], [-65.493589, 8.439155], [-65.497132, 8.44145500000019], [-65.4996139999999, 8.438367], [-65.49648799999989, 8.429707000000178], [-65.493583, 8.428226], [-65.482095, 8.435839], [-65.479262, 8.42946400000011], [-65.481261, 8.426048], [-65.479252, 8.418861000000163], [-65.474063, 8.418692], [-65.476386, 8.42155700000012], [-65.469613, 8.429606000000149], [-65.468223, 8.445434], [-65.443705, 8.466533], [-65.433401, 8.486572000000137], [-65.435681, 8.498984], [-65.441092, 8.50328], [-65.441847, 8.513162], [-65.44596299999989, 8.517885], [-65.442993, 8.52605], [-65.450473, 8.543306000000143], [-65.44955, 8.567549000000156], [-65.44338299999987, 8.571546000000126], [-65.438434, 8.570050000000151], [-65.41264199999989, 8.572806], [-65.407582, 8.576625], [-65.4051889999999, 8.584747000000107], [-65.402054, 8.584362], [-65.389869, 8.596665000000144], [-65.377857, 8.604316], [-65.375861, 8.608750000000157], [-65.379808, 8.626261], [-65.378339, 8.643145], [-65.362564, 8.665945], [-65.36300299999988, 8.669372000000124], [-65.37045499999988, 8.671038000000124], [-65.3757389999999, 8.67661], [-65.381593, 8.687730000000101], [-65.385382, 8.706833], [-65.38423299999988, 8.7189], [-65.388871, 8.724141], [-65.391418, 8.739161], [-65.39926, 8.747680000000116], [-65.4093539999999, 8.769097], [-65.424654, 8.778956000000107], [-65.425234, 8.783852], [-65.433836, 8.784708000000137], [-65.44054299999988, 8.781803], [-65.445207, 8.78525000000019], [-65.4502619999999, 8.784132], [-65.45636699999983, 8.777799], [-65.460598, 8.777492000000109], [-65.46542, 8.781266], [-65.486499, 8.773535], [-65.49378, 8.7758520000001], [-65.494496, 8.782544000000144], [-65.499003, 8.785664000000168], [-65.505526, 8.784226], [-65.51177399999989, 8.77919900000012], [-65.527282, 8.77533000000011], [-65.523696, 8.766215000000159], [-65.524591, 8.757241], [-65.557607, 8.744358], [-65.57975, 8.744021], [-65.583139, 8.741379000000109], [-65.595296, 8.717869000000178], [-65.603704, 8.709875], [-65.610193, 8.693725], [-65.614317, 8.687562], [-65.620238, 8.684193], [-65.618026, 8.681326000000126], [-65.618539, 8.675143000000105], [-65.6102, 8.671563], [-65.59919699999989, 8.661936], [-65.59305, 8.633702], [-65.5868569999999, 8.616145], [-65.575252, 8.600280000000112], [-65.57249499999989, 8.580749], [-65.568381, 8.573218], [-65.565779, 8.553163], [-65.573307, 8.522472000000107], [-65.582612, 8.519808000000126], [-65.595768, 8.52156600000012], [-65.600957, 8.520489000000168], [-65.603204, 8.516278000000113], [-65.601208, 8.510780000000125], [-65.594096, 8.506245], [-65.588202, 8.474203000000102], [-65.583451, 8.470467], [-65.573722, 8.438605]]]}}, {"type": "Feature", "properties": {"parroquia": "Capital Zaraza", "municipio": "Pedro Zaraza", "estado": "Guárico", "pcode": "VE121501", "estado_pcode": "VE12", "municipio_pcode": "VE1215", "center_lat": 9.18247552, "center_lon": -65.38823791, "area_sqkm": 2808.38536062}, "geometry": {"type": "Polygon", "coordinates": [[[-65.21255880799998, 9.475245795000092], [-65.217836, 9.474263], [-65.216077, 9.479644000000121], [-65.224272, 9.477987000000155], [-65.22221699999983, 9.474580000000174], [-65.224452, 9.471972], [-65.221282, 9.46811300000013], [-65.225263, 9.467125000000124], [-65.22344, 9.463831], [-65.226919, 9.464337000000171], [-65.2299809999999, 9.46018700000019], [-65.21938, 9.452954000000148], [-65.236235, 9.44520800000015], [-65.234083, 9.44093], [-65.237875, 9.434571], [-65.239494, 9.433941000000175], [-65.243393, 9.440184000000158], [-65.245701, 9.438287], [-65.243499, 9.433182], [-65.25508099999985, 9.44226900000018], [-65.2605789999999, 9.438975000000141], [-65.257179, 9.435439], [-65.263693, 9.426585000000102], [-65.273409, 9.423610000000167], [-65.273735, 9.428749], [-65.276172, 9.424695], [-65.292303, 9.426039], [-65.292886, 9.441113], [-65.29881799999987, 9.44112200000012], [-65.302495, 9.444312], [-65.30772299999984, 9.456741000000136], [-65.314152, 9.45899500000013], [-65.31684599999988, 9.455604], [-65.32376599999986, 9.454022], [-65.329555, 9.45807], [-65.34237, 9.458355], [-65.348482, 9.462125000000128], [-65.352766, 9.470749000000126], [-65.358375, 9.475623000000155], [-65.358319, 9.48276], [-65.363287, 9.489039000000162], [-65.371368, 9.514597], [-65.389554, 9.518286000000103], [-65.395762, 9.513426], [-65.405753, 9.514163], [-65.412751, 9.518591000000129], [-65.416333, 9.52552], [-65.430435, 9.527834], [-65.441225, 9.534966000000168], [-65.448392, 9.535973000000183], [-65.457121, 9.547456000000125], [-65.470682, 9.556633], [-65.48552599999988, 9.554993], [-65.50158559799996, 9.558420790000184], [-65.635182, 9.448785], [-65.541262, 9.267518], [-65.603797, 9.137216], [-65.416903, 9.052728000000172], [-65.330403, 9.088808], [-65.33008699999988, 9.08656], [-65.336727, 9.082727], [-65.324947, 9.074143000000106], [-65.324334, 9.071024], [-65.332902, 9.071484], [-65.333587, 9.062085], [-65.328243, 9.060397], [-65.327945, 9.053748], [-65.321323, 9.053545], [-65.3211869999999, 9.046759000000122], [-65.31277399999988, 9.048042], [-65.308183, 9.04383300000012], [-65.311452, 9.036988], [-65.310911, 9.027312], [-65.319535, 9.025251], [-65.319573, 9.021215], [-65.313473, 9.017965000000117], [-65.31760899999989, 9.014217], [-65.313144, 9.013196], [-65.31639299999989, 9.011555], [-65.314109, 9.009347000000105], [-65.314453, 9.000737], [-65.30754, 8.998222000000112], [-65.30660799999987, 8.996504], [-65.31063399999982, 8.994167000000175], [-65.308725, 8.99209500000012], [-65.299203, 8.989734], [-65.299084, 8.98504300000019], [-65.293967, 8.979961000000173], [-65.29410999999988, 8.975526], [-65.28819599999986, 8.975109], [-65.28578299999987, 8.978491], [-65.28215099999989, 8.978785], [-65.284328, 8.974111], [-65.278628, 8.96543], [-65.268431, 8.964356], [-65.270459, 8.967062000000112], [-65.266761, 8.968933], [-65.262429, 8.963572], [-65.26444999999984, 8.962553], [-65.26328799999987, 8.949236], [-65.255664, 8.948361], [-65.253697, 8.938504000000137], [-65.250892, 8.936477000000139], [-65.244065, 8.936234], [-65.243145, 8.93335], [-65.2392559999999, 8.933109000000172], [-65.23672199999987, 8.937147000000152], [-65.238276, 8.940642000000139], [-65.2260619999999, 8.934179], [-65.220556, 8.932467000000145], [-65.21699, 8.935486], [-65.21294099999989, 8.932166000000109], [-65.20305999999988, 8.935163000000102], [-65.200454, 8.938995], [-65.18892, 8.941326], [-65.185806, 8.937073], [-65.175355, 8.93405300000012], [-65.1726599999999, 8.929954], [-65.166642, 8.928042000000119], [-65.158913, 8.917901], [-65.15782599999983, 8.921228000000156], [-65.15111899999982, 8.92128], [-65.149493, 8.919234000000188], [-65.148422, 8.923687], [-65.143198, 8.92066], [-65.141081, 8.926416], [-65.13249, 8.920770000000118], [-65.133246, 8.925265], [-65.124575, 8.925553], [-65.123077, 8.930978], [-65.115342, 8.928653], [-65.10947899999985, 8.934601000000157], [-65.103443, 8.929768000000138], [-65.094285, 8.928245], [-65.09127299999983, 8.932911000000104], [-65.08470399999987, 8.93466100000012], [-65.080256, 8.93261], [-65.08007499999985, 8.926128], [-65.07702, 8.926035000000184], [-65.072231, 8.92097600000011], [-65.06441399999989, 8.92444600000016], [-65.0603789999999, 8.92369900000017], [-65.058619, 8.920275000000174], [-65.040773, 8.919473], [-65.032429, 8.923479], [-65.025545, 8.922473000000139], [-65.018204, 8.925291], [-65.014576, 8.923963000000128], [-65.015085, 8.920553], [-65.01057, 8.923653], [-65.00830899999988, 8.920695000000137], [-65.002484, 8.921031], [-65.00006299999984, 8.912253], [-64.990989, 8.910815000000127], [-64.98810999999984, 8.91365100000013], [-64.980474, 8.912611], [-64.97577799999982, 8.916179], [-64.970695, 8.916282], [-64.96900299999987, 8.919933000000128], [-64.954325, 8.923406], [-64.948031, 8.920535], [-64.947857, 8.913365], [-64.944402, 8.912231], [-64.948861, 8.906068000000118], [-64.945105, 8.904892000000132], [-64.942779, 8.899356], [-64.937508, 8.897024], [-64.921073, 8.896333], [-64.916834, 8.889140000000111], [-64.91702199999986, 8.881117000000131], [-64.914816, 8.878061], [-64.905922, 8.874068], [-64.898508, 8.876310000000103], [-64.885568, 8.865741000000128], [-64.885499, 8.859513000000163], [-64.869936, 8.85805], [-64.860552, 8.853556], [-64.859586, 8.847613], [-64.85283, 8.844492], [-64.84748, 8.828484000000174], [-64.83663799999988, 8.823659], [-64.826002, 8.822694000000183], [-64.80910899999986, 8.805929], [-64.78349699299991, 8.808517111000015], [-64.77438555999998, 8.83752159300019], [-64.77461261399998, 8.845701809000047], [-64.78107695899996, 8.858206096], [-64.78055796199993, 8.863659245000122], [-64.77647180099996, 8.868207385], [-64.77734185799983, 8.87176146600018], [-64.78400617399996, 8.876999573000091], [-64.79145951799995, 8.878230565000138], [-64.79878393199988, 8.895390981000162], [-64.8084653869999, 8.899631042000067], [-64.8121385909999, 8.908027243000106], [-64.81625576999994, 8.90839623200003], [-64.81956994799998, 8.913532350000082], [-64.82692327899997, 8.914050323000026], [-64.83184652799991, 8.920570468000108], [-64.83914427399998, 8.922852867000017], [-64.84581417499999, 8.92570554200006], [-64.85222951399993, 8.935427761000085], [-64.85486062399997, 8.933031681000045], [-64.85709372899998, 8.93443270900002], [-64.8601768829999, 8.939523833000067], [-64.86703118399993, 8.936645721000161], [-64.87522955999998, 8.9403247730001], [-64.87482056299996, 8.943018852000137], [-64.87745568199995, 8.943127845], [-64.87489857799994, 8.945959924000135], [-64.87625565799993, 8.949507014000176], [-64.88308299799996, 8.956695162000187], [-64.88235399099995, 8.96178329999998], [-64.88615115099998, 8.960431247000145], [-64.88760124699996, 8.968160440000077], [-64.89035037499997, 8.968130426000073], [-64.88985337299988, 8.973261560000083], [-64.89665367399988, 8.971715487000154], [-64.90218596199998, 8.980824698000049], [-64.90441505699994, 8.979697652000027], [-64.90658518999999, 8.985671799999977], [-64.90841825899986, 8.984341762999975], [-64.91915475799993, 8.987578796000037], [-64.92398094999993, 8.983112649000077], [-64.9233229429999, 8.98831379000012], [-64.92532502699993, 8.985464708999984], [-64.93119430699988, 8.989513784999986], [-64.93383941299999, 8.988357742000176], [-64.93424046399997, 8.993202865000057], [-64.93750361299993, 8.995694915], [-64.93509551599993, 8.997195961000045], [-64.93980273399995, 8.998384973000043], [-64.93983375399995, 9.003621114000111], [-64.94414996299992, 9.005249131000085], [-64.94253590799997, 9.010150268000132], [-64.94582805699986, 9.01091127], [-64.94817014799992, 9.007727176], [-64.95165832499998, 9.010141224999984], [-64.9574435749999, 9.00976117900018], [-64.95676759599996, 9.020467464000035], [-64.95168538199988, 9.022405537999987], [-64.94667420699994, 9.032311814000025], [-64.94894832699993, 9.036983924000083], [-64.94115202199993, 9.045919201000174], [-64.9464972539999, 9.045313152], [-64.94757335199995, 9.054699393000135], [-64.94519624999998, 9.056023437000079], [-64.94570029199986, 9.059121524000147], [-64.95509370799982, 9.057754437000085], [-64.96123300199991, 9.062034520000111], [-64.95911291599992, 9.063654574000054], [-64.9606690199999, 9.072074779000161], [-64.96206407599993, 9.06928670700006], [-64.96454719399998, 9.070098715000086], [-64.96395916899996, 9.07242177600017], [-64.96731732499984, 9.0725387600001], [-64.96708733799989, 9.076558869999985], [-64.97129951999989, 9.076188836000085], [-64.96978346099996, 9.078218894000031], [-64.97229460299997, 9.083532030000185], [-64.96638634699997, 9.086830137000106], [-64.96853748199999, 9.094028311999978], [-64.97108861399994, 9.098422420000134], [-64.97999003699988, 9.103626507000058], [-64.97616488299985, 9.106842608000136], [-64.98402125699994, 9.111455695000188], [-64.98501732799991, 9.115146783000057], [-64.99318668499996, 9.11429172600009], [-64.99693586799998, 9.117529786000148], [-65.00129404599983, 9.114493687], [-65.00660928199994, 9.114818668000169], [-65.01244556899996, 9.118981752000025], [-65.0100534739999, 9.120864815000118], [-65.01338662699993, 9.122666846000072], [-65.01669275799992, 9.119466747000047], [-65.02070794299993, 9.12000073500019], [-65.03010743499988, 9.135073089000116], [-65.0389068319999, 9.136429078000106], [-65.04178394999985, 9.134427015000142], [-65.04444908099993, 9.13660205500014], [-65.04569812799997, 9.134019980000119], [-65.04616516699997, 9.136677043000134], [-65.06261493699998, 9.144976179000082], [-65.0630229709999, 9.14871227700013], [-65.06959327699997, 9.149631273000125], [-65.07025131299997, 9.152860348000047], [-65.07259940699993, 9.14895823300003], [-65.07117736899994, 9.155007407000141], [-65.07406350199994, 9.15621741700005], [-65.07705462899997, 9.153938346000075], [-65.07529057699992, 9.160656527000185], [-65.07836471399992, 9.15970649000019], [-65.08447000299998, 9.16287954600017], [-65.08248563399991, 9.167079594000086], [-65.0875521829999, 9.171842761999983], [-65.09752763699998, 9.172496724000098], [-65.09916969399995, 9.169817644000148], [-65.10246986099997, 9.172973721000062], [-65.10153980499996, 9.170344651000107], [-65.10673503399994, 9.170565629000123], [-65.10745403899989, 9.166061506], [-65.11192523599993, 9.165716481000175], [-65.11613243499994, 9.166889496000124], [-65.11688748899996, 9.170460582000032], [-65.12579486099997, 9.166329425000072], [-65.13246818299996, 9.17055150200008], [-65.13717737199994, 9.166349378000064], [-65.13613434699988, 9.170857499000078], [-65.13961650799996, 9.171371492999981], [-65.13885644799996, 9.167272394], [-65.14083853199998, 9.166196352000156], [-65.14098957299996, 9.171907504000046], [-65.14352868499992, 9.173028519000127], [-65.14903093199996, 9.171525448000011], [-65.15121900399993, 9.167900341], [-65.15478517899993, 9.16976737400006], [-65.15383510599992, 9.16537226600019], [-65.15593420399989, 9.164317225000048], [-65.16242450399989, 9.166498252999986], [-65.16352757099997, 9.170019341], [-65.16924480999995, 9.166954227000076], [-65.17100489699993, 9.169023282000126], [-65.1728209609999, 9.165287172000092], [-65.18044032199998, 9.171287286000052], [-65.18873969299995, 9.171337254000093], [-65.18768568699994, 9.179172462], [-65.19072379799996, 9.174849326000071], [-65.19113885899986, 9.18126949800012], [-65.19619506699996, 9.179288415000087], [-65.19265894199998, 9.184763575000147], [-65.19416201099989, 9.186606625000024], [-65.19876020799995, 9.185226565000107], [-65.19963228699999, 9.193270764000147], [-65.20579157499998, 9.194742772000097], [-65.20600064599995, 9.208070121000105], [-65.20242348999989, 9.20742012500017], [-65.20073041599989, 9.209595186000115], [-65.21702821599996, 9.22275145000009], [-65.21774224999996, 9.22446448500017], [-65.21335305899999, 9.223800492], [-65.21687823699995, 9.228328587000135], [-65.22170043999989, 9.226051505000044], [-65.21972937099997, 9.230477634000067], [-65.22343454399993, 9.232273668000175], [-65.21739128699994, 9.23298071000005], [-65.21802332799996, 9.235749781000095], [-65.22458661699994, 9.235908751000125], [-65.23033084399998, 9.23102959900018], [-65.23337001599998, 9.237741761000052], [-65.23494507099991, 9.233227630000044], [-65.23784619399999, 9.233540619999985], [-65.23757523599994, 9.242973873000096], [-65.23458210899992, 9.24493294000007], [-65.24101239899994, 9.245666929000151], [-65.23446613399989, 9.251519107000092], [-65.24051643899992, 9.257992252000065], [-65.23878737299998, 9.261062337000112], [-65.2419285339999, 9.264332410000065], [-65.2469277379999, 9.261250307000068], [-65.24893684299997, 9.264830386000085], [-65.25716419499997, 9.260038221000116], [-65.25507911699998, 9.264603345000012], [-65.26042737399996, 9.268239413000117], [-65.26266346799997, 9.266930375000186], [-65.26293350999987, 9.272754517000124], [-65.26995984799998, 9.277129599000148], [-65.27289100899998, 9.284461775000182], [-65.26824879999998, 9.284030789000042], [-65.26927588399997, 9.29120096700018], [-65.26173156799996, 9.294793097000024], [-65.26646478499993, 9.295040080000092], [-65.26804189299992, 9.303695302000051], [-65.27467718899987, 9.304036275999977], [-65.27535423699993, 9.30662134500011], [-65.27123005999994, 9.309143432000155], [-65.2762962999999, 9.310143427000185], [-65.27893751099992, 9.329294921000098], [-65.28302568399988, 9.327781851000168], [-65.28522180099998, 9.332056963000014], [-65.28813891899995, 9.328936863000138], [-65.28819793899993, 9.333386976000043], [-65.29354616099994, 9.33006385900012], [-65.29671431399998, 9.332264900999974], [-65.29440423899996, 9.3359770080001], [-65.29812742699994, 9.34099513200016], [-65.3118040359999, 9.341965081000012], [-65.31390759499988, 9.344288069000015], [-65.31158806999997, 9.349699286000032], [-65.30302470399994, 9.353690431000132], [-65.29094315199995, 9.349449379000077], [-65.28748600599988, 9.351771462000045], [-65.29322828599993, 9.357094574000143], [-65.29771553799998, 9.367820832000177], [-65.30693094499992, 9.366966761000128], [-65.30900206499996, 9.37096585900008], [-65.29830061899997, 9.37726907700005], [-65.2915072799999, 9.37089794000002], [-65.28952119799987, 9.37162496999997], [-65.28488104599995, 9.382583274000012], [-65.27259447799986, 9.378963241000065], [-65.2668252869999, 9.390618583000048], [-65.25849192699997, 9.394652723999968], [-65.2490834809999, 9.388760620000085], [-65.2472604169999, 9.392606729000079], [-65.25349573299997, 9.398844858000075], [-65.25267470599988, 9.40047991300014], [-65.24438533199987, 9.401233972000057], [-65.23957309699995, 9.396360868000102], [-65.23556795199994, 9.40272505900009], [-65.23076473599997, 9.40191306200012], [-65.23130877999995, 9.406291169000099], [-65.23839412099994, 9.411513275000175], [-65.23792911999993, 9.41424734900005], [-65.22889973199995, 9.418264501000067], [-65.22367555099999, 9.428951809000068], [-65.21310306999999, 9.425338767000085], [-65.2080858789999, 9.43290399000017], [-65.21010298699997, 9.435871058000146], [-65.21457317799991, 9.435607023000046], [-65.21414616699997, 9.437354074000098], [-65.20832693199986, 9.439992176999965], [-65.2038257019999, 9.436309099000084], [-65.20147897599992, 9.438375390999965], [-65.20444877399996, 9.444909316000121], [-65.20350780099983, 9.458109672000035], [-65.21186819099995, 9.46020268600006], [-65.2098261129999, 9.462856770000087], [-65.20389984699995, 9.463774823000108], [-65.21092317599982, 9.466794867000033], [-65.20230181099998, 9.469867990000012], [-65.20121677799989, 9.473432087000162], [-65.20406492299992, 9.476049144000058], [-65.21091119199997, 9.468286902000159], [-65.21277126899997, 9.469005907000053], [-65.21255880799998, 9.475245795000092]]]}}, {"type": "Feature", "properties": {"parroquia": "San José de Unare", "municipio": "Pedro Zaraza", "estado": "Guárico", "pcode": "VE121502", "estado_pcode": "VE12", "municipio_pcode": "VE1215", "center_lat": 9.53841755, "center_lon": -65.39455572, "area_sqkm": 244.16569071}, "geometry": {"type": "Polygon", "coordinates": [[[-65.21255880799998, 9.475245795000092], [-65.21488046499996, 9.48851542000017], [-65.22080773099992, 9.48895239400008], [-65.22410294299982, 9.501225706000014], [-65.22694107699988, 9.502533724999978], [-65.23175627199998, 9.498710600000152], [-65.23971162899994, 9.499359579999975], [-65.24601397499998, 9.510690837000084], [-65.25939758799996, 9.514760877000015], [-65.29379011799995, 9.513867677], [-65.29956839899995, 9.517606753000166], [-65.30473562299994, 9.517404715000112], [-65.3091557969999, 9.513583590000053], [-65.31637814499999, 9.518114683000078], [-65.32652366799994, 9.531453977000126], [-65.33667413699993, 9.53389599400009], [-65.34448455899985, 9.547850323000148], [-65.36132734399996, 9.554962418], [-65.37322292999994, 9.56651865800012], [-65.38374549099996, 9.582859037999981], [-65.38825469199986, 9.584335050000107], [-65.39613708899986, 9.59252923200006], [-65.40478949199996, 9.595852267000112], [-65.40484751799988, 9.600050383000166], [-65.4104347899999, 9.60544049900011], [-65.40812471899989, 9.61190667600016], [-65.41032687899991, 9.622808956000029], [-65.42085040299997, 9.633388183000022], [-65.42666776399989, 9.652036641000109], [-65.43016892499998, 9.654302685000175], [-65.50158559799996, 9.558420790000184], [-65.48552599999988, 9.554993], [-65.470682, 9.556633], [-65.457121, 9.547456000000125], [-65.448392, 9.535973000000183], [-65.441225, 9.534966000000168], [-65.430435, 9.527834], [-65.416333, 9.52552], [-65.412751, 9.518591000000129], [-65.405753, 9.514163], [-65.395762, 9.513426], [-65.389554, 9.518286000000103], [-65.371368, 9.514597], [-65.363287, 9.489039000000162], [-65.358319, 9.48276], [-65.358375, 9.475623000000155], [-65.352766, 9.470749000000126], [-65.348482, 9.462125000000128], [-65.34237, 9.458355], [-65.329555, 9.45807], [-65.32376599999986, 9.454022], [-65.31684599999988, 9.455604], [-65.314152, 9.45899500000013], [-65.30772299999984, 9.456741000000136], [-65.302495, 9.444312], [-65.29881799999987, 9.44112200000012], [-65.292886, 9.441113], [-65.292303, 9.426039], [-65.276172, 9.424695], [-65.273735, 9.428749], [-65.273409, 9.423610000000167], [-65.263693, 9.426585000000102], [-65.257179, 9.435439], [-65.2605789999999, 9.438975000000141], [-65.25508099999985, 9.44226900000018], [-65.243499, 9.433182], [-65.245701, 9.438287], [-65.243393, 9.440184000000158], [-65.239494, 9.433941000000175], [-65.237875, 9.434571], [-65.234083, 9.44093], [-65.236235, 9.44520800000015], [-65.21938, 9.452954000000148], [-65.2299809999999, 9.46018700000019], [-65.226919, 9.464337000000171], [-65.22344, 9.463831], [-65.225263, 9.467125000000124], [-65.221282, 9.46811300000013], [-65.224452, 9.471972], [-65.22221699999983, 9.474580000000174], [-65.224272, 9.477987000000155], [-65.216077, 9.479644000000121], [-65.217836, 9.474263], [-65.21255880799998, 9.475245795000092]]]}}, {"type": "Feature", "properties": {"parroquia": "Espino", "municipio": "Leonardo Infante", "estado": "Guárico", "pcode": "VE120502", "estado_pcode": "VE12", "municipio_pcode": "VE1205", "center_lat": 8.3211145, "center_lon": -65.94541179, "area_sqkm": 7582.47392736}, "geometry": {"type": "Polygon", "coordinates": [[[-65.63991312499996, 7.899921229000029], [-65.63575999999989, 7.913944], [-65.65390799999983, 7.917409], [-65.654471, 7.933203000000162], [-65.661167, 7.928808000000117], [-65.657468, 7.937041], [-65.660851, 7.940508], [-65.661722, 7.938249], [-65.66488, 7.938462], [-65.66565, 7.943017], [-65.659371, 7.943784], [-65.661391, 7.950661], [-65.65558299999987, 7.948533], [-65.650409, 7.951212], [-65.654565, 7.953728000000183], [-65.650175, 7.954632], [-65.6525079999999, 7.957034], [-65.6503709999999, 7.963046], [-65.656865, 7.962804000000119], [-65.659304, 7.966282], [-65.657609, 7.972633000000144], [-65.659435, 7.976853], [-65.667333, 7.978335000000129], [-65.669803, 7.98245500000013], [-65.672175, 7.978733], [-65.67419099999984, 7.979648], [-65.672914, 7.982554000000164], [-65.675143, 7.983855000000176], [-65.672829, 7.986867000000132], [-65.675475, 7.992062], [-65.680341, 7.994294], [-65.67367, 7.997087], [-65.670132, 8.003358], [-65.67311699999988, 8.006028000000128], [-65.67713, 8.004160000000127], [-65.681392, 8.01075400000019], [-65.676795, 8.0135], [-65.677723, 8.018216000000109], [-65.68522999999988, 8.023813000000132], [-65.677737, 8.030922], [-65.679434, 8.036146], [-65.67664999999988, 8.043384000000117], [-65.684501, 8.051152000000172], [-65.6830379999999, 8.054137], [-65.685479, 8.058558000000119], [-65.682716, 8.05892800000015], [-65.683362, 8.065197000000182], [-65.677722, 8.073538], [-65.674835, 8.074180000000183], [-65.68207399999989, 8.082295000000158], [-65.68039, 8.082217000000128], [-65.680441, 8.086905], [-65.676772, 8.088141000000178], [-65.6765319999999, 8.103641], [-65.672683, 8.103309], [-65.675514, 8.11128200000013], [-65.67365699999988, 8.121215], [-65.676952, 8.123596], [-65.6761939999999, 8.130372], [-65.681084, 8.141052], [-65.67944399999988, 8.145180000000153], [-65.681972, 8.14772], [-65.676291, 8.149626000000126], [-65.682339, 8.157519], [-65.67585799999983, 8.166085], [-65.679178, 8.168444], [-65.679808, 8.177286], [-65.673534, 8.17961], [-65.673604, 8.183058000000187], [-65.669954, 8.184387000000186], [-65.670372, 8.189869000000101], [-65.66682999999989, 8.191408], [-65.671733, 8.204525], [-65.664671, 8.205537], [-65.666638, 8.211734000000149], [-65.661827, 8.215966], [-65.6648, 8.2190030000001], [-65.65532599999989, 8.21888], [-65.656889, 8.23094600000013], [-65.654111, 8.234510000000114], [-65.65841499999988, 8.237176], [-65.658012, 8.243711], [-65.6515849999999, 8.246466000000112], [-65.655933, 8.25060400000018], [-65.655889, 8.258161], [-65.65129499999989, 8.260034], [-65.65228699999989, 8.266338000000133], [-65.64932999999985, 8.266955], [-65.64629999999988, 8.273910000000114], [-65.64159399999988, 8.272196], [-65.64251, 8.268296000000134], [-65.640108, 8.266817000000174], [-65.63768, 8.272368], [-65.633296, 8.273489], [-65.63317099999989, 8.277919000000168], [-65.630307, 8.277826000000118], [-65.631947, 8.280659], [-65.628048, 8.288000000000125], [-65.62734399999988, 8.3042650000001], [-65.625235, 8.303025], [-65.624927, 8.308782000000122], [-65.630578, 8.311975000000132], [-65.62817799999988, 8.317366000000163], [-65.629736, 8.322677000000112], [-65.61868, 8.326891000000103], [-65.624078, 8.331340000000125], [-65.618913, 8.335793], [-65.619002, 8.342456], [-65.614681, 8.342339], [-65.608039, 8.358123], [-65.618121, 8.367057], [-65.627292, 8.368937000000187], [-65.632742, 8.3757], [-65.631395, 8.383312000000103], [-65.638483, 8.38614600000011], [-65.637265, 8.392429], [-65.642299, 8.395943], [-65.640727, 8.40332], [-65.63629499999985, 8.406346], [-65.635934, 8.411780000000135], [-65.651691, 8.414619000000187], [-65.64993, 8.417213], [-65.652897, 8.42106], [-65.66399399999989, 8.432661000000166], [-65.6663329999999, 8.430886], [-65.668509, 8.433242], [-65.667061, 8.4378880000001], [-65.674751, 8.448134000000152], [-65.6718269999999, 8.452626], [-65.674882, 8.455855], [-65.67227899999989, 8.462055], [-65.674127, 8.4671120000001], [-65.67027999999988, 8.472314], [-65.680047, 8.482775], [-65.67419099999984, 8.489578000000165], [-65.67693899999983, 8.492982], [-65.680737, 8.491982000000121], [-65.68261699999988, 8.495868000000144], [-65.682001, 8.507956], [-65.691785, 8.509574000000157], [-65.69363, 8.515526], [-65.69218199999983, 8.52433], [-65.701778, 8.530997], [-65.703503, 8.533822], [-65.701444, 8.54045], [-65.707325, 8.545179], [-65.704396, 8.562303], [-65.70798, 8.573998000000131], [-65.71245, 8.577081000000135], [-65.711619, 8.5845], [-65.708586, 8.584602000000189], [-65.709592, 8.590004], [-65.718196, 8.597492000000159], [-65.715698, 8.59914700000013], [-65.714096, 8.614333], [-65.718991, 8.61965400000014], [-65.717939, 8.62337], [-65.727194, 8.629152000000147], [-65.725565, 8.63530900000012], [-65.73154099999988, 8.63670900000011], [-65.73192399999988, 8.644574], [-65.740931, 8.654276], [-65.74887699999988, 8.654718000000173], [-65.758835, 8.666915], [-65.752371, 8.675481], [-65.750644, 8.684765], [-65.746925, 8.684127], [-65.747644, 8.690070000000105], [-65.743707, 8.694242000000145], [-65.745435, 8.703016000000105], [-65.754898, 8.705506], [-65.913538, 8.969466], [-66.28513999999984, 8.72079100000019], [-66.280756, 8.714009], [-66.28454, 8.70762400000018], [-66.282542, 8.701488000000154], [-66.283837, 8.693608], [-66.291613, 8.691818000000126], [-66.28172499999988, 8.6852], [-66.283008, 8.67796200000015], [-66.286737, 8.677442], [-66.291252, 8.670246000000134], [-66.297536, 8.670144], [-66.29867899999988, 8.666249], [-66.293528, 8.663307000000145], [-66.299382, 8.653988], [-66.300898, 8.644956], [-66.29621, 8.643546], [-66.295559, 8.632963000000132], [-66.286343, 8.617993000000183], [-66.27443099999982, 8.616413], [-66.268171, 8.598856], [-66.25882399999989, 8.595807], [-66.259591, 8.594169], [-66.267923, 8.578122000000121], [-66.26498599999985, 8.558054], [-66.27618399999983, 8.543133], [-66.27506199999988, 8.528966], [-66.27039699999989, 8.51815500000015], [-66.267295, 8.517299], [-66.26787, 8.513319], [-66.275339, 8.504434000000117], [-66.27394299999986, 8.499641], [-66.263135, 8.488977], [-66.2646539999999, 8.486527], [-66.26011299999988, 8.479226], [-66.26052799999985, 8.473845000000154], [-66.25427, 8.46984], [-66.255594, 8.465300000000127], [-66.251213, 8.462312000000168], [-66.24691499999989, 8.463913000000105], [-66.250132, 8.457960000000128], [-66.256467, 8.453298], [-66.254268, 8.450945], [-66.260216, 8.44591], [-66.254899, 8.435455], [-66.24762, 8.429163], [-66.250488, 8.421965000000114], [-66.24441699999988, 8.42468300000013], [-66.250475, 8.410453000000132], [-66.25540299999989, 8.411133], [-66.258995, 8.404843], [-66.249056, 8.389219], [-66.250172, 8.380638], [-66.24649199999988, 8.379842], [-66.25275, 8.37421600000016], [-66.248269, 8.370265], [-66.252968, 8.365391], [-66.252064, 8.3629], [-66.257562, 8.361159], [-66.257483, 8.356273], [-66.269773, 8.354188], [-66.273831, 8.348868], [-66.272426, 8.34185], [-66.26906499999984, 8.34138], [-66.268889, 8.33814400000017], [-66.271389, 8.336283], [-66.276495, 8.338685000000169], [-66.27631899999989, 8.340884], [-66.27788, 8.33735600000017], [-66.272469, 8.333802000000105], [-66.27423499999986, 8.330346000000134], [-66.270874, 8.325689000000125], [-66.26526799999982, 8.330407], [-66.260566, 8.324655000000178], [-66.260434, 8.314582], [-66.265141, 8.31384], [-66.261542, 8.310812], [-66.258672, 8.31344600000017], [-66.257243, 8.310289], [-66.26053, 8.307697], [-66.258042, 8.301564], [-66.262341, 8.298162000000161], [-66.261547, 8.29295800000017], [-66.26383, 8.292415000000176], [-66.258316, 8.286256], [-66.26373999999987, 8.281838], [-66.2572899999999, 8.280985], [-66.260541, 8.276305], [-66.25639799999982, 8.27491], [-66.255049, 8.269664], [-66.25207099999989, 8.269867], [-66.249154, 8.261258000000112], [-66.251382, 8.259454], [-66.25527199999982, 8.26110400000016], [-66.25519499999984, 8.256055000000174], [-66.251732, 8.252544000000114], [-66.24936, 8.253638], [-66.246441, 8.248471000000109], [-66.24969999999985, 8.245145], [-66.252983, 8.245835000000113], [-66.250338, 8.243833], [-66.249153, 8.235282], [-66.25146099999989, 8.231504], [-66.256086, 8.232437], [-66.25211199999984, 8.22840200000013], [-66.253069, 8.226468000000125], [-66.259939, 8.224679], [-66.263927, 8.219811], [-66.261565, 8.20782400000013], [-66.257312, 8.20711800000015], [-66.25944699999985, 8.197925000000168], [-66.254786, 8.194675000000188], [-66.257558, 8.191191], [-66.254057, 8.185294000000113], [-66.256419, 8.182777], [-66.253834, 8.175521], [-66.256902, 8.167858], [-66.25406999999984, 8.16549], [-66.24962199999987, 8.166667], [-66.246499, 8.162305000000117], [-66.247987, 8.156627000000128], [-66.253106, 8.151821], [-66.2533739999999, 8.146679], [-66.24736499999989, 8.142175], [-66.2442089999999, 8.143252000000132], [-66.243729, 8.133158], [-66.250864, 8.126065], [-66.244649, 8.121632], [-66.244598, 8.113693000000126], [-66.241964, 8.109695000000102], [-66.227187, 8.10201400000011], [-66.227942, 8.093611000000124], [-66.23657999999989, 8.087037000000123], [-66.226399, 8.072395], [-66.22718, 8.060848], [-66.224704, 8.059855000000141], [-66.218866, 8.063817], [-66.218376, 8.055560000000185], [-66.22156, 8.055355000000134], [-66.221913, 8.052829], [-66.21797, 8.04975800000011], [-66.214939, 8.052325], [-66.210372, 8.045586], [-66.214097, 8.043473], [-66.20730299999985, 8.034752], [-66.210574, 8.030141], [-66.20542199999983, 8.029303], [-66.204261, 8.020913000000178], [-66.206938, 8.017247], [-66.205649, 8.010509000000184], [-66.208184, 8.009896], [-66.205535, 8.007137], [-66.200915, 8.010082000000182], [-66.19954, 8.007934], [-66.20976799999988, 8.001303000000178], [-66.205626, 7.993576000000132], [-66.20708, 7.991357], [-66.203044, 7.98680000000013], [-66.199125, 7.986582], [-66.194789, 7.978622], [-66.197988, 7.973548000000164], [-66.189587, 7.973559], [-66.192987, 7.965437000000179], [-66.19779, 7.96533], [-66.19338, 7.960971000000143], [-66.198369, 7.961877000000129], [-66.194451, 7.953857], [-66.1906929999999, 7.957038000000125], [-66.19059, 7.953112], [-66.193748, 7.952168], [-66.19010999999989, 7.948443], [-66.190346, 7.941565000000139], [-66.18656399999986, 7.944745000000182], [-66.184511, 7.941399], [-66.18129, 7.943145000000129], [-66.17989899999986, 7.940111], [-66.182834, 7.935467], [-66.1758999999999, 7.93594400000012], [-66.177957, 7.931375], [-66.17693899999989, 7.920455000000175], [-66.180304, 7.919514000000106], [-66.175833, 7.917036], [-66.178295, 7.915159], [-66.175148, 7.90672], [-66.17851999999988, 7.902107000000115], [-66.183297, 7.898764], [-66.19047999999987, 7.8996], [-66.193706, 7.894251000000111], [-66.209598, 7.892397000000187], [-66.2049679999999, 7.888585], [-66.20685, 7.883529], [-66.203169, 7.875216], [-66.210271, 7.867698], [-66.209051, 7.858562000000177], [-66.20364299999989, 7.857924000000139], [-66.205256, 7.85245], [-66.2031889999999, 7.846419], [-66.20701799999989, 7.83865], [-66.205957, 7.83638000000019], [-66.202196, 7.836395000000152], [-66.2008909999999, 7.84371], [-66.198593, 7.842172000000119], [-66.194456, 7.833597000000111], [-66.201688, 7.826403000000141], [-66.1912779999999, 7.824400000000139], [-66.18830699999984, 7.819658000000175], [-66.182306, 7.817607000000123], [-66.18599, 7.812382000000184], [-66.19095, 7.811245], [-66.180288, 7.80139], [-66.1796159999999, 7.796007000000145], [-66.188112, 7.793450000000121], [-66.194364, 7.786694000000125], [-66.192628, 7.781427000000122], [-66.185033, 7.778335], [-66.183728, 7.772296], [-66.17959, 7.77049], [-66.190395, 7.757747000000109], [-66.189606, 7.753509000000122], [-66.185148, 7.750458], [-66.1826109999999, 7.757129], [-66.178205, 7.750454000000104], [-66.176024, 7.749950000000183], [-66.174526, 7.753224000000159], [-66.172214, 7.750125], [-66.168397, 7.752915], [-66.16513, 7.751356000000158], [-66.16001, 7.739091], [-66.155266, 7.735391000000106], [-66.159562, 7.729558000000111], [-66.151736, 7.725383], [-66.146312, 7.731124], [-66.14494799999983, 7.72795200000013], [-66.148476, 7.723526], [-66.14661, 7.720115], [-66.14228999999989, 7.722643000000119], [-66.139278, 7.721089000000177], [-66.14475099999987, 7.716337], [-66.1381669999999, 7.71241700000013], [-66.140393, 7.705120000000136], [-66.13641099999984, 7.70363900000018], [-66.132317, 7.7097270000001], [-66.122975, 7.710935], [-66.12054499999988, 7.713546], [-66.11088399999988, 7.71009000000015], [-66.092409, 7.720127000000161], [-66.08938, 7.724905], [-66.0749019999999, 7.725731], [-66.055022, 7.719079000000136], [-66.04241199999984, 7.708929000000182], [-66.032575, 7.708405000000141], [-66.022475, 7.702894000000185], [-66.01280999999989, 7.702836000000161], [-66.01595934799997, 7.687407952000115], [-65.95126123199998, 7.677216128999987], [-65.92305234599996, 7.672888644000125], [-65.89981033599992, 7.674147768000068], [-65.86290175699992, 7.687072226000055], [-65.83916580099992, 7.706864802999974], [-65.76097769299986, 7.788992091000125], [-65.71905609799995, 7.847135673000025], [-65.65827960299987, 7.891930010000067], [-65.63991312499996, 7.899921229000029]]]}}, {"type": "Feature", "properties": {"parroquia": "Puerto Miranda", "municipio": "Camaguan", "estado": "Guárico", "pcode": "VE120102", "estado_pcode": "VE12", "municipio_pcode": "VE1201", "center_lat": 7.95636772, "center_lon": -67.43902855, "area_sqkm": 186.15855541}, "geometry": {"type": "Polygon", "coordinates": [[[-67.400437, 7.999436], [-67.44284, 7.98211], [-67.445085, 7.987619], [-67.44202599999988, 7.990802000000144], [-67.44853099999989, 7.996656], [-67.45506599999987, 7.998600000000181], [-67.455904, 8.00355900000011], [-67.46109399999983, 8.006784000000152], [-67.460028, 8.02528000000018], [-67.46750899999984, 8.026921], [-67.475838, 8.0258970000001], [-67.474773, 8.024206000000163], [-67.49799499999983, 8.008942], [-67.499157, 8.013133], [-67.506046, 8.012191], [-67.50949999999989, 8.015803000000119], [-67.51623599999982, 8.016101000000106], [-67.518679, 8.015679], [-67.520388, 8.010787], [-67.526968, 8.012186], [-67.532661, 8.006855], [-67.56733770299991, 7.98742533300009], [-67.5529007319999, 7.981078785000022], [-67.5575368779999, 7.968427467000083], [-67.55648382799995, 7.965792409000187], [-67.55367270599999, 7.966518447000055], [-67.55041659799997, 7.974295639000104], [-67.54696745999996, 7.97637870200009], [-67.5406851859999, 7.975239707000071], [-67.53699500399995, 7.971332628000027], [-67.53303486699986, 7.977137782], [-67.52856467399982, 7.978193823000083], [-67.51293997799996, 7.97328978500002], [-67.50714170299989, 7.967830683000102], [-67.50171542999982, 7.958719496000185], [-67.50235142599996, 7.952678349000109], [-67.51992217999998, 7.950822233], [-67.53554282699997, 7.944281010000168], [-67.52439428799983, 7.933890815000098], [-67.51903097699989, 7.914930401000049], [-67.51286969799997, 7.91289138500008], [-67.51539282699997, 7.915950443000042], [-67.51109264699994, 7.919148537000183], [-67.51591186499991, 7.919566527000086], [-67.50617645899996, 7.923950663000142], [-67.50078367899982, 7.90589180500001], [-67.49819202399988, 7.90260121200015], [-67.4896766409999, 7.900775202000091], [-67.48503445399996, 7.903811292000114], [-67.47990522099991, 7.90143526200012], [-67.46475857099989, 7.901464337000164], [-67.43633327499998, 7.885769092000146], [-67.4330801349999, 7.885957117000146], [-67.43110546099996, 7.890022319000082], [-67.42134966599986, 7.894567367000036], [-67.4181065809999, 7.905898647000072], [-67.41495544999998, 7.909034725000026], [-67.40196990399988, 7.912599868000029], [-67.39687067599993, 7.908485794000171], [-67.39708570099998, 7.913950928000077], [-67.38508015499997, 7.906368802000145], [-67.38131696699998, 7.900522685000055], [-67.37660494299996, 7.901132659000041], [-67.37823, 7.904323000000147], [-67.376689, 7.918013], [-67.3697729999999, 7.919435], [-67.364654, 7.927234000000112], [-67.364093, 7.941874], [-67.371234, 7.944954], [-67.37004999999988, 7.949603000000138], [-67.3769, 7.956055000000163], [-67.3749279999999, 7.958881], [-67.37184599999989, 7.955957], [-67.370774, 7.958908000000179], [-67.367535, 7.957566000000156], [-67.36750599999982, 7.962134000000106], [-67.37038, 7.963082], [-67.368447, 7.966597], [-67.37569, 7.966992], [-67.38377, 7.976808], [-67.38484199999988, 7.973903], [-67.387656, 7.976021000000173], [-67.391891, 7.974985], [-67.395434, 7.982045000000141], [-67.400433, 7.982854], [-67.400437, 7.999436]]]}}]}