{"type": "FeatureCollection", "features": [{"type": "Feature", "properties": {"parroquia": "Pio Tamayo", "municipio": "Andrés Eloy Blanco", "estado": "Lara", "pcode": "VE130101", "estado_pcode": "VE13", "municipio_pcode": "VE1301", "center_lat": 9.6871115, "center_lon": -69.61867204, "area_sqkm": 410.46647625}, "geometry": {"type": "Polygon", "coordinates": [[[-69.551326, 9.731229000000155], [-69.576603, 9.721867], [-69.587723, 9.720499000000132], [-69.595048, 9.722539], [-69.6026849999999, 9.728987], [-69.601296, 9.749689], [-69.606541, 9.75707100000011], [-69.62555199999986, 9.768985], [-69.626749, 9.773653], [-69.62517799999989, 9.793734000000143], [-69.617048, 9.803237], [-69.622948, 9.809359000000143], [-69.621112, 9.817472000000123], [-69.628523, 9.807675], [-69.637521, 9.802351000000101], [-69.6429179999999, 9.790658000000178], [-69.68035, 9.814101], [-69.68796, 9.808264000000122], [-69.69922698999983, 9.808584089000021], [-69.701764, 9.806821], [-69.710744, 9.741233], [-69.733646, 9.695494000000167], [-69.724817, 9.684865000000173], [-69.725982, 9.675770000000114], [-69.708698, 9.653003000000183], [-69.700458, 9.641419], [-69.688753, 9.638958], [-69.675671, 9.627843000000155], [-69.68227499999989, 9.617158000000188], [-69.693164, 9.607137], [-69.70281299999988, 9.587942000000112], [-69.699949, 9.582448000000113], [-69.674109, 9.574549], [-69.658442, 9.577077000000145], [-69.64355299999988, 9.575092], [-69.631542, 9.558241], [-69.62113882099993, 9.556465879000143], [-69.6210761619999, 9.55649513700007], [-69.621485, 9.559147], [-69.594977, 9.571040000000153], [-69.586439, 9.577281000000141], [-69.577417, 9.577291], [-69.557217, 9.583068], [-69.558413, 9.589593], [-69.55557999999985, 9.598279], [-69.549568, 9.604085000000111], [-69.520591, 9.613489000000186], [-69.520705, 9.616613], [-69.522407, 9.621239000000173], [-69.535768, 9.633183], [-69.53968, 9.642559], [-69.536097, 9.645408], [-69.536524, 9.651181], [-69.54149799999988, 9.658396], [-69.527322, 9.669639000000188], [-69.524595, 9.665740000000142], [-69.516827, 9.677062], [-69.505937, 9.681346000000133], [-69.551326, 9.731229000000155]]]}}, {"type": "Feature", "properties": {"parroquia": "Quebrada Honda de Guache", "municipio": "Andrés Eloy Blanco", "estado": "Lara", "pcode": "VE130102", "estado_pcode": "VE13", "municipio_pcode": "VE1301", "center_lat": 9.60703473, "center_lon": -69.46606153, "area_sqkm": 185.85481474}, "geometry": {"type": "Polygon", "coordinates": [[[-69.37359676999995, 9.637108131000161], [-69.36614282499994, 9.672638031000076], [-69.37273500699996, 9.684190250000142], [-69.3724250379999, 9.691847688000053], [-69.385407, 9.668807], [-69.39931799999988, 9.653554000000156], [-69.419344, 9.640946], [-69.430672, 9.638701], [-69.448733, 9.640098], [-69.46087299999988, 9.636961000000156], [-69.475764, 9.628611], [-69.50165099999987, 9.631622], [-69.50943499999988, 9.629719000000136], [-69.519803, 9.614745], [-69.520705, 9.616613], [-69.520591, 9.613489000000186], [-69.549568, 9.604085000000111], [-69.55557999999985, 9.598279], [-69.558413, 9.589593], [-69.557217, 9.583068], [-69.577417, 9.577291], [-69.586439, 9.577281000000141], [-69.594977, 9.571040000000153], [-69.621485, 9.559147], [-69.6210761619999, 9.55649513700007], [-69.61263244499997, 9.55405380500008], [-69.60325736699991, 9.544283664000034], [-69.60102919699995, 9.534456331], [-69.5894094549999, 9.529530289000093], [-69.57850694099994, 9.528897332000042], [-69.57199886499996, 9.523752292000154], [-69.5587002339999, 9.53562986300011], [-69.54078643299982, 9.533958791000089], [-69.53393598699995, 9.537414900000101], [-69.52687912699992, 9.536837818000151], [-69.52294170599993, 9.540688095000121], [-69.50833929599992, 9.541333093000048], [-69.50574602199993, 9.549485461000074], [-69.50167875199992, 9.552567509000028], [-69.49339370599995, 9.545588413000075], [-69.48278895099992, 9.54374831600012], [-69.4439471149999, 9.549421682000059], [-69.44082540699998, 9.555565433000083], [-69.44104844699996, 9.561595584000145], [-69.43853634499993, 9.561939596000173], [-69.44057044099986, 9.564534656000149], [-69.4395985089999, 9.58824856300015], [-69.41449741799994, 9.597488099000088], [-69.38510220499995, 9.592709973000183], [-69.38427024899988, 9.6014473890001], [-69.39489771299998, 9.608083456000031], [-69.39682806999991, 9.615940463000072], [-69.39083144499989, 9.62498289400014], [-69.37359676999995, 9.637108131000161]]]}}, {"type": "Feature", "properties": {"parroquia": "Yacambu", "municipio": "Andrés Eloy Blanco", "estado": "Lara", "pcode": "VE130103", "estado_pcode": "VE13", "municipio_pcode": "VE1301", "center_lat": 9.69614876, "center_lon": -69.44104382, "area_sqkm": 243.48191929}, "geometry": {"type": "Polygon", "coordinates": [[[-69.34347790799995, 9.727629456000045], [-69.357967, 9.724848000000122], [-69.37215799999984, 9.728184], [-69.385304, 9.7245], [-69.397931, 9.730244], [-69.405287, 9.758310000000108], [-69.412208, 9.765574], [-69.42176599999988, 9.767854], [-69.425169, 9.771511], [-69.432268, 9.771084000000144], [-69.44235, 9.774745000000166], [-69.464227, 9.777405000000158], [-69.47603, 9.775558000000103], [-69.48272, 9.774002000000166], [-69.502332, 9.773847000000103], [-69.522563, 9.755521000000101], [-69.52958599999982, 9.750975], [-69.542477, 9.747593000000165], [-69.551326, 9.731229000000155], [-69.505937, 9.681346000000133], [-69.516827, 9.677062], [-69.524595, 9.665740000000142], [-69.527322, 9.669639000000188], [-69.54149799999988, 9.658396], [-69.536524, 9.651181], [-69.536097, 9.645408], [-69.53968, 9.642559], [-69.535768, 9.633183], [-69.522407, 9.621239000000173], [-69.520705, 9.616613], [-69.519803, 9.614745], [-69.50943499999988, 9.629719000000136], [-69.50165099999987, 9.631622], [-69.475764, 9.628611], [-69.46087299999988, 9.636961000000156], [-69.448733, 9.640098], [-69.430672, 9.638701], [-69.419344, 9.640946], [-69.39931799999988, 9.653554000000156], [-69.385407, 9.668807], [-69.3724250379999, 9.691847688000053], [-69.36938719099999, 9.695751229000052], [-69.36520900899995, 9.694540225000026], [-69.35327553199988, 9.699463410000135], [-69.35343957699996, 9.705943562000186], [-69.34999944899988, 9.708957659000077], [-69.35102052999991, 9.714368788000058], [-69.34347790799995, 9.727629456000045]]]}}, {"type": "Feature", "properties": {"parroquia": "Freitez", "municipio": "Crespo", "estado": "Lara", "pcode": "VE130201", "estado_pcode": "VE13", "municipio_pcode": "VE1302", "center_lat": 10.30910281, "center_lon": -69.10871769, "area_sqkm": 459.32150732}, "geometry": {"type": "Polygon", "coordinates": [[[-69.06859914999995, 10.458957905000148], [-69.07266399999986, 10.458689], [-69.080307, 10.463781000000154], [-69.095153, 10.479036], [-69.101714, 10.482677], [-69.11606499999988, 10.480543], [-69.11952799999989, 10.468962], [-69.129453, 10.468265], [-69.141295, 10.451937], [-69.14438899999988, 10.450195000000122], [-69.165543, 10.407149], [-69.16753199999982, 10.36912000000018], [-69.176846, 10.359366000000136], [-69.200017, 10.276118000000167], [-69.161798, 10.251379000000156], [-69.178328, 10.23779500000012], [-69.182264, 10.237109], [-69.1810339999999, 10.23156100000017], [-69.17520899999988, 10.229275], [-69.176542, 10.220128000000102], [-69.173794, 10.214683], [-69.17590899999988, 10.210319], [-69.17179199999987, 10.20267900000016], [-69.177802, 10.190459], [-69.173098, 10.17727900000017], [-69.173377, 10.170992000000126], [-69.161736, 10.163712], [-69.158112, 10.155686], [-69.152401, 10.153769], [-69.14625199999983, 10.155588], [-69.142456, 10.152611], [-69.14121199999988, 10.141442], [-69.13499740499998, 10.13579918500011], [-69.12132029299994, 10.137107541000034], [-69.12295347999998, 10.154846981000162], [-69.11833032599998, 10.163385218000087], [-69.12045146399998, 10.170730384000137], [-69.11402428099996, 10.184827775000088], [-69.11539236399983, 10.18904288400006], [-69.11187924899986, 10.195917070000064], [-69.09950078799989, 10.206509408000045], [-69.09091859599988, 10.234359165000114], [-69.07599495799997, 10.233928234000075], [-69.08234316599993, 10.222928928000044], [-69.07669690599994, 10.219937882000181], [-69.07309675399995, 10.220754926000097], [-69.07043167299997, 10.226223079000022], [-69.05867422599988, 10.234666367000159], [-69.0498538359999, 10.231879350000042], [-69.04848257699996, 10.22848512400003], [-69.04506060499989, 10.22644824200006], [-69.0353642529999, 10.237288566000132], [-69.01512841499988, 10.240129763000084], [-69.01572949399997, 10.249910998000189], [-69.01008232099991, 10.260038291000114], [-69.00755634799998, 10.283575895000013], [-69.01039550599995, 10.288685011000155], [-69.02712330499998, 10.302829273000043], [-69.02929890299998, 10.385423346000152], [-69.03261420399991, 10.411512984000183], [-69.03655442599995, 10.418768138000075], [-69.04168564799988, 10.41950712900001], [-69.04575879799995, 10.416983041000094], [-69.04836389399992, 10.414454964000072], [-69.0503539149999, 10.403231663000042], [-69.05514310899997, 10.402157612999986], [-69.07458994899997, 10.403298518000156], [-69.07888217499993, 10.411641704000033], [-69.07802419599989, 10.420694937000064], [-69.06678981599993, 10.436602416000085], [-69.06519681099991, 10.445653655000172], [-69.06684995899991, 10.459060985000121], [-69.06859914999995, 10.458957905000148]]]}}, {"type": "Feature", "properties": {"parroquia": "José María Blanco", "municipio": "Crespo", "estado": "Lara", "pcode": "VE130202", "estado_pcode": "VE13", "municipio_pcode": "VE1302", "center_lat": 10.3454185, "center_lon": -69.22677035, "area_sqkm": 306.53077834}, "geometry": {"type": "Polygon", "coordinates": [[[-69.24432, 10.479373], [-69.240784, 10.469924], [-69.249363, 10.460165], [-69.24829199999988, 10.455813], [-69.25063099999988, 10.45407500000016], [-69.246897, 10.451113], [-69.249833, 10.450828000000115], [-69.256089, 10.439723000000185], [-69.26098, 10.439677], [-69.26091699999989, 10.429831], [-69.26637199999988, 10.433146], [-69.267852, 10.426505], [-69.27141399999988, 10.426752], [-69.270366, 10.422468000000151], [-69.264387, 10.416804000000127], [-69.26128199999982, 10.405287], [-69.261491, 10.401147000000151], [-69.264819, 10.401508000000149], [-69.267173, 10.396918], [-69.265675, 10.389573000000155], [-69.270587, 10.372596], [-69.26762799999989, 10.36841800000019], [-69.2673329999999, 10.35850100000016], [-69.271729, 10.346261], [-69.28174499999989, 10.33689900000013], [-69.29322999999988, 10.33199100000013], [-69.300867, 10.32137200000011], [-69.310952, 10.314784], [-69.313594, 10.308552], [-69.31291, 10.286257], [-69.305282, 10.271838], [-69.297763, 10.26823700000017], [-69.297745, 10.249243000000149], [-69.271259, 10.243388], [-69.25562699999989, 10.245274], [-69.248593, 10.243452000000104], [-69.231028, 10.225398], [-69.230046, 10.219707], [-69.216537, 10.214776], [-69.216462, 10.210873000000106], [-69.189434, 10.234229], [-69.182264, 10.237109], [-69.178328, 10.23779500000012], [-69.161798, 10.251379000000156], [-69.200017, 10.276118000000167], [-69.176846, 10.359366000000136], [-69.16753199999982, 10.36912000000018], [-69.165543, 10.407149], [-69.14438899999988, 10.450195000000122], [-69.141295, 10.451937], [-69.24432, 10.479373]]]}}, {"type": "Feature", "properties": {"parroquia": "El Cují", "municipio": "Iribarren", "estado": "Lara", "pcode": "VE130303", "estado_pcode": "VE13", "municipio_pcode": "VE1303", "center_lat": 10.1924175, "center_lon": -69.37600782, "area_sqkm": 85.26473764}, "geometry": {"type": "Polygon", "coordinates": [[[-69.31605599999989, 10.145416000000125], [-69.3013, 10.144777], [-69.25043, 10.162034000000176], [-69.278898, 10.161936], [-69.28827499999989, 10.164621000000182], [-69.291459, 10.160965], [-69.307599, 10.172163000000182], [-69.313235, 10.169795], [-69.32160299999987, 10.17118], [-69.329527, 10.177507], [-69.34151, 10.17654000000016], [-69.3415179999999, 10.2336150000001], [-69.386091, 10.24004], [-69.421877, 10.207050000000152], [-69.373415, 10.144702], [-69.31605599999989, 10.145416000000125]]]}}, {"type": "Feature", "properties": {"parroquia": "Juan de Villegas", "municipio": "Iribarren", "estado": "Lara", "pcode": "VE130304", "estado_pcode": "VE13", "municipio_pcode": "VE1303", "center_lat": 10.032305, "center_lon": -69.44817269, "area_sqkm": 424.68017188}, "geometry": {"type": "Polygon", "coordinates": [[[-69.356663, 10.06602], [-69.392212, 10.078593], [-69.400658, 10.076145], [-69.408576, 10.079447000000187], [-69.432156, 10.099182], [-69.471349, 10.122688], [-69.47660799999983, 10.152447000000109], [-69.472944, 10.165376000000151], [-69.55049699999984, 10.140383], [-69.56503499999985, 10.101921], [-69.577711, 10.044921], [-69.522006, 10.019689], [-69.505954, 9.965447], [-69.509777, 9.919091], [-69.510878, 9.90574700000019], [-69.456258, 9.917802000000165], [-69.42793099999989, 9.95199], [-69.39231599999988, 9.921735000000183], [-69.33093778799997, 9.998494840000092], [-69.352204, 10.045921], [-69.356663, 10.06602]]]}}, {"type": "Feature", "properties": {"parroquia": "Santa Rosa", "municipio": "Iribarren", "estado": "Lara", "pcode": "VE130305", "estado_pcode": "VE13", "municipio_pcode": "VE1303", "center_lat": 10.103996, "center_lon": -69.24264418, "area_sqkm": 66.55767446}, "geometry": {"type": "Polygon", "coordinates": [[[-69.1967911889999, 10.130866341], [-69.200047, 10.137203], [-69.19663, 10.149297], [-69.19885999999985, 10.153125], [-69.207911, 10.160574000000167], [-69.2137, 10.158121], [-69.242418, 10.142112000000111], [-69.27436099999983, 10.110859], [-69.281226, 10.111497], [-69.276808, 10.082934], [-69.28515, 10.078898], [-69.283225, 10.07420800000017], [-69.288688, 10.056650000000104], [-69.28765, 10.046785000000114], [-69.285185, 10.050537], [-69.270429, 10.056052], [-69.24625399999985, 10.0709], [-69.22775899999988, 10.076550000000111], [-69.2240149999999, 10.081392], [-69.21285299999988, 10.083562000000143], [-69.20822247599995, 10.087881971000115], [-69.20820958099983, 10.087930645000029], [-69.1967911889999, 10.130866341]]]}}, {"type": "Feature", "properties": {"parroquia": "Tamaca", "municipio": "Iribarren", "estado": "Lara", "pcode": "VE130306", "estado_pcode": "VE13", "municipio_pcode": "VE1303", "center_lat": 10.274623, "center_lon": -69.33636647, "area_sqkm": 277.05372273}, "geometry": {"type": "Polygon", "coordinates": [[[-69.182264, 10.237109], [-69.189434, 10.234229], [-69.216462, 10.210873000000106], [-69.216537, 10.214776], [-69.230046, 10.219707], [-69.231028, 10.225398], [-69.248593, 10.243452000000104], [-69.25562699999989, 10.245274], [-69.271259, 10.243388], [-69.297745, 10.249243000000149], [-69.297763, 10.26823700000017], [-69.305282, 10.271838], [-69.31291, 10.286257], [-69.313594, 10.308552], [-69.310952, 10.314784], [-69.300867, 10.32137200000011], [-69.29322999999988, 10.33199100000013], [-69.28174499999989, 10.33689900000013], [-69.271729, 10.346261], [-69.2673329999999, 10.35850100000016], [-69.26762799999989, 10.36841800000019], [-69.270587, 10.372596], [-69.265675, 10.389573000000155], [-69.267173, 10.396918], [-69.264819, 10.401508000000149], [-69.261491, 10.401147000000151], [-69.26128199999982, 10.405287], [-69.264387, 10.416804000000127], [-69.270366, 10.422468000000151], [-69.280362, 10.41733900000014], [-69.283944, 10.418207], [-69.284662, 10.414553000000183], [-69.289325, 10.413609], [-69.291612, 10.408373], [-69.301082, 10.405657], [-69.29489, 10.400567], [-69.298658, 10.397065], [-69.305032, 10.394219000000135], [-69.309868, 10.395598], [-69.310408, 10.399281], [-69.31376099999983, 10.399297], [-69.318405, 10.393038000000104], [-69.318028, 10.389355], [-69.32855799999987, 10.384342], [-69.323089, 10.378934], [-69.32231499999989, 10.366669], [-69.330701, 10.36178400000017], [-69.333448, 10.348362], [-69.331991, 10.341638], [-69.334271, 10.33769100000012], [-69.3329379999999, 10.329611], [-69.337111, 10.323913], [-69.338063, 10.317403000000184], [-69.347405, 10.307587000000126], [-69.386091, 10.24004], [-69.3415179999999, 10.2336150000001], [-69.34151, 10.17654000000016], [-69.329527, 10.177507], [-69.32160299999987, 10.17118], [-69.313235, 10.169795], [-69.307599, 10.172163000000182], [-69.291459, 10.160965], [-69.28827499999989, 10.164621000000182], [-69.278898, 10.161936], [-69.25043, 10.162034000000176], [-69.2137, 10.158121], [-69.207911, 10.160574000000167], [-69.19885999999985, 10.153125], [-69.19663, 10.149297], [-69.200047, 10.137203], [-69.1967911889999, 10.130866341], [-69.13499740499998, 10.13579918500011], [-69.14121199999988, 10.141442], [-69.142456, 10.152611], [-69.14625199999983, 10.155588], [-69.152401, 10.153769], [-69.158112, 10.155686], [-69.161736, 10.163712], [-69.173377, 10.170992000000126], [-69.173098, 10.17727900000017], [-69.177802, 10.190459], [-69.17179199999987, 10.20267900000016], [-69.17590899999988, 10.210319], [-69.173794, 10.214683], [-69.176542, 10.220128000000102], [-69.17520899999988, 10.229275], [-69.1810339999999, 10.23156100000017], [-69.182264, 10.237109]]]}}, {"type": "Feature", "properties": {"parroquia": "Unión", "municipio": "Iribarren", "estado": "Lara", "pcode": "VE130307", "estado_pcode": "VE13", "municipio_pcode": "VE1303", "center_lat": 10.1359665, "center_lon": -69.39402005, "area_sqkm": 150.92121489}, "geometry": {"type": "Polygon", "coordinates": [[[-69.31747, 10.0839], [-69.314749, 10.084013], [-69.3075649999999, 10.108304], [-69.31605599999989, 10.145416000000125], [-69.373415, 10.144702], [-69.421877, 10.207050000000152], [-69.44738199999989, 10.164507000000185], [-69.472944, 10.165376000000151], [-69.47660799999983, 10.152447000000109], [-69.471349, 10.122688], [-69.432156, 10.099182], [-69.408576, 10.079447000000187], [-69.400658, 10.076145], [-69.392212, 10.078593], [-69.356663, 10.06602], [-69.33375699999988, 10.080406000000153], [-69.31747, 10.0839]]]}}, {"type": "Feature", "properties": {"parroquia": "Aguedo Felipe Alvarado", "municipio": "Iribarren", "estado": "Lara", "pcode": "VE130308", "estado_pcode": "VE13", "municipio_pcode": "VE1303", "center_lat": 10.313114, "center_lon": -69.48608441, "area_sqkm": 1185.54122927}, "geometry": {"type": "Polygon", "coordinates": [[[-69.270366, 10.422468000000151], [-69.27141399999988, 10.426752], [-69.267852, 10.426505], [-69.26637199999988, 10.433146], [-69.26091699999989, 10.429831], [-69.26098, 10.439677], [-69.256089, 10.439723000000185], [-69.249833, 10.450828000000115], [-69.246897, 10.451113], [-69.25063099999988, 10.45407500000016], [-69.24829199999988, 10.455813], [-69.249363, 10.460165], [-69.240784, 10.469924], [-69.24432, 10.479373], [-69.250486, 10.476435000000151], [-69.257143, 10.477294], [-69.259784, 10.480021], [-69.261404, 10.477614000000187], [-69.264242, 10.48268800000011], [-69.266489, 10.480927], [-69.27068, 10.485593000000108], [-69.44336, 10.523588], [-69.448746, 10.519424000000129], [-69.456088, 10.507281], [-69.469309, 10.496031], [-69.475552, 10.482713], [-69.480424, 10.483180000000118], [-69.4823679999999, 10.488061], [-69.48899099999988, 10.47962], [-69.492936, 10.481056], [-69.494557, 10.474957], [-69.497908, 10.478215], [-69.506759, 10.474741000000165], [-69.515127, 10.463429000000133], [-69.520134, 10.466059], [-69.520293, 10.463648000000148], [-69.530317, 10.462646], [-69.530821, 10.458944000000145], [-69.53409499999987, 10.462112000000104], [-69.539354, 10.46122800000012], [-69.545312, 10.453702], [-69.545202, 10.449530000000152], [-69.550817, 10.446804], [-69.555625, 10.444300000000169], [-69.563362, 10.432976], [-69.571469, 10.441856], [-69.590599, 10.442716000000189], [-69.594384, 10.440892], [-69.591299, 10.432328], [-69.6026159999999, 10.433321], [-69.6143, 10.429384], [-69.616694, 10.423321], [-69.615788, 10.415832000000137], [-69.62775099999982, 10.404549], [-69.61898, 10.391520000000128], [-69.618458, 10.393205], [-69.612652, 10.391221], [-69.614279, 10.389046], [-69.611611, 10.388159], [-69.612045, 10.380055], [-69.606628, 10.373398000000122], [-69.60723, 10.367745], [-69.610944, 10.366431], [-69.615574, 10.35665900000015], [-69.613062, 10.342262000000176], [-69.617297, 10.339172000000133], [-69.61739399999988, 10.332772], [-69.63207, 10.308908], [-69.636474, 10.308606], [-69.638953, 10.30438], [-69.653762, 10.294373000000121], [-69.651875, 10.279898000000117], [-69.660494, 10.266483], [-69.65820199999985, 10.258571000000131], [-69.659135, 10.248266000000115], [-69.662847, 10.245231], [-69.67120499999987, 10.244617], [-69.675917, 10.239312], [-69.675374, 10.234884000000136], [-69.66274499999986, 10.228619], [-69.657401, 10.216604000000189], [-69.6610409999999, 10.20003], [-69.650046, 10.196813000000134], [-69.63562, 10.184904000000131], [-69.634937, 10.180041], [-69.641642, 10.162728], [-69.63267999999988, 10.152141], [-69.638876, 10.148782], [-69.56503499999985, 10.101921], [-69.55049699999984, 10.140383], [-69.472944, 10.165376000000151], [-69.44738199999989, 10.164507000000185], [-69.421877, 10.207050000000152], [-69.386091, 10.24004], [-69.347405, 10.307587000000126], [-69.338063, 10.317403000000184], [-69.337111, 10.323913], [-69.3329379999999, 10.329611], [-69.334271, 10.33769100000012], [-69.331991, 10.341638], [-69.333448, 10.348362], [-69.330701, 10.36178400000017], [-69.32231499999989, 10.366669], [-69.323089, 10.378934], [-69.32855799999987, 10.384342], [-69.318028, 10.389355], [-69.318405, 10.393038000000104], [-69.31376099999983, 10.399297], [-69.310408, 10.399281], [-69.309868, 10.395598], [-69.305032, 10.394219000000135], [-69.298658, 10.397065], [-69.29489, 10.400567], [-69.301082, 10.405657], [-69.291612, 10.408373], [-69.289325, 10.413609], [-69.284662, 10.414553000000183], [-69.283944, 10.418207], [-69.280362, 10.41733900000014], [-69.270366, 10.422468000000151]]]}}, {"type": "Feature", "properties": {"parroquia": "Buena Vista", "municipio": "Iribarren", "estado": "Lara", "pcode": "VE130309", "estado_pcode": "VE13", "municipio_pcode": "VE1303", "center_lat": 9.8383015, "center_lon": -69.45647049, "area_sqkm": 225.88288897}, "geometry": {"type": "Polygon", "coordinates": [[[-69.34749082899998, 9.740835226000058], [-69.361654, 9.75232700000015], [-69.349946, 9.772216000000185], [-69.35142, 9.778459000000169], [-69.349411, 9.779714], [-69.353154, 9.783174], [-69.350533, 9.785856], [-69.352537, 9.793619], [-69.360844, 9.806671000000108], [-69.375123, 9.811982], [-69.38513, 9.802605000000142], [-69.39977499999986, 9.801896000000113], [-69.409888, 9.810548], [-69.41101699999984, 9.814689], [-69.413133, 9.813752], [-69.419327, 9.818653], [-69.416278, 9.831775000000107], [-69.41230399999984, 9.834789000000114], [-69.408795, 9.843189], [-69.412661, 9.851083], [-69.403993, 9.857071], [-69.407217, 9.86299], [-69.397767, 9.869171], [-69.399543, 9.872159000000181], [-69.392101, 9.880811], [-69.39181499999984, 9.884917], [-69.387384, 9.887029], [-69.38442, 9.900008000000128], [-69.375638, 9.909865], [-69.39231599999988, 9.921735000000183], [-69.42793099999989, 9.95199], [-69.456258, 9.917802000000165], [-69.510878, 9.90574700000019], [-69.4907879999999, 9.890402], [-69.510118, 9.875578000000132], [-69.51338999999984, 9.862681], [-69.512567, 9.856449000000111], [-69.496328, 9.828718000000151], [-69.476506, 9.825571], [-69.46886499999988, 9.817832], [-69.471759, 9.81079], [-69.489993, 9.79875], [-69.489097, 9.789884], [-69.47603, 9.775558000000103], [-69.464227, 9.777405000000158], [-69.44235, 9.774745000000166], [-69.432268, 9.771084000000144], [-69.425169, 9.771511], [-69.42176599999988, 9.767854], [-69.412208, 9.765574], [-69.405287, 9.758310000000108], [-69.397931, 9.730244], [-69.385304, 9.7245], [-69.37215799999984, 9.728184], [-69.357967, 9.724848000000122], [-69.34347790799995, 9.727629456000045], [-69.34749082899998, 9.740835226000058]]]}}, {"type": "Feature", "properties": {"parroquia": "Juárez", "municipio": "Iribarren", "estado": "Lara", "pcode": "VE130310", "estado_pcode": "VE13", "municipio_pcode": "VE1303", "center_lat": 9.8795115, "center_lon": -69.33918585, "area_sqkm": 224.51660717}, "geometry": {"type": "Polygon", "coordinates": [[[-69.33093778799997, 9.998494840000092], [-69.39231599999988, 9.921735000000183], [-69.375638, 9.909865], [-69.38442, 9.900008000000128], [-69.387384, 9.887029], [-69.39181499999984, 9.884917], [-69.392101, 9.880811], [-69.399543, 9.872159000000181], [-69.397767, 9.869171], [-69.407217, 9.86299], [-69.403993, 9.857071], [-69.412661, 9.851083], [-69.408795, 9.843189], [-69.41230399999984, 9.834789000000114], [-69.416278, 9.831775000000107], [-69.419327, 9.818653], [-69.413133, 9.813752], [-69.41101699999984, 9.814689], [-69.409888, 9.810548], [-69.39977499999986, 9.801896000000113], [-69.38513, 9.802605000000142], [-69.375123, 9.811982], [-69.360844, 9.806671000000108], [-69.352537, 9.793619], [-69.350533, 9.785856], [-69.353154, 9.783174], [-69.349411, 9.779714], [-69.35142, 9.778459000000169], [-69.349946, 9.772216000000185], [-69.361654, 9.75232700000015], [-69.34749082899998, 9.740835226000058], [-69.35000867599996, 9.74794960600019], [-69.34867264799988, 9.75299474500008], [-69.33559217199996, 9.764704106000181], [-69.33343715599989, 9.777673425000103], [-69.33047101099999, 9.775538397000162], [-69.32274668899998, 9.775988453000082], [-69.31539442999997, 9.784014688000127], [-69.31253829499991, 9.783370687], [-69.30918323399987, 9.795399004000046], [-69.30471306799996, 9.80036415100011], [-69.30462510199993, 9.806946310000171], [-69.2950697419999, 9.813381524000079], [-69.29219071099988, 9.830588962000036], [-69.28575845199998, 9.832527047000099], [-69.28558850199994, 9.84155127200006], [-69.28253936799996, 9.84181229799998], [-69.28379529399996, 9.845822871999985], [-69.285044, 9.880099], [-69.2812899999999, 9.899091000000112], [-69.295442, 9.908389000000113], [-69.299756, 9.918107000000191], [-69.301145, 9.931555000000174], [-69.315369, 9.945726], [-69.318771, 9.967097], [-69.31569, 9.977435], [-69.319092, 9.995585], [-69.315014, 10.003579000000116], [-69.313158, 10.018794000000128], [-69.31518146899992, 10.019135661000064], [-69.3252457339999, 10.002207934000012], [-69.33093778799997, 9.998494840000092]]]}}, {"type": "Feature", "properties": {"parroquia": "Juan Bautista Rodríguez", "municipio": "Jiménez", "estado": "Lara", "pcode": "VE130401", "estado_pcode": "VE13", "municipio_pcode": "VE1304", "center_lat": 9.970241, "center_lon": -69.67585609, "area_sqkm": 142.64051947}, "geometry": {"type": "Polygon", "coordinates": [[[-69.60773199999988, 9.914477], [-69.613218, 9.916666], [-69.614372, 9.924394], [-69.61900799999984, 9.92975], [-69.622373, 9.94717], [-69.633019, 9.957676000000163], [-69.633922, 9.976981000000137], [-69.639192, 9.991469], [-69.64389, 9.997019], [-69.643103, 10.005674000000113], [-69.64713299999988, 10.021487], [-69.6580479999999, 10.027533], [-69.65899299999984, 10.030985], [-69.668709, 10.033767000000182], [-69.66883, 10.036213], [-69.68398299999984, 10.03962300000012], [-69.68767, 10.04379200000011], [-69.685805, 10.051711000000182], [-69.689891, 10.058447000000115], [-69.692782, 10.057428000000186], [-69.695139, 10.062506], [-69.700945, 10.06458], [-69.708243, 10.063208], [-69.71697599999987, 10.04887900000017], [-69.73038899999989, 10.033688], [-69.736456, 10.029231], [-69.7440079999999, 10.027971], [-69.756271, 10.018586000000141], [-69.761029, 10.002044000000126], [-69.75446099999988, 9.997250000000122], [-69.753186, 9.988977], [-69.740311, 9.985029], [-69.737115, 9.97984], [-69.664193, 9.942108], [-69.664065, 9.878347], [-69.63126299999988, 9.89559400000013], [-69.60773199999988, 9.914477]]]}}, {"type": "Feature", "properties": {"parroquia": "Cuara", "municipio": "Jiménez", "estado": "Lara", "pcode": "VE130402", "estado_pcode": "VE13", "municipio_pcode": "VE1304", "center_lat": 9.865211, "center_lon": -69.60026727, "area_sqkm": 60.13375504}, "geometry": {"type": "Polygon", "coordinates": [[[-69.563544, 9.880982000000131], [-69.561508, 9.889019], [-69.55870699999986, 9.89239300000014], [-69.554093, 9.8931], [-69.554697, 9.898164000000179], [-69.56098, 9.89718900000014], [-69.563634, 9.899932], [-69.60773199999988, 9.914477], [-69.63126299999988, 9.89559400000013], [-69.629292, 9.817817], [-69.621112, 9.817472000000123], [-69.581445, 9.834183], [-69.57281, 9.850477000000183], [-69.568993, 9.872298000000171], [-69.566392, 9.879707000000167], [-69.563544, 9.880982000000131]]]}}, {"type": "Feature", "properties": {"parroquia": "Diego de Lozada", "municipio": "Jiménez", "estado": "Lara", "pcode": "VE130403", "estado_pcode": "VE13", "municipio_pcode": "VE1304", "center_lat": 9.800254, "center_lon": -69.57138555, "area_sqkm": 135.02665862}, "geometry": {"type": "Polygon", "coordinates": [[[-69.621112, 9.817472000000123], [-69.622948, 9.809359000000143], [-69.617048, 9.803237], [-69.62517799999989, 9.793734000000143], [-69.626749, 9.773653], [-69.62555199999986, 9.768985], [-69.606541, 9.75707100000011], [-69.601296, 9.749689], [-69.6026849999999, 9.728987], [-69.595048, 9.722539], [-69.587723, 9.720499000000132], [-69.576603, 9.721867], [-69.551326, 9.731229000000155], [-69.542477, 9.747593000000165], [-69.52958599999982, 9.750975], [-69.522563, 9.755521000000101], [-69.502332, 9.773847000000103], [-69.509043, 9.785369], [-69.529903, 9.804841], [-69.525583, 9.819883000000118], [-69.521111, 9.823386], [-69.521605, 9.82916200000011], [-69.532663, 9.838785], [-69.52584499999989, 9.852362], [-69.54912, 9.863631000000169], [-69.563544, 9.880982000000131], [-69.566392, 9.879707000000167], [-69.568993, 9.872298000000171], [-69.57281, 9.850477000000183], [-69.581445, 9.834183], [-69.621112, 9.817472000000123]]]}}, {"type": "Feature", "properties": {"parroquia": "Paraíso de San José", "municipio": "Jiménez", "estado": "Lara", "pcode": "VE130404", "estado_pcode": "VE13", "municipio_pcode": "VE1304", "center_lat": 9.800677, "center_lon": -69.51060439, "area_sqkm": 13.79666464}, "geometry": {"type": "Polygon", "coordinates": [[[-69.502332, 9.773847000000103], [-69.48272, 9.774002000000166], [-69.509839, 9.82254], [-69.521605, 9.82916200000011], [-69.521111, 9.823386], [-69.525583, 9.819883000000118], [-69.529903, 9.804841], [-69.509043, 9.785369], [-69.502332, 9.773847000000103]]]}}, {"type": "Feature", "properties": {"parroquia": "San Miguel", "municipio": "Jiménez", "estado": "Lara", "pcode": "VE130405", "estado_pcode": "VE13", "municipio_pcode": "VE1304", "center_lat": 9.8481595, "center_lon": -69.51812269, "area_sqkm": 51.24214997}, "geometry": {"type": "Polygon", "coordinates": [[[-69.509777, 9.919091], [-69.518375, 9.922920000000147], [-69.528082, 9.91285500000015], [-69.528942, 9.907869], [-69.538535, 9.908082], [-69.538213, 9.895743], [-69.540821, 9.894068000000175], [-69.54887, 9.898285], [-69.554697, 9.898164000000179], [-69.554093, 9.8931], [-69.55870699999986, 9.89239300000014], [-69.561508, 9.889019], [-69.563544, 9.880982000000131], [-69.54912, 9.863631000000169], [-69.52584499999989, 9.852362], [-69.532663, 9.838785], [-69.521605, 9.82916200000011], [-69.509839, 9.82254], [-69.48272, 9.774002000000166], [-69.47603, 9.775558000000103], [-69.489097, 9.789884], [-69.489993, 9.79875], [-69.471759, 9.81079], [-69.46886499999988, 9.817832], [-69.476506, 9.825571], [-69.496328, 9.828718000000151], [-69.512567, 9.856449000000111], [-69.51338999999984, 9.862681], [-69.510118, 9.875578000000132], [-69.4907879999999, 9.890402], [-69.510878, 9.90574700000019], [-69.509777, 9.919091]]]}}, {"type": "Feature", "properties": {"parroquia": "Tintorero", "municipio": "Jiménez", "estado": "Lara", "pcode": "VE130406", "estado_pcode": "VE13", "municipio_pcode": "VE1304", "center_lat": 10.023702, "center_lon": -69.58185233, "area_sqkm": 241.00271584}, "geometry": {"type": "Polygon", "coordinates": [[[-69.638876, 10.148782], [-69.647063, 10.141609], [-69.650787, 10.132999000000154], [-69.66041899999988, 10.129242], [-69.666393, 10.107067], [-69.671074, 10.10180400000013], [-69.685584, 10.098337000000129], [-69.69677399999989, 10.084344], [-69.69067, 10.076116000000127], [-69.671137, 10.063025], [-69.656006, 10.042885000000183], [-69.6305119999999, 10.034169], [-69.637899, 10.027715000000171], [-69.598508, 9.996474], [-69.5984, 9.986582000000169], [-69.591953, 9.979859], [-69.58695099999989, 9.968577], [-69.584269, 9.954211000000157], [-69.579235, 9.947351], [-69.5722899999999, 9.914819], [-69.565154, 9.906488], [-69.563634, 9.899932], [-69.56098, 9.89718900000014], [-69.554697, 9.898164000000179], [-69.54887, 9.898285], [-69.540821, 9.894068000000175], [-69.538213, 9.895743], [-69.538535, 9.908082], [-69.528942, 9.907869], [-69.528082, 9.91285500000015], [-69.518375, 9.922920000000147], [-69.509777, 9.919091], [-69.505954, 9.965447], [-69.522006, 10.019689], [-69.577711, 10.044921], [-69.56503499999985, 10.101921], [-69.638876, 10.148782]]]}}, {"type": "Feature", "properties": {"parroquia": "Cabo José Dorante", "municipio": "Jiménez", "estado": "Lara", "pcode": "VE130407", "estado_pcode": "VE13", "municipio_pcode": "VE1304", "center_lat": 9.8841175, "center_lon": -69.70265804, "area_sqkm": 142.64879716}, "geometry": {"type": "Polygon", "coordinates": [[[-69.63126299999988, 9.89559400000013], [-69.664065, 9.878347], [-69.664193, 9.942108], [-69.737115, 9.97984], [-69.730643, 9.953556000000106], [-69.737628, 9.941862000000128], [-69.73770799999988, 9.936390000000188], [-69.73000299999984, 9.918706], [-69.74229799999989, 9.904126000000133], [-69.743532, 9.89630700000015], [-69.741109, 9.882865000000152], [-69.73433099999983, 9.873845], [-69.725164, 9.874603], [-69.69776, 9.853860000000111], [-69.69938, 9.834826], [-69.696417, 9.833156], [-69.69922698999983, 9.808584089000021], [-69.68796, 9.808264000000122], [-69.68035, 9.814101], [-69.6429179999999, 9.790658000000178], [-69.637521, 9.802351000000101], [-69.628523, 9.807675], [-69.621112, 9.817472000000123], [-69.629292, 9.817817], [-69.63126299999988, 9.89559400000013]]]}}, {"type": "Feature", "properties": {"parroquia": "Coronel Mariano Peraza", "municipio": "Jiménez", "estado": "Lara", "pcode": "VE130408", "estado_pcode": "VE13", "municipio_pcode": "VE1304", "center_lat": 9.9925555, "center_lon": -69.61960647, "area_sqkm": 71.86326714}, "geometry": {"type": "Polygon", "coordinates": [[[-69.700945, 10.06458], [-69.695139, 10.062506], [-69.692782, 10.057428000000186], [-69.689891, 10.058447000000115], [-69.685805, 10.051711000000182], [-69.68767, 10.04379200000011], [-69.68398299999984, 10.03962300000012], [-69.66883, 10.036213], [-69.668709, 10.033767000000182], [-69.65899299999984, 10.030985], [-69.6580479999999, 10.027533], [-69.64713299999988, 10.021487], [-69.643103, 10.005674000000113], [-69.64389, 9.997019], [-69.639192, 9.991469], [-69.633922, 9.976981000000137], [-69.633019, 9.957676000000163], [-69.622373, 9.94717], [-69.61900799999984, 9.92975], [-69.614372, 9.924394], [-69.613218, 9.916666], [-69.60773199999988, 9.914477], [-69.563634, 9.899932], [-69.565154, 9.906488], [-69.5722899999999, 9.914819], [-69.579235, 9.947351], [-69.584269, 9.954211000000157], [-69.58695099999989, 9.968577], [-69.591953, 9.979859], [-69.5984, 9.986582000000169], [-69.598508, 9.996474], [-69.637899, 10.027715000000171], [-69.6305119999999, 10.034169], [-69.656006, 10.042885000000183], [-69.671137, 10.063025], [-69.69067, 10.076116000000127], [-69.69677399999989, 10.084344], [-69.700945, 10.06458]]]}}, {"type": "Feature", "properties": {"parroquia": "Bolívar", "municipio": "Moran", "estado": "Lara", "pcode": "VE130501", "estado_pcode": "VE13", "municipio_pcode": "VE1305", "center_lat": 9.8330175, "center_lon": -69.78745739, "area_sqkm": 659.98481133}, "geometry": {"type": "Polygon", "coordinates": [[[-69.737115, 9.97984], [-69.740311, 9.985029], [-69.753186, 9.988977], [-69.75446099999988, 9.997250000000122], [-69.761029, 10.002044000000126], [-69.803939, 10.0137], [-69.822115, 9.984715], [-69.835621, 9.954667], [-69.849357, 9.935359000000119], [-69.85471199999989, 9.93762], [-69.863302, 9.932643000000155], [-69.868138, 9.934422], [-69.872167, 9.931998], [-69.909489, 9.929667000000109], [-69.919436, 9.925022000000183], [-69.920118, 9.918164000000104], [-69.912522, 9.911247000000117], [-69.907676, 9.899185000000102], [-69.918491, 9.890432], [-69.925407, 9.876724], [-69.922432, 9.869395000000111], [-69.90651399999985, 9.873187], [-69.900159, 9.870989], [-69.880254, 9.842794], [-69.876537, 9.829418000000146], [-69.866405, 9.821327], [-69.88336199999986, 9.817372], [-69.927671, 9.782055000000128], [-69.927409, 9.778205], [-69.913905, 9.768208000000186], [-69.914033, 9.761502], [-69.90701499999989, 9.754318], [-69.902884, 9.748228], [-69.900573, 9.73252], [-69.90667699999983, 9.723292000000129], [-69.907813, 9.709697], [-69.90168799999987, 9.701043], [-69.901626, 9.672535000000153], [-69.89819099999988, 9.6654410000001], [-69.89481499999988, 9.665208000000177], [-69.872847, 9.679944000000148], [-69.813788, 9.666828000000123], [-69.807671, 9.700286000000176], [-69.80231199999986, 9.709743000000174], [-69.802759, 9.71974], [-69.798175, 9.722156], [-69.79435499999988, 9.705461], [-69.790916, 9.700242], [-69.776982, 9.689779000000158], [-69.771889, 9.688613000000146], [-69.761919, 9.6799], [-69.76051, 9.675785000000133], [-69.737159, 9.66786500000012], [-69.71510499999988, 9.652069], [-69.708698, 9.653003000000183], [-69.725982, 9.675770000000114], [-69.724817, 9.684865000000173], [-69.733646, 9.695494000000167], [-69.710744, 9.741233], [-69.701764, 9.806821], [-69.69922698999983, 9.808584089000021], [-69.696417, 9.833156], [-69.69938, 9.834826], [-69.69776, 9.853860000000111], [-69.725164, 9.874603], [-69.73433099999983, 9.873845], [-69.741109, 9.882865000000152], [-69.743532, 9.89630700000015], [-69.74229799999989, 9.904126000000133], [-69.73000299999984, 9.918706], [-69.73770799999988, 9.936390000000188], [-69.737628, 9.941862000000128], [-69.730643, 9.953556000000106], [-69.737115, 9.97984]]]}}, {"type": "Feature", "properties": {"parroquia": "Anzoátegui", "municipio": "Moran", "estado": "Lara", "pcode": "VE130502", "estado_pcode": "VE13", "municipio_pcode": "VE1305", "center_lat": 9.6112685, "center_lon": -69.88544171, "area_sqkm": 125.20223336}, "geometry": {"type": "Polygon", "coordinates": [[[-69.813788, 9.666828000000123], [-69.872847, 9.679944000000148], [-69.89481499999988, 9.665208000000177], [-69.89819099999988, 9.6654410000001], [-69.909727, 9.662080000000174], [-69.911068, 9.649454], [-69.914978, 9.642377000000124], [-69.911571, 9.637236], [-69.91102199999989, 9.629828], [-69.919632, 9.617287], [-69.920233, 9.613071], [-69.933944, 9.597747], [-69.933107, 9.587319], [-69.93547199999989, 9.579257], [-69.949539, 9.56417000000016], [-69.95471541399996, 9.551467392], [-69.94962080399995, 9.55477952200016], [-69.92964191299995, 9.545573427000079], [-69.91937447399988, 9.544142449000162], [-69.90210476699997, 9.546950615000128], [-69.87002442199997, 9.54709079700018], [-69.86387821299996, 9.555327025000054], [-69.84859663399982, 9.566564385000106], [-69.856433, 9.575424000000169], [-69.84849799999989, 9.587972], [-69.852254, 9.596529], [-69.845049, 9.626891], [-69.834973, 9.635756000000129], [-69.831024, 9.642305], [-69.831789, 9.647501], [-69.825743, 9.656248000000119], [-69.813788, 9.666828000000123]]]}}, {"type": "Feature", "properties": {"parroquia": "Guárico", "municipio": "Moran", "estado": "Lara", "pcode": "VE130503", "estado_pcode": "VE13", "municipio_pcode": "VE1305", "center_lat": 9.5987125, "center_lon": -69.77442044, "area_sqkm": 306.92017258}, "geometry": {"type": "Polygon", "coordinates": [[[-69.708698, 9.653003000000183], [-69.71510499999988, 9.652069], [-69.737159, 9.66786500000012], [-69.76051, 9.675785000000133], [-69.761919, 9.6799], [-69.771889, 9.688613000000146], [-69.776982, 9.689779000000158], [-69.790916, 9.700242], [-69.79435499999988, 9.705461], [-69.798175, 9.722156], [-69.802759, 9.71974], [-69.80231199999986, 9.709743000000174], [-69.807671, 9.700286000000176], [-69.813788, 9.666828000000123], [-69.825743, 9.656248000000119], [-69.831789, 9.647501], [-69.831024, 9.642305], [-69.834973, 9.635756000000129], [-69.845049, 9.626891], [-69.852254, 9.596529], [-69.84849799999989, 9.587972], [-69.856433, 9.575424000000169], [-69.84859663399982, 9.566564385000106], [-69.8354835959999, 9.56741189600018], [-69.83281772699996, 9.562983133999978], [-69.82517999999988, 9.555894], [-69.815485, 9.557299], [-69.806713, 9.553346], [-69.804695, 9.548095], [-69.79976099999982, 9.545524000000114], [-69.79799, 9.53829], [-69.7995719999999, 9.535048], [-69.7948669999999, 9.529782], [-69.78802599999989, 9.532162], [-69.786672, 9.530064000000152], [-69.780081, 9.529493000000116], [-69.776387, 9.531922], [-69.775555, 9.530291], [-69.769678, 9.535816000000182], [-69.76885, 9.540367000000117], [-69.767148, 9.537382], [-69.76199199999985, 9.542149000000109], [-69.758049, 9.539366], [-69.751758, 9.541569], [-69.73967399999987, 9.535042], [-69.72149, 9.536113], [-69.69835799999987, 9.529739], [-69.69548, 9.527821000000188], [-69.69756199999989, 9.52505], [-69.69319699999988, 9.517705], [-69.685959, 9.510348], [-69.68382899999989, 9.504317000000185], [-69.685631, 9.502358000000129], [-69.6782429999999, 9.488410000000158], [-69.676559, 9.479885], [-69.671724, 9.474023000000102], [-69.66773499999982, 9.472964], [-69.655564, 9.483261], [-69.640729, 9.489979000000119], [-69.639264, 9.52151], [-69.63243099999988, 9.528713], [-69.627937, 9.528748000000121], [-69.62085476799996, 9.534711146000063], [-69.62113882099993, 9.556465879000143], [-69.631542, 9.558241], [-69.64355299999988, 9.575092], [-69.658442, 9.577077000000145], [-69.674109, 9.574549], [-69.699949, 9.582448000000113], [-69.70281299999988, 9.587942000000112], [-69.693164, 9.607137], [-69.68227499999989, 9.617158000000188], [-69.675671, 9.627843000000155], [-69.688753, 9.638958], [-69.700458, 9.641419], [-69.708698, 9.653003000000183]]]}}, {"type": "Feature", "properties": {"parroquia": "Hilario Luna y Luna", "municipio": "Moran", "estado": "Lara", "pcode": "VE130504", "estado_pcode": "VE13", "municipio_pcode": "VE1305", "center_lat": 9.48113869, "center_lon": -69.76565187, "area_sqkm": 327.18758112}, "geometry": {"type": "Polygon", "coordinates": [[[-69.62085476799996, 9.534711146000063], [-69.627937, 9.528748000000121], [-69.63243099999988, 9.528713], [-69.639264, 9.52151], [-69.640729, 9.489979000000119], [-69.655564, 9.483261], [-69.66773499999982, 9.472964], [-69.671724, 9.474023000000102], [-69.676559, 9.479885], [-69.6782429999999, 9.488410000000158], [-69.685631, 9.502358000000129], [-69.68382899999989, 9.504317000000185], [-69.685959, 9.510348], [-69.69319699999988, 9.517705], [-69.69756199999989, 9.52505], [-69.69548, 9.527821000000188], [-69.69835799999987, 9.529739], [-69.72149, 9.536113], [-69.73967399999987, 9.535042], [-69.751758, 9.541569], [-69.758049, 9.539366], [-69.76199199999985, 9.542149000000109], [-69.767148, 9.537382], [-69.76885, 9.540367000000117], [-69.769678, 9.535816000000182], [-69.775555, 9.530291], [-69.776387, 9.531922], [-69.780081, 9.529493000000116], [-69.786672, 9.530064000000152], [-69.78802599999989, 9.532162], [-69.7948669999999, 9.529782], [-69.7995719999999, 9.535048], [-69.79799, 9.53829], [-69.79976099999982, 9.545524000000114], [-69.804695, 9.548095], [-69.806713, 9.553346], [-69.815485, 9.557299], [-69.82517999999988, 9.555894], [-69.83281772699996, 9.562983133999978], [-69.83154085599995, 9.556153229000017], [-69.82635062199984, 9.552414174000035], [-69.83386587599983, 9.543325915000082], [-69.83167467199996, 9.523058441000046], [-69.83348670399988, 9.514621232000138], [-69.85315535699988, 9.485268422000104], [-69.85522139399995, 9.477681237000184], [-69.8653028149999, 9.476541152000095], [-69.86790089399994, 9.471205013000088], [-69.87766027099997, 9.465767822999965], [-69.89375081899993, 9.443910220000078], [-69.8949387749999, 9.42761382600014], [-69.90172372799998, 9.41551406400015], [-69.89829180799995, 9.408179345000178], [-69.89566669599992, 9.407325338000135], [-69.87910600899988, 9.409899487000018], [-69.87634291599994, 9.413042580000138], [-69.8705766569999, 9.410326546000078], [-69.86643751499992, 9.415753700000096], [-69.86187530399991, 9.412913659000026], [-69.85714406499994, 9.404997498000057], [-69.84623161899998, 9.406106582000177], [-69.83621059799992, 9.402385774000152], [-69.82018551699997, 9.406047732000104], [-69.81602136599997, 9.409844842000041], [-69.81196018199995, 9.407672820000073], [-69.80524591299996, 9.4100149140001], [-69.78590817599991, 9.42382934300008], [-69.75466488399996, 9.425746562000029], [-69.75219885099995, 9.437791870000126], [-69.74865770499997, 9.439975937000042], [-69.72837082499996, 9.434139918000085], [-69.72818278899996, 9.430260824000129], [-69.73479700699994, 9.418137493000074], [-69.71790122499993, 9.407203327000047], [-69.67952761199996, 9.40643852800008], [-69.67699349499998, 9.405199513000184], [-69.67692547899998, 9.401731429000108], [-69.67077623499983, 9.404824544000121], [-69.66703006399985, 9.401552485000025], [-69.6605998259999, 9.407181652000133], [-69.6537704829999, 9.399185504000059], [-69.65409052699994, 9.403184588000158], [-69.65068840599997, 9.408152729000108], [-69.64856431699991, 9.407545725000148], [-69.64258311999993, 9.417920010000103], [-69.6404821129999, 9.43140233700018], [-69.63486392899983, 9.440663588], [-69.6322778839999, 9.451562862000173], [-69.62383758999994, 9.46274218000002], [-69.61946057499989, 9.492663914000047], [-69.62641596999993, 9.511505328000055], [-69.62085476799996, 9.534711146000063]]]}}, {"type": "Feature", "properties": {"parroquia": "Humocaro Alto", "municipio": "Moran", "estado": "Lara", "pcode": "VE130505", "estado_pcode": "VE13", "municipio_pcode": "VE1305", "center_lat": 9.57535705, "center_lon": -70.02857499, "area_sqkm": 276.31115989}, "geometry": {"type": "Polygon", "coordinates": [[[-69.919632, 9.617287], [-69.941612, 9.60156300000017], [-69.946672, 9.613781000000188], [-69.969296, 9.640263000000175], [-69.976146, 9.639778], [-69.985057, 9.634670000000142], [-70.00125999999983, 9.633363], [-70.004754, 9.63013100000012], [-70.004402, 9.62308], [-70.024447, 9.620307000000139], [-70.026711, 9.626026], [-70.033392, 9.625698000000114], [-70.060879, 9.641978000000165], [-70.0694989999999, 9.645145000000184], [-70.077684, 9.64438500000017], [-70.08431399999989, 9.663288000000136], [-70.080788, 9.671129000000178], [-70.08319980699991, 9.676645246000078], [-70.08567221299995, 9.676538639000057], [-70.09707061799998, 9.663924281000106], [-70.09884561499996, 9.65213498200012], [-70.10717386199997, 9.633521498000164], [-70.12663055299998, 9.613044900000034], [-70.12653546799993, 9.599470574000065], [-70.11787999999984, 9.58193020400006], [-70.12335709899997, 9.559865659000081], [-70.11630278599989, 9.555500597000048], [-70.11199653499995, 9.543996348000064], [-70.11349750399995, 9.528136079000035], [-70.11345446999997, 9.528060020000055], [-70.10994531599994, 9.520970806000037], [-70.10419005499989, 9.51622873499997], [-70.10345894999989, 9.505069468000102], [-70.10081682699996, 9.501066388000027], [-70.09695264099997, 9.498541358000182], [-70.08523315499991, 9.497994411000093], [-70.07982941899985, 9.489880206000123], [-70.056612, 9.491438], [-70.051406, 9.488284], [-70.045967, 9.479531], [-70.0406339999999, 9.477843000000178], [-70.025702, 9.482883], [-70.01453577599995, 9.482493571000077], [-70.01233410299994, 9.498265825000033], [-70.00094065099995, 9.502762998000037], [-69.98962935399993, 9.515047474000028], [-69.97419774499997, 9.539431026000159], [-69.95471541399996, 9.551467392], [-69.949539, 9.56417000000016], [-69.93547199999989, 9.579257], [-69.933107, 9.587319], [-69.933944, 9.597747], [-69.920233, 9.613071], [-69.919632, 9.617287]]]}}, {"type": "Feature", "properties": {"parroquia": "Humocaro Bajo", "municipio": "Moran", "estado": "Lara", "pcode": "VE130506", "estado_pcode": "VE13", "municipio_pcode": "VE1305", "center_lat": 9.68103074, "center_lon": -69.95123853, "area_sqkm": 220.65693592}, "geometry": {"type": "Polygon", "coordinates": [[[-69.90701499999989, 9.754318], [-69.921482, 9.754648], [-69.93296299999986, 9.75834900000018], [-69.96136299999984, 9.754159], [-69.974893, 9.760691000000122], [-69.988453, 9.753460000000132], [-69.990103, 9.750124000000142], [-69.996362, 9.753394000000185], [-70.007299, 9.753145000000188], [-70.01733799999988, 9.747209000000169], [-70.02508499999988, 9.747777], [-70.03078, 9.745041], [-70.0481309999999, 9.746637], [-70.07580844199987, 9.744219366000095], [-70.07017489099997, 9.731625050000048], [-70.06437262599991, 9.729424032000168], [-70.05655224299989, 9.718906821000132], [-70.0414006069999, 9.718495898000128], [-70.03072617299989, 9.721570038000152], [-70.02580493999994, 9.716707945999985], [-70.0219827229999, 9.706304720000048], [-70.00495593399984, 9.694517539000117], [-70.00233076399996, 9.683916303000103], [-69.99592244899998, 9.67678916900013], [-70.01835737699997, 9.673618964000127], [-70.02956681599989, 9.667812755000114], [-70.04301141199994, 9.673293815000136], [-70.0524938019999, 9.672567735000086], [-70.05930905799994, 9.667895584000178], [-70.06517835199998, 9.676621760000046], [-70.08161446799994, 9.676793038000028], [-70.08319980699991, 9.676645246000078], [-70.080788, 9.671129000000178], [-70.08431399999989, 9.663288000000136], [-70.077684, 9.64438500000017], [-70.0694989999999, 9.645145000000184], [-70.060879, 9.641978000000165], [-70.033392, 9.625698000000114], [-70.026711, 9.626026], [-70.024447, 9.620307000000139], [-70.004402, 9.62308], [-70.004754, 9.63013100000012], [-70.00125999999983, 9.633363], [-69.985057, 9.634670000000142], [-69.976146, 9.639778], [-69.969296, 9.640263000000175], [-69.946672, 9.613781000000188], [-69.941612, 9.60156300000017], [-69.919632, 9.617287], [-69.91102199999989, 9.629828], [-69.911571, 9.637236], [-69.914978, 9.642377000000124], [-69.911068, 9.649454], [-69.909727, 9.662080000000174], [-69.89819099999988, 9.6654410000001], [-69.901626, 9.672535000000153], [-69.90168799999987, 9.701043], [-69.907813, 9.709697], [-69.90667699999983, 9.723292000000129], [-69.900573, 9.73252], [-69.902884, 9.748228], [-69.90701499999989, 9.754318]]]}}, {"type": "Feature", "properties": {"parroquia": "La Candelaria", "municipio": "Moran", "estado": "Lara", "pcode": "VE130507", "estado_pcode": "VE13", "municipio_pcode": "VE1305", "center_lat": 9.45281262, "center_lon": -70.03608324, "area_sqkm": 51.69773788}, "geometry": {"type": "Polygon", "coordinates": [[[-70.01453577599995, 9.482493571000077], [-70.025702, 9.482883], [-70.0406339999999, 9.477843000000178], [-70.045967, 9.479531], [-70.051406, 9.488284], [-70.056612, 9.491438], [-70.07982941899985, 9.489880206000123], [-70.07732670699988, 9.47900700100007], [-70.08263484999998, 9.463952617000075], [-70.07934665499994, 9.454206416000034], [-70.08559983499998, 9.439517026000033], [-70.0845607579999, 9.43437891200017], [-70.07421228399994, 9.427431806000186], [-70.0618317869999, 9.430834956000012], [-70.04962125999992, 9.428313969000044], [-70.04396703499998, 9.42949603300002], [-70.044005, 9.424274910000122], [-70.0349245729999, 9.415077742000108], [-70.02472318399998, 9.422579971000118], [-70.02503903099989, 9.426098608000189], [-69.99361204399997, 9.451015824000024], [-69.99108397499992, 9.456853969000178], [-69.99958434299992, 9.458612967000022], [-70.00191347399988, 9.465447116000178], [-70.01876719399996, 9.466740045000108], [-70.01935926899989, 9.476406276000091], [-70.01453577599995, 9.482493571000077]]]}}, {"type": "Feature", "properties": {"parroquia": "Moran", "municipio": "Moran", "estado": "Lara", "pcode": "VE130508", "estado_pcode": "VE13", "municipio_pcode": "VE1305", "center_lat": 9.828709, "center_lon": -69.97522711, "area_sqkm": 284.09006219}, "geometry": {"type": "Polygon", "coordinates": [[[-69.925407, 9.876724], [-69.931989, 9.882089], [-69.94803799999988, 9.882470000000126], [-69.956831, 9.880035000000134], [-69.976455, 9.86865900000015], [-69.987519, 9.868688], [-69.991085, 9.87440000000015], [-69.98318, 9.884962], [-69.979473, 9.895206], [-69.982114, 9.903766], [-69.978303, 9.910064000000148], [-69.981935, 9.912034], [-69.996823, 9.910653], [-70.005539, 9.91279], [-70.017875, 9.898791000000188], [-70.0212279999999, 9.901324000000159], [-70.028126, 9.899292], [-70.035982, 9.892821], [-70.039005, 9.889174], [-70.039159, 9.883448], [-70.049819, 9.868322000000148], [-70.057627, 9.868062000000123], [-70.073359, 9.855095000000176], [-70.078014, 9.843223], [-70.074085, 9.836694], [-70.074931, 9.826975000000175], [-70.07152399999984, 9.824750000000108], [-70.078133, 9.806848], [-70.0735, 9.800822], [-70.082345, 9.777849000000117], [-70.07806804099994, 9.759589656000117], [-70.07945639499997, 9.751746478000086], [-70.07580844199987, 9.744219366000095], [-70.0481309999999, 9.746637], [-70.03078, 9.745041], [-70.02508499999988, 9.747777], [-70.01733799999988, 9.747209000000169], [-70.007299, 9.753145000000188], [-69.996362, 9.753394000000185], [-69.990103, 9.750124000000142], [-69.988453, 9.753460000000132], [-69.974893, 9.760691000000122], [-69.96136299999984, 9.754159], [-69.93296299999986, 9.75834900000018], [-69.921482, 9.754648], [-69.90701499999989, 9.754318], [-69.914033, 9.761502], [-69.913905, 9.768208000000186], [-69.927409, 9.778205], [-69.927671, 9.782055000000128], [-69.88336199999986, 9.817372], [-69.866405, 9.821327], [-69.876537, 9.829418000000146], [-69.880254, 9.842794], [-69.900159, 9.870989], [-69.90651399999985, 9.873187], [-69.922432, 9.869395000000111], [-69.925407, 9.876724]]]}}, {"type": "Feature", "properties": {"parroquia": "Cabudare", "municipio": "Palavecino", "estado": "Lara", "pcode": "VE130601", "estado_pcode": "VE13", "municipio_pcode": "VE1306", "center_lat": 10.020289, "center_lon": -69.26828024, "area_sqkm": 52.24899991}, "geometry": {"type": "Polygon", "coordinates": [[[-69.19233160299996, 10.03978408800009], [-69.20822247599995, 10.087881971000115], [-69.21285299999988, 10.083562000000143], [-69.2240149999999, 10.081392], [-69.22775899999988, 10.076550000000111], [-69.24625399999985, 10.0709], [-69.270429, 10.056052], [-69.285185, 10.050537], [-69.28765, 10.046785000000114], [-69.288372, 10.046159], [-69.279338, 10.002841], [-69.286642, 9.992568000000176], [-69.283301, 9.980133], [-69.278256, 9.975987000000146], [-69.281054, 9.964553], [-69.279705, 9.953504], [-69.27287499999989, 9.954904000000113], [-69.263633, 9.961611000000119], [-69.268064, 10.001899], [-69.253732, 10.018465000000106], [-69.253294, 10.024986000000183], [-69.249933, 10.029709000000139], [-69.2501, 10.041169000000139], [-69.220649, 10.041679], [-69.209772, 10.039006], [-69.203459, 10.042528000000118], [-69.199554, 10.039305], [-69.19233160299996, 10.03978408800009]]]}}, {"type": "Feature", "properties": {"parroquia": "José Gregorio Bastidas", "municipio": "Palavecino", "estado": "Lara", "pcode": "VE130602", "estado_pcode": "VE13", "municipio_pcode": "VE1306", "center_lat": 9.97082161, "center_lon": -69.20833723, "area_sqkm": 165.56489251}, "geometry": {"type": "Polygon", "coordinates": [[[-69.19233160299996, 10.03978408800009], [-69.199554, 10.039305], [-69.203459, 10.042528000000118], [-69.209772, 10.039006], [-69.220649, 10.041679], [-69.2501, 10.041169000000139], [-69.249933, 10.029709000000139], [-69.253294, 10.024986000000183], [-69.253732, 10.018465000000106], [-69.268064, 10.001899], [-69.263633, 9.961611000000119], [-69.27287499999989, 9.954904000000113], [-69.279705, 9.953504], [-69.275177, 9.941933000000176], [-69.275336, 9.93413], [-69.2812899999999, 9.899091000000112], [-69.254566, 9.915989], [-69.229022, 9.913294], [-69.182503, 9.920558000000142], [-69.15882994799995, 9.941342317000021], [-69.15065259899995, 9.979865462000078], [-69.14995265599987, 9.99520984100019], [-69.15388187899998, 10.002840008000078], [-69.15129482099996, 10.012028255000132], [-69.15246392899991, 10.022471511000049], [-69.16073033899988, 10.03287871700013], [-69.15941831299995, 10.03716183500012], [-69.16164642899992, 10.041340918000117], [-69.18457237599995, 10.036254663000022], [-69.19233160299996, 10.03978408800009]]]}}, {"type": "Feature", "properties": {"parroquia": "Agua Viva", "municipio": "Palavecino", "estado": "Lara", "pcode": "VE130603", "estado_pcode": "VE13", "municipio_pcode": "VE1306", "center_lat": 9.9728075, "center_lon": -69.29859908, "area_sqkm": 48.47483014}, "geometry": {"type": "Polygon", "coordinates": [[[-69.279705, 9.953504], [-69.281054, 9.964553], [-69.278256, 9.975987000000146], [-69.283301, 9.980133], [-69.286642, 9.992568000000176], [-69.279338, 10.002841], [-69.288372, 10.046159], [-69.30043, 10.035080000000107], [-69.3029039999999, 10.026404], [-69.313158, 10.018794000000128], [-69.315014, 10.003579000000116], [-69.319092, 9.995585], [-69.31569, 9.977435], [-69.318771, 9.967097], [-69.315369, 9.945726], [-69.301145, 9.931555000000174], [-69.299756, 9.918107000000191], [-69.295442, 9.908389000000113], [-69.2812899999999, 9.899091000000112], [-69.275336, 9.93413], [-69.275177, 9.941933000000176], [-69.279705, 9.953504]]]}}, {"type": "Feature", "properties": {"parroquia": "Sarare", "municipio": "Simón Planas", "estado": "Lara", "pcode": "VE130701", "estado_pcode": "VE13", "municipio_pcode": "VE1307", "center_lat": 9.8155515, "center_lon": -69.12826996, "area_sqkm": 418.13048041}, "geometry": {"type": "Polygon", "coordinates": [[[-69.12458463499996, 9.879942750000112], [-69.12875810799994, 9.885393254000064], [-69.12869018399982, 9.897675562000074], [-69.14447092599988, 9.91089178700014], [-69.14921924399994, 9.930671257000142], [-69.15882994799995, 9.941342317000021], [-69.182503, 9.920558000000142], [-69.229022, 9.913294], [-69.254566, 9.915989], [-69.2812899999999, 9.899091000000112], [-69.285044, 9.880099], [-69.28379529399996, 9.845822871999985], [-69.27782217399994, 9.84173332000006], [-69.27553604699989, 9.83626719800003], [-69.26898674999995, 9.833984174000136], [-69.26646459799991, 9.826541006000127], [-69.26773949299997, 9.822446520000142], [-69.244642, 9.825249], [-69.237614, 9.818170000000123], [-69.23838499999988, 9.810709], [-69.214416, 9.816799], [-69.209912, 9.791124], [-69.202736, 9.788122000000158], [-69.197954, 9.7825160000001], [-69.198944, 9.77690900000016], [-69.17653499999989, 9.77550500000018], [-69.170224, 9.760689000000127], [-69.16832, 9.742616000000112], [-69.151994, 9.731943], [-69.13185432799997, 9.68961750000011], [-69.10041582899993, 9.699811865000072], [-69.09361877499992, 9.706884068000022], [-69.08911340499992, 9.710732197000027], [-69.06405535499988, 9.712003370000104], [-69.05573504899996, 9.720473626000171], [-69.05576313299991, 9.734476961000041], [-69.05242203399996, 9.742069173000061], [-69.04179959599998, 9.744105278000063], [-69.03165320199997, 9.751755520000131], [-69.01504454799988, 9.75933380700019], [-68.99085955799995, 9.766101112000115], [-68.98609537999994, 9.770099236000021], [-68.98417918699994, 9.778245550000065], [-68.98416457499997, 9.778472207000107], [-69.089434, 9.843716000000143], [-69.12458463499996, 9.879942750000112]]]}}, {"type": "Feature", "properties": {"parroquia": "Buria", "municipio": "Simón Planas", "estado": "Lara", "pcode": "VE130702", "estado_pcode": "VE13", "municipio_pcode": "VE1307", "center_lat": 9.89775961, "center_lon": -69.01819367, "area_sqkm": 275.73563963}, "geometry": {"type": "Polygon", "coordinates": [[[-68.97415529399996, 9.84264209700018], [-68.9709581589999, 9.844257155000037], [-68.97004217599988, 9.853776394000135], [-68.9733013639999, 9.861139549000143], [-68.96044194299992, 9.883591190000175], [-68.95580377599987, 9.887317308000092], [-68.95609980699993, 9.891757410000139], [-68.95308768299992, 9.891503420000106], [-68.94875052599997, 9.895712553000067], [-68.94978460599992, 9.903511744000127], [-68.94660450599997, 9.908135867], [-68.95653995999993, 9.913199946000077], [-68.95621096399998, 9.917503043000067], [-68.96026116999997, 9.92242714400004], [-68.95417796499999, 9.932640440000114], [-68.95377897899994, 9.937656568000023], [-68.9608593449999, 9.94722975500008], [-68.95652417099996, 9.948861825000108], [-68.95825926399982, 9.952105896000035], [-68.95606922799988, 9.962159161999978], [-68.9616685119999, 9.97046733500008], [-68.95927842999993, 9.973503423000068], [-68.9618156009999, 9.984846683000171], [-68.95986155599996, 9.991264863000083], [-68.96437583099998, 10.004137159000038], [-68.96363825799989, 10.017097984000145], [-69.01285482799989, 9.993207431000087], [-69.08588171199989, 9.95770529400005], [-69.08861431499992, 9.86973609800009], [-69.12458463499996, 9.879942750000112], [-69.089434, 9.843716000000143], [-68.98416457499997, 9.778472207000107], [-68.98218528199988, 9.78321557900017], [-68.9865834879999, 9.78609262499998], [-68.97425996399988, 9.786434706000136], [-68.97380602599998, 9.799871035000137], [-68.97660516899998, 9.803645121000102], [-68.97338006199993, 9.808499257000108], [-68.97532613399983, 9.807717228000172], [-68.97761625799995, 9.81112229700011], [-68.9783263299999, 9.81878448100008], [-68.97818433799995, 9.822327565000137], [-68.97438517799986, 9.82186657699998], [-68.97628227699988, 9.824466630000131], [-68.9746992499999, 9.83164481800003], [-68.97897846699993, 9.838432962000184], [-68.97601234799993, 9.83861598700014], [-68.97415529399996, 9.84264209700018]]]}}, {"type": "Feature", "properties": {"parroquia": "Gustavo Vegas León", "municipio": "Simón Planas", "estado": "Lara", "pcode": "VE130703", "estado_pcode": "VE13", "municipio_pcode": "VE1307", "center_lat": 9.75004653, "center_lon": -69.2253631, "area_sqkm": 160.72937841}, "geometry": {"type": "Polygon", "coordinates": [[[-69.13185432799997, 9.68961750000011], [-69.151994, 9.731943], [-69.16832, 9.742616000000112], [-69.170224, 9.760689000000127], [-69.17653499999989, 9.77550500000018], [-69.198944, 9.77690900000016], [-69.197954, 9.7825160000001], [-69.202736, 9.788122000000158], [-69.209912, 9.791124], [-69.214416, 9.816799], [-69.23838499999988, 9.810709], [-69.237614, 9.818170000000123], [-69.244642, 9.825249], [-69.26773949299997, 9.822446520000142], [-69.27412086899994, 9.816892728000141], [-69.27371380799991, 9.810100566000187], [-69.27770299099996, 9.810676553000178], [-69.27770594499992, 9.804235399000106], [-69.27636081899993, 9.792327112000066], [-69.26402523099995, 9.779848886000025], [-69.26178203299997, 9.762640473000033], [-69.26568017099993, 9.758941357000026], [-69.26914832799991, 9.760343379000062], [-69.27473854399989, 9.757173270000067], [-69.28109277599992, 9.750730069000099], [-69.28121876799997, 9.747181984000065], [-69.27448445099992, 9.74312892800009], [-69.26765100299991, 9.715085275000149], [-69.2644508699999, 9.715605310000058], [-69.26219574399994, 9.711095216000103], [-69.25306735599997, 9.709575234000113], [-69.24828506599994, 9.69584992900019], [-69.24899407399988, 9.691289808000079], [-69.23701852299996, 9.684409709000079], [-69.21074537599986, 9.678653721000046], [-69.20837426599996, 9.676332678000108], [-69.19270159799993, 9.675119740000127], [-69.17654796099998, 9.678756054000075], [-69.16495045499994, 9.68227506300019], [-69.15652310099995, 9.681853101000115], [-69.13185432799997, 9.68961750000011]]]}}, {"type": "Feature", "properties": {"parroquia": "Trinidad Samuel", "municipio": "Torres", "estado": "Lara", "pcode": "VE130801", "estado_pcode": "VE13", "municipio_pcode": "VE1308", "center_lat": 10.189738, "center_lon": -70.12299901, "area_sqkm": 933.84829368}, "geometry": {"type": "Polygon", "coordinates": [[[-70.036009, 9.996780000000172], [-70.012456, 10.025339], [-69.97381999999988, 10.101463], [-70.00609, 10.178642000000139], [-70.067381, 10.218237000000101], [-70.09027099999986, 10.238057], [-70.104099, 10.276442000000145], [-70.082368, 10.330322], [-70.10531, 10.361893000000123], [-70.1082219999999, 10.41071600000015], [-70.09830999999986, 10.449634], [-70.123517, 10.472605000000158], [-70.178425, 10.375198000000182], [-70.155393, 10.32102500000019], [-70.21350799999988, 10.234907], [-70.231514, 10.208281], [-70.22604799999988, 10.2008340000001], [-70.215239, 10.164665], [-70.208338, 10.103968000000123], [-70.21050599999984, 10.095606000000146], [-70.205867, 10.083148000000165], [-70.2108879999999, 10.061046], [-70.20361, 10.034630000000163], [-70.208664, 10.030402], [-70.208826, 10.022306000000128], [-70.20438599999989, 10.014529], [-70.204849, 10.005074], [-70.199033, 10.001259], [-70.19887, 9.997635], [-70.193117, 9.997099000000105], [-70.191707, 9.988398000000132], [-70.202943, 9.970834], [-70.20512999999983, 9.964132000000177], [-70.203588, 9.955951], [-70.21148, 9.938850000000173], [-70.209037, 9.93364200000019], [-70.211948, 9.927971000000127], [-70.208857, 9.92623], [-70.205707, 9.915646000000152], [-70.208619, 9.910727000000122], [-70.20743, 9.904646000000184], [-70.115537, 9.885745], [-70.056588, 9.988576], [-70.042768, 9.996384], [-70.036009, 9.996780000000172]]]}}, {"type": "Feature", "properties": {"parroquia": "Antonio Díaz", "municipio": "Torres", "estado": "Lara", "pcode": "VE130802", "estado_pcode": "VE13", "municipio_pcode": "VE1308", "center_lat": 9.98579, "center_lon": -69.92674238, "area_sqkm": 358.86450367}, "geometry": {"type": "Polygon", "coordinates": [[[-70.036009, 9.996780000000172], [-70.0299639999999, 9.982401], [-70.017462, 9.973268], [-70.01459299999988, 9.962425000000167], [-70.017946, 9.956366000000116], [-70.037455, 9.944876000000136], [-70.04358799999989, 9.933818], [-70.03102, 9.924358], [-70.012952, 9.918327], [-70.009856, 9.9134600000001], [-70.005539, 9.91279], [-69.996823, 9.910653], [-69.981935, 9.912034], [-69.978303, 9.910064000000148], [-69.982114, 9.903766], [-69.979473, 9.895206], [-69.98318, 9.884962], [-69.991085, 9.87440000000015], [-69.987519, 9.868688], [-69.976455, 9.86865900000015], [-69.956831, 9.880035000000134], [-69.94803799999988, 9.882470000000126], [-69.931989, 9.882089], [-69.925407, 9.876724], [-69.918491, 9.890432], [-69.907676, 9.899185000000102], [-69.912522, 9.911247000000117], [-69.920118, 9.918164000000104], [-69.919436, 9.925022000000183], [-69.909489, 9.929667000000109], [-69.872167, 9.931998], [-69.868138, 9.934422], [-69.863302, 9.932643000000155], [-69.85471199999989, 9.93762], [-69.849357, 9.935359000000119], [-69.835621, 9.954667], [-69.822115, 9.984715], [-69.803939, 10.0137], [-69.88061399999987, 10.025715000000105], [-69.891218, 10.066383], [-69.90060199999988, 10.073076000000128], [-69.97381999999988, 10.101463], [-70.012456, 10.025339], [-70.036009, 9.996780000000172]]]}}, {"type": "Feature", "properties": {"parroquia": "Reyes Vargas", "municipio": "Torres", "estado": "Lara", "pcode": "VE130803", "estado_pcode": "VE13", "municipio_pcode": "VE1308", "center_lat": 10.3413525, "center_lon": -69.79899016, "area_sqkm": 788.14763422}, "geometry": {"type": "Polygon", "coordinates": [[[-69.989668, 10.343191000000104], [-69.948965, 10.33097], [-69.920514, 10.331541], [-69.913317, 10.329706000000101], [-69.910562, 10.324737], [-69.900239, 10.319997], [-69.87652499999984, 10.286791], [-69.878528, 10.264923], [-69.82921599999986, 10.263245000000154], [-69.84466599999985, 10.236074], [-69.787157, 10.240739000000133], [-69.779267, 10.189489], [-69.701327, 10.240032], [-69.67120499999987, 10.244617], [-69.662847, 10.245231], [-69.659135, 10.248266000000115], [-69.65820199999985, 10.258571000000131], [-69.660494, 10.266483], [-69.651875, 10.279898000000117], [-69.653762, 10.294373000000121], [-69.638953, 10.30438], [-69.636474, 10.308606], [-69.63207, 10.308908], [-69.61739399999988, 10.332772], [-69.617297, 10.339172000000133], [-69.613062, 10.342262000000176], [-69.615574, 10.35665900000015], [-69.610944, 10.366431], [-69.60723, 10.367745], [-69.606628, 10.373398000000122], [-69.612045, 10.380055], [-69.611611, 10.388159], [-69.614279, 10.389046], [-69.612652, 10.391221], [-69.618458, 10.393205], [-69.61898, 10.391520000000128], [-69.622353, 10.390558000000112], [-69.627039, 10.394523], [-69.641875, 10.382665], [-69.65192599999989, 10.385374000000184], [-69.661121, 10.382665], [-69.662989, 10.379806], [-69.666843, 10.380668000000185], [-69.66921, 10.393647], [-69.675885, 10.402616], [-69.680217, 10.402964], [-69.68752099999983, 10.409787], [-69.68043, 10.42064100000016], [-69.662177, 10.42699800000014], [-69.664635, 10.434402], [-69.663605, 10.440661000000148], [-69.67383299999989, 10.447127000000137], [-69.683293, 10.442692], [-69.693028, 10.442425], [-69.693455, 10.449365], [-69.699669, 10.452908], [-69.704775, 10.452506], [-69.70916, 10.447784000000127], [-69.7198949999999, 10.450775000000135], [-69.737748, 10.466104000000144], [-69.73562899999985, 10.469064000000117], [-69.7311299999999, 10.466852], [-69.730274, 10.474001], [-69.733846, 10.482299], [-69.740437, 10.484939000000168], [-69.744144, 10.490653], [-69.75219, 10.492573000000164], [-69.763612, 10.490172], [-69.770947, 10.493609], [-69.782231, 10.48948600000017], [-69.794223, 10.475804], [-69.79518499999989, 10.469117], [-69.808414, 10.461653000000126], [-69.814294, 10.449830000000134], [-69.836124, 10.44366500000018], [-69.834775, 10.436414000000127], [-69.84204199999988, 10.428552000000138], [-69.860392, 10.437256000000161], [-69.916935, 10.418075000000101], [-69.920576, 10.421726], [-69.930114, 10.419167], [-69.939391, 10.4205], [-69.941118, 10.436374000000171], [-69.94739, 10.443999000000133], [-69.945648, 10.466144], [-69.95357299999984, 10.466768], [-69.965507, 10.458535], [-69.977227, 10.459922], [-69.984286, 10.45086300000014], [-69.99396899999982, 10.44862200000017], [-70.008738, 10.437269000000185], [-69.989668, 10.343191000000104]]]}}, {"type": "Feature", "properties": {"parroquia": "Castañeda", "municipio": "Torres", "estado": "Lara", "pcode": "VE130804", "estado_pcode": "VE13", "municipio_pcode": "VE1308", "center_lat": 10.1231365, "center_lon": -69.74983456, "area_sqkm": 410.45567588}, "geometry": {"type": "Polygon", "coordinates": [[[-69.779267, 10.189489], [-69.785107, 10.18553], [-69.847446, 10.111907], [-69.90060199999988, 10.073076000000128], [-69.891218, 10.066383], [-69.88061399999987, 10.025715000000105], [-69.803939, 10.0137], [-69.761029, 10.002044000000126], [-69.756271, 10.018586000000141], [-69.7440079999999, 10.027971], [-69.736456, 10.029231], [-69.73038899999989, 10.033688], [-69.71697599999987, 10.04887900000017], [-69.708243, 10.063208], [-69.700945, 10.06458], [-69.69677399999989, 10.084344], [-69.685584, 10.098337000000129], [-69.671074, 10.10180400000013], [-69.666393, 10.107067], [-69.66041899999988, 10.129242], [-69.650787, 10.132999000000154], [-69.647063, 10.141609], [-69.638876, 10.148782], [-69.63267999999988, 10.152141], [-69.641642, 10.162728], [-69.634937, 10.180041], [-69.63562, 10.184904000000131], [-69.650046, 10.196813000000134], [-69.6610409999999, 10.20003], [-69.657401, 10.216604000000189], [-69.66274499999986, 10.228619], [-69.675374, 10.234884000000136], [-69.675917, 10.239312], [-69.67120499999987, 10.244617], [-69.701327, 10.240032], [-69.779267, 10.189489]]]}}, {"type": "Feature", "properties": {"parroquia": "Cecilio Zubillaga", "municipio": "Torres", "estado": "Lara", "pcode": "VE130805", "estado_pcode": "VE13", "municipio_pcode": "VE1308", "center_lat": 9.84631835, "center_lon": -70.1729534, "area_sqkm": 83.45896113}, "geometry": {"type": "Polygon", "coordinates": [[[-70.127171, 9.847963000000163], [-70.115537, 9.885745], [-70.20743, 9.904646000000184], [-70.2165289489999, 9.842311540000082], [-70.21075241899996, 9.841035847000171], [-70.20593716799982, 9.832591674000014], [-70.20030592699999, 9.831026666000014], [-70.19204453399982, 9.824115544], [-70.1874952799999, 9.812812300000019], [-70.18858427099997, 9.80364807400008], [-70.18607813499989, 9.798868982000101], [-70.1717014809999, 9.789981855000121], [-70.16526927799998, 9.789571360000139], [-70.16178799999989, 9.811888000000124], [-70.127171, 9.847963000000163]]]}}, {"type": "Feature", "properties": {"parroquia": "Chiquinquira", "municipio": "Torres", "estado": "Lara", "pcode": "VE130806", "estado_pcode": "VE13", "municipio_pcode": "VE1308", "center_lat": 10.3209475, "center_lon": -70.03606317, "area_sqkm": 346.75955283}, "geometry": {"type": "Polygon", "coordinates": [[[-70.008738, 10.437269000000185], [-70.030558, 10.444712000000152], [-70.045855, 10.441254000000185], [-70.056122, 10.435056], [-70.067939, 10.436144000000183], [-70.074885, 10.431347], [-70.09830999999986, 10.449634], [-70.1082219999999, 10.41071600000015], [-70.10531, 10.361893000000123], [-70.082368, 10.330322], [-70.104099, 10.276442000000145], [-70.09027099999986, 10.238057], [-70.067381, 10.218237000000101], [-70.00609, 10.178642000000139], [-69.962719, 10.175155000000132], [-69.946261, 10.196907], [-69.927221, 10.210527], [-69.958687, 10.23784], [-69.979469, 10.279103], [-69.989668, 10.343191000000104], [-70.008738, 10.437269000000185]]]}}, {"type": "Feature", "properties": {"parroquia": "El Blanco", "municipio": "Torres", "estado": "Lara", "pcode": "VE130807", "estado_pcode": "VE13", "municipio_pcode": "VE1308", "center_lat": 10.2942525, "center_lon": -70.55177111, "area_sqkm": 616.25554816}, "geometry": {"type": "Polygon", "coordinates": [[[-70.41995028899998, 10.463965835000067], [-70.42432518699997, 10.462899059000108], [-70.42714007599989, 10.456527833000166], [-70.43501377999996, 10.451709780000044], [-70.45150837299997, 10.45889472500005], [-70.45708445699995, 10.467367856000124], [-70.46158680399986, 10.469481977000157], [-70.47284826999993, 10.465469748999965], [-70.47916566499987, 10.45854276000017], [-70.48642763199996, 10.462149783000086], [-70.49349319899994, 10.461962639000092], [-70.50154217699998, 10.45288640300015], [-70.51424440099998, 10.446182059000023], [-70.52068417499999, 10.443021918000113], [-70.52700929199995, 10.423101461000044], [-70.53723947899994, 10.411679074000062], [-70.53566025199996, 10.398287756000173], [-70.54415134899995, 10.365082967000035], [-70.55364273699996, 10.355191641000147], [-70.55412375499986, 10.346546522000097], [-70.56909937999995, 10.327089720000174], [-70.58142181499994, 10.322779561000118], [-70.60410365399997, 10.329279640000152], [-70.62353561999998, 10.329975614000034], [-70.6464155029999, 10.322085318000177], [-70.65404560499991, 10.31592511000008], [-70.66433414799997, 10.315316721000102], [-70.658583, 10.315159000000108], [-70.654507, 10.307897], [-70.668914, 10.283894000000146], [-70.67152399999986, 10.2714], [-70.650669, 10.257337000000177], [-70.633734, 10.259017], [-70.617109, 10.241589000000147], [-70.619714, 10.228392000000156], [-70.61339, 10.225439], [-70.592392, 10.226655000000108], [-70.58443099999988, 10.222411], [-70.576503, 10.181266], [-70.564463, 10.17495], [-70.559421, 10.157907000000137], [-70.55969, 10.121306], [-70.472726, 10.138209000000131], [-70.436014, 10.181558], [-70.450904, 10.244786000000147], [-70.43614, 10.310856], [-70.390257, 10.362597000000108], [-70.394692, 10.4358170000001], [-70.420981, 10.46205], [-70.41995028899998, 10.463965835000067]]]}}, {"type": "Feature", "properties": {"parroquia": "Espinoza de los Monteros", "municipio": "Torres", "estado": "Lara", "pcode": "VE130808", "estado_pcode": "VE13", "municipio_pcode": "VE1308", "center_lat": 10.143531, "center_lon": -69.90567095, "area_sqkm": 295.90336143}, "geometry": {"type": "Polygon", "coordinates": [[[-70.00609, 10.178642000000139], [-69.97381999999988, 10.101463], [-69.90060199999988, 10.073076000000128], [-69.847446, 10.111907], [-69.785107, 10.18553], [-69.779267, 10.189489], [-69.787157, 10.240739000000133], [-69.84466599999985, 10.236074], [-69.82921599999986, 10.263245000000154], [-69.878528, 10.264923], [-69.916743, 10.217792], [-69.927221, 10.210527], [-69.946261, 10.196907], [-69.962719, 10.175155000000132], [-70.00609, 10.178642000000139]]]}}, {"type": "Feature", "properties": {"parroquia": "Lara", "municipio": "Torres", "estado": "Lara", "pcode": "VE130809", "estado_pcode": "VE13", "municipio_pcode": "VE1308", "center_lat": 9.9021775, "center_lon": -70.06040065, "area_sqkm": 121.00815577}, "geometry": {"type": "Polygon", "coordinates": [[[-70.005539, 9.91279], [-70.009856, 9.9134600000001], [-70.012952, 9.918327], [-70.03102, 9.924358], [-70.04358799999989, 9.933818], [-70.037455, 9.944876000000136], [-70.017946, 9.956366000000116], [-70.01459299999988, 9.962425000000167], [-70.017462, 9.973268], [-70.0299639999999, 9.982401], [-70.036009, 9.996780000000172], [-70.042768, 9.996384], [-70.056588, 9.988576], [-70.115537, 9.885745], [-70.127171, 9.847963000000163], [-70.117578, 9.843156], [-70.112324, 9.834853], [-70.105248, 9.830306], [-70.09755699999988, 9.813128], [-70.092528, 9.809796], [-70.078133, 9.806848], [-70.07152399999984, 9.824750000000108], [-70.074931, 9.826975000000175], [-70.074085, 9.836694], [-70.078014, 9.843223], [-70.073359, 9.855095000000176], [-70.057627, 9.868062000000123], [-70.049819, 9.868322000000148], [-70.039159, 9.883448], [-70.039005, 9.889174], [-70.035982, 9.892821], [-70.028126, 9.899292], [-70.0212279999999, 9.901324000000159], [-70.017875, 9.898791000000188], [-70.005539, 9.91279]]]}}, {"type": "Feature", "properties": {"parroquia": "Las Mercedes", "municipio": "Torres", "estado": "Lara", "pcode": "VE130810", "estado_pcode": "VE13", "municipio_pcode": "VE1308", "center_lat": 10.0666955, "center_lon": -70.41921548, "area_sqkm": 1221.43854126}, "geometry": {"type": "Polygon", "coordinates": [[[-70.231514, 10.208281], [-70.26652599999989, 10.252338], [-70.28939199999985, 10.262647], [-70.377266, 10.26809500000013], [-70.436014, 10.181558], [-70.472726, 10.138209000000131], [-70.55969, 10.121306], [-70.613403, 10.110865], [-70.636493, 10.04155400000019], [-70.628542, 10.037796000000128], [-70.63215007699989, 10.035073560000114], [-70.62930702399984, 10.031514895999976], [-70.62443081199996, 10.03085191700012], [-70.61174320999993, 10.018489698000167], [-70.61166115299989, 10.008937468000113], [-70.60645386699997, 9.997460219000061], [-70.59878253299996, 9.994741207000118], [-70.59529432999989, 9.98687003300006], [-70.59040502899984, 9.971015688000023], [-70.59061096599999, 9.958793391000142], [-70.58746680799999, 9.953766291000022], [-70.58487268599993, 9.952018269000177], [-70.55632451999998, 9.955749532000084], [-70.54409994699995, 9.945682361000138], [-70.53953268699996, 9.933267091000175], [-70.54310574699986, 9.919400740000128], [-70.53753660899991, 9.909402002000093], [-70.51978961799995, 9.892138227000089], [-70.51720846799992, 9.886527108999985], [-70.50620898499994, 9.88098404800013], [-70.50032275199999, 9.883287129000166], [-70.49566260399996, 9.890296323000143], [-70.48888031299992, 9.890037366000115], [-70.48363006599993, 9.88425025600003], [-70.48649611599996, 9.87444200400006], [-70.47146443799994, 9.86563588600012], [-70.45958996799993, 9.868718028000046], [-70.45389978799994, 9.878546294000046], [-70.43986918999997, 9.876340323000022], [-70.43404897699997, 9.880449455000019], [-70.42480264099993, 9.889495736000072], [-70.41689739999998, 9.904547138], [-70.39508446299988, 9.899829156000067], [-70.36979744099989, 9.904724420000093], [-70.36208207099997, 9.901946520000138], [-70.359003, 9.90014], [-70.350357, 9.98037], [-70.305309, 10.003835], [-70.208664, 10.030402], [-70.20361, 10.034630000000163], [-70.2108879999999, 10.061046], [-70.205867, 10.083148000000165], [-70.21050599999984, 10.095606000000146], [-70.208338, 10.103968000000123], [-70.215239, 10.164665], [-70.22604799999988, 10.2008340000001], [-70.231514, 10.208281]]]}}, {"type": "Feature", "properties": {"parroquia": "Manuel Morillo", "municipio": "Torres", "estado": "Lara", "pcode": "VE130811", "estado_pcode": "VE13", "municipio_pcode": "VE1308", "center_lat": 9.89455726, "center_lon": -70.28290882, "area_sqkm": 335.79091624}, "geometry": {"type": "Polygon", "coordinates": [[[-70.20743, 9.904646000000184], [-70.208619, 9.910727000000122], [-70.205707, 9.915646000000152], [-70.208857, 9.92623], [-70.211948, 9.927971000000127], [-70.209037, 9.93364200000019], [-70.21148, 9.938850000000173], [-70.203588, 9.955951], [-70.20512999999983, 9.964132000000177], [-70.202943, 9.970834], [-70.191707, 9.988398000000132], [-70.193117, 9.997099000000105], [-70.19887, 9.997635], [-70.199033, 10.001259], [-70.204849, 10.005074], [-70.20438599999989, 10.014529], [-70.208826, 10.022306000000128], [-70.208664, 10.030402], [-70.305309, 10.003835], [-70.350357, 9.98037], [-70.359003, 9.90014], [-70.36208207099997, 9.901946520000138], [-70.33621379299996, 9.862767616000099], [-70.32469024199992, 9.85183543100004], [-70.32285811899993, 9.84425225299998], [-70.32827123999994, 9.823463170000025], [-70.31181419799992, 9.822541030000139], [-70.2805742239999, 9.823101997000094], [-70.25283393799998, 9.776677874000029], [-70.24202324699996, 9.76039573600002], [-70.23714906599992, 9.76516986900009], [-70.23616510199997, 9.777150166000013], [-70.22442676099996, 9.803295860000105], [-70.22452180599998, 9.809852011000146], [-70.23223617199994, 9.816080119000162], [-70.2326542159999, 9.82216026500015], [-70.22909508699985, 9.824617345000036], [-70.22352584399994, 9.822476326000071], [-70.21538754099998, 9.829162533000044], [-70.21841468699995, 9.832377586000064], [-70.21523357799992, 9.835846695000157], [-70.21763369999991, 9.839047751000123], [-70.2165289489999, 9.842311540000082], [-70.20743, 9.904646000000184]]]}}, {"type": "Feature", "properties": {"parroquia": "Montaña Verde", "municipio": "Torres", "estado": "Lara", "pcode": "VE130812", "estado_pcode": "VE13", "municipio_pcode": "VE1308", "center_lat": 10.10400148, "center_lon": -70.72090181, "area_sqkm": 726.69213702}, "geometry": {"type": "Polygon", "coordinates": [[[-70.55969, 10.121306], [-70.559421, 10.157907000000137], [-70.564463, 10.17495], [-70.576503, 10.181266], [-70.58443099999988, 10.222411], [-70.592392, 10.226655000000108], [-70.61339, 10.225439], [-70.619714, 10.228392000000156], [-70.617109, 10.241589000000147], [-70.633734, 10.259017], [-70.650669, 10.257337000000177], [-70.67152399999986, 10.2714], [-70.668914, 10.283894000000146], [-70.654507, 10.307897], [-70.658583, 10.315159000000108], [-70.66433414799997, 10.315316721000102], [-70.67036521599982, 10.310709700000018], [-70.68065671799991, 10.301189484000133], [-70.69201165299995, 10.301125793000097], [-70.68982218599996, 10.293665846000067], [-70.69650431499997, 10.271811273000083], [-70.6958961929999, 10.255614887000036], [-70.70865351199996, 10.22177398700012], [-70.70195114399996, 10.207336674999965], [-70.70811134499985, 10.198770433000163], [-70.71948678699994, 10.195247278000068], [-70.72926112999988, 10.184656962000076], [-70.73402324499983, 10.171565617000056], [-70.73614121799994, 10.153253164000034], [-70.7609731309999, 10.133571546000098], [-70.77494370799997, 10.133085441000105], [-70.78737014699988, 10.121232087000124], [-70.83908214299993, 10.098234211999966], [-70.84298126399995, 10.091874040999983], [-70.84304616799989, 10.075759652000102], [-70.84823035399995, 10.071309517000032], [-70.86147388399996, 10.06853637], [-70.87025018599996, 10.059006082000167], [-70.87824550599998, 10.056777984], [-70.88223462799982, 10.049952795000081], [-70.79076713999984, 9.91899182000003], [-70.76721906999995, 9.92119343000013], [-70.75309545499994, 9.917017416000078], [-70.74447706199999, 9.909936299000151], [-70.74540203699985, 9.899656053000058], [-70.73795168599997, 9.89289993500006], [-70.70624430599997, 9.882925888000045], [-70.70221380099991, 9.883604172], [-70.69374582599988, 9.889322117000177], [-70.69046972599989, 9.895095276000063], [-70.69019479499997, 9.908601598000075], [-70.69555310799996, 9.922825905000082], [-70.69337312499994, 9.940066332000072], [-70.69494321199994, 9.944677427000101], [-70.69308216899987, 9.949398553000151], [-70.6827977939999, 9.958669840000141], [-70.68366588699996, 9.96754504300003], [-70.67997375699991, 9.971805159000098], [-70.68387002299988, 9.987495516000081], [-70.68241901099998, 9.996985755000026], [-70.66550043299992, 10.016824324000027], [-70.6486538069999, 10.02793070000007], [-70.64568173299995, 10.036100915000077], [-70.64012751799993, 10.039165022000077], [-70.63215007699989, 10.035073560000114], [-70.628542, 10.037796000000128], [-70.636493, 10.04155400000019], [-70.613403, 10.110865], [-70.55969, 10.121306]]]}}, {"type": "Feature", "properties": {"parroquia": "Montes de Oca", "municipio": "Torres", "estado": "Lara", "pcode": "VE130813", "estado_pcode": "VE13", "municipio_pcode": "VE1308", "center_lat": 10.3370485, "center_lon": -70.35298833, "area_sqkm": 361.29469284}, "geometry": {"type": "Polygon", "coordinates": [[[-70.21350799999988, 10.234907], [-70.283199, 10.3115], [-70.37205986799995, 10.542464530000132], [-70.37610642299984, 10.533950161000064], [-70.38617803299996, 10.531953089000183], [-70.39526442499994, 10.524417680000113], [-70.38968719599995, 10.510967341000025], [-70.39671439599994, 10.497024043000067], [-70.39754645899984, 10.485501718000023], [-70.40323723199998, 10.478370532999975], [-70.41378072799995, 10.472898536000116], [-70.41995028899998, 10.463965835000067], [-70.420981, 10.46205], [-70.394692, 10.4358170000001], [-70.390257, 10.362597000000108], [-70.43614, 10.310856], [-70.450904, 10.244786000000147], [-70.436014, 10.181558], [-70.377266, 10.26809500000013], [-70.28939199999985, 10.262647], [-70.26652599999989, 10.252338], [-70.231514, 10.208281], [-70.21350799999988, 10.234907]]]}}, {"type": "Feature", "properties": {"parroquia": "Torres", "municipio": "Torres", "estado": "Lara", "pcode": "VE130814", "estado_pcode": "VE13", "municipio_pcode": "VE1308", "center_lat": 9.803756, "center_lon": -70.11960943, "area_sqkm": 61.57127405}, "geometry": {"type": "Polygon", "coordinates": [[[-70.078133, 9.806848], [-70.092528, 9.809796], [-70.09755699999988, 9.813128], [-70.105248, 9.830306], [-70.112324, 9.834853], [-70.117578, 9.843156], [-70.127171, 9.847963000000163], [-70.16178799999989, 9.811888000000124], [-70.16526927799998, 9.789571360000139], [-70.15868086099994, 9.77778763700013], [-70.14616930599988, 9.771646567000062], [-70.14304512099994, 9.76265537100005], [-70.12729145699996, 9.761430423000093], [-70.10435554799994, 9.771381796000071], [-70.09910032599998, 9.770322801000134], [-70.08858883599993, 9.76159866300003], [-70.07806804099994, 9.759589656000117], [-70.082345, 9.777849000000117], [-70.0735, 9.800822], [-70.078133, 9.806848]]]}}, {"type": "Feature", "properties": {"parroquia": "Camacaro", "municipio": "Torres", "estado": "Lara", "pcode": "VE130816", "estado_pcode": "VE13", "municipio_pcode": "VE1308", "center_lat": 10.272013, "center_lon": -69.92688837, "area_sqkm": 112.92013464}, "geometry": {"type": "Polygon", "coordinates": [[[-69.878528, 10.264923], [-69.87652499999984, 10.286791], [-69.900239, 10.319997], [-69.910562, 10.324737], [-69.913317, 10.329706000000101], [-69.920514, 10.331541], [-69.948965, 10.33097], [-69.989668, 10.343191000000104], [-69.979469, 10.279103], [-69.958687, 10.23784], [-69.927221, 10.210527], [-69.916743, 10.217792], [-69.878528, 10.264923]]]}}, {"type": "Feature", "properties": {"parroquia": "Altagracia", "municipio": "Torres", "estado": "Lara", "pcode": "VE130817", "estado_pcode": "VE13", "municipio_pcode": "VE1308", "center_lat": 10.412579, "center_lon": -70.2397904, "area_sqkm": 561.02514317}, "geometry": {"type": "Polygon", "coordinates": [[[-70.123517, 10.472605000000158], [-70.18913999999984, 10.550586], [-70.19753, 10.556697000000156], [-70.19648299999989, 10.563785], [-70.199671, 10.567185], [-70.209758, 10.564106000000152], [-70.21103, 10.561044], [-70.239677, 10.559391000000119], [-70.25070499999987, 10.550003000000174], [-70.258135, 10.547255000000177], [-70.26328199999989, 10.550244], [-70.26773399999985, 10.542191], [-70.272726, 10.542719], [-70.276838, 10.539373000000126], [-70.277574, 10.534602], [-70.286381, 10.531411], [-70.292659, 10.538668], [-70.288314, 10.549275000000137], [-70.28993799999989, 10.554997000000185], [-70.30425699999984, 10.560891], [-70.313416, 10.551981], [-70.327202, 10.559545], [-70.334481, 10.557574], [-70.34008299999988, 10.561373000000174], [-70.34143442699997, 10.568085767000014], [-70.34281134999992, 10.547643249000032], [-70.37171299699986, 10.543194383000184], [-70.37205986799995, 10.542464530000132], [-70.283199, 10.3115], [-70.21350799999988, 10.234907], [-70.155393, 10.32102500000019], [-70.178425, 10.375198000000182], [-70.123517, 10.472605000000158]]]}}, {"type": "Feature", "properties": {"parroquia": "Siquisique", "municipio": "Urdaneta", "estado": "Lara", "pcode": "VE130901", "estado_pcode": "VE13", "municipio_pcode": "VE1309", "center_lat": 10.5618895, "center_lon": -69.72954809, "area_sqkm": 1305.95845611}, "geometry": {"type": "Polygon", "coordinates": [[[-69.69051543499995, 10.719499270000028], [-69.72082250599988, 10.74465615000014], [-69.73402307099991, 10.74533907200015], [-69.76268319699994, 10.733259590000102], [-69.79214030599996, 10.712546875000044], [-69.80430980199986, 10.711042761000101], [-69.81787133599983, 10.70396349300006], [-69.82360157599993, 10.704587478000064], [-69.8287034839999, 10.71128494900006], [-69.83149, 10.711985], [-69.836817, 10.697865], [-69.83679899999987, 10.691301000000124], [-69.848197, 10.676885], [-69.84888199999989, 10.669202], [-69.873421, 10.658938], [-69.874652, 10.65408500000018], [-69.881845, 10.647926], [-69.882962, 10.63840800000014], [-69.867134, 10.6242], [-69.86317, 10.614216000000113], [-69.865395, 10.610638000000165], [-69.862242, 10.606897], [-69.86728099999988, 10.601196000000186], [-69.87113, 10.601711000000137], [-69.872803, 10.595278], [-69.876658, 10.59606900000017], [-69.878726, 10.592814000000146], [-69.883173, 10.591964000000132], [-69.885619, 10.585812], [-69.89202499999988, 10.587283], [-69.90451499999989, 10.582044], [-69.918895, 10.56656], [-69.920663, 10.557096000000115], [-69.911017, 10.548883], [-69.90547, 10.536708], [-69.904376, 10.530333000000155], [-69.906619, 10.525516], [-69.91513, 10.521323], [-69.919092, 10.512273000000164], [-69.9245059999999, 10.509980000000155], [-69.94999699999988, 10.511321], [-69.9460519999999, 10.506451], [-69.945239, 10.497043000000133], [-69.95361799999989, 10.485857000000124], [-69.951189, 10.48013], [-69.941602, 10.477673], [-69.935974, 10.472334000000103], [-69.945648, 10.466144], [-69.94739, 10.443999000000133], [-69.941118, 10.436374000000171], [-69.939391, 10.4205], [-69.930114, 10.419167], [-69.920576, 10.421726], [-69.916935, 10.418075000000101], [-69.860392, 10.437256000000161], [-69.84204199999988, 10.428552000000138], [-69.834775, 10.436414000000127], [-69.836124, 10.44366500000018], [-69.814294, 10.449830000000134], [-69.808414, 10.461653000000126], [-69.79518499999989, 10.469117], [-69.794223, 10.475804], [-69.782231, 10.48948600000017], [-69.770947, 10.493609], [-69.763612, 10.490172], [-69.75219, 10.492573000000164], [-69.744144, 10.490653], [-69.740437, 10.484939000000168], [-69.733846, 10.482299], [-69.730274, 10.474001], [-69.7311299999999, 10.466852], [-69.73562899999985, 10.469064000000117], [-69.737748, 10.466104000000144], [-69.7198949999999, 10.450775000000135], [-69.70916, 10.447784000000127], [-69.704775, 10.452506], [-69.699669, 10.452908], [-69.693455, 10.449365], [-69.693028, 10.442425], [-69.683293, 10.442692], [-69.67383299999989, 10.447127000000137], [-69.663605, 10.440661000000148], [-69.664635, 10.434402], [-69.662177, 10.42699800000014], [-69.68043, 10.42064100000016], [-69.68752099999983, 10.409787], [-69.680217, 10.402964], [-69.675885, 10.402616], [-69.66921, 10.393647], [-69.666843, 10.380668000000185], [-69.662989, 10.379806], [-69.661121, 10.382665], [-69.65192599999989, 10.385374000000184], [-69.641875, 10.382665], [-69.627039, 10.394523], [-69.622353, 10.390558000000112], [-69.61898, 10.391520000000128], [-69.62775099999982, 10.404549], [-69.615788, 10.415832000000137], [-69.616694, 10.423321], [-69.6143, 10.429384], [-69.6026159999999, 10.433321], [-69.591299, 10.432328], [-69.594384, 10.440892], [-69.590599, 10.442716000000189], [-69.571469, 10.441856], [-69.563362, 10.432976], [-69.555625, 10.444300000000169], [-69.550817, 10.446804], [-69.554815, 10.520681], [-69.5365599999999, 10.534278], [-69.542998, 10.556426000000101], [-69.529324, 10.578154], [-69.519776, 10.607563], [-69.492375, 10.62253], [-69.46034114799994, 10.692551468000033], [-69.46483132199995, 10.68984037000007], [-69.47255364799992, 10.689774324000098], [-69.50463704099991, 10.69464325000007], [-69.51516445199991, 10.689805061000072], [-69.51831762499995, 10.694841166000117], [-69.51857170899996, 10.706005447000052], [-69.52236993099996, 10.716936698999973], [-69.51579472899994, 10.72831503700013], [-69.51798885099993, 10.73287513200006], [-69.51474176799996, 10.740068344000179], [-69.51855986599992, 10.741350760000046], [-69.5450490639999, 10.74310921800003], [-69.56714791099995, 10.729599743000051], [-69.57760337899998, 10.732653751000157], [-69.58948385499991, 10.728330569000036], [-69.60880869499988, 10.732522552000034], [-69.61752302699989, 10.72710336199998], [-69.64215513399995, 10.737593468], [-69.6470023469999, 10.739247478000095], [-69.65752177999997, 10.736936356000172], [-69.67999962899995, 10.721272806], [-69.69051543499995, 10.719499270000028]]]}}, {"type": "Feature", "properties": {"parroquia": "Moroturo", "municipio": "Urdaneta", "estado": "Lara", "pcode": "VE130902", "estado_pcode": "VE13", "municipio_pcode": "VE1309", "center_lat": 10.57882205, "center_lon": -69.12473064, "area_sqkm": 1038.51526247}, "geometry": {"type": "Polygon", "coordinates": [[[-68.87485797299996, 10.649597034000067], [-68.8823982959999, 10.649642988000153], [-68.89077569299991, 10.654318060000094], [-68.8913038579999, 10.67696563800007], [-68.90342047499996, 10.693693999000118], [-68.92049022299994, 10.696343956000135], [-68.9222922859999, 10.694017883000129], [-68.93553885799992, 10.694629819000113], [-68.94340221299996, 10.697642847], [-68.94302424499995, 10.704842038000152], [-68.94596635099992, 10.703310973000043], [-68.94828641199996, 10.696441791000098], [-68.95154257399997, 10.699515841999983], [-68.95777581599998, 10.696611732000065], [-68.96078596799998, 10.700947829000086], [-68.96189197199993, 10.693536629999983], [-68.9668931619999, 10.690661523000074], [-68.96764323899998, 10.697511695000173], [-68.9724794249999, 10.694248577], [-68.97815068399996, 10.69700960900002], [-68.98870913599995, 10.696987548000095], [-68.9907752069999, 10.693535444000076], [-68.99771652499993, 10.69793851900016], [-69.00101963599997, 10.692094348000012], [-69.00199669099999, 10.695159414000159], [-69.0101510529999, 10.69713441500005], [-69.01432320299995, 10.692337263000127], [-69.01874338499994, 10.69170122300011], [-69.01807632799989, 10.687447120000115], [-69.02416560699999, 10.690194148000046], [-69.02470860299997, 10.685229018000086], [-69.03316798599991, 10.689980090000063], [-69.03512306899995, 10.689179055000125], [-69.03086888099995, 10.687792044000048], [-69.03217590999998, 10.684552954000083], [-69.0365471099999, 10.685755962000144], [-69.03638907799996, 10.682697879000159], [-69.04187831599995, 10.683121853000102], [-69.04553444699991, 10.680092753999986], [-69.05318578299989, 10.681232737000073], [-69.0519406869999, 10.673781560000066], [-69.05716992199996, 10.676802597000176], [-69.07235747599998, 10.661355116000038], [-69.07735570199992, 10.662881117000097], [-69.07884674399992, 10.660906056000044], [-69.08435201199995, 10.66618015600011], [-69.08095288999993, 10.66835923900004], [-69.08499408299997, 10.672458313999982], [-69.08377209199995, 10.681468555000038], [-69.09174345999992, 10.686217631999966], [-69.10312590699982, 10.679683392000072], [-69.10861215399996, 10.682267423999974], [-69.11847655799994, 10.68085732500009], [-69.12681696699997, 10.687859451], [-69.12621989699988, 10.682271311000022], [-69.13303917299993, 10.679063181000174], [-69.13374626399991, 10.689639447000047], [-69.14568773699995, 10.683082204000073], [-69.14866286699998, 10.68458022700014], [-69.14951494899998, 10.691272399000127], [-69.15312805999997, 10.68465620000012], [-69.1609443879999, 10.68443714700004], [-69.16356653599996, 10.68933825900018], [-69.16940677999997, 10.688127192000081], [-69.17123590099993, 10.695395369000039], [-69.1755710359999, 10.687906151000163], [-69.17938718999989, 10.686669093000148], [-69.1838043969999, 10.688744111000062], [-69.17872820699989, 10.692899248], [-69.17995727699991, 10.696257332000073], [-69.18442843699995, 10.69191819700012], [-69.18747060299995, 10.696612292000111], [-69.18977866399996, 10.692086166000081], [-69.19626893299994, 10.69108310200005], [-69.20122216399989, 10.692767113], [-69.20468133899993, 10.698543233000066], [-69.20706040599998, 10.692959072000178], [-69.21010852899991, 10.691767027000026], [-69.21289765999995, 10.694047070000124], [-69.21221666499991, 10.69967922], [-69.21656387099989, 10.702673265000044], [-69.22221909399991, 10.699967162000064], [-69.22608721699993, 10.692521948999968], [-69.23017841499995, 10.695976012000017], [-69.23480958199991, 10.692807901000037], [-69.24203992699995, 10.697460971000055], [-69.24890717099998, 10.6911687650001], [-69.25815663599997, 10.700973956000041], [-69.26677730799992, 10.69904237600008], [-69.27437228799994, 10.696989754000072], [-69.27767345399997, 10.699522797000157], [-69.28021054499993, 10.697708743000135], [-69.28579179499997, 10.699737752999965], [-69.290981, 10.697167656000033], [-69.29967640199993, 10.702969747000054], [-69.3057486539999, 10.700538650000055], [-69.30617162899989, 10.695044504000066], [-69.31519205699993, 10.7011906030001], [-69.3222893389999, 10.698116487000107], [-69.32577551799994, 10.702924587000041], [-69.33045169599995, 10.70039948800013], [-69.33036166599999, 10.696215388000155], [-69.33408282999994, 10.69755140000018], [-69.33403385099996, 10.701690505000101], [-69.33804036499998, 10.699824731000092], [-69.342407, 10.68937], [-69.335881, 10.689529], [-69.342337, 10.675559], [-69.360263, 10.617735], [-69.35199, 10.57794900000016], [-69.31721, 10.535478], [-69.307131, 10.510617], [-69.27068, 10.485593000000108], [-69.266489, 10.480927], [-69.264242, 10.48268800000011], [-69.261404, 10.477614000000187], [-69.259784, 10.480021], [-69.257143, 10.477294], [-69.250486, 10.476435000000151], [-69.24432, 10.479373], [-69.141295, 10.451937], [-69.129453, 10.468265], [-69.11952799999989, 10.468962], [-69.11606499999988, 10.480543], [-69.101714, 10.482677], [-69.095153, 10.479036], [-69.080307, 10.463781000000154], [-69.07266399999986, 10.458689], [-69.06859914999995, 10.458957905000148], [-69.06496594899994, 10.469614263999972], [-69.05892873999983, 10.476494476000084], [-69.05003639299991, 10.481589653000071], [-69.05007447399998, 10.495275006000043], [-69.04646339199996, 10.507052323000096], [-69.04760345699998, 10.509330378000016], [-69.05636581899995, 10.508216297000104], [-69.04928559599989, 10.520130643000073], [-69.02823975599989, 10.528152977000161], [-69.01386315199994, 10.529397099000107], [-68.98991629099999, 10.554660889], [-68.96206407699987, 10.551268972000116], [-68.95599878799993, 10.545944878000114], [-68.95578474899997, 10.540769747000127], [-68.94540728699997, 10.538851758000135], [-68.90985790899998, 10.560172519000048], [-68.90522078699996, 10.571853858000111], [-68.89510241199997, 10.581640166], [-68.89293137599992, 10.590561404000084], [-68.88620411499994, 10.594090543000164], [-68.88223298399998, 10.600469729000054], [-68.88240104199997, 10.609014943999966], [-68.87720885099998, 10.614425113000095], [-68.87934007099989, 10.633735603000162], [-68.87485797299996, 10.649597034000067]]]}}, {"type": "Feature", "properties": {"parroquia": "San Miguel", "municipio": "Urdaneta", "estado": "Lara", "pcode": "VE130903", "estado_pcode": "VE13", "municipio_pcode": "VE1309", "center_lat": 10.5928585, "center_lon": -69.43982012, "area_sqkm": 436.342335}, "geometry": {"type": "Polygon", "coordinates": [[[-69.33804036499998, 10.699824731000092], [-69.34501034699991, 10.705699534000075], [-69.35013053799997, 10.701427396999975], [-69.35345569699996, 10.70389043400013], [-69.35782886299995, 10.702031362000128], [-69.37520363099986, 10.706021359000147], [-69.37973685799994, 10.711841474000039], [-69.38257693599991, 10.705429290000097], [-69.39346439799988, 10.704033185000128], [-69.39734658699984, 10.70863428000007], [-69.40423188799986, 10.70981126900017], [-69.41002610299984, 10.704458094000188], [-69.42181958499998, 10.702693979000173], [-69.42416967399998, 10.700028896], [-69.43512514399998, 10.702425887000174], [-69.44068535299994, 10.698542753000027], [-69.44522056599993, 10.700591777000113], [-69.44843069199999, 10.698500700000011], [-69.45415293099995, 10.69960669700015], [-69.46034114799994, 10.692551468000033], [-69.492375, 10.62253], [-69.519776, 10.607563], [-69.529324, 10.578154], [-69.542998, 10.556426000000101], [-69.5365599999999, 10.534278], [-69.554815, 10.520681], [-69.550817, 10.446804], [-69.545202, 10.449530000000152], [-69.545312, 10.453702], [-69.539354, 10.46122800000012], [-69.53409499999987, 10.462112000000104], [-69.530821, 10.458944000000145], [-69.530317, 10.462646], [-69.520293, 10.463648000000148], [-69.520134, 10.466059], [-69.515127, 10.463429000000133], [-69.506759, 10.474741000000165], [-69.497908, 10.478215], [-69.494557, 10.474957], [-69.492936, 10.481056], [-69.48899099999988, 10.47962], [-69.4823679999999, 10.488061], [-69.480424, 10.483180000000118], [-69.475552, 10.482713], [-69.469309, 10.496031], [-69.456088, 10.507281], [-69.448746, 10.519424000000129], [-69.44336, 10.523588], [-69.27068, 10.485593000000108], [-69.307131, 10.510617], [-69.31721, 10.535478], [-69.35199, 10.57794900000016], [-69.360263, 10.617735], [-69.342337, 10.675559], [-69.335881, 10.689529], [-69.342407, 10.68937], [-69.33804036499998, 10.699824731000092]]]}}, {"type": "Feature", "properties": {"parroquia": "Xaguas", "municipio": "Urdaneta", "estado": "Lara", "pcode": "VE130904", "estado_pcode": "VE13", "municipio_pcode": "VE1309", "center_lat": 10.5870335, "center_lon": -70.06750805, "area_sqkm": 779.27115299}, "geometry": {"type": "Polygon", "coordinates": [[[-69.81860543199997, 10.742576137000071], [-69.84052346399994, 10.73128404300013], [-69.85592910999998, 10.730734930999972], [-69.86712750199996, 10.719370566], [-69.86755346599995, 10.710002335000183], [-69.88042997699989, 10.70544413100015], [-69.89299150599999, 10.704903043000172], [-69.91731542499997, 10.690127516000189], [-69.92758287299995, 10.692537507], [-69.94017738299993, 10.688388318000023], [-69.94376054499992, 10.690126343000031], [-69.95071590699996, 10.701707596000176], [-69.96468845699991, 10.696117356], [-69.97575292899995, 10.687921931000062], [-69.98150606799999, 10.681282882000062], [-69.99419756899988, 10.675203650000128], [-70.01489241199988, 10.672171440000056], [-70.0188355219999, 10.663609200000053], [-70.03418011299988, 10.654275865000045], [-70.04065538499998, 10.655380851000189], [-70.0462966049999, 10.652771752000035], [-70.05272981699983, 10.643323474000056], [-70.06864846299993, 10.63927427200008], [-70.08059697499993, 10.64162825800014], [-70.08043699699994, 10.646591385000022], [-70.08566728399995, 10.655492574000107], [-70.11294040599995, 10.653004333000183], [-70.11716756499987, 10.649983226000074], [-70.12578698599992, 10.659575416000052], [-70.13341633699997, 10.663061454], [-70.14149066899995, 10.662967403000152], [-70.14711687699997, 10.657896241000117], [-70.15897635499994, 10.654729079000106], [-70.16665261899993, 10.645939817000112], [-70.17737204699995, 10.642686668000124], [-70.17848001899995, 10.632749413000113], [-70.18216813799995, 10.62638722500003], [-70.17500479599994, 10.619277097000065], [-70.17686484199999, 10.615854997000099], [-70.18850329399999, 10.609832771000072], [-70.19901372799995, 10.608230672000104], [-70.20456891199996, 10.601388460000123], [-70.22117356699988, 10.594311083000093], [-70.23081392399996, 10.58802695999998], [-70.24146936999989, 10.587667888000112], [-70.25335776799989, 10.57298144300006], [-70.27845974899992, 10.561278993000087], [-70.29592353899989, 10.57038811000018], [-70.30710200799996, 10.570884051000121], [-70.31297232199984, 10.580984260000093], [-70.31882855899988, 10.579523196000025], [-70.32121561099996, 10.572867016000146], [-70.32647680799994, 10.568753873000048], [-70.33425911299992, 10.565686755000115], [-70.34143442699997, 10.568085767000014], [-70.34008299999988, 10.561373000000174], [-70.334481, 10.557574], [-70.327202, 10.559545], [-70.313416, 10.551981], [-70.30425699999984, 10.560891], [-70.28993799999989, 10.554997000000185], [-70.288314, 10.549275000000137], [-70.292659, 10.538668], [-70.286381, 10.531411], [-70.277574, 10.534602], [-70.276838, 10.539373000000126], [-70.272726, 10.542719], [-70.26773399999985, 10.542191], [-70.26328199999989, 10.550244], [-70.258135, 10.547255000000177], [-70.25070499999987, 10.550003000000174], [-70.239677, 10.559391000000119], [-70.21103, 10.561044], [-70.209758, 10.564106000000152], [-70.199671, 10.567185], [-70.19648299999989, 10.563785], [-70.19753, 10.556697000000156], [-70.18913999999984, 10.550586], [-70.123517, 10.472605000000158], [-70.09830999999986, 10.449634], [-70.074885, 10.431347], [-70.067939, 10.436144000000183], [-70.056122, 10.435056], [-70.045855, 10.441254000000185], [-70.030558, 10.444712000000152], [-70.008738, 10.437269000000185], [-69.99396899999982, 10.44862200000017], [-69.984286, 10.45086300000014], [-69.977227, 10.459922], [-69.965507, 10.458535], [-69.95357299999984, 10.466768], [-69.945648, 10.466144], [-69.935974, 10.472334000000103], [-69.941602, 10.477673], [-69.951189, 10.48013], [-69.95361799999989, 10.485857000000124], [-69.945239, 10.497043000000133], [-69.9460519999999, 10.506451], [-69.94999699999988, 10.511321], [-69.9245059999999, 10.509980000000155], [-69.919092, 10.512273000000164], [-69.91513, 10.521323], [-69.906619, 10.525516], [-69.904376, 10.530333000000155], [-69.90547, 10.536708], [-69.911017, 10.548883], [-69.920663, 10.557096000000115], [-69.918895, 10.56656], [-69.90451499999989, 10.582044], [-69.89202499999988, 10.587283], [-69.885619, 10.585812], [-69.883173, 10.591964000000132], [-69.878726, 10.592814000000146], [-69.876658, 10.59606900000017], [-69.872803, 10.595278], [-69.87113, 10.601711000000137], [-69.86728099999988, 10.601196000000186], [-69.862242, 10.606897], [-69.865395, 10.610638000000165], [-69.86317, 10.614216000000113], [-69.867134, 10.6242], [-69.882962, 10.63840800000014], [-69.881845, 10.647926], [-69.874652, 10.65408500000018], [-69.873421, 10.658938], [-69.84888199999989, 10.669202], [-69.848197, 10.676885], [-69.83679899999987, 10.691301000000124], [-69.836817, 10.697865], [-69.83149, 10.711985], [-69.8287034839999, 10.71128494900006], [-69.82505475499988, 10.722944926000025], [-69.81881552399994, 10.728198097000075], [-69.81095520899993, 10.730297209000184], [-69.81860543199997, 10.742576137000071]]]}}, {"type": "Feature", "properties": {"parroquia": "Catedral", "municipio": "Iribarren", "estado": "Lara", "pcode": "VE130301", "estado_pcode": "VE13", "municipio_pcode": "VE1303", "center_lat": 10.0811175, "center_lon": -69.29852444, "area_sqkm": 70.51645339}, "geometry": {"type": "Polygon", "coordinates": [[[-69.2137, 10.158121], [-69.25043, 10.162034000000176], [-69.3013, 10.144777], [-69.31605599999989, 10.145416000000125], [-69.3075649999999, 10.108304], [-69.314749, 10.084013], [-69.31747, 10.0839], [-69.315788, 10.06090300000011], [-69.31385599999987, 10.059122000000173], [-69.318368, 10.048413000000153], [-69.319083, 10.029273000000103], [-69.33300899999989, 10.022868], [-69.34762599999988, 10.041768000000104], [-69.3441739999999, 10.046976], [-69.352204, 10.045921], [-69.33093778799997, 9.998494840000092], [-69.3252457339999, 10.002207934000012], [-69.31518146899992, 10.019135661000064], [-69.313158, 10.018794000000128], [-69.3029039999999, 10.026404], [-69.30043, 10.035080000000107], [-69.288372, 10.046159], [-69.28765, 10.046785000000114], [-69.288688, 10.056650000000104], [-69.283225, 10.07420800000017], [-69.28515, 10.078898], [-69.276808, 10.082934], [-69.281226, 10.111497], [-69.27436099999983, 10.110859], [-69.242418, 10.142112000000111], [-69.2137, 10.158121]]]}}, {"type": "Feature", "properties": {"parroquia": "Concepción", "municipio": "Iribarren", "estado": "Lara", "pcode": "VE130302", "estado_pcode": "VE13", "municipio_pcode": "VE1303", "center_lat": 10.0535165, "center_lon": -69.33489651, "area_sqkm": 20.51121243}, "geometry": {"type": "Polygon", "coordinates": [[[-69.31747, 10.0839], [-69.33375699999988, 10.080406000000153], [-69.356663, 10.06602], [-69.352204, 10.045921], [-69.3441739999999, 10.046976], [-69.34762599999988, 10.041768000000104], [-69.33300899999989, 10.022868], [-69.319083, 10.029273000000103], [-69.318368, 10.048413000000153], [-69.31385599999987, 10.059122000000173], [-69.315788, 10.06090300000011], [-69.31747, 10.0839]]]}}]}