{"type": "FeatureCollection", "features": [{"type": "Feature", "properties": {"parroquia": "Presidente Rómulo Gallegos", "municipio": "Alberto Adriani", "estado": "Mérida", "pcode": "VE140103", "estado_pcode": "VE14", "municipio_pcode": "VE1401", "center_lat": 8.553644, "center_lon": -71.70410172, "area_sqkm": 131.67320171}, "geometry": {"type": "Polygon", "coordinates": [[[-71.63432499999988, 8.610593], [-71.662537, 8.611826], [-71.687445, 8.599047], [-71.694278, 8.592762000000107], [-71.704947, 8.595756], [-71.732022, 8.597217000000171], [-71.752074, 8.593909000000167], [-71.76697599999989, 8.583959], [-71.771743, 8.553066000000172], [-71.775584, 8.548734], [-71.77119, 8.54349900000011], [-71.765289, 8.542739], [-71.764808, 8.540328000000102], [-71.77018099999987, 8.537533000000167], [-71.767529, 8.535055000000114], [-71.769916, 8.533617000000163], [-71.765493, 8.530692], [-71.7639779999999, 8.520187], [-71.761361, 8.518236000000115], [-71.7606899999999, 8.520510000000115], [-71.758205, 8.519979], [-71.75868799999989, 8.51454600000011], [-71.756157, 8.512894], [-71.7548, 8.514788], [-71.7517739999999, 8.513629], [-71.754754, 8.507012], [-71.75261199999989, 8.506671], [-71.752805, 8.501827], [-71.749537, 8.500023], [-71.750105, 8.496078000000125], [-71.746883, 8.493223000000114], [-71.725222, 8.504722000000129], [-71.635513, 8.554222], [-71.632898, 8.577441], [-71.62926, 8.577185], [-71.620062, 8.59358500000019], [-71.6324, 8.610894], [-71.63432499999988, 8.610593]]]}}, {"type": "Feature", "properties": {"parroquia": "Gabriel Picón González", "municipio": "Alberto Adriani", "estado": "Mérida", "pcode": "VE140104", "estado_pcode": "VE14", "municipio_pcode": "VE1401", "center_lat": 8.5509435, "center_lon": -71.61117156, "area_sqkm": 38.91648666}, "geometry": {"type": "Polygon", "coordinates": [[[-71.594915, 8.569333000000142], [-71.602557, 8.576626000000147], [-71.611099, 8.592196], [-71.620062, 8.59358500000019], [-71.62926, 8.577185], [-71.632898, 8.577441], [-71.635513, 8.554222], [-71.6327399999999, 8.52486000000016], [-71.62594699999988, 8.510706], [-71.619761, 8.519876], [-71.61124599999988, 8.520070000000146], [-71.598363, 8.506975], [-71.5843627729999, 8.515481904000126], [-71.585614, 8.521620000000155], [-71.579948, 8.52823700000016], [-71.579692, 8.534755000000132], [-71.583522, 8.545403], [-71.59454799999986, 8.562024], [-71.594915, 8.569333000000142]]]}}, {"type": "Feature", "properties": {"parroquia": "Héctor Amable Mora", "municipio": "Alberto Adriani", "estado": "Mérida", "pcode": "VE140105", "estado_pcode": "VE14", "municipio_pcode": "VE1401", "center_lat": 8.6907185, "center_lon": -71.57330592, "area_sqkm": 156.62371374}, "geometry": {"type": "Polygon", "coordinates": [[[-71.51103599999988, 8.709658], [-71.52985699999982, 8.721433], [-71.536933, 8.73566000000011], [-71.545644, 8.744511000000102], [-71.560977, 8.74614], [-71.573417, 8.750909], [-71.585433, 8.744482000000176], [-71.590458, 8.745437000000152], [-71.59724548599985, 8.767925750000131], [-71.64313721699989, 8.7304191180001], [-71.639518, 8.717243], [-71.640087, 8.705705], [-71.634756, 8.699715], [-71.6287099999999, 8.680091], [-71.619162, 8.673675000000173], [-71.618965, 8.663882000000115], [-71.61486, 8.660047], [-71.629563, 8.6450430000001], [-71.6224509999999, 8.637221], [-71.62065799999988, 8.626832], [-71.573771, 8.614479], [-71.566038, 8.637562000000173], [-71.558501, 8.631014], [-71.554816, 8.633893000000171], [-71.541582, 8.63603], [-71.538679, 8.643236000000172], [-71.520591, 8.655864000000122], [-71.51847, 8.665377000000149], [-71.52277999999984, 8.674913000000117], [-71.51599699999986, 8.68686300000013], [-71.514595, 8.70355], [-71.51103599999988, 8.709658]]]}}, {"type": "Feature", "properties": {"parroquia": "Pulido Méndez", "municipio": "Alberto Adriani", "estado": "Mérida", "pcode": "VE140107", "estado_pcode": "VE14", "municipio_pcode": "VE1401", "center_lat": 8.601616, "center_lon": -71.59788293, "area_sqkm": 38.95685973}, "geometry": {"type": "Polygon", "coordinates": [[[-71.639459, 8.643304000000114], [-71.641735, 8.640951], [-71.6324, 8.610894], [-71.620062, 8.59358500000019], [-71.611099, 8.592196], [-71.602557, 8.576626000000147], [-71.594915, 8.569333000000142], [-71.57355899999988, 8.559146000000169], [-71.560647, 8.557072000000119], [-71.556502, 8.558641000000137], [-71.573771, 8.614479], [-71.62065799999988, 8.626832], [-71.6224509999999, 8.637221], [-71.629563, 8.6450430000001], [-71.639459, 8.643304000000114]]]}}, {"type": "Feature", "properties": {"parroquia": "Andrés Bello", "municipio": "Andrés Bello", "estado": "Mérida", "pcode": "VE140201", "estado_pcode": "VE14", "municipio_pcode": "VE1402", "center_lat": 8.7040125, "center_lon": -71.37040202, "area_sqkm": 399.49902297}, "geometry": {"type": "Polygon", "coordinates": [[[-71.401276, 8.608178], [-71.395431, 8.613439000000142], [-71.39434099999988, 8.618527000000142], [-71.399323, 8.636834], [-71.379382, 8.667015000000163], [-71.374049, 8.664273], [-71.35722899999985, 8.664290000000108], [-71.354289, 8.661510000000135], [-71.33581999999984, 8.664855000000102], [-71.329357, 8.662466000000165], [-71.324345, 8.663083], [-71.316943, 8.674652], [-71.309801, 8.680099], [-71.286739, 8.678735000000131], [-71.27834, 8.681262000000174], [-71.271398, 8.676854000000105], [-71.265818, 8.680538000000126], [-71.24682599999988, 8.700725], [-71.230059, 8.703005], [-71.21337699999987, 8.709039000000189], [-71.227637, 8.726985000000184], [-71.23752999999988, 8.729891000000123], [-71.262796, 8.747731], [-71.28750799999989, 8.75983600000012], [-71.288814, 8.764426000000128], [-71.301506, 8.766930000000173], [-71.31270299999989, 8.76391], [-71.320756, 8.771085], [-71.334776, 8.774666], [-71.3530679999999, 8.772543], [-71.36397799999986, 8.775553], [-71.396133, 8.777453], [-71.409911, 8.773739], [-71.415583, 8.779508], [-71.43835499999983, 8.785749000000123], [-71.451044, 8.799924], [-71.46102599999989, 8.779876000000172], [-71.485901, 8.761249000000134], [-71.490115, 8.747294000000124], [-71.507394, 8.722087000000101], [-71.51103599999988, 8.709658], [-71.514595, 8.70355], [-71.51599699999986, 8.68686300000013], [-71.52277999999984, 8.674913000000117], [-71.51847, 8.665377000000149], [-71.520591, 8.655864000000122], [-71.538679, 8.643236000000172], [-71.541582, 8.63603], [-71.554816, 8.633893000000171], [-71.558501, 8.631014], [-71.543099, 8.624339], [-71.54005, 8.619768000000136], [-71.52416199999988, 8.617722000000128], [-71.516856, 8.62244800000019], [-71.50051, 8.624815000000126], [-71.49200799999988, 8.623313000000167], [-71.480244, 8.630789], [-71.467531, 8.622298], [-71.45767699999982, 8.622791000000177], [-71.44675, 8.63188], [-71.440083, 8.63374000000016], [-71.429986, 8.626897], [-71.414541, 8.629965], [-71.401276, 8.608178]]]}}, {"type": "Feature", "properties": {"parroquia": "Capital Pinto Salinas", "municipio": "Antonio Pinto Salinas", "estado": "Mérida", "pcode": "VE140301", "estado_pcode": "VE14", "municipio_pcode": "VE1403", "center_lat": 8.409177, "center_lon": -71.64472202, "area_sqkm": 284.53770312}, "geometry": {"type": "Polygon", "coordinates": [[[-71.635513, 8.554222], [-71.725222, 8.504722000000129], [-71.724273, 8.499167], [-71.708964, 8.489730000000122], [-71.710273, 8.481296], [-71.714691, 8.479991], [-71.710134, 8.472466], [-71.712109, 8.463153], [-71.705718, 8.456046], [-71.711449, 8.440636], [-71.710323, 8.435879000000114], [-71.686945, 8.411068], [-71.68705099999988, 8.404377], [-71.691834, 8.39519300000012], [-71.69088299999987, 8.390916000000118], [-71.687937, 8.39124900000013], [-71.681753, 8.400882], [-71.677872, 8.401875000000189], [-71.6787159999999, 8.395247000000154], [-71.67004899999984, 8.380605000000116], [-71.689059, 8.370324], [-71.6809669999999, 8.36364500000019], [-71.68137999999988, 8.358235], [-71.676969, 8.348493], [-71.680211, 8.340622], [-71.675222, 8.330905], [-71.677375, 8.325129000000118], [-71.674774, 8.312466], [-71.677326, 8.300634], [-71.65451799999988, 8.28862], [-71.622558, 8.287429], [-71.596734, 8.267946000000109], [-71.58064499999989, 8.263458], [-71.574192, 8.276163], [-71.57005, 8.278321], [-71.579935, 8.295217], [-71.58071, 8.300614], [-71.575411, 8.311022], [-71.577951, 8.31595], [-71.58429699999988, 8.319728], [-71.5868109999999, 8.327288], [-71.576202, 8.358773000000156], [-71.580827, 8.378603], [-71.5777, 8.391497], [-71.583194, 8.401586], [-71.590284, 8.399471], [-71.598644, 8.408638], [-71.609657, 8.411037000000135], [-71.615486, 8.417508000000112], [-71.591639, 8.429942], [-71.58501599999988, 8.438751], [-71.583706, 8.446552], [-71.589218, 8.450476000000151], [-71.59538099999986, 8.44791], [-71.611308, 8.453088], [-71.627434, 8.443946], [-71.64071, 8.448322], [-71.642308, 8.463782], [-71.62128599999988, 8.498504], [-71.62648799999988, 8.505053], [-71.62594699999988, 8.510706], [-71.6327399999999, 8.52486000000016], [-71.635513, 8.554222]]]}}, {"type": "Feature", "properties": {"parroquia": "Mesa de Bolívar", "municipio": "Antonio Pinto Salinas", "estado": "Mérida", "pcode": "VE140302", "estado_pcode": "VE14", "municipio_pcode": "VE1403", "center_lat": 8.4828685, "center_lon": -71.60088614, "area_sqkm": 45.27913555}, "geometry": {"type": "Polygon", "coordinates": [[[-71.5843627729999, 8.515481904000126], [-71.598363, 8.506975], [-71.61124599999988, 8.520070000000146], [-71.619761, 8.519876], [-71.62594699999988, 8.510706], [-71.62648799999988, 8.505053], [-71.62128599999988, 8.498504], [-71.642308, 8.463782], [-71.64071, 8.448322], [-71.627434, 8.443946], [-71.611308, 8.453088], [-71.59538099999986, 8.44791], [-71.589218, 8.450476000000151], [-71.583706, 8.446552], [-71.582252, 8.44716], [-71.57147, 8.45675800000015], [-71.572955, 8.473318], [-71.570037, 8.480305000000158], [-71.582731, 8.503822000000127], [-71.5843627729999, 8.515481904000126]]]}}, {"type": "Feature", "properties": {"parroquia": "Mesa de las Palmas", "municipio": "Antonio Pinto Salinas", "estado": "Mérida", "pcode": "VE140303", "estado_pcode": "VE14", "municipio_pcode": "VE1403", "center_lat": 8.403286, "center_lon": -71.57812983, "area_sqkm": 26.97934024}, "geometry": {"type": "Polygon", "coordinates": [[[-71.576202, 8.358773000000156], [-71.56297699999988, 8.361314], [-71.5526559999999, 8.367264000000148], [-71.55367799999982, 8.378786000000105], [-71.547868, 8.386575000000107], [-71.562093, 8.401208], [-71.563912, 8.410183000000131], [-71.582252, 8.44716], [-71.583706, 8.446552], [-71.58501599999988, 8.438751], [-71.591639, 8.429942], [-71.615486, 8.417508000000112], [-71.609657, 8.411037000000135], [-71.598644, 8.408638], [-71.590284, 8.399471], [-71.583194, 8.401586], [-71.5777, 8.391497], [-71.580827, 8.378603], [-71.576202, 8.358773000000156]]]}}, {"type": "Feature", "properties": {"parroquia": "Capital Aricagua", "municipio": "Aricagua", "estado": "Mérida", "pcode": "VE140401", "estado_pcode": "VE14", "municipio_pcode": "VE1404", "center_lat": 8.20961768, "center_lon": -71.11158831, "area_sqkm": 643.95304747}, "geometry": {"type": "Polygon", "coordinates": [[[-70.91097392099988, 8.302431900000158], [-70.92682149699988, 8.288400511000134], [-70.93663099199995, 8.30508182300008], [-70.96278911499996, 8.313654885000119], [-70.96523822599988, 8.316900942000075], [-70.97671969799995, 8.31635387100016], [-70.97551468199993, 8.323483030000034], [-70.9923934339999, 8.333626167000034], [-71.00097084399994, 8.345849386], [-71.01537742099993, 8.342886246000148], [-71.02662289999995, 8.346279257000162], [-71.02833899299998, 8.349020308000036], [-71.04201353799988, 8.346291181000083], [-71.05965338499988, 8.369265584000175], [-71.06870076699988, 8.372868623000159], [-71.08270345099993, 8.374448528000016], [-71.090198, 8.368279], [-71.096574, 8.368541000000107], [-71.105852, 8.371233], [-71.122097, 8.38624300000015], [-71.13694799999985, 8.380975], [-71.138379, 8.369665], [-71.145829, 8.365115000000117], [-71.157423, 8.363983], [-71.16697799999986, 8.356829], [-71.17063599999983, 8.351929000000155], [-71.16647099999983, 8.335897], [-71.17592799999989, 8.32986700000015], [-71.17838499999988, 8.330492000000163], [-71.18326699999989, 8.322016000000133], [-71.18696199999982, 8.305402], [-71.183975, 8.300624000000141], [-71.18685099999988, 8.28725], [-71.1971769999999, 8.266569], [-71.218142, 8.245371], [-71.216262, 8.234278000000131], [-71.219412, 8.224821000000134], [-71.2057989999999, 8.213926000000185], [-71.209214, 8.202818], [-71.206484, 8.19538], [-71.193199, 8.186665], [-71.181404, 8.187361], [-71.17113599999988, 8.183525], [-71.147704, 8.159656], [-71.149305, 8.155051000000128], [-71.157286, 8.152981], [-71.163341, 8.142302], [-71.16868099999988, 8.139073], [-71.176588, 8.107291000000146], [-71.151377, 8.07189], [-71.141471, 8.065278], [-71.139473, 8.056378], [-71.140853, 8.051336000000106], [-71.128968, 8.043123], [-71.132472, 8.038147], [-71.13013772499988, 8.033089309], [-71.13005670799987, 8.033150321000107], [-71.12555341499996, 8.039090178000095], [-71.12157524899993, 8.038890197000171], [-71.11772807699987, 8.034624126000097], [-71.11522998899994, 8.039161228000125], [-71.1094727389999, 8.037054221000176], [-71.11146184099982, 8.040907293000089], [-71.10779971599993, 8.0441193690001], [-71.10381654599996, 8.043689387000086], [-71.10205752799993, 8.055668651000019], [-71.09521626399999, 8.059234756000137], [-71.09440230599989, 8.07390007500004], [-71.08918708199997, 8.070424031000186], [-71.07480252999994, 8.079088278000029], [-71.07040240599991, 8.090765550000071], [-71.06536221399989, 8.092473615000074], [-71.05927199999985, 8.10125382700005], [-71.05632488899988, 8.101647859000138], [-71.05682592199997, 8.106019949000029], [-71.04882762099999, 8.110509081000032], [-71.04501149099997, 8.115974213000129], [-71.04685660499996, 8.124261379000131], [-71.04430250699994, 8.125586423000186], [-71.04344950799987, 8.13224157600007], [-71.04747770199998, 8.13815667900019], [-71.04490973799989, 8.145921266000016], [-71.04293658799998, 8.15315501800012], [-71.03534532099997, 8.162433258000021], [-71.02327886599983, 8.1700434870001], [-71.01819368799988, 8.176153634000173], [-71.01840171999999, 8.180482730000108], [-71.01270150399995, 8.183000817000163], [-71.01439958999993, 8.186327880000022], [-71.00942944699995, 8.198900164000179], [-71.02269608199992, 8.216902491000155], [-71.02114103699995, 8.220518580000089], [-71.02686129199992, 8.224028619000023], [-71.02384121499989, 8.23320883000008], [-71.0301415209999, 8.243429026000172], [-71.01833103399997, 8.242610069000023], [-71.01114570099992, 8.247778335000078], [-70.99492818299996, 8.264894662000074], [-70.98467176899999, 8.266940755000178], [-70.97514438599995, 8.267027813000084], [-70.96926910999991, 8.261259718000076], [-70.96655493399987, 8.24938247800003], [-70.96018863699999, 8.242866366000158], [-70.94163691199998, 8.249456594000094], [-70.93579372199991, 8.258478823000075], [-70.9262773499999, 8.263495985000077], [-70.90869764399991, 8.267637162000142], [-70.90675058399995, 8.271302245000072], [-70.91142385299997, 8.285430533000067], [-70.90777874999992, 8.294243740000127], [-70.91097392099988, 8.302431900000158]]]}}, {"type": "Feature", "properties": {"parroquia": "San Antonio", "municipio": "Aricagua", "estado": "Mérida", "pcode": "VE140402", "estado_pcode": "VE14", "municipio_pcode": "VE1404", "center_lat": 8.0644765, "center_lon": -71.18808579, "area_sqkm": 299.72600086}, "geometry": {"type": "Polygon", "coordinates": [[[-71.13013772499988, 8.033089309], [-71.132472, 8.038147], [-71.128968, 8.043123], [-71.140853, 8.051336000000106], [-71.139473, 8.056378], [-71.141471, 8.065278], [-71.151377, 8.07189], [-71.176588, 8.107291000000146], [-71.16868099999988, 8.139073], [-71.163341, 8.142302], [-71.157286, 8.152981], [-71.149305, 8.155051000000128], [-71.147704, 8.159656], [-71.17113599999988, 8.183525], [-71.181404, 8.187361], [-71.193199, 8.186665], [-71.206484, 8.19538], [-71.209214, 8.202818], [-71.2057989999999, 8.213926000000185], [-71.219412, 8.224821000000134], [-71.226807, 8.216963], [-71.2373659999999, 8.2133070000001], [-71.24347, 8.195472], [-71.270285, 8.16107], [-71.248684, 8.131513], [-71.250428, 8.120262], [-71.24673899999988, 8.116571], [-71.242478, 8.11747], [-71.227536, 8.102750000000128], [-71.23158099999989, 8.092870000000119], [-71.232438, 8.072485], [-71.2374549999999, 8.054457], [-71.24161299999986, 8.052688], [-71.250254, 8.040897], [-71.263089, 8.03265400000015], [-71.266405, 8.034036], [-71.266076, 8.029319], [-71.274085, 8.012721], [-71.277727, 7.997873], [-71.282918, 7.993528], [-71.28676499999989, 7.98512], [-71.287859, 7.973601000000144], [-71.285456, 7.969459], [-71.290614, 7.966887], [-71.293896, 7.941606000000149], [-71.28813699999989, 7.930448000000126], [-71.291568, 7.922222], [-71.2889237679999, 7.913997594000023], [-71.28369425299991, 7.910223685000176], [-71.28229017599995, 7.905044585999974], [-71.27306280599993, 7.907121677000021], [-71.2703727139999, 7.910644764000097], [-71.26946765199983, 7.906188671000052], [-71.26690955099991, 7.906288689000178], [-71.26694160999989, 7.918335936000176], [-71.26092435899994, 7.917384955000102], [-71.26141940399998, 7.921046027000159], [-71.25670721599988, 7.92286708000006], [-71.25448514299995, 7.926747181000053], [-71.25262606199988, 7.925042154000096], [-71.25175404899994, 7.929512245000012], [-71.24750087799993, 7.931209308], [-71.24397777199994, 7.938902479000035], [-71.23771652799996, 7.940572555000188], [-71.23722253999995, 7.947536697000146], [-71.23213930799989, 7.942939631000115], [-71.23071628499991, 7.949624772000163], [-71.23487447499991, 7.95309383200015], [-71.23500550199998, 7.958070926000175], [-71.23198537399998, 7.957078921000061], [-71.22870425299982, 7.95999400300002], [-71.22741019099993, 7.957771962000152], [-71.22006692199994, 7.965937169000085], [-71.19686103299995, 7.977717529000131], [-71.17893039299997, 7.995559997000043], [-71.16873097399997, 7.996797075000131], [-71.17194714699997, 8.005370238000069], [-71.16797300399992, 8.008085312], [-71.16756299899993, 8.012021397000183], [-71.16275781999991, 8.014756484000088], [-71.15832062599986, 8.012800467000147], [-71.15102036299999, 8.020165649000091], [-71.14494311399994, 8.020017686000187], [-71.14112797999991, 8.023578773000054], [-71.13572175199988, 8.022587785000098], [-71.13013772499988, 8.033089309]]]}}, {"type": "Feature", "properties": {"parroquia": "Capital Arzobispo Chacón", "municipio": "Arzobispo Chacón", "estado": "Mérida", "pcode": "VE140501", "estado_pcode": "VE14", "municipio_pcode": "VE1405", "center_lat": 8.082035, "center_lon": -71.48212683, "area_sqkm": 225.301742}, "geometry": {"type": "Polygon", "coordinates": [[[-71.374912, 8.17317], [-71.39454399999988, 8.160579], [-71.410624, 8.155711], [-71.428573, 8.159826000000123], [-71.451425, 8.15849500000013], [-71.459178, 8.162288000000103], [-71.468329, 8.180544000000168], [-71.475964, 8.189724000000183], [-71.483855, 8.178385], [-71.49000499999988, 8.175757], [-71.495348, 8.156025], [-71.50141899999988, 8.147430000000156], [-71.515462, 8.135149000000126], [-71.520023, 8.118733], [-71.51823699999983, 8.112661000000173], [-71.52569299999988, 8.106490000000122], [-71.53235599999982, 8.088273], [-71.5405669999999, 8.080433], [-71.55781799999988, 8.051174], [-71.56139699999989, 8.048888], [-71.57169460599988, 8.039405060000036], [-71.56678138199999, 8.024915703000147], [-71.57052743799994, 8.004042248000133], [-71.55851088799994, 7.99218106100011], [-71.55614375199991, 7.983924894999973], [-71.5493854419999, 7.97725579400003], [-71.53451717099995, 7.977641599000037], [-71.508721, 7.979263000000174], [-71.499631, 7.982373000000109], [-71.493485, 7.987566], [-71.491079, 8.018846], [-71.495862, 8.034946], [-71.492243, 8.044347], [-71.473751, 8.054895], [-71.455186, 8.050523000000169], [-71.450901, 8.047206000000187], [-71.443332, 8.068189], [-71.4272519999999, 8.078859], [-71.423311, 8.084229000000107], [-71.42390299999983, 8.093051000000173], [-71.40667699999989, 8.098876000000189], [-71.39370899999983, 8.110427], [-71.39238299999988, 8.139142000000106], [-71.384203, 8.145044], [-71.385904, 8.146481000000165], [-71.379706, 8.153539], [-71.374912, 8.17317]]]}}, {"type": "Feature", "properties": {"parroquia": "Capuri", "municipio": "Arzobispo Chacón", "estado": "Mérida", "pcode": "VE140502", "estado_pcode": "VE14", "municipio_pcode": "VE1405", "center_lat": 8.13058, "center_lon": -71.61248035, "area_sqkm": 83.62625443}, "geometry": {"type": "Polygon", "coordinates": [[[-71.593787, 8.210458], [-71.604816, 8.208023], [-71.611104, 8.201202], [-71.626104, 8.192214000000149], [-71.636784, 8.180051], [-71.62090399999988, 8.156537000000128], [-71.623997, 8.146167000000105], [-71.632546, 8.140842], [-71.63613, 8.13477300000011], [-71.637146, 8.126181], [-71.635817, 8.123352000000125], [-71.623001, 8.116619000000128], [-71.59950299999986, 8.115340000000174], [-71.58642, 8.099977], [-71.58413999999988, 8.092551000000185], [-71.585201, 8.083661], [-71.57663999999988, 8.074402], [-71.56139699999989, 8.048888], [-71.55781799999988, 8.051174], [-71.5405669999999, 8.080433], [-71.53235599999982, 8.088273], [-71.52569299999988, 8.106490000000122], [-71.548209, 8.108894], [-71.572074, 8.116084], [-71.58736, 8.127031], [-71.588269, 8.132707], [-71.58001, 8.150221000000158], [-71.574357, 8.176777], [-71.578923, 8.188207], [-71.57994, 8.198676], [-71.593787, 8.210458]]]}}, {"type": "Feature", "properties": {"parroquia": "Chacanta", "municipio": "Arzobispo Chacón", "estado": "Mérida", "pcode": "VE140503", "estado_pcode": "VE14", "municipio_pcode": "VE1405", "center_lat": 8.233359, "center_lon": -71.44429688, "area_sqkm": 160.33446805}, "geometry": {"type": "Polygon", "coordinates": [[[-71.50475099999989, 8.237422], [-71.491386, 8.213819], [-71.49450999999988, 8.20768900000013], [-71.493207, 8.202143], [-71.475964, 8.189724000000183], [-71.468329, 8.180544000000168], [-71.459178, 8.162288000000103], [-71.451425, 8.15849500000013], [-71.428573, 8.159826000000123], [-71.410624, 8.155711], [-71.39454399999988, 8.160579], [-71.374912, 8.17317], [-71.377086, 8.177382], [-71.373417, 8.182546000000116], [-71.37568399999986, 8.1872], [-71.398402, 8.197794000000158], [-71.39712599999984, 8.219177000000116], [-71.39422, 8.22786], [-71.37977199999989, 8.238964], [-71.376983, 8.258617], [-71.368997, 8.266304000000162], [-71.36631399999987, 8.276045], [-71.37984899999987, 8.287977000000183], [-71.388333, 8.292502000000127], [-71.396861, 8.29303700000014], [-71.404678, 8.30371], [-71.41108199999985, 8.308122], [-71.418813, 8.309492], [-71.42385999999982, 8.306424], [-71.430651, 8.302699], [-71.44360499999988, 8.286839000000157], [-71.452142, 8.270553000000177], [-71.452013, 8.265514000000167], [-71.454694, 8.263716000000102], [-71.463528, 8.266652], [-71.472962, 8.263738000000103], [-71.485584, 8.266741], [-71.494404, 8.258792], [-71.49706, 8.243360000000166], [-71.50475099999989, 8.237422]]]}}, {"type": "Feature", "properties": {"parroquia": "El Molino", "municipio": "Arzobispo Chacón", "estado": "Mérida", "pcode": "VE140504", "estado_pcode": "VE14", "municipio_pcode": "VE1405", "center_lat": 8.191593, "center_lon": -71.52875971, "area_sqkm": 154.43189472}, "geometry": {"type": "Polygon", "coordinates": [[[-71.593787, 8.210458], [-71.57994, 8.198676], [-71.578923, 8.188207], [-71.574357, 8.176777], [-71.58001, 8.150221000000158], [-71.588269, 8.132707], [-71.58736, 8.127031], [-71.572074, 8.116084], [-71.548209, 8.108894], [-71.52569299999988, 8.106490000000122], [-71.51823699999983, 8.112661000000173], [-71.520023, 8.118733], [-71.515462, 8.135149000000126], [-71.50141899999988, 8.147430000000156], [-71.495348, 8.156025], [-71.49000499999988, 8.175757], [-71.483855, 8.178385], [-71.475964, 8.189724000000183], [-71.493207, 8.202143], [-71.49450999999988, 8.20768900000013], [-71.491386, 8.213819], [-71.50475099999989, 8.237422], [-71.514896, 8.239735], [-71.51611699999984, 8.246503000000132], [-71.524344, 8.253544], [-71.527715, 8.268883], [-71.533375, 8.273355], [-71.54214, 8.27194400000019], [-71.57005, 8.278321], [-71.574192, 8.276163], [-71.58064499999989, 8.263458], [-71.579671, 8.252750000000106], [-71.585149, 8.24485900000019], [-71.584448, 8.224213], [-71.586867, 8.21584], [-71.593787, 8.210458]]]}}, {"type": "Feature", "properties": {"parroquia": "Guaimaral", "municipio": "Arzobispo Chacón", "estado": "Mérida", "pcode": "VE140505", "estado_pcode": "VE14", "municipio_pcode": "VE1405", "center_lat": 7.95350248, "center_lon": -71.46881601, "area_sqkm": 146.86765556}, "geometry": {"type": "Polygon", "coordinates": [[[-71.450901, 8.047206000000187], [-71.455186, 8.050523000000169], [-71.473751, 8.054895], [-71.492243, 8.044347], [-71.495862, 8.034946], [-71.491079, 8.018846], [-71.493485, 7.987566], [-71.499631, 7.982373000000109], [-71.508721, 7.979263000000174], [-71.53451717099995, 7.977641599000037], [-71.52881358199988, 7.973206812], [-71.52788150299995, 7.964830637000034], [-71.51181677999995, 7.952543464000087], [-71.51122565999987, 7.931070019000117], [-71.50864851299997, 7.922406841000111], [-71.51103953699999, 7.909182558000055], [-71.50979635699991, 7.889738865000027], [-71.495014, 7.879571000000112], [-71.48846399999985, 7.858547], [-71.474626, 7.853308000000141], [-71.458838, 7.876522], [-71.448758, 7.886903000000132], [-71.44464, 7.905157], [-71.44206899999989, 7.907488], [-71.43434, 7.907803000000172], [-71.42677, 7.920145000000105], [-71.428222, 7.932956000000161], [-71.425692, 7.937485], [-71.423231, 7.965054000000123], [-71.424653, 7.967910000000131], [-71.431434, 7.966547], [-71.44247699999983, 7.972899], [-71.4456, 7.977476], [-71.448511, 8.004806], [-71.444843, 8.007334000000185], [-71.439513, 8.020941], [-71.43869599999988, 8.031174], [-71.450901, 8.047206000000187]]]}}, {"type": "Feature", "properties": {"parroquia": "Mucutuy", "municipio": "Arzobispo Chacón", "estado": "Mérida", "pcode": "VE140506", "estado_pcode": "VE14", "municipio_pcode": "VE1405", "center_lat": 8.2623555, "center_lon": -71.28743937, "area_sqkm": 286.80779634}, "geometry": {"type": "Polygon", "coordinates": [[[-71.36631399999987, 8.276045], [-71.368997, 8.266304000000162], [-71.376983, 8.258617], [-71.37977199999989, 8.238964], [-71.368099, 8.236267], [-71.349554, 8.22225], [-71.338723, 8.209986000000129], [-71.336578, 8.196913000000109], [-71.330188, 8.190208], [-71.324687, 8.18641700000012], [-71.320437, 8.190223], [-71.318308, 8.188636], [-71.3199, 8.18589400000019], [-71.3070469999999, 8.18503], [-71.292494, 8.171002000000101], [-71.285403, 8.170835000000125], [-71.270285, 8.16107], [-71.24347, 8.195472], [-71.2373659999999, 8.2133070000001], [-71.226807, 8.216963], [-71.219412, 8.224821000000134], [-71.216262, 8.234278000000131], [-71.218142, 8.245371], [-71.1971769999999, 8.266569], [-71.18685099999988, 8.28725], [-71.183975, 8.300624000000141], [-71.18696199999982, 8.305402], [-71.18326699999989, 8.322016000000133], [-71.17838499999988, 8.330492000000163], [-71.206151, 8.348449000000187], [-71.213716, 8.359149000000173], [-71.234383, 8.363666000000137], [-71.251255, 8.349713000000122], [-71.26635, 8.35102], [-71.272288, 8.34725], [-71.27901299999985, 8.33397200000013], [-71.297817, 8.332118], [-71.312479, 8.31853000000018], [-71.317677, 8.318626000000165], [-71.325885, 8.325264000000118], [-71.34557199999989, 8.313815000000147], [-71.349997, 8.289103], [-71.36631399999987, 8.276045]]]}}, {"type": "Feature", "properties": {"parroquia": "Mucuchachi", "municipio": "Arzobispo Chacón", "estado": "Mérida", "pcode": "VE140507", "estado_pcode": "VE14", "municipio_pcode": "VE1405", "center_lat": 8.0429685, "center_lon": -71.34765948, "area_sqkm": 610.6715733}, "geometry": {"type": "Polygon", "coordinates": [[[-71.270285, 8.16107], [-71.285403, 8.170835000000125], [-71.292494, 8.171002000000101], [-71.3070469999999, 8.18503], [-71.3199, 8.18589400000019], [-71.318308, 8.188636], [-71.320437, 8.190223], [-71.324687, 8.18641700000012], [-71.330188, 8.190208], [-71.336578, 8.196913000000109], [-71.338723, 8.209986000000129], [-71.349554, 8.22225], [-71.368099, 8.236267], [-71.37977199999989, 8.238964], [-71.39422, 8.22786], [-71.39712599999984, 8.219177000000116], [-71.398402, 8.197794000000158], [-71.37568399999986, 8.1872], [-71.373417, 8.182546000000116], [-71.377086, 8.177382], [-71.374912, 8.17317], [-71.379706, 8.153539], [-71.385904, 8.146481000000165], [-71.384203, 8.145044], [-71.39238299999988, 8.139142000000106], [-71.39370899999983, 8.110427], [-71.40667699999989, 8.098876000000189], [-71.42390299999983, 8.093051000000173], [-71.423311, 8.084229000000107], [-71.4272519999999, 8.078859], [-71.443332, 8.068189], [-71.450901, 8.047206000000187], [-71.43869599999988, 8.031174], [-71.439513, 8.020941], [-71.444843, 8.007334000000185], [-71.448511, 8.004806], [-71.4456, 7.977476], [-71.44247699999983, 7.972899], [-71.431434, 7.966547], [-71.424653, 7.967910000000131], [-71.423231, 7.965054000000123], [-71.425692, 7.937485], [-71.428222, 7.932956000000161], [-71.42677, 7.920145000000105], [-71.43434, 7.907803000000172], [-71.41178899999989, 7.895781], [-71.411285, 7.87464000000017], [-71.403649, 7.859920000000102], [-71.399725, 7.860618000000102], [-71.391521, 7.869031], [-71.387576, 7.868970000000161], [-71.373744, 7.857599000000107], [-71.37491061299988, 7.847231984000132], [-71.36724338599993, 7.851239047000092], [-71.35570492099993, 7.852455128000088], [-71.35086376499987, 7.861502343000041], [-71.34456151899997, 7.862578401000064], [-71.33426355599994, 7.87091058600015], [-71.32131467499994, 7.885665991000053], [-71.31450238599984, 7.882424959000105], [-71.30792411999994, 7.883293012000081], [-71.30202492099994, 7.891486201000021], [-71.29402160599989, 7.895882336000057], [-71.29442865999994, 7.902472476000185], [-71.2889237679999, 7.913997594000023], [-71.291568, 7.922222], [-71.28813699999989, 7.930448000000126], [-71.293896, 7.941606000000149], [-71.290614, 7.966887], [-71.285456, 7.969459], [-71.287859, 7.973601000000144], [-71.28676499999989, 7.98512], [-71.282918, 7.993528], [-71.277727, 7.997873], [-71.274085, 8.012721], [-71.266076, 8.029319], [-71.266405, 8.034036], [-71.263089, 8.03265400000015], [-71.250254, 8.040897], [-71.24161299999986, 8.052688], [-71.2374549999999, 8.054457], [-71.232438, 8.072485], [-71.23158099999989, 8.092870000000119], [-71.227536, 8.102750000000128], [-71.242478, 8.11747], [-71.24673899999988, 8.116571], [-71.250428, 8.120262], [-71.248684, 8.131513], [-71.270285, 8.16107]]]}}, {"type": "Feature", "properties": {"parroquia": "Fernández Peña", "municipio": "Campo Elías", "estado": "Mérida", "pcode": "VE140601", "estado_pcode": "VE14", "municipio_pcode": "VE1406", "center_lat": 8.504135, "center_lon": -71.26792056, "area_sqkm": 61.54594922}, "geometry": {"type": "Polygon", "coordinates": [[[-71.22676, 8.545697], [-71.226297, 8.552495], [-71.239936, 8.545977000000164], [-71.248531, 8.545005], [-71.249702, 8.537144000000126], [-71.256366, 8.53203], [-71.265868, 8.527098], [-71.27489099999985, 8.52574200000015], [-71.29837, 8.508196000000169], [-71.313694, 8.504896], [-71.31965699999984, 8.50006900000011], [-71.303893, 8.492402], [-71.30591, 8.481978], [-71.290734, 8.488602], [-71.284527, 8.487709], [-71.277204, 8.472063000000105], [-71.269408, 8.468429000000185], [-71.26505999999989, 8.469394], [-71.2601059999999, 8.464527], [-71.2525639999999, 8.466017], [-71.23586399999988, 8.456465], [-71.229787, 8.475512], [-71.215151, 8.488213], [-71.214547, 8.499003000000187], [-71.220972, 8.504812000000129], [-71.221304, 8.513637], [-71.217649, 8.516038000000151], [-71.216235, 8.521199000000138], [-71.22012099999989, 8.535378], [-71.22676, 8.545697]]]}}, {"type": "Feature", "properties": {"parroquia": "Matriz", "municipio": "Campo Elías", "estado": "Mérida", "pcode": "VE140602", "estado_pcode": "VE14", "municipio_pcode": "VE1406", "center_lat": 8.562387, "center_lon": -71.25789389, "area_sqkm": 32.61174821}, "geometry": {"type": "Polygon", "coordinates": [[[-71.29837, 8.508196000000169], [-71.27489099999985, 8.52574200000015], [-71.265868, 8.527098], [-71.256366, 8.53203], [-71.249702, 8.537144000000126], [-71.248531, 8.545005], [-71.239936, 8.545977000000164], [-71.23694399999988, 8.568396], [-71.245791, 8.578391000000181], [-71.2531, 8.601547], [-71.25148799999988, 8.608347], [-71.244638, 8.615933], [-71.2607809999999, 8.617115000000183], [-71.26223199999987, 8.616289], [-71.26451999999989, 8.603008], [-71.27526399999988, 8.589924000000167], [-71.275947, 8.585496], [-71.272168, 8.576502000000175], [-71.27908899999983, 8.561944], [-71.27472299999988, 8.543666], [-71.28246, 8.53228600000017], [-71.29412799999989, 8.525565], [-71.29837, 8.508196000000169]]]}}, {"type": "Feature", "properties": {"parroquia": "Montalbán", "municipio": "Campo Elías", "estado": "Mérida", "pcode": "VE140603", "estado_pcode": "VE14", "municipio_pcode": "VE1406", "center_lat": 8.6338, "center_lon": -71.23822549, "area_sqkm": 64.11109971}, "geometry": {"type": "Polygon", "coordinates": [[[-71.265818, 8.680538000000126], [-71.255428, 8.677140000000179], [-71.252331, 8.663806], [-71.252175, 8.654102], [-71.25501899999983, 8.650703], [-71.253024, 8.64052700000019], [-71.25418799999989, 8.62724800000018], [-71.2607809999999, 8.617115000000183], [-71.244638, 8.615933], [-71.25148799999988, 8.608347], [-71.2531, 8.601547], [-71.245791, 8.578391000000181], [-71.23694399999988, 8.568396], [-71.239936, 8.545977000000164], [-71.226297, 8.552495], [-71.216999, 8.55875], [-71.21911, 8.564593000000173], [-71.21682999999985, 8.580160000000149], [-71.2232049999999, 8.610397000000148], [-71.2191299999999, 8.620809000000122], [-71.21908699999989, 8.627852], [-71.227494, 8.640073], [-71.22904199999988, 8.652432], [-71.209973, 8.680362000000116], [-71.207733, 8.693622000000175], [-71.20558099999988, 8.69647700000013], [-71.188785, 8.702559000000122], [-71.188754, 8.707919], [-71.178686, 8.723135000000127], [-71.21337699999987, 8.709039000000189], [-71.230059, 8.703005], [-71.24682599999988, 8.700725], [-71.265818, 8.680538000000126]]]}}, {"type": "Feature", "properties": {"parroquia": "Acequias", "municipio": "Campo Elías", "estado": "Mérida", "pcode": "VE140604", "estado_pcode": "VE14", "municipio_pcode": "VE1406", "center_lat": 8.409929, "center_lon": -71.24015604, "area_sqkm": 128.66256569}, "geometry": {"type": "Polygon", "coordinates": [[[-71.23586399999988, 8.456465], [-71.2525639999999, 8.466017], [-71.2601059999999, 8.464527], [-71.26505999999989, 8.469394], [-71.269408, 8.468429000000185], [-71.277204, 8.472063000000105], [-71.284527, 8.487709], [-71.290734, 8.488602], [-71.30591, 8.481978], [-71.309032, 8.46727], [-71.30783, 8.458593000000121], [-71.296771, 8.447180000000117], [-71.291212, 8.434717], [-71.289685, 8.405386], [-71.2831359999999, 8.40034], [-71.263901, 8.398278000000118], [-71.246381, 8.383673000000158], [-71.234383, 8.363666000000137], [-71.213716, 8.359149000000173], [-71.206151, 8.348449000000187], [-71.17838499999988, 8.330492000000163], [-71.17592799999989, 8.32986700000015], [-71.16647099999983, 8.335897], [-71.17063599999983, 8.351929000000155], [-71.16697799999986, 8.356829], [-71.157423, 8.363983], [-71.145829, 8.365115000000117], [-71.149511, 8.371408], [-71.160386, 8.378476], [-71.167097, 8.386417000000165], [-71.172803, 8.388088], [-71.174431, 8.394392], [-71.181685, 8.402965000000165], [-71.183912, 8.40221600000018], [-71.185584, 8.408404], [-71.191095, 8.41079], [-71.19697599999989, 8.427091], [-71.200521, 8.429165], [-71.2009, 8.432508], [-71.208021, 8.435921], [-71.210985, 8.444726000000117], [-71.227422, 8.451469], [-71.231071, 8.457027], [-71.23586399999988, 8.456465]]]}}, {"type": "Feature", "properties": {"parroquia": "Jaji", "municipio": "Campo Elías", "estado": "Mérida", "pcode": "VE140605", "estado_pcode": "VE14", "municipio_pcode": "VE1406", "center_lat": 8.612745, "center_lon": -71.3319219, "area_sqkm": 174.58510393}, "geometry": {"type": "Polygon", "coordinates": [[[-71.2607809999999, 8.617115000000183], [-71.25418799999989, 8.62724800000018], [-71.253024, 8.64052700000019], [-71.25501899999983, 8.650703], [-71.252175, 8.654102], [-71.252331, 8.663806], [-71.255428, 8.677140000000179], [-71.265818, 8.680538000000126], [-71.271398, 8.676854000000105], [-71.27834, 8.681262000000174], [-71.286739, 8.678735000000131], [-71.309801, 8.680099], [-71.316943, 8.674652], [-71.324345, 8.663083], [-71.329357, 8.662466000000165], [-71.33581999999984, 8.664855000000102], [-71.354289, 8.661510000000135], [-71.35722899999985, 8.664290000000108], [-71.374049, 8.664273], [-71.379382, 8.667015000000163], [-71.399323, 8.636834], [-71.39434099999988, 8.618527000000142], [-71.395431, 8.613439000000142], [-71.401276, 8.608178], [-71.404143, 8.582727], [-71.402006, 8.574246], [-71.38168699999989, 8.551641000000188], [-71.37576899999988, 8.55403600000011], [-71.365219, 8.550667], [-71.355706, 8.547629], [-71.349429, 8.56001600000019], [-71.339461, 8.552389000000119], [-71.33735, 8.544543], [-71.31436699999983, 8.545545000000118], [-71.302618, 8.553106], [-71.302773, 8.574327], [-71.294201, 8.599138], [-71.285315, 8.606192], [-71.271176, 8.610237], [-71.26223199999987, 8.616289], [-71.2607809999999, 8.617115000000183]]]}}, {"type": "Feature", "properties": {"parroquia": "La Mesa", "municipio": "Campo Elías", "estado": "Mérida", "pcode": "VE140606", "estado_pcode": "VE14", "municipio_pcode": "VE1406", "center_lat": 8.5573625, "center_lon": -71.29031387, "area_sqkm": 40.76539473}, "geometry": {"type": "Polygon", "coordinates": [[[-71.26223199999987, 8.616289], [-71.271176, 8.610237], [-71.285315, 8.606192], [-71.294201, 8.599138], [-71.302773, 8.574327], [-71.302618, 8.553106], [-71.31436699999983, 8.545545000000118], [-71.33735, 8.544543], [-71.335048, 8.534668], [-71.328754, 8.527207], [-71.321154, 8.49853000000013], [-71.31965699999984, 8.50006900000011], [-71.313694, 8.504896], [-71.29837, 8.508196000000169], [-71.29412799999989, 8.525565], [-71.28246, 8.53228600000017], [-71.27472299999988, 8.543666], [-71.27908899999983, 8.561944], [-71.272168, 8.576502000000175], [-71.275947, 8.585496], [-71.27526399999988, 8.589924000000167], [-71.26451999999989, 8.603008], [-71.26223199999987, 8.616289]]]}}, {"type": "Feature", "properties": {"parroquia": "San José del Sur", "municipio": "Campo Elías", "estado": "Mérida", "pcode": "VE140607", "estado_pcode": "VE14", "municipio_pcode": "VE1406", "center_lat": 8.3856925, "center_lon": -71.2957233, "area_sqkm": 114.19025331}, "geometry": {"type": "Polygon", "coordinates": [[[-71.234383, 8.363666000000137], [-71.246381, 8.383673000000158], [-71.263901, 8.398278000000118], [-71.2831359999999, 8.40034], [-71.289685, 8.405386], [-71.291212, 8.434717], [-71.296771, 8.447180000000117], [-71.30783, 8.458593000000121], [-71.313924, 8.452095000000156], [-71.31808699999988, 8.437552], [-71.322863, 8.430499000000111], [-71.334543, 8.422273], [-71.332767, 8.411478], [-71.335854, 8.405669], [-71.34919799999989, 8.400235], [-71.35385999999988, 8.401555], [-71.356081, 8.399086000000182], [-71.355181, 8.393689], [-71.34349, 8.386343], [-71.344166, 8.377203], [-71.34165599999989, 8.369379000000151], [-71.368334, 8.340532], [-71.35968899999989, 8.320035000000189], [-71.34557199999989, 8.313815000000147], [-71.325885, 8.325264000000118], [-71.317677, 8.318626000000165], [-71.312479, 8.31853000000018], [-71.297817, 8.332118], [-71.27901299999985, 8.33397200000013], [-71.272288, 8.34725], [-71.26635, 8.35102], [-71.251255, 8.349713000000122], [-71.234383, 8.363666000000137]]]}}, {"type": "Feature", "properties": {"parroquia": "Capital Caracciolo Parra Olmedo", "municipio": "Caracciolo Parra Olmedo", "estado": "Mérida", "pcode": "VE140701", "estado_pcode": "VE14", "municipio_pcode": "VE1407", "center_lat": 8.840989, "center_lon": -71.1306633, "area_sqkm": 348.07171993}, "geometry": {"type": "Polygon", "coordinates": [[[-71.035382, 8.893255], [-71.060247, 8.893437], [-71.064334, 8.901066000000128], [-71.076087, 8.899548], [-71.080838, 8.904593], [-71.10758699999985, 8.88188200000019], [-71.115513, 8.879486], [-71.13698999999986, 8.888598], [-71.14773899999989, 8.886602], [-71.150717, 8.90539200000012], [-71.156537, 8.909948000000156], [-71.15915499999988, 8.920113], [-71.196264, 8.92809], [-71.201154, 8.92567], [-71.221053, 8.925965], [-71.230811, 8.931453], [-71.233063, 8.93772900000016], [-71.232221, 8.946494], [-71.23588081199995, 8.950568750000059], [-71.2505716259999, 8.940528963000077], [-71.27056514699996, 8.92732777100008], [-71.26816, 8.917230000000131], [-71.257968, 8.907364], [-71.258914, 8.901957000000152], [-71.251817, 8.89327500000013], [-71.25140399999987, 8.874003000000187], [-71.247224, 8.850166], [-71.234393, 8.845455000000129], [-71.23248, 8.83207], [-71.22865999999988, 8.82456500000012], [-71.22092, 8.819916], [-71.215672, 8.808665], [-71.206202, 8.80245500000018], [-71.202189, 8.784294000000159], [-71.186797, 8.768502], [-71.183864, 8.748532], [-71.175132, 8.727661000000182], [-71.170748, 8.729793], [-71.1609059999999, 8.736756], [-71.14793999999983, 8.733499], [-71.141313, 8.73531000000014], [-71.132775, 8.746062000000165], [-71.118359, 8.75255600000014], [-71.0999, 8.774118], [-71.0895579999999, 8.775711000000172], [-71.07504, 8.79744], [-71.064033, 8.797539], [-71.050554, 8.811266], [-71.039637, 8.811293], [-71.033238, 8.815571], [-71.028201, 8.836279000000161], [-71.025363, 8.867190000000107], [-71.032015, 8.873512], [-71.027569, 8.878445], [-71.027683, 8.884924000000183], [-71.035382, 8.893255]]]}}, {"type": "Feature", "properties": {"parroquia": "Florencio Ramírez", "municipio": "Caracciolo Parra Olmedo", "estado": "Mérida", "pcode": "VE140702", "estado_pcode": "VE14", "municipio_pcode": "VE1407", "center_lat": 8.8173955, "center_lon": -71.27887112, "area_sqkm": 241.00231521}, "geometry": {"type": "Polygon", "coordinates": [[[-71.175132, 8.727661000000182], [-71.183864, 8.748532], [-71.186797, 8.768502], [-71.202189, 8.784294000000159], [-71.206202, 8.80245500000018], [-71.215672, 8.808665], [-71.22092, 8.819916], [-71.22865999999988, 8.82456500000012], [-71.23248, 8.83207], [-71.234393, 8.845455000000129], [-71.247224, 8.850166], [-71.25140399999987, 8.874003000000187], [-71.251817, 8.89327500000013], [-71.258914, 8.901957000000152], [-71.257968, 8.907364], [-71.26816, 8.917230000000131], [-71.27056514699996, 8.92732777100008], [-71.30872945299996, 8.90225695099997], [-71.30894949199995, 8.906969046000029], [-71.31248666199997, 8.911254125000141], [-71.32982441699988, 8.920694234000052], [-71.34218891699993, 8.919641150000132], [-71.34712408999997, 8.914337007000142], [-71.35095053899994, 8.915727628000184], [-71.359428, 8.894478], [-71.354421, 8.885772], [-71.357405, 8.872569], [-71.353044, 8.844549000000143], [-71.34648599999986, 8.84644], [-71.33506299999982, 8.839713], [-71.331933, 8.83417], [-71.33832499999988, 8.816428], [-71.331787, 8.807097], [-71.328673, 8.79662100000013], [-71.310151, 8.781056], [-71.300937, 8.776956000000155], [-71.288814, 8.764426000000128], [-71.28750799999989, 8.75983600000012], [-71.262796, 8.747731], [-71.23752999999988, 8.729891000000123], [-71.227637, 8.726985000000184], [-71.21337699999987, 8.709039000000189], [-71.178686, 8.723135000000127], [-71.175132, 8.727661000000182]]]}}, {"type": "Feature", "properties": {"parroquia": "Capital Cardenal Quintero", "municipio": "Cardenal Quintero", "estado": "Mérida", "pcode": "VE140801", "estado_pcode": "VE14", "municipio_pcode": "VE1408", "center_lat": 8.8319785, "center_lon": -70.73889202, "area_sqkm": 203.8024834}, "geometry": {"type": "Polygon", "coordinates": [[[-70.674973, 8.898538], [-70.6826549999999, 8.897443], [-70.698732, 8.90713], [-70.70172, 8.913828], [-70.706283, 8.915635000000123], [-70.731736, 8.91122], [-70.73691099999985, 8.908837], [-70.74129099999988, 8.905867000000171], [-70.739835, 8.901082], [-70.747096, 8.892286000000183], [-70.752212, 8.890524], [-70.757052, 8.892219000000182], [-70.76425, 8.890803], [-70.766604, 8.887629000000175], [-70.768363, 8.873091], [-70.775045, 8.865342000000169], [-70.7810199999999, 8.864488], [-70.79060099999987, 8.856545], [-70.812144, 8.851457], [-70.809331, 8.845464], [-70.812513, 8.831547000000114], [-70.793372, 8.813624], [-70.802488, 8.811814], [-70.80738999999988, 8.803320000000156], [-70.808572, 8.790346000000113], [-70.800897, 8.772576000000129], [-70.80185099999989, 8.758264], [-70.792681, 8.758957], [-70.782653, 8.770826000000113], [-70.76856, 8.780761], [-70.760497, 8.780145], [-70.749434, 8.783424], [-70.745442, 8.771017], [-70.74944899999986, 8.757986000000187], [-70.742666, 8.752965], [-70.736792, 8.753241000000116], [-70.73413956999997, 8.748668955000142], [-70.72093844299997, 8.753199798000082], [-70.70498046199998, 8.768104540000024], [-70.70318981299994, 8.773587352000163], [-70.69267485799992, 8.781580896000037], [-70.68267811399994, 8.801542088000133], [-70.66599846999998, 8.810585374000027], [-70.66265835999997, 8.815105494000079], [-70.66392044499992, 8.82101962400003], [-70.66144557299998, 8.82423586700014], [-70.666503, 8.838175000000149], [-70.65611599999988, 8.869698], [-70.659757, 8.875942], [-70.66601999999983, 8.878773], [-70.674973, 8.898538]]]}}, {"type": "Feature", "properties": {"parroquia": "Las Piedras", "municipio": "Cardenal Quintero", "estado": "Mérida", "pcode": "VE140802", "estado_pcode": "VE14", "municipio_pcode": "VE1408", "center_lat": 8.91815868, "center_lon": -70.60161256, "area_sqkm": 152.72350995}, "geometry": {"type": "Polygon", "coordinates": [[[-70.5498379849999, 9.005528457000082], [-70.56531340099997, 9.011583462000033], [-70.57684815199997, 9.011017010999979], [-70.58255899999989, 9.01037], [-70.59865, 8.996712], [-70.613366, 8.973389000000168], [-70.61346299999985, 8.960298], [-70.63264, 8.947921], [-70.634256, 8.940335000000118], [-70.640468, 8.934231], [-70.638516, 8.915361000000189], [-70.646594, 8.902824000000123], [-70.65377499999988, 8.897265], [-70.663759, 8.894310000000132], [-70.67212, 8.89947100000012], [-70.674973, 8.898538], [-70.66601999999983, 8.878773], [-70.659757, 8.875942], [-70.65611599999988, 8.869698], [-70.666503, 8.838175000000149], [-70.66144557299998, 8.82423586700014], [-70.65940131399992, 8.830678859000159], [-70.63978457799988, 8.845086293000122], [-70.63121122199993, 8.844519329000093], [-70.62434889499986, 8.83703819200008], [-70.61214838099988, 8.83520221900011], [-70.60661020099997, 8.845010470000148], [-70.59453070699993, 8.847034583000038], [-70.58375424099995, 8.842722545000129], [-70.57062876499992, 8.854708886000026], [-70.56760065499992, 8.858488980000175], [-70.57127082899984, 8.861090022999974], [-70.57796017099997, 8.87466428600004], [-70.5763031429999, 8.880475434000175], [-70.57780830899992, 8.900911882000173], [-70.57521523999998, 8.907744053000158], [-70.56863999699993, 8.912875204000045], [-70.55829269399999, 8.927478471000143], [-70.54704222799995, 8.935460832000047], [-70.55335953399998, 8.943684990000179], [-70.55233053799998, 8.95209718600006], [-70.55511373899998, 8.96719850500017], [-70.54842650699999, 8.976232753000147], [-70.5436464369999, 8.999116301000129], [-70.5498379849999, 9.005528457000082]]]}}, {"type": "Feature", "properties": {"parroquia": "Capital Guaraque", "municipio": "Guaraque", "estado": "Mérida", "pcode": "VE140901", "estado_pcode": "VE14", "municipio_pcode": "VE1409", "center_lat": 8.14963004, "center_lon": -71.76182022, "area_sqkm": 216.04239584}, "geometry": {"type": "Polygon", "coordinates": [[[-71.71091699999988, 8.256665], [-71.721256, 8.260298], [-71.73149399999988, 8.256606000000147], [-71.751456, 8.239314], [-71.756677, 8.23146800000012], [-71.76301099999984, 8.227828], [-71.783111, 8.225778], [-71.78780399999988, 8.229749], [-71.790221, 8.227534], [-71.793395, 8.213456000000178], [-71.799694, 8.205557000000113], [-71.798096, 8.200877000000162], [-71.804436, 8.195289000000173], [-71.810444, 8.179679], [-71.82408645499993, 8.158406147000164], [-71.82136937699994, 8.15066306000017], [-71.81591113499996, 8.145926980000127], [-71.81348094199996, 8.127943622999965], [-71.80871272999997, 8.125690594], [-71.80557256999992, 8.119292475000066], [-71.78927990599993, 8.117383524000104], [-71.7831196279999, 8.11184444200012], [-71.78341961899991, 8.107510344000161], [-71.77895839399991, 8.100128218000066], [-71.77214311299986, 8.09900723000004], [-71.76617483799993, 8.091788098000109], [-71.76558373699999, 8.076916796000148], [-71.75807741099999, 8.073665764999987], [-71.75910542599996, 8.06694962000006], [-71.75474920199997, 8.057619449000128], [-71.73853848499994, 8.045885287000033], [-71.72167175999994, 8.038658215000169], [-71.71437234399997, 8.042493763000095], [-71.710937, 8.051036000000181], [-71.69699, 8.06227], [-71.695267, 8.07354400000014], [-71.686353, 8.081032000000107], [-71.68214199999989, 8.09063], [-71.67932, 8.114418], [-71.682027, 8.114790000000141], [-71.684606, 8.127662], [-71.688165, 8.132247000000177], [-71.696891, 8.136645000000101], [-71.70958, 8.158695], [-71.720091, 8.169039], [-71.709639, 8.202656000000104], [-71.71306, 8.242369], [-71.71091699999988, 8.256665]]]}}, {"type": "Feature", "properties": {"parroquia": "Mesa de Quintero", "municipio": "Guaraque", "estado": "Mérida", "pcode": "VE140902", "estado_pcode": "VE14", "municipio_pcode": "VE1409", "center_lat": 8.0656345, "center_lon": -71.63398367, "area_sqkm": 119.06424526}, "geometry": {"type": "Polygon", "coordinates": [[[-71.56139699999989, 8.048888], [-71.57663999999988, 8.074402], [-71.585201, 8.083661], [-71.58413999999988, 8.092551000000185], [-71.58642, 8.099977], [-71.59950299999986, 8.115340000000174], [-71.623001, 8.116619000000128], [-71.635817, 8.123352000000125], [-71.637146, 8.126181], [-71.66879, 8.117477], [-71.67143299999987, 8.114006], [-71.67932, 8.114418], [-71.68214199999989, 8.09063], [-71.686353, 8.081032000000107], [-71.695267, 8.07354400000014], [-71.69699, 8.06227], [-71.710937, 8.051036000000181], [-71.71437234399997, 8.042493763000095], [-71.70896026299988, 8.043412383999964], [-71.70322001899996, 8.040972355000179], [-71.70618511599997, 8.036043244999973], [-71.70589506799996, 8.028076079000186], [-71.7034309579999, 8.026019041000154], [-71.6958116479999, 8.026646101000154], [-71.68735023799996, 8.01410587900017], [-71.67039450399989, 8.004763768000146], [-71.66694036399991, 8.005123793], [-71.6675744079999, 8.009277870000062], [-71.65150684499997, 8.027166325000053], [-71.64681565999996, 8.028942383000071], [-71.63816436199994, 8.038860642000145], [-71.63469666599997, 8.039000821000116], [-71.62700191299996, 8.039851713000132], [-71.61931964799999, 8.048441933], [-71.6113503339999, 8.050577022000027], [-71.6018899799999, 8.057400203000157], [-71.58394717699997, 8.044431019000172], [-71.57169460599988, 8.039405060000036], [-71.56139699999989, 8.048888]]]}}, {"type": "Feature", "properties": {"parroquia": "Rio Negro", "municipio": "Guaraque", "estado": "Mérida", "pcode": "VE140903", "estado_pcode": "VE14", "municipio_pcode": "VE1409", "center_lat": 8.206637, "center_lon": -71.65858943, "area_sqkm": 201.30077051}, "geometry": {"type": "Polygon", "coordinates": [[[-71.71091699999988, 8.256665], [-71.71306, 8.242369], [-71.709639, 8.202656000000104], [-71.720091, 8.169039], [-71.70958, 8.158695], [-71.696891, 8.136645000000101], [-71.688165, 8.132247000000177], [-71.684606, 8.127662], [-71.682027, 8.114790000000141], [-71.67932, 8.114418], [-71.67143299999987, 8.114006], [-71.66879, 8.117477], [-71.637146, 8.126181], [-71.63613, 8.13477300000011], [-71.632546, 8.140842], [-71.623997, 8.146167000000105], [-71.62090399999988, 8.156537000000128], [-71.636784, 8.180051], [-71.626104, 8.192214000000149], [-71.611104, 8.201202], [-71.604816, 8.208023], [-71.593787, 8.210458], [-71.586867, 8.21584], [-71.584448, 8.224213], [-71.585149, 8.24485900000019], [-71.579671, 8.252750000000106], [-71.58064499999989, 8.263458], [-71.596734, 8.267946000000109], [-71.622558, 8.287429], [-71.65451799999988, 8.28862], [-71.677326, 8.300634], [-71.689937, 8.292499], [-71.697827, 8.269009000000153], [-71.71091699999988, 8.256665]]]}}, {"type": "Feature", "properties": {"parroquia": "Palmira", "municipio": "Julio Cesar Sala", "estado": "Mérida", "pcode": "VE141002", "estado_pcode": "VE14", "municipio_pcode": "VE1410", "center_lat": 9.1228642, "center_lon": -70.87696701, "area_sqkm": 62.74628246}, "geometry": {"type": "Polygon", "coordinates": [[[-70.80073568499995, 9.079953447000094], [-70.80742876799997, 9.074233560000152], [-70.82965376899989, 9.087837738000076], [-70.84457939199996, 9.089069683000162], [-70.86723660599995, 9.138919689000033], [-70.86800270799989, 9.151515977000088], [-70.88009020099992, 9.150630882000144], [-70.89046465599989, 9.154469911000092], [-70.89287380099984, 9.162295082000128], [-70.89055972199992, 9.165092150000135], [-70.89776408899996, 9.178496423000126], [-70.8982181909999, 9.193631763999974], [-70.94975568599989, 9.151172369000108], [-70.942544, 9.149665000000141], [-70.93779099999989, 9.143654], [-70.9315069999999, 9.14256], [-70.923478, 9.131979000000172], [-70.91833899999989, 9.129477000000122], [-70.912992, 9.135232], [-70.89882, 9.127285], [-70.881798, 9.106303], [-70.866562, 9.097205000000145], [-70.860957, 9.080061], [-70.85216, 9.071771000000126], [-70.85169599999989, 9.061951000000136], [-70.84836099999984, 9.056097], [-70.83894, 9.056112], [-70.829194, 9.060072000000105], [-70.818522, 9.05444100000011], [-70.81133299999988, 9.064232], [-70.80300199999988, 9.066807], [-70.79587283899997, 9.07615737400016], [-70.80073568499995, 9.079953447000094]]]}}, {"type": "Feature", "properties": {"parroquia": "Capital Justo Briceño", "municipio": "Justo Briceño", "estado": "Mérida", "pcode": "VE141101", "estado_pcode": "VE14", "municipio_pcode": "VE1411", "center_lat": 8.9587665, "center_lon": -70.95121726, "area_sqkm": 453.46474143}, "geometry": {"type": "Polygon", "coordinates": [[[-70.968369, 9.070083000000125], [-70.988801, 9.101915], [-70.996997, 9.103548], [-70.99990398199998, 9.110392624000042], [-71.0295640029999, 9.086273601000073], [-71.03601033199993, 9.097841826000035], [-71.0469002989999, 9.10353888200018], [-71.057665, 9.09361], [-71.056891, 9.075543000000152], [-71.05027499999989, 9.068950000000143], [-71.04241, 9.066998000000126], [-71.038269, 9.055698], [-71.039271, 9.04439], [-71.052467, 9.058176], [-71.08056199999987, 9.058832], [-71.09713610999995, 9.052564086000075], [-71.083367, 9.038572], [-71.06847899999985, 9.032036000000119], [-71.064652, 9.023031], [-71.05385699999988, 9.023148000000162], [-71.04754, 9.01790700000015], [-71.035851, 9.015668000000119], [-71.029351, 9.010498], [-71.021286, 8.997163], [-71.024226, 8.994285000000161], [-71.023207, 8.987578000000155], [-71.016064, 8.980285000000151], [-71.035669, 8.943366], [-71.03684, 8.932591000000116], [-71.030997, 8.911771000000158], [-71.036808, 8.898072], [-71.035382, 8.893255], [-71.027683, 8.884924000000183], [-71.027569, 8.878445], [-71.032015, 8.873512], [-71.025363, 8.867190000000107], [-71.028201, 8.836279000000161], [-71.033238, 8.815571], [-71.02969999999988, 8.806894000000113], [-71.02320999999989, 8.808746], [-71.01371299999988, 8.80603], [-71.00637499999988, 8.812143000000106], [-71.001142, 8.810863], [-70.98895, 8.819012], [-70.97422999999986, 8.807914000000153], [-70.963707, 8.81307800000019], [-70.9589519999999, 8.822638], [-70.94099199999988, 8.832316000000162], [-70.93514, 8.844407000000103], [-70.931174, 8.847007000000133], [-70.922479, 8.842841], [-70.918236, 8.843881000000124], [-70.9137, 8.848693], [-70.9108829999999, 8.850796000000116], [-70.9106369999999, 8.857784], [-70.917569, 8.864960000000167], [-70.902246, 8.87611], [-70.901499, 8.88050800000019], [-70.892955, 8.88998800000013], [-70.88449, 8.887312], [-70.87506799999989, 8.893632], [-70.87507, 8.90715900000015], [-70.867929, 8.919174], [-70.868136, 8.926431], [-70.87085699999989, 8.937042000000133], [-70.874411, 8.941205], [-70.874444, 8.954739000000131], [-70.877699, 8.965293000000145], [-70.888416, 8.974604000000113], [-70.892756, 8.98172], [-70.90539199999989, 9.014936000000148], [-70.903474, 9.028654], [-70.9067179999999, 9.0449], [-70.914035, 9.056193000000121], [-70.930148, 9.061252], [-70.931932, 9.066094], [-70.929688, 9.071966000000145], [-70.931911, 9.075868], [-70.939318, 9.067624], [-70.954508, 9.064926], [-70.964882, 9.066588000000138], [-70.968369, 9.070083000000125]]]}}, {"type": "Feature", "properties": {"parroquia": "San Cristóbal de Torondoy", "municipio": "Justo Briceño", "estado": "Mérida", "pcode": "VE141102", "estado_pcode": "VE14", "municipio_pcode": "VE1411", "center_lat": 9.1003485, "center_lon": -70.91564299, "area_sqkm": 49.07157616}, "geometry": {"type": "Polygon", "coordinates": [[[-70.968369, 9.070083000000125], [-70.964882, 9.066588000000138], [-70.954508, 9.064926], [-70.939318, 9.067624], [-70.931911, 9.075868], [-70.91329999999988, 9.079894], [-70.886471, 9.091415000000154], [-70.88105399999984, 9.090034000000117], [-70.873554, 9.096591000000103], [-70.866562, 9.097205000000145], [-70.881798, 9.106303], [-70.89882, 9.127285], [-70.912992, 9.135232], [-70.91833899999989, 9.129477000000122], [-70.930354, 9.127512], [-70.936695, 9.13145], [-70.94332, 9.129105], [-70.954193, 9.119333], [-70.96272999999985, 9.090521], [-70.96467899999982, 9.090735], [-70.967207, 9.084777000000145], [-70.968369, 9.070083000000125]]]}}, {"type": "Feature", "properties": {"parroquia": "Antonio Spinetti Dini", "municipio": "Libertador", "estado": "Mérida", "pcode": "VE141201", "estado_pcode": "VE14", "municipio_pcode": "VE1412", "center_lat": 8.6077275, "center_lon": -71.15095683, "area_sqkm": 5.75982069}, "geometry": {"type": "Polygon", "coordinates": [[[-71.144057, 8.60047], [-71.14040099999988, 8.608449000000121], [-71.145413, 8.621897000000104], [-71.164502, 8.620107000000132], [-71.157503, 8.599830000000168], [-71.162871, 8.594682], [-71.149558, 8.596067], [-71.14790599999986, 8.597248], [-71.144057, 8.60047]]]}}, {"type": "Feature", "properties": {"parroquia": "Arias", "municipio": "Libertador", "estado": "Mérida", "pcode": "VE141202", "estado_pcode": "VE14", "municipio_pcode": "VE1412", "center_lat": 8.572626, "center_lon": -71.06692475, "area_sqkm": 60.50823246}, "geometry": {"type": "Polygon", "coordinates": [[[-71.09017999999986, 8.53070200000019], [-71.080006, 8.53335], [-71.069989, 8.530358000000149], [-71.054989, 8.534256], [-71.046355, 8.532821000000183], [-71.043602, 8.534665000000189], [-71.04194699999988, 8.544359], [-71.015938, 8.55176500000016], [-70.977721, 8.544029], [-70.999036, 8.568502000000137], [-71.065307, 8.580362], [-71.089142, 8.587149], [-71.09629499999988, 8.592307000000119], [-71.100201, 8.603689], [-71.108039, 8.615758], [-71.122109, 8.608076000000153], [-71.132969, 8.596169000000145], [-71.133549, 8.60023800000016], [-71.137236, 8.602288000000158], [-71.141067, 8.599388], [-71.1350369999999, 8.593058], [-71.12911999999989, 8.588750000000175], [-71.117242, 8.588323], [-71.11525499999988, 8.583207], [-71.111799, 8.581979], [-71.108309, 8.568717000000163], [-71.095566, 8.553453], [-71.097519, 8.536670000000129], [-71.09017999999986, 8.53070200000019]]]}}, {"type": "Feature", "properties": {"parroquia": "Caracciolo Parra Perez", "municipio": "Libertador", "estado": "Mérida", "pcode": "VE141203", "estado_pcode": "VE14", "municipio_pcode": "VE1412", "center_lat": 8.589994, "center_lon": -71.18074454, "area_sqkm": 3.30494036}, "geometry": {"type": "Polygon", "coordinates": [[[-71.170831, 8.579913000000147], [-71.172756, 8.582567], [-71.175287, 8.58058300000016], [-71.176429, 8.582361], [-71.173576, 8.585249], [-71.18056299999989, 8.601165000000151], [-71.178928, 8.606334], [-71.183541, 8.603382], [-71.185624, 8.585353000000111], [-71.18246099999982, 8.577675], [-71.18716, 8.573396], [-71.187221, 8.569436000000167], [-71.170831, 8.579913000000147]]]}}, {"type": "Feature", "properties": {"parroquia": "Domingo Peña", "municipio": "Libertador", "estado": "Mérida", "pcode": "VE141204", "estado_pcode": "VE14", "municipio_pcode": "VE1412", "center_lat": 8.576582, "center_lon": -71.16119064, "area_sqkm": 2.95887979}, "geometry": {"type": "Polygon", "coordinates": [[[-71.171911, 8.56593000000015], [-71.16401599999983, 8.564731], [-71.159683, 8.5684], [-71.158047, 8.573081000000116], [-71.15574, 8.572594000000151], [-71.150288, 8.58041800000018], [-71.149569, 8.586555], [-71.151754, 8.58856], [-71.168012, 8.577355], [-71.16926199999983, 8.578931], [-71.171566, 8.57739700000019], [-71.167679, 8.575116], [-71.173043, 8.568975], [-71.1697, 8.567040000000134], [-71.171911, 8.56593000000015]]]}}, {"type": "Feature", "properties": {"parroquia": "El Llano", "municipio": "Libertador", "estado": "Mérida", "pcode": "VE141205", "estado_pcode": "VE14", "municipio_pcode": "VE1412", "center_lat": 8.587273, "center_lon": -71.15720815, "area_sqkm": 2.09407067}, "geometry": {"type": "Polygon", "coordinates": [[[-71.14790599999986, 8.597248], [-71.149558, 8.596067], [-71.17035399999986, 8.580434], [-71.16926199999983, 8.578931], [-71.168012, 8.577355], [-71.151754, 8.58856], [-71.149569, 8.586555], [-71.139856, 8.588750000000175], [-71.14790599999986, 8.597248]]]}}, {"type": "Feature", "properties": {"parroquia": "Gonzalo Picón Febres", "municipio": "Libertador", "estado": "Mérida", "pcode": "VE141206", "estado_pcode": "VE14", "municipio_pcode": "VE1412", "center_lat": 8.7243785, "center_lon": -71.10953615, "area_sqkm": 177.9564786}, "geometry": {"type": "Polygon", "coordinates": [[[-71.170748, 8.729793], [-71.15851, 8.71217], [-71.154135, 8.695772], [-71.152794, 8.67553], [-71.13906999999989, 8.659807], [-71.135469, 8.64363], [-71.12569699999983, 8.634541000000127], [-71.110538, 8.632236], [-71.106094, 8.641553000000158], [-71.0958409999999, 8.648858], [-71.090546, 8.659749], [-71.08564599999988, 8.663306], [-71.063015, 8.709195000000136], [-71.049254, 8.728359000000182], [-71.03911099999988, 8.736152000000175], [-71.037512, 8.737449], [-71.014948, 8.768017], [-71.00470699999983, 8.771621000000152], [-71.002317, 8.77755], [-70.991684, 8.781691], [-70.98750699999988, 8.789406000000156], [-70.98084, 8.791407000000163], [-70.975167, 8.798361], [-70.97422999999986, 8.807914000000153], [-70.98895, 8.819012], [-71.001142, 8.810863], [-71.00637499999988, 8.812143000000106], [-71.01371299999988, 8.80603], [-71.02320999999989, 8.808746], [-71.02969999999988, 8.806894000000113], [-71.033238, 8.815571], [-71.039637, 8.811293], [-71.050554, 8.811266], [-71.064033, 8.797539], [-71.07504, 8.79744], [-71.0895579999999, 8.775711000000172], [-71.0999, 8.774118], [-71.118359, 8.75255600000014], [-71.132775, 8.746062000000165], [-71.141313, 8.73531000000014], [-71.14793999999983, 8.733499], [-71.1609059999999, 8.736756], [-71.170748, 8.729793]]]}}, {"type": "Feature", "properties": {"parroquia": "Jacinto Plaza", "municipio": "Libertador", "estado": "Mérida", "pcode": "VE141207", "estado_pcode": "VE14", "municipio_pcode": "VE1412", "center_lat": 8.538747, "center_lon": -71.15968693, "area_sqkm": 109.56024189}, "geometry": {"type": "Polygon", "coordinates": [[[-71.22676, 8.545697], [-71.22012099999989, 8.535378], [-71.216235, 8.521199000000138], [-71.217649, 8.516038000000151], [-71.221304, 8.513637], [-71.220972, 8.504812000000129], [-71.214547, 8.499003000000187], [-71.209523, 8.50201], [-71.20388799999989, 8.501113000000146], [-71.186177, 8.48661], [-71.167702, 8.490994000000114], [-71.159507, 8.497209], [-71.126815, 8.495911000000149], [-71.118774, 8.498542], [-71.1019629999999, 8.51112600000016], [-71.098776, 8.510186], [-71.09017999999986, 8.53070200000019], [-71.097519, 8.536670000000129], [-71.095566, 8.553453], [-71.108309, 8.568717000000163], [-71.111799, 8.581979], [-71.11525499999988, 8.583207], [-71.117242, 8.588323], [-71.12911999999989, 8.588750000000175], [-71.1350369999999, 8.593058], [-71.139856, 8.588750000000175], [-71.149569, 8.586555], [-71.150288, 8.58041800000018], [-71.15574, 8.572594000000151], [-71.158047, 8.573081000000116], [-71.159683, 8.5684], [-71.16401599999983, 8.564731], [-71.171911, 8.56593000000015], [-71.182377, 8.566474], [-71.187915, 8.557029000000114], [-71.19359899999989, 8.553266000000178], [-71.22676, 8.545697]]]}}, {"type": "Feature", "properties": {"parroquia": "Juan Rodríguez Suarez", "municipio": "Libertador", "estado": "Mérida", "pcode": "VE141208", "estado_pcode": "VE14", "municipio_pcode": "VE1412", "center_lat": 8.5626495, "center_lon": -71.18898978, "area_sqkm": 6.34848205}, "geometry": {"type": "Polygon", "coordinates": [[[-71.216999, 8.55875], [-71.226297, 8.552495], [-71.22676, 8.545697], [-71.19359899999989, 8.553266000000178], [-71.187915, 8.557029000000114], [-71.182377, 8.566474], [-71.171911, 8.56593000000015], [-71.1697, 8.567040000000134], [-71.173043, 8.568975], [-71.167679, 8.575116], [-71.171566, 8.57739700000019], [-71.16926199999983, 8.578931], [-71.17035399999986, 8.580434], [-71.170831, 8.579913000000147], [-71.187221, 8.569436000000167], [-71.192112, 8.563492], [-71.204581, 8.559276], [-71.216999, 8.55875]]]}}, {"type": "Feature", "properties": {"parroquia": "Lasso de la Vega", "municipio": "Libertador", "estado": "Mérida", "pcode": "VE141209", "estado_pcode": "VE14", "municipio_pcode": "VE1412", "center_lat": 8.622474, "center_lon": -71.19582041, "area_sqkm": 41.38418005}, "geometry": {"type": "Polygon", "coordinates": [[[-71.187221, 8.569436000000167], [-71.18716, 8.573396], [-71.18246099999982, 8.577675], [-71.185624, 8.585353000000111], [-71.183541, 8.603382], [-71.178928, 8.606334], [-71.170926, 8.626739000000157], [-71.180323, 8.637739], [-71.195212, 8.672076], [-71.199762, 8.676653], [-71.209973, 8.680362000000116], [-71.22904199999988, 8.652432], [-71.227494, 8.640073], [-71.21908699999989, 8.627852], [-71.2191299999999, 8.620809000000122], [-71.215895, 8.608264], [-71.198197, 8.589395], [-71.197273, 8.572752], [-71.19459599999988, 8.569075000000112], [-71.192641, 8.571748000000127], [-71.192112, 8.563492], [-71.187221, 8.569436000000167]]]}}, {"type": "Feature", "properties": {"parroquia": "Mariano Picón Salas", "municipio": "Libertador", "estado": "Mérida", "pcode": "VE141210", "estado_pcode": "VE14", "municipio_pcode": "VE1412", "center_lat": 8.6031875, "center_lon": -71.16991575, "area_sqkm": 8.12750705}, "geometry": {"type": "Polygon", "coordinates": [[[-71.164502, 8.620107000000132], [-71.170926, 8.626739000000157], [-71.178928, 8.606334], [-71.18056299999989, 8.601165000000151], [-71.173576, 8.585249], [-71.176429, 8.582361], [-71.175287, 8.58058300000016], [-71.172756, 8.582567], [-71.170831, 8.579913000000147], [-71.17035399999986, 8.580434], [-71.149558, 8.596067], [-71.162871, 8.594682], [-71.157503, 8.599830000000168], [-71.164502, 8.620107000000132]]]}}, {"type": "Feature", "properties": {"parroquia": "Milla", "municipio": "Libertador", "estado": "Mérida", "pcode": "VE141211", "estado_pcode": "VE14", "municipio_pcode": "VE1412", "center_lat": 8.6633565, "center_lon": -71.16643414, "area_sqkm": 65.1027853}, "geometry": {"type": "Polygon", "coordinates": [[[-71.110538, 8.632236], [-71.12569699999983, 8.634541000000127], [-71.135469, 8.64363], [-71.13906999999989, 8.659807], [-71.152794, 8.67553], [-71.154135, 8.695772], [-71.15851, 8.71217], [-71.170748, 8.729793], [-71.175132, 8.727661000000182], [-71.178686, 8.723135000000127], [-71.188754, 8.707919], [-71.188785, 8.702559000000122], [-71.20558099999988, 8.69647700000013], [-71.207733, 8.693622000000175], [-71.209973, 8.680362000000116], [-71.199762, 8.676653], [-71.195212, 8.672076], [-71.180323, 8.637739], [-71.170926, 8.626739000000157], [-71.164502, 8.620107000000132], [-71.145413, 8.621897000000104], [-71.14040099999988, 8.608449000000121], [-71.144057, 8.60047], [-71.141067, 8.599388], [-71.137236, 8.602288000000158], [-71.133549, 8.60023800000016], [-71.132969, 8.596169000000145], [-71.122109, 8.608076000000153], [-71.108039, 8.615758], [-71.102605, 8.62333000000018], [-71.104443, 8.628277], [-71.110538, 8.632236]]]}}, {"type": "Feature", "properties": {"parroquia": "Osuna Rodríguez", "municipio": "Libertador", "estado": "Mérida", "pcode": "VE141212", "estado_pcode": "VE14", "municipio_pcode": "VE1412", "center_lat": 8.5903995, "center_lon": -71.20870343, "area_sqkm": 11.60090527}, "geometry": {"type": "Polygon", "coordinates": [[[-71.192112, 8.563492], [-71.192641, 8.571748000000127], [-71.19459599999988, 8.569075000000112], [-71.197273, 8.572752], [-71.198197, 8.589395], [-71.215895, 8.608264], [-71.2191299999999, 8.620809000000122], [-71.2232049999999, 8.610397000000148], [-71.21682999999985, 8.580160000000149], [-71.21911, 8.564593000000173], [-71.216999, 8.55875], [-71.204581, 8.559276], [-71.192112, 8.563492]]]}}, {"type": "Feature", "properties": {"parroquia": "Sagrario", "municipio": "Libertador", "estado": "Mérida", "pcode": "VE141213", "estado_pcode": "VE14", "municipio_pcode": "VE1412", "center_lat": 8.5953435, "center_lon": -71.14197285, "area_sqkm": 0.89218455}, "geometry": {"type": "Polygon", "coordinates": [[[-71.141067, 8.599388], [-71.144057, 8.60047], [-71.14790599999986, 8.597248], [-71.139856, 8.588750000000175], [-71.1350369999999, 8.593058], [-71.141067, 8.599388]]]}}, {"type": "Feature", "properties": {"parroquia": "El Morro", "municipio": "Libertador", "estado": "Mérida", "pcode": "VE141214", "estado_pcode": "VE14", "municipio_pcode": "VE1412", "center_lat": 8.41355128, "center_lon": -71.02159697, "area_sqkm": 512.22043859}, "geometry": {"type": "Polygon", "coordinates": [[[-70.85088755699996, 8.41419855100014], [-70.854128, 8.41994300000016], [-70.849321, 8.421931], [-70.849352, 8.42587], [-70.866364, 8.430682], [-70.877234, 8.440364000000159], [-70.88863699999985, 8.43977000000018], [-70.88642999999985, 8.445901000000163], [-70.894529, 8.447201], [-70.90613599999989, 8.454807000000187], [-70.905276, 8.463449], [-70.907646, 8.467983], [-70.918459, 8.472526], [-70.92603599999984, 8.487349000000108], [-70.938319, 8.496772], [-70.93923599999988, 8.502783000000136], [-70.968842, 8.537778000000174], [-70.980874, 8.504521], [-70.988792, 8.491243000000111], [-70.98875899999985, 8.486039000000119], [-70.998408, 8.47632700000014], [-70.99759499999988, 8.448157], [-71.01341499999984, 8.440594000000146], [-71.03097, 8.440560000000175], [-71.041839, 8.435185000000104], [-71.054211, 8.459576], [-71.060701, 8.457277], [-71.069002, 8.461382000000128], [-71.091843, 8.458217000000104], [-71.100119, 8.470583], [-71.097981, 8.478231000000108], [-71.101595, 8.494069000000138], [-71.098776, 8.510186], [-71.1019629999999, 8.51112600000016], [-71.118774, 8.498542], [-71.126815, 8.495911000000149], [-71.159507, 8.497209], [-71.167702, 8.490994000000114], [-71.186177, 8.48661], [-71.20388799999989, 8.501113000000146], [-71.209523, 8.50201], [-71.214547, 8.499003000000187], [-71.215151, 8.488213], [-71.229787, 8.475512], [-71.23586399999988, 8.456465], [-71.231071, 8.457027], [-71.227422, 8.451469], [-71.210985, 8.444726000000117], [-71.208021, 8.435921], [-71.2009, 8.432508], [-71.200521, 8.429165], [-71.19697599999989, 8.427091], [-71.191095, 8.41079], [-71.185584, 8.408404], [-71.183912, 8.40221600000018], [-71.181685, 8.402965000000165], [-71.174431, 8.394392], [-71.172803, 8.388088], [-71.167097, 8.386417000000165], [-71.160386, 8.378476], [-71.149511, 8.371408], [-71.145829, 8.365115000000117], [-71.138379, 8.369665], [-71.13694799999985, 8.380975], [-71.122097, 8.38624300000015], [-71.105852, 8.371233], [-71.096574, 8.368541000000107], [-71.090198, 8.368279], [-71.08270345099993, 8.374448528000016], [-71.06870076699988, 8.372868623000159], [-71.05965338499988, 8.369265584000175], [-71.04201353799988, 8.346291181000083], [-71.02833899299998, 8.349020308000036], [-71.02662289999995, 8.346279257000162], [-71.01537742099993, 8.342886246000148], [-71.00097084399994, 8.345849386], [-70.9923934339999, 8.333626167000034], [-70.97551468199993, 8.323483030000034], [-70.97671969799995, 8.31635387100016], [-70.96523822599988, 8.316900942000075], [-70.96278911499996, 8.313654885000119], [-70.93663099199995, 8.30508182300008], [-70.92682149699988, 8.288400511000134], [-70.91097392099988, 8.302431900000158], [-70.90535277199984, 8.319428292000111], [-70.90947501199986, 8.331608538000182], [-70.90549400399988, 8.363123244000178], [-70.89551167399998, 8.377889616000175], [-70.87338879099997, 8.384232871], [-70.86569154699998, 8.398630225000034], [-70.85088755699996, 8.41419855100014]]]}}, {"type": "Feature", "properties": {"parroquia": "Los Nevados", "municipio": "Libertador", "estado": "Mérida", "pcode": "VE141215", "estado_pcode": "VE14", "municipio_pcode": "VE1412", "center_lat": 8.49345, "center_lon": -71.04437234, "area_sqkm": 124.31257508}, "geometry": {"type": "Polygon", "coordinates": [[[-71.098776, 8.510186], [-71.101595, 8.494069000000138], [-71.097981, 8.478231000000108], [-71.100119, 8.470583], [-71.091843, 8.458217000000104], [-71.069002, 8.461382000000128], [-71.060701, 8.457277], [-71.054211, 8.459576], [-71.041839, 8.435185000000104], [-71.03097, 8.440560000000175], [-71.01341499999984, 8.440594000000146], [-70.99759499999988, 8.448157], [-70.998408, 8.47632700000014], [-70.98875899999985, 8.486039000000119], [-70.988792, 8.491243000000111], [-70.980874, 8.504521], [-70.968842, 8.537778000000174], [-70.977721, 8.544029], [-71.015938, 8.55176500000016], [-71.04194699999988, 8.544359], [-71.043602, 8.534665000000189], [-71.046355, 8.532821000000183], [-71.054989, 8.534256], [-71.069989, 8.530358000000149], [-71.080006, 8.53335], [-71.09017999999986, 8.53070200000019], [-71.098776, 8.510186]]]}}, {"type": "Feature", "properties": {"parroquia": "Capital Miranda", "municipio": "Miranda", "estado": "Mérida", "pcode": "VE141301", "estado_pcode": "VE14", "municipio_pcode": "VE1413", "center_lat": 8.993748, "center_lon": -70.75116238, "area_sqkm": 150.56890897}, "geometry": {"type": "Polygon", "coordinates": [[[-70.73018650299997, 9.056005527000025], [-70.73920584299992, 9.05474949500018], [-70.74899826499995, 9.057422496000072], [-70.75154633599993, 9.052561373000117], [-70.76335280499995, 9.048994227000037], [-70.76888506699993, 9.053429300000118], [-70.77504332799992, 9.054445281000028], [-70.77876950699994, 9.05892336100004], [-70.78404583299988, 9.078661780000061], [-70.789093, 9.072265616000038], [-70.79587283899997, 9.07615737400016], [-70.80300199999988, 9.066807], [-70.81133299999988, 9.064232], [-70.818522, 9.05444100000011], [-70.806039, 9.02842], [-70.818993, 9.003778000000125], [-70.81503999999984, 8.990536000000134], [-70.81084099999987, 8.99066100000016], [-70.80834, 8.984933000000126], [-70.809199, 8.97907800000013], [-70.8052, 8.960792], [-70.793267, 8.961512000000141], [-70.779993, 8.955346000000134], [-70.76157299999988, 8.950807], [-70.758051, 8.957005], [-70.75020399999988, 8.941678], [-70.742219, 8.93388], [-70.73419699999982, 8.916603000000123], [-70.73691099999985, 8.908837], [-70.731736, 8.91122], [-70.723989, 8.938268000000164], [-70.71573, 8.938849000000118], [-70.713768, 8.947513000000185], [-70.70184199999989, 8.945792], [-70.696881, 8.955273], [-70.690371, 8.956752000000108], [-70.68306399999989, 8.962446000000114], [-70.683494, 8.966738], [-70.677222, 8.96865], [-70.6731829819999, 8.974277783000048], [-70.68717736499997, 8.99530742600001], [-70.70456709599995, 8.997496378000108], [-70.71127142599994, 9.007633579000185], [-70.70583624099999, 9.014255749000085], [-70.7227990429999, 9.032656075000034], [-70.73018650299997, 9.056005527000025]]]}}, {"type": "Feature", "properties": {"parroquia": "Andrés Eloy Blanco", "municipio": "Miranda", "estado": "Mérida", "pcode": "VE141302", "estado_pcode": "VE14", "municipio_pcode": "VE1413", "center_lat": 8.9272805, "center_lon": -70.75605765, "area_sqkm": 32.48974928}, "geometry": {"type": "Polygon", "coordinates": [[[-70.82836899999984, 8.935488], [-70.815827, 8.931386], [-70.79427, 8.931089], [-70.788449, 8.93412400000011], [-70.775901, 8.931086000000107], [-70.766704, 8.916545], [-70.753865, 8.90354], [-70.757052, 8.892219000000182], [-70.752212, 8.890524], [-70.747096, 8.892286000000183], [-70.739835, 8.901082], [-70.74129099999988, 8.905867000000171], [-70.73691099999985, 8.908837], [-70.73419699999982, 8.916603000000123], [-70.742219, 8.93388], [-70.75020399999988, 8.941678], [-70.758051, 8.957005], [-70.76157299999988, 8.950807], [-70.779993, 8.955346000000134], [-70.793267, 8.961512000000141], [-70.8052, 8.960792], [-70.825551, 8.941755], [-70.82836899999984, 8.935488]]]}}, {"type": "Feature", "properties": {"parroquia": "La Venta", "municipio": "Miranda", "estado": "Mérida", "pcode": "VE141303", "estado_pcode": "VE14", "municipio_pcode": "VE1413", "center_lat": 8.8916055, "center_lon": -70.81617892, "area_sqkm": 84.67000066}, "geometry": {"type": "Polygon", "coordinates": [[[-70.87506799999989, 8.893632], [-70.865092, 8.881667000000164], [-70.859357, 8.881508000000167], [-70.848604, 8.875333000000126], [-70.84052899999983, 8.863031], [-70.826554, 8.858658000000105], [-70.82085, 8.849013000000184], [-70.814975, 8.848853], [-70.812144, 8.851457], [-70.79060099999987, 8.856545], [-70.7810199999999, 8.864488], [-70.775045, 8.865342000000169], [-70.768363, 8.873091], [-70.766604, 8.887629000000175], [-70.76425, 8.890803], [-70.757052, 8.892219000000182], [-70.753865, 8.90354], [-70.766704, 8.916545], [-70.775901, 8.931086000000107], [-70.788449, 8.93412400000011], [-70.79427, 8.931089], [-70.815827, 8.931386], [-70.82836899999984, 8.935488], [-70.837352, 8.926733000000183], [-70.839053, 8.919765], [-70.84199699999988, 8.917822], [-70.855842, 8.920102], [-70.868136, 8.926431], [-70.867929, 8.919174], [-70.87507, 8.90715900000015], [-70.87506799999989, 8.893632]]]}}, {"type": "Feature", "properties": {"parroquia": "Piñango", "municipio": "Miranda", "estado": "Mérida", "pcode": "VE141304", "estado_pcode": "VE14", "municipio_pcode": "VE1413", "center_lat": 9.008968, "center_lon": -70.86017197, "area_sqkm": 152.31621411}, "geometry": {"type": "Polygon", "coordinates": [[[-70.931911, 9.075868], [-70.929688, 9.071966000000145], [-70.931932, 9.066094], [-70.930148, 9.061252], [-70.914035, 9.056193000000121], [-70.9067179999999, 9.0449], [-70.903474, 9.028654], [-70.90539199999989, 9.014936000000148], [-70.892756, 8.98172], [-70.888416, 8.974604000000113], [-70.877699, 8.965293000000145], [-70.874444, 8.954739000000131], [-70.874411, 8.941205], [-70.87085699999989, 8.937042000000133], [-70.868136, 8.926431], [-70.855842, 8.920102], [-70.84199699999988, 8.917822], [-70.839053, 8.919765], [-70.837352, 8.926733000000183], [-70.82836899999984, 8.935488], [-70.825551, 8.941755], [-70.8052, 8.960792], [-70.809199, 8.97907800000013], [-70.80834, 8.984933000000126], [-70.81084099999987, 8.99066100000016], [-70.81503999999984, 8.990536000000134], [-70.818993, 9.003778000000125], [-70.806039, 9.02842], [-70.818522, 9.05444100000011], [-70.829194, 9.060072000000105], [-70.83894, 9.056112], [-70.84836099999984, 9.056097], [-70.85169599999989, 9.061951000000136], [-70.85216, 9.071771000000126], [-70.860957, 9.080061], [-70.866562, 9.097205000000145], [-70.873554, 9.096591000000103], [-70.88105399999984, 9.090034000000117], [-70.886471, 9.091415000000154], [-70.91329999999988, 9.079894], [-70.931911, 9.075868]]]}}, {"type": "Feature", "properties": {"parroquia": "Capital Obispo Ramos de Lora", "municipio": "Obispo Ramos de Lora", "estado": "Mérida", "pcode": "VE141401", "estado_pcode": "VE14", "municipio_pcode": "VE1414", "center_lat": 8.83338, "center_lon": -71.43751368, "area_sqkm": 149.77285998}, "geometry": {"type": "Polygon", "coordinates": [[[-71.320756, 8.771085], [-71.35189899999989, 8.80403900000016], [-71.355882, 8.803944000000115], [-71.362472, 8.809874], [-71.371223, 8.821611000000132], [-71.370703, 8.824806000000137], [-71.379003, 8.83022300000016], [-71.38533599999982, 8.843413000000112], [-71.383412, 8.850088000000142], [-71.386601, 8.858800000000144], [-71.394712, 8.867243], [-71.39637899999985, 8.873276], [-71.408919, 8.881756], [-71.41836109999991, 8.905547334000175], [-71.50540018799995, 8.84068596600008], [-71.49765, 8.837557000000174], [-71.495487, 8.832711000000131], [-71.487771, 8.827012], [-71.490479, 8.808153000000175], [-71.484717, 8.78607], [-71.485901, 8.761249000000134], [-71.46102599999989, 8.779876000000172], [-71.451044, 8.799924], [-71.43835499999983, 8.785749000000123], [-71.415583, 8.779508], [-71.409911, 8.773739], [-71.396133, 8.777453], [-71.36397799999986, 8.775553], [-71.3530679999999, 8.772543], [-71.334776, 8.774666], [-71.320756, 8.771085]]]}}, {"type": "Feature", "properties": {"parroquia": "Padre Noguera", "municipio": "Padre Noguera", "estado": "Mérida", "pcode": "VE141501", "estado_pcode": "VE14", "municipio_pcode": "VE1415", "center_lat": 7.78488827, "center_lon": -71.48668117, "area_sqkm": 215.38066754}, "geometry": {"type": "Polygon", "coordinates": [[[-71.43434, 7.907803000000172], [-71.44206899999989, 7.907488], [-71.44464, 7.905157], [-71.448758, 7.886903000000132], [-71.458838, 7.876522], [-71.474626, 7.853308000000141], [-71.48846399999985, 7.858547], [-71.495014, 7.879571000000112], [-71.50979635699991, 7.889738865000027], [-71.51157245199994, 7.887389105000125], [-71.5103523439999, 7.874873846000128], [-71.51860865499992, 7.868688680000162], [-71.51642947499994, 7.851120320000121], [-71.51966259199992, 7.847400235000066], [-71.51413067599998, 7.840744540000173], [-71.51427429299997, 7.83186493400018], [-71.52318359599991, 7.818445611000129], [-71.52301153399998, 7.808572416000118], [-71.51444412999996, 7.797569229000146], [-71.52239241299992, 7.787061973000107], [-71.52466741099994, 7.76971560100003], [-71.53396171399999, 7.753225213000178], [-71.52048812099991, 7.743240074000084], [-71.5137347939999, 7.732278882000173], [-71.51475377199995, 7.719791617], [-71.50950055399994, 7.718632614000114], [-71.50662640299998, 7.710779469000045], [-71.49954710599991, 7.709478478000165], [-71.49806202199994, 7.706282416000022], [-71.49254459599996, 7.662249539000129], [-71.48455326899995, 7.663311601999965], [-71.48454230399989, 7.670079735000172], [-71.47765500899999, 7.667176717000132], [-71.47457393399998, 7.678944969000042], [-71.46359647299994, 7.675533945000097], [-71.4596123689999, 7.687184210000112], [-71.44360373899997, 7.692897405], [-71.44263071599994, 7.695809472000178], [-71.45439529699996, 7.717124850000062], [-71.46546078699993, 7.72551296600011], [-71.4635917949999, 7.743175342000086], [-71.46538689699992, 7.749285462999978], [-71.46892205499995, 7.751756496999974], [-71.46383186199995, 7.755055588], [-71.45930371999992, 7.76297777000002], [-71.46363091899997, 7.768918872000086], [-71.46008881599988, 7.775511027000107], [-71.45397359999998, 7.783605226000191], [-71.43943005399996, 7.794198520000066], [-71.43374481299992, 7.792531506000159], [-71.38567501899996, 7.825138420000144], [-71.38238293099982, 7.836911678000092], [-71.37700674199988, 7.840950783000096], [-71.37491061299988, 7.847231984000132], [-71.373744, 7.857599000000107], [-71.387576, 7.868970000000161], [-71.391521, 7.869031], [-71.399725, 7.860618000000102], [-71.403649, 7.859920000000102], [-71.411285, 7.87464000000017], [-71.41178899999989, 7.895781], [-71.43434, 7.907803000000172]]]}}, {"type": "Feature", "properties": {"parroquia": "Pueblo Llano", "municipio": "Pueblo Llano", "estado": "Mérida", "pcode": "VE141601", "estado_pcode": "VE14", "municipio_pcode": "VE1416", "center_lat": 8.9610375, "center_lon": -70.64947951, "area_sqkm": 91.37033945}, "geometry": {"type": "Polygon", "coordinates": [[[-70.57684815199997, 9.011017010999979], [-70.58179517499997, 9.02716273100009], [-70.58556832199986, 9.02700169700006], [-70.60161893399999, 9.016104361000089], [-70.61865862499997, 9.012872196000103], [-70.62227373599984, 9.006200027000034], [-70.62808496399998, 9.004487956000048], [-70.63218609399985, 8.998366794000049], [-70.64008192499989, 8.998537637000027], [-70.64295649999997, 8.991116579000106], [-70.66339130399984, 8.981777245999979], [-70.6731829819999, 8.974277783000048], [-70.677222, 8.96865], [-70.683494, 8.966738], [-70.68306399999989, 8.962446000000114], [-70.690371, 8.956752000000108], [-70.696881, 8.955273], [-70.70184199999989, 8.945792], [-70.713768, 8.947513000000185], [-70.71573, 8.938849000000118], [-70.723989, 8.938268000000164], [-70.731736, 8.91122], [-70.706283, 8.915635000000123], [-70.70172, 8.913828], [-70.698732, 8.90713], [-70.6826549999999, 8.897443], [-70.674973, 8.898538], [-70.67212, 8.89947100000012], [-70.663759, 8.894310000000132], [-70.65377499999988, 8.897265], [-70.646594, 8.902824000000123], [-70.638516, 8.915361000000189], [-70.640468, 8.934231], [-70.634256, 8.940335000000118], [-70.63264, 8.947921], [-70.61346299999985, 8.960298], [-70.613366, 8.973389000000168], [-70.59865, 8.996712], [-70.58255899999989, 9.01037], [-70.57684815199997, 9.011017010999979]]]}}, {"type": "Feature", "properties": {"parroquia": "Capital Rangel", "municipio": "Rangel", "estado": "Mérida", "pcode": "VE141701", "estado_pcode": "VE14", "municipio_pcode": "VE1417", "center_lat": 8.716308, "center_lon": -70.871892, "area_sqkm": 382.53895439}, "geometry": {"type": "Polygon", "coordinates": [[[-70.918236, 8.843881000000124], [-70.922479, 8.842841], [-70.931174, 8.847007000000133], [-70.93514, 8.844407000000103], [-70.94099199999988, 8.832316000000162], [-70.9589519999999, 8.822638], [-70.963707, 8.81307800000019], [-70.97422999999986, 8.807914000000153], [-70.975167, 8.798361], [-70.973241, 8.793565], [-70.965133, 8.790006], [-70.96248999999989, 8.785140000000183], [-70.967541, 8.774116], [-70.963428, 8.767331000000127], [-70.96288, 8.752903], [-70.950973, 8.73622900000015], [-70.951875, 8.73093200000011], [-70.94906, 8.73430900000011], [-70.944929, 8.734001], [-70.935968, 8.719839], [-70.941928, 8.700869000000125], [-70.936067, 8.687158], [-70.94132499999989, 8.675472000000184], [-70.941303, 8.660512000000153], [-70.94990399999989, 8.649899], [-70.94877, 8.64566600000012], [-70.950186, 8.645814000000144], [-70.949683, 8.64052700000019], [-70.93448599999982, 8.629117], [-70.921886, 8.614072000000135], [-70.9112, 8.607415000000174], [-70.906716, 8.606999], [-70.891374, 8.61806300000012], [-70.86601599999983, 8.615200000000186], [-70.861802, 8.612289], [-70.856047, 8.598119000000167], [-70.85736999999989, 8.588412000000119], [-70.85051823899988, 8.585573540999974], [-70.8450256719999, 8.586448441000073], [-70.8357218249999, 8.595158875000095], [-70.83000811499994, 8.597949784000036], [-70.80864623299982, 8.596784871000182], [-70.7925476229999, 8.607752191000088], [-70.77652696199993, 8.60687925100018], [-70.76294441099992, 8.610664412000062], [-70.75045695599994, 8.620515692000026], [-70.7321948689999, 8.623533965000092], [-70.71766470299997, 8.641189326000074], [-70.71534271899998, 8.661037775000011], [-70.7116405989999, 8.668461957000034], [-70.70754644599998, 8.670306023000023], [-70.70701744099995, 8.674188119000064], [-70.72671438499992, 8.698840562000157], [-70.74485016499995, 8.703935571999978], [-70.7562211849999, 8.725584497000057], [-70.76473499999986, 8.714326000000142], [-70.77621, 8.715798], [-70.792479, 8.699541000000181], [-70.794932, 8.699557], [-70.802085, 8.714524000000154], [-70.810658, 8.716895], [-70.81571699999989, 8.728359000000182], [-70.820059, 8.731515], [-70.838474, 8.721684000000153], [-70.84656799999988, 8.720284000000163], [-70.84551, 8.726777], [-70.839016, 8.734695], [-70.840506, 8.739301000000125], [-70.857611, 8.7498700000001], [-70.871926, 8.76497600000016], [-70.878926, 8.764331], [-70.883283, 8.761087], [-70.888914, 8.76157], [-70.900296, 8.75459], [-70.900133, 8.761508], [-70.907993, 8.77107], [-70.918417, 8.791029000000151], [-70.9214209999999, 8.809066], [-70.933684, 8.817074], [-70.933383, 8.832084000000123], [-70.922226, 8.835531], [-70.918236, 8.843881000000124]]]}}, {"type": "Feature", "properties": {"parroquia": "Cacute", "municipio": "Rangel", "estado": "Mérida", "pcode": "VE141702", "estado_pcode": "VE14", "municipio_pcode": "VE1417", "center_lat": 8.6909495, "center_lon": -71.01793138, "area_sqkm": 36.17344711}, "geometry": {"type": "Polygon", "coordinates": [[[-70.94877, 8.64566600000012], [-70.972739, 8.678075], [-70.981458, 8.683571], [-71.000623, 8.685968000000173], [-71.00914, 8.702314000000115], [-71.0101729999999, 8.71223], [-71.037512, 8.737449], [-71.03911099999988, 8.736152000000175], [-71.039896, 8.732679], [-71.034504, 8.727691000000164], [-71.036152, 8.713734000000159], [-71.033669, 8.695329000000186], [-71.028695, 8.670313], [-71.025811, 8.66686], [-71.010544, 8.664215000000127], [-71.001691, 8.657263], [-70.9960549999999, 8.657622000000117], [-70.99254699999983, 8.652344], [-70.986876, 8.64944], [-70.963886, 8.644329], [-70.950186, 8.645814000000144], [-70.94877, 8.64566600000012]]]}}, {"type": "Feature", "properties": {"parroquia": "La Toma", "municipio": "Rangel", "estado": "Mérida", "pcode": "VE141703", "estado_pcode": "VE14", "municipio_pcode": "VE1417", "center_lat": 8.804389, "center_lon": -70.90013246, "area_sqkm": 43.57215758}, "geometry": {"type": "Polygon", "coordinates": [[[-70.9137, 8.848693], [-70.918236, 8.843881000000124], [-70.922226, 8.835531], [-70.933383, 8.832084000000123], [-70.933684, 8.817074], [-70.9214209999999, 8.809066], [-70.918417, 8.791029000000151], [-70.907993, 8.77107], [-70.900133, 8.761508], [-70.900296, 8.75459], [-70.888914, 8.76157], [-70.883283, 8.761087], [-70.882966, 8.773982000000103], [-70.875004, 8.79002], [-70.878816, 8.796348], [-70.879756, 8.814646], [-70.886829, 8.822366], [-70.880716, 8.830867000000183], [-70.881288, 8.849171000000126], [-70.88693299999989, 8.854803000000175], [-70.903423, 8.848315000000184], [-70.9137, 8.848693]]]}}, {"type": "Feature", "properties": {"parroquia": "Mucuruba", "municipio": "Rangel", "estado": "Mérida", "pcode": "VE141704", "estado_pcode": "VE14", "municipio_pcode": "VE1417", "center_lat": 8.721387, "center_lon": -70.9785411, "area_sqkm": 91.97435622}, "geometry": {"type": "Polygon", "coordinates": [[[-70.975167, 8.798361], [-70.98084, 8.791407000000163], [-70.98750699999988, 8.789406000000156], [-70.991684, 8.781691], [-71.002317, 8.77755], [-71.00470699999983, 8.771621000000152], [-71.014948, 8.768017], [-71.037512, 8.737449], [-71.0101729999999, 8.71223], [-71.00914, 8.702314000000115], [-71.000623, 8.685968000000173], [-70.981458, 8.683571], [-70.972739, 8.678075], [-70.94877, 8.64566600000012], [-70.94990399999989, 8.649899], [-70.941303, 8.660512000000153], [-70.94132499999989, 8.675472000000184], [-70.936067, 8.687158], [-70.941928, 8.700869000000125], [-70.935968, 8.719839], [-70.944929, 8.734001], [-70.94906, 8.73430900000011], [-70.951875, 8.73093200000011], [-70.950973, 8.73622900000015], [-70.96288, 8.752903], [-70.963428, 8.767331000000127], [-70.967541, 8.774116], [-70.96248999999989, 8.785140000000183], [-70.965133, 8.790006], [-70.973241, 8.793565], [-70.975167, 8.798361]]]}}, {"type": "Feature", "properties": {"parroquia": "San Rafael", "municipio": "Rangel", "estado": "Mérida", "pcode": "VE141705", "estado_pcode": "VE14", "municipio_pcode": "VE1417", "center_lat": 8.797446, "center_lon": -70.84302409, "area_sqkm": 172.65820306}, "geometry": {"type": "Polygon", "coordinates": [[[-70.812144, 8.851457], [-70.814975, 8.848853], [-70.82085, 8.849013000000184], [-70.826554, 8.858658000000105], [-70.84052899999983, 8.863031], [-70.848604, 8.875333000000126], [-70.859357, 8.881508000000167], [-70.865092, 8.881667000000164], [-70.87506799999989, 8.893632], [-70.88449, 8.887312], [-70.892955, 8.88998800000013], [-70.901499, 8.88050800000019], [-70.902246, 8.87611], [-70.917569, 8.864960000000167], [-70.9106369999999, 8.857784], [-70.9108829999999, 8.850796000000116], [-70.9137, 8.848693], [-70.903423, 8.848315000000184], [-70.88693299999989, 8.854803000000175], [-70.881288, 8.849171000000126], [-70.880716, 8.830867000000183], [-70.886829, 8.822366], [-70.879756, 8.814646], [-70.878816, 8.796348], [-70.875004, 8.79002], [-70.882966, 8.773982000000103], [-70.883283, 8.761087], [-70.878926, 8.764331], [-70.871926, 8.76497600000016], [-70.857611, 8.7498700000001], [-70.840506, 8.739301000000125], [-70.839016, 8.734695], [-70.84551, 8.726777], [-70.84656799999988, 8.720284000000163], [-70.838474, 8.721684000000153], [-70.820059, 8.731515], [-70.81571699999989, 8.728359000000182], [-70.810658, 8.716895], [-70.802085, 8.714524000000154], [-70.794932, 8.699557], [-70.792479, 8.699541000000181], [-70.77621, 8.715798], [-70.76473499999986, 8.714326000000142], [-70.7562211849999, 8.725584497000057], [-70.73413956999997, 8.748668955000142], [-70.736792, 8.753241000000116], [-70.742666, 8.752965], [-70.74944899999986, 8.757986000000187], [-70.745442, 8.771017], [-70.749434, 8.783424], [-70.760497, 8.780145], [-70.76856, 8.780761], [-70.782653, 8.770826000000113], [-70.792681, 8.758957], [-70.80185099999989, 8.758264], [-70.800897, 8.772576000000129], [-70.808572, 8.790346000000113], [-70.80738999999988, 8.803320000000156], [-70.802488, 8.811814], [-70.793372, 8.813624], [-70.812513, 8.831547000000114], [-70.809331, 8.845464], [-70.812144, 8.851457]]]}}, {"type": "Feature", "properties": {"parroquia": "Capital Rivas Dávila", "municipio": "Rivas Dávila", "estado": "Mérida", "pcode": "VE141801", "estado_pcode": "VE14", "municipio_pcode": "VE1418", "center_lat": 8.23896557, "center_lon": -71.83882079, "area_sqkm": 145.83527475}, "geometry": {"type": "Polygon", "coordinates": [[[-71.790221, 8.227534], [-71.789248, 8.240701], [-71.792361, 8.258378], [-71.795391, 8.26048400000019], [-71.79924, 8.276303], [-71.805093, 8.282445], [-71.792326, 8.295480000000111], [-71.80279, 8.302809], [-71.80119, 8.308619000000135], [-71.80647555999997, 8.323197709000112], [-71.80648024699997, 8.32320388700009], [-71.80653288899998, 8.323273266000058], [-71.82242325399989, 8.311563432000014], [-71.82768947099999, 8.313489443000151], [-71.83264764699999, 8.308721321000121], [-71.83945987099997, 8.297507044000156], [-71.84548409899998, 8.294328952000114], [-71.85043123599996, 8.28161365799997], [-71.8591115509999, 8.276227495000114], [-71.86379005399994, 8.26421238100005], [-71.8909686429999, 8.236581506000107], [-71.90033190999998, 8.214239986000052], [-71.90785784299999, 8.210584372000085], [-71.9120103059999, 8.200111625000147], [-71.91169562299996, 8.1892125440001], [-71.90249279799997, 8.17617917399997], [-71.90360578399998, 8.163827919000084], [-71.89836830899986, 8.155665679000094], [-71.89102826599998, 8.162838954000051], [-71.87612966499995, 8.163953051000135], [-71.87635175699995, 8.179706390000149], [-71.87120753899984, 8.176968350000095], [-71.85658695099983, 8.179702481000106], [-71.85010665399994, 8.172105358000067], [-71.84986962299996, 8.167273254000122], [-71.84526443299995, 8.166703265000137], [-71.84131424799995, 8.161803185000053], [-71.82804468899997, 8.15842318100016], [-71.82408645499993, 8.158406147000164], [-71.810444, 8.179679], [-71.804436, 8.195289000000173], [-71.798096, 8.200877000000162], [-71.799694, 8.205557000000113], [-71.793395, 8.213456000000178], [-71.790221, 8.227534]]]}}, {"type": "Feature", "properties": {"parroquia": "Gerónimo Maldonado", "municipio": "Rivas Dávila", "estado": "Mérida", "pcode": "VE141802", "estado_pcode": "VE14", "municipio_pcode": "VE1418", "center_lat": 8.274499, "center_lon": -71.78122554, "area_sqkm": 36.36603643}, "geometry": {"type": "Polygon", "coordinates": [[[-71.750639, 8.240579], [-71.751019, 8.245154], [-71.759966, 8.255686], [-71.76425499999982, 8.275729000000183], [-71.773919, 8.289895], [-71.769592, 8.306317], [-71.780621, 8.318458], [-71.78876, 8.322471000000121], [-71.80647555999997, 8.323197709000112], [-71.80119, 8.308619000000135], [-71.80279, 8.302809], [-71.792326, 8.295480000000111], [-71.805093, 8.282445], [-71.79924, 8.276303], [-71.795391, 8.26048400000019], [-71.792361, 8.258378], [-71.789248, 8.240701], [-71.790221, 8.227534], [-71.78780399999988, 8.229749], [-71.783111, 8.225778], [-71.76301099999984, 8.227828], [-71.756677, 8.23146800000012], [-71.751456, 8.239314], [-71.750639, 8.240579]]]}}, {"type": "Feature", "properties": {"parroquia": "Santos Marquina", "municipio": "Santos Marquina", "estado": "Mérida", "pcode": "VE141901", "estado_pcode": "VE14", "municipio_pcode": "VE1419", "center_lat": 8.57540608, "center_lon": -70.94363946, "area_sqkm": 403.4426821}, "geometry": {"type": "Polygon", "coordinates": [[[-70.950186, 8.645814000000144], [-70.963886, 8.644329], [-70.986876, 8.64944], [-70.99254699999983, 8.652344], [-70.9960549999999, 8.657622000000117], [-71.001691, 8.657263], [-71.010544, 8.664215000000127], [-71.025811, 8.66686], [-71.028695, 8.670313], [-71.033669, 8.695329000000186], [-71.036152, 8.713734000000159], [-71.034504, 8.727691000000164], [-71.039896, 8.732679], [-71.03911099999988, 8.736152000000175], [-71.049254, 8.728359000000182], [-71.063015, 8.709195000000136], [-71.08564599999988, 8.663306], [-71.090546, 8.659749], [-71.0958409999999, 8.648858], [-71.106094, 8.641553000000158], [-71.110538, 8.632236], [-71.104443, 8.628277], [-71.102605, 8.62333000000018], [-71.108039, 8.615758], [-71.100201, 8.603689], [-71.09629499999988, 8.592307000000119], [-71.089142, 8.587149], [-71.065307, 8.580362], [-70.999036, 8.568502000000137], [-70.977721, 8.544029], [-70.968842, 8.537778000000174], [-70.93923599999988, 8.502783000000136], [-70.938319, 8.496772], [-70.92603599999984, 8.487349000000108], [-70.918459, 8.472526], [-70.907646, 8.467983], [-70.905276, 8.463449], [-70.90613599999989, 8.454807000000187], [-70.894529, 8.447201], [-70.88642999999985, 8.445901000000163], [-70.88863699999985, 8.43977000000018], [-70.877234, 8.440364000000159], [-70.866364, 8.430682], [-70.849352, 8.42587], [-70.849321, 8.421931], [-70.854128, 8.41994300000016], [-70.85088755699996, 8.41419855100014], [-70.84402282699989, 8.431148044], [-70.83366340899994, 8.435091184000157], [-70.84594799599995, 8.449824440000043], [-70.83865773699989, 8.457335647000093], [-70.83870184599982, 8.477663085000131], [-70.83072258899995, 8.492274445000078], [-70.84560633399991, 8.517897939000079], [-70.84681942599991, 8.52426006700017], [-70.84153531199996, 8.544735550000098], [-70.84872069299985, 8.56029485199997], [-70.85051823899988, 8.585573540999974], [-70.85736999999989, 8.588412000000119], [-70.856047, 8.598119000000167], [-70.861802, 8.612289], [-70.86601599999983, 8.615200000000186], [-70.891374, 8.61806300000012], [-70.906716, 8.606999], [-70.9112, 8.607415000000174], [-70.921886, 8.614072000000135], [-70.93448599999982, 8.629117], [-70.949683, 8.64052700000019], [-70.950186, 8.645814000000144]]]}}, {"type": "Feature", "properties": {"parroquia": "Capital Sucre", "municipio": "Sucre", "estado": "Mérida", "pcode": "VE142001", "estado_pcode": "VE14", "municipio_pcode": "VE1420", "center_lat": 8.5100735, "center_lon": -71.42814893, "area_sqkm": 126.66012543}, "geometry": {"type": "Polygon", "coordinates": [[[-71.490965, 8.443144000000132], [-71.444875, 8.437060000000145], [-71.444637, 8.454842], [-71.448381, 8.46649200000013], [-71.433396, 8.473669000000143], [-71.42709, 8.47119], [-71.376292, 8.475615], [-71.375823, 8.484617], [-71.369582, 8.492857], [-71.370368, 8.506971], [-71.364122, 8.514427], [-71.36181499999986, 8.522987], [-71.365219, 8.550667], [-71.37576899999988, 8.55403600000011], [-71.38168699999989, 8.551641000000188], [-71.402006, 8.574246], [-71.404143, 8.582727], [-71.41132, 8.564066], [-71.427473, 8.547843], [-71.437988, 8.544014000000118], [-71.446503, 8.53584], [-71.463661, 8.543002], [-71.46832, 8.542344000000128], [-71.474869, 8.538342000000114], [-71.47451199999989, 8.531922], [-71.477735, 8.524629], [-71.483066, 8.523752000000115], [-71.487079, 8.5188], [-71.48758899999984, 8.508301000000188], [-71.479364, 8.499986000000149], [-71.477868, 8.491139], [-71.49118, 8.461415], [-71.488664, 8.452313], [-71.491603, 8.447322], [-71.490965, 8.443144000000132]]]}}, {"type": "Feature", "properties": {"parroquia": "Chiguara", "municipio": "Sucre", "estado": "Mérida", "pcode": "VE142002", "estado_pcode": "VE14", "municipio_pcode": "VE1420", "center_lat": 8.5467445, "center_lon": -71.53355534, "area_sqkm": 140.00704802}, "geometry": {"type": "Polygon", "coordinates": [[[-71.46832, 8.542344000000128], [-71.497786, 8.553744000000108], [-71.52193, 8.571050000000128], [-71.524126, 8.577639], [-71.519153, 8.584416], [-71.521355, 8.595603], [-71.52442, 8.59993500000013], [-71.54611199999988, 8.611170000000186], [-71.558975, 8.621208], [-71.566038, 8.637562000000173], [-71.573771, 8.614479], [-71.556502, 8.558641000000137], [-71.560647, 8.557072000000119], [-71.57355899999988, 8.559146000000169], [-71.594915, 8.569333000000142], [-71.59454799999986, 8.562024], [-71.583522, 8.545403], [-71.579692, 8.534755000000132], [-71.579948, 8.52823700000016], [-71.585614, 8.521620000000155], [-71.5843627729999, 8.515481904000126], [-71.582731, 8.503822000000127], [-71.570037, 8.480305000000158], [-71.554678, 8.473047000000179], [-71.533054, 8.469616], [-71.529684, 8.463559000000146], [-71.520861, 8.458365], [-71.49118, 8.461415], [-71.477868, 8.491139], [-71.479364, 8.499986000000149], [-71.48758899999984, 8.508301000000188], [-71.487079, 8.5188], [-71.483066, 8.523752000000115], [-71.477735, 8.524629], [-71.47451199999989, 8.531922], [-71.474869, 8.538342000000114], [-71.46832, 8.542344000000128]]]}}, {"type": "Feature", "properties": {"parroquia": "Estanquez", "municipio": "Sucre", "estado": "Mérida", "pcode": "VE142003", "estado_pcode": "VE14", "municipio_pcode": "VE1420", "center_lat": 8.358844, "center_lon": -71.52482888, "area_sqkm": 262.89404527}, "geometry": {"type": "Polygon", "coordinates": [[[-71.49118, 8.461415], [-71.520861, 8.458365], [-71.529684, 8.463559000000146], [-71.533054, 8.469616], [-71.554678, 8.473047000000179], [-71.570037, 8.480305000000158], [-71.572955, 8.473318], [-71.57147, 8.45675800000015], [-71.582252, 8.44716], [-71.563912, 8.410183000000131], [-71.562093, 8.401208], [-71.547868, 8.386575000000107], [-71.55367799999982, 8.378786000000105], [-71.5526559999999, 8.367264000000148], [-71.56297699999988, 8.361314], [-71.576202, 8.358773000000156], [-71.5868109999999, 8.327288], [-71.58429699999988, 8.319728], [-71.577951, 8.31595], [-71.575411, 8.311022], [-71.58071, 8.300614], [-71.579935, 8.295217], [-71.57005, 8.278321], [-71.54214, 8.27194400000019], [-71.533375, 8.273355], [-71.527715, 8.268883], [-71.524344, 8.253544], [-71.51611699999984, 8.246503000000132], [-71.514896, 8.239735], [-71.50475099999989, 8.237422], [-71.49706, 8.243360000000166], [-71.494404, 8.258792], [-71.485584, 8.266741], [-71.472962, 8.263738000000103], [-71.463528, 8.266652], [-71.454694, 8.263716000000102], [-71.452013, 8.265514000000167], [-71.452142, 8.270553000000177], [-71.44360499999988, 8.286839000000157], [-71.430651, 8.302699], [-71.42385999999982, 8.306424], [-71.43169099999983, 8.353229], [-71.454668, 8.353747000000112], [-71.473742, 8.358915], [-71.4796429999999, 8.366364], [-71.4873439999999, 8.368744], [-71.49866, 8.389745], [-71.497825, 8.395852000000104], [-71.494441, 8.39954], [-71.495981, 8.407981], [-71.493827, 8.41261800000018], [-71.496246, 8.422011], [-71.493555, 8.424734000000115], [-71.494647, 8.431524], [-71.490965, 8.443144000000132], [-71.491603, 8.447322], [-71.488664, 8.452313], [-71.49118, 8.461415]]]}}, {"type": "Feature", "properties": {"parroquia": "La Trampa", "municipio": "Sucre", "estado": "Mérida", "pcode": "VE142004", "estado_pcode": "VE14", "municipio_pcode": "VE1420", "center_lat": 8.587373, "center_lon": -71.4625015, "area_sqkm": 114.81151267}, "geometry": {"type": "Polygon", "coordinates": [[[-71.46832, 8.542344000000128], [-71.463661, 8.543002], [-71.446503, 8.53584], [-71.437988, 8.544014000000118], [-71.427473, 8.547843], [-71.41132, 8.564066], [-71.404143, 8.582727], [-71.401276, 8.608178], [-71.414541, 8.629965], [-71.429986, 8.626897], [-71.440083, 8.63374000000016], [-71.44675, 8.63188], [-71.45767699999982, 8.622791000000177], [-71.467531, 8.622298], [-71.480244, 8.630789], [-71.49200799999988, 8.623313000000167], [-71.50051, 8.624815000000126], [-71.516856, 8.62244800000019], [-71.52416199999988, 8.617722000000128], [-71.54005, 8.619768000000136], [-71.543099, 8.624339], [-71.558501, 8.631014], [-71.566038, 8.637562000000173], [-71.558975, 8.621208], [-71.54611199999988, 8.611170000000186], [-71.52442, 8.59993500000013], [-71.521355, 8.595603], [-71.519153, 8.584416], [-71.524126, 8.577639], [-71.52193, 8.571050000000128], [-71.497786, 8.553744000000108], [-71.46832, 8.542344000000128]]]}}, {"type": "Feature", "properties": {"parroquia": "Pueblo Nuevo del Sur", "municipio": "Sucre", "estado": "Mérida", "pcode": "VE142005", "estado_pcode": "VE14", "municipio_pcode": "VE1420", "center_lat": 8.3759125, "center_lon": -71.41693612, "area_sqkm": 233.5672219}, "geometry": {"type": "Polygon", "coordinates": [[[-71.490965, 8.443144000000132], [-71.494647, 8.431524], [-71.493555, 8.424734000000115], [-71.496246, 8.422011], [-71.493827, 8.41261800000018], [-71.495981, 8.407981], [-71.494441, 8.39954], [-71.497825, 8.395852000000104], [-71.49866, 8.389745], [-71.4873439999999, 8.368744], [-71.4796429999999, 8.366364], [-71.473742, 8.358915], [-71.454668, 8.353747000000112], [-71.43169099999983, 8.353229], [-71.42385999999982, 8.306424], [-71.418813, 8.309492], [-71.41108199999985, 8.308122], [-71.404678, 8.30371], [-71.396861, 8.29303700000014], [-71.388333, 8.292502000000127], [-71.37984899999987, 8.287977000000183], [-71.36631399999987, 8.276045], [-71.349997, 8.289103], [-71.34557199999989, 8.313815000000147], [-71.35968899999989, 8.320035000000189], [-71.368334, 8.340532], [-71.34165599999989, 8.369379000000151], [-71.344166, 8.377203], [-71.34349, 8.386343], [-71.355181, 8.393689], [-71.356081, 8.399086000000182], [-71.35385999999988, 8.401555], [-71.349123, 8.409557], [-71.348918, 8.419059], [-71.354279, 8.43871700000011], [-71.371002, 8.472844], [-71.376292, 8.475615], [-71.42709, 8.47119], [-71.433396, 8.473669000000143], [-71.448381, 8.46649200000013], [-71.444637, 8.454842], [-71.444875, 8.437060000000145], [-71.490965, 8.443144000000132]]]}}, {"type": "Feature", "properties": {"parroquia": "San Juan", "municipio": "Sucre", "estado": "Mérida", "pcode": "VE142006", "estado_pcode": "VE14", "municipio_pcode": "VE1420", "center_lat": 8.479936, "center_lon": -71.34121103, "area_sqkm": 74.22795441}, "geometry": {"type": "Polygon", "coordinates": [[[-71.376292, 8.475615], [-71.371002, 8.472844], [-71.354279, 8.43871700000011], [-71.348918, 8.419059], [-71.349123, 8.409557], [-71.35385999999988, 8.401555], [-71.34919799999989, 8.400235], [-71.335854, 8.405669], [-71.332767, 8.411478], [-71.334543, 8.422273], [-71.322863, 8.430499000000111], [-71.31808699999988, 8.437552], [-71.313924, 8.452095000000156], [-71.30783, 8.458593000000121], [-71.309032, 8.46727], [-71.30591, 8.481978], [-71.303893, 8.492402], [-71.31965699999984, 8.50006900000011], [-71.321154, 8.49853000000013], [-71.328754, 8.527207], [-71.335048, 8.534668], [-71.33735, 8.544543], [-71.339461, 8.552389000000119], [-71.349429, 8.56001600000019], [-71.355706, 8.547629], [-71.365219, 8.550667], [-71.36181499999986, 8.522987], [-71.364122, 8.514427], [-71.370368, 8.506971], [-71.369582, 8.492857], [-71.375823, 8.484617], [-71.376292, 8.475615]]]}}, {"type": "Feature", "properties": {"parroquia": "El Amparo", "municipio": "Tovar", "estado": "Mérida", "pcode": "VE142101", "estado_pcode": "VE14", "municipio_pcode": "VE1421", "center_lat": 8.349495, "center_lon": -71.77240855, "area_sqkm": 10.80056997}, "geometry": {"type": "Polygon", "coordinates": [[[-71.78346079299996, 8.326599230000113], [-71.76099, 8.351064000000179], [-71.75251599999984, 8.355305], [-71.7511762229999, 8.375153815000033], [-71.802275, 8.332859], [-71.80609029999988, 8.332091098000092], [-71.80653288899998, 8.323273266000058], [-71.80648024699997, 8.32320388700009], [-71.79548, 8.327650000000176], [-71.78346079299996, 8.326599230000113]]]}}, {"type": "Feature", "properties": {"parroquia": "El Llano", "municipio": "Tovar", "estado": "Mérida", "pcode": "VE142102", "estado_pcode": "VE14", "municipio_pcode": "VE1421", "center_lat": 8.287771, "center_lon": -71.76612433, "area_sqkm": 13.54639355}, "geometry": {"type": "Polygon", "coordinates": [[[-71.761136, 8.301611], [-71.759712, 8.314377], [-71.751506, 8.322446000000184], [-71.756077, 8.324530000000152], [-71.75556399999988, 8.333270000000141], [-71.78346079299996, 8.326599230000113], [-71.79548, 8.327650000000176], [-71.80648024699997, 8.32320388700009], [-71.80647555999997, 8.323197709000112], [-71.78876, 8.322471000000121], [-71.780621, 8.318458], [-71.769592, 8.306317], [-71.773919, 8.289895], [-71.76425499999982, 8.275729000000183], [-71.759966, 8.255686], [-71.751019, 8.245154], [-71.750639, 8.240579], [-71.749701, 8.247981], [-71.754163, 8.254509000000155], [-71.753207, 8.261006], [-71.75691, 8.262220000000127], [-71.755972, 8.281922000000122], [-71.760003, 8.288637], [-71.761136, 8.301611]]]}}, {"type": "Feature", "properties": {"parroquia": "San Francisco", "municipio": "Tovar", "estado": "Mérida", "pcode": "VE142103", "estado_pcode": "VE14", "municipio_pcode": "VE1421", "center_lat": 8.275556, "center_lon": -71.72635879, "area_sqkm": 38.94824533}, "geometry": {"type": "Polygon", "coordinates": [[[-71.689937, 8.292499], [-71.709754, 8.304976000000124], [-71.74710599999986, 8.312808000000132], [-71.756265, 8.310789], [-71.761136, 8.301611], [-71.760003, 8.288637], [-71.755972, 8.281922000000122], [-71.75691, 8.262220000000127], [-71.753207, 8.261006], [-71.754163, 8.254509000000155], [-71.749701, 8.247981], [-71.750639, 8.240579], [-71.751456, 8.239314], [-71.73149399999988, 8.256606000000147], [-71.721256, 8.260298], [-71.71091699999988, 8.256665], [-71.697827, 8.269009000000153], [-71.689937, 8.292499]]]}}, {"type": "Feature", "properties": {"parroquia": "Tovar", "municipio": "Tovar", "estado": "Mérida", "pcode": "VE142104", "estado_pcode": "VE14", "municipio_pcode": "VE1421", "center_lat": 8.364803, "center_lon": -71.71743463, "area_sqkm": 106.37290854}, "geometry": {"type": "Polygon", "coordinates": [[[-71.677326, 8.300634], [-71.674774, 8.312466], [-71.677375, 8.325129000000118], [-71.675222, 8.330905], [-71.680211, 8.340622], [-71.676969, 8.348493], [-71.68137999999988, 8.358235], [-71.6809669999999, 8.36364500000019], [-71.689059, 8.370324], [-71.67004899999984, 8.380605000000116], [-71.6787159999999, 8.395247000000154], [-71.677872, 8.401875000000189], [-71.681753, 8.400882], [-71.687937, 8.39124900000013], [-71.69088299999987, 8.390916000000118], [-71.691834, 8.39519300000012], [-71.68705099999988, 8.404377], [-71.686945, 8.411068], [-71.710323, 8.435879000000114], [-71.720791, 8.428203], [-71.727051, 8.428262000000132], [-71.738353, 8.41596], [-71.740628, 8.412165000000186], [-71.74047599999983, 8.398441000000105], [-71.744812, 8.386729], [-71.75154, 8.380944000000113], [-71.7511762229999, 8.375153815000033], [-71.75251599999984, 8.355305], [-71.76099, 8.351064000000179], [-71.78346079299996, 8.326599230000113], [-71.75556399999988, 8.333270000000141], [-71.756077, 8.324530000000152], [-71.751506, 8.322446000000184], [-71.759712, 8.314377], [-71.761136, 8.301611], [-71.756265, 8.310789], [-71.74710599999986, 8.312808000000132], [-71.709754, 8.304976000000124], [-71.689937, 8.292499], [-71.677326, 8.300634]]]}}, {"type": "Feature", "properties": {"parroquia": "Independencia", "municipio": "Tulio Febres Cordero", "estado": "Mérida", "pcode": "VE142202", "estado_pcode": "VE14", "municipio_pcode": "VE1422", "center_lat": 9.140353, "center_lon": -71.16560041, "area_sqkm": 66.17961281}, "geometry": {"type": "Polygon", "coordinates": [[[-71.17083817399993, 9.163381583000046], [-71.17116132199993, 9.171371725000029], [-71.17708657199995, 9.174377758000105], [-71.17900867799989, 9.17906286100009], [-71.1825318189999, 9.178386826], [-71.18233382799997, 9.181060887], [-71.18560696199995, 9.179770838000138], [-71.18605200199994, 9.183830924000176], [-71.18998416199992, 9.182889882000097], [-71.19401833999996, 9.186179934], [-71.1965254299999, 9.184796883000047], [-71.20285173699995, 9.191172998000127], [-71.20859795899997, 9.189696923000099], [-71.21356619999989, 9.195583029999966], [-71.21963845999994, 9.197875053000189], [-71.22177148799994, 9.18644678000004], [-71.21811633799996, 9.186871813000153], [-71.22095243999996, 9.185975772000177], [-71.22302648399989, 9.176744553000105], [-71.21937431099997, 9.17452452100008], [-71.21945729499998, 9.171142445000044], [-71.22417144599996, 9.163273246000074], [-71.21947225399998, 9.162902266000117], [-71.21206190899994, 9.155131131000076], [-71.20800868099997, 9.14576694700014], [-71.20305345499992, 9.141077865000113], [-71.20331643199995, 9.13513372600005], [-71.20070131499995, 9.134402726000133], [-71.19998526299992, 9.128993615000184], [-71.19267192899991, 9.124416543000166], [-71.18952276999994, 9.118961446000071], [-71.1808863999999, 9.11663144300013], [-71.17420513999991, 9.118547517000025], [-71.17080597999995, 9.115561466000145], [-71.16851191199993, 9.118640555000127], [-71.16746685099997, 9.115403487000151], [-71.16145560599989, 9.116495549000092], [-71.15982050499997, 9.109730404000175], [-71.15755741599986, 9.112280465000026], [-71.15215617999996, 9.109719438000127], [-71.14351478399988, 9.10094529000014], [-71.14202572599987, 9.102276327000084], [-71.13228530399988, 9.097789282000122], [-71.1307592149999, 9.093944210000132], [-71.12693105799997, 9.094467238999982], [-71.11747161599988, 9.084588071000042], [-71.11185180799993, 9.082557478000183], [-71.098703, 9.100192000000163], [-71.115408, 9.111825], [-71.114885, 9.118230000000153], [-71.128188, 9.129294], [-71.126297, 9.133856], [-71.128849, 9.137101000000143], [-71.126268, 9.137676000000113], [-71.128207, 9.14164200000016], [-71.130889, 9.141776], [-71.129285, 9.147665], [-71.13195799999988, 9.14717700000017], [-71.13266721799994, 9.151088927000103], [-71.13851287499989, 9.153503511000054], [-71.14370006899992, 9.149559388000114], [-71.14600717399998, 9.151610420000168], [-71.14783623699986, 9.150039376000052], [-71.15349249599996, 9.155722474000072], [-71.15538455999985, 9.153137401000151], [-71.15921775999993, 9.159816528000079], [-71.1617488469999, 9.156937451000147], [-71.1604338169999, 9.161001555000155], [-71.17083817399993, 9.163381583000046]]]}}, {"type": "Feature", "properties": {"parroquia": "María de la Concepción Palacios Blanco", "municipio": "Tulio Febres Cordero", "estado": "Mérida", "pcode": "VE142203", "estado_pcode": "VE14", "municipio_pcode": "VE1422", "center_lat": 9.11138831, "center_lon": -70.97756228, "area_sqkm": 25.86962942}, "geometry": {"type": "Polygon", "coordinates": [[[-70.91833899999989, 9.129477000000122], [-70.923478, 9.131979000000172], [-70.9315069999999, 9.14256], [-70.93779099999989, 9.143654], [-70.942544, 9.149665000000141], [-70.94975568599989, 9.151172369000108], [-70.99990398199998, 9.110392624000042], [-70.996997, 9.103548], [-70.988801, 9.101915], [-70.968369, 9.070083000000125], [-70.967207, 9.084777000000145], [-70.96467899999982, 9.090735], [-70.96272999999985, 9.090521], [-70.954193, 9.119333], [-70.94332, 9.129105], [-70.936695, 9.13145], [-70.930354, 9.127512], [-70.91833899999989, 9.129477000000122]]]}}, {"type": "Feature", "properties": {"parroquia": "Santa Apolonia", "municipio": "Tulio Febres Cordero", "estado": "Mérida", "pcode": "VE142204", "estado_pcode": "VE14", "municipio_pcode": "VE1422", "center_lat": 8.9657665, "center_lon": -71.11933778, "area_sqkm": 257.84834642}, "geometry": {"type": "Polygon", "coordinates": [[[-71.09713610999995, 9.052564086000075], [-71.09816888999995, 9.053140097000039], [-71.09977066099998, 9.043587252000066], [-71.23588081199995, 8.950568750000059], [-71.232221, 8.946494], [-71.233063, 8.93772900000016], [-71.230811, 8.931453], [-71.221053, 8.925965], [-71.201154, 8.92567], [-71.196264, 8.92809], [-71.15915499999988, 8.920113], [-71.156537, 8.909948000000156], [-71.150717, 8.90539200000012], [-71.14773899999989, 8.886602], [-71.13698999999986, 8.888598], [-71.115513, 8.879486], [-71.10758699999985, 8.88188200000019], [-71.080838, 8.904593], [-71.076087, 8.899548], [-71.064334, 8.901066000000128], [-71.060247, 8.893437], [-71.035382, 8.893255], [-71.036808, 8.898072], [-71.030997, 8.911771000000158], [-71.03684, 8.932591000000116], [-71.035669, 8.943366], [-71.016064, 8.980285000000151], [-71.023207, 8.987578000000155], [-71.024226, 8.994285000000161], [-71.021286, 8.997163], [-71.029351, 9.010498], [-71.035851, 9.015668000000119], [-71.04754, 9.01790700000015], [-71.05385699999988, 9.023148000000162], [-71.064652, 9.023031], [-71.06847899999985, 9.032036000000119], [-71.083367, 9.038572], [-71.09713610999995, 9.052564086000075]]]}}, {"type": "Feature", "properties": {"parroquia": "Capital Zea", "municipio": "Zea", "estado": "Mérida", "pcode": "VE142301", "estado_pcode": "VE14", "municipio_pcode": "VE1423", "center_lat": 8.4180389, "center_lon": -71.76971647, "area_sqkm": 97.79876867}, "geometry": {"type": "Polygon", "coordinates": [[[-71.710323, 8.435879000000114], [-71.711449, 8.440636], [-71.705718, 8.456046], [-71.712109, 8.463153], [-71.710134, 8.472466], [-71.714691, 8.479991], [-71.710273, 8.481296], [-71.708964, 8.489730000000122], [-71.724273, 8.499167], [-71.725222, 8.504722000000129], [-71.746883, 8.493223000000114], [-71.749403, 8.487649], [-71.74639399999984, 8.48468], [-71.74390399999987, 8.473162000000116], [-71.749609, 8.455701], [-71.752466, 8.453812000000141], [-71.750873, 8.446440000000166], [-71.753816, 8.437524000000167], [-71.79863477399994, 8.427651259000129], [-71.80176197499998, 8.418830811000078], [-71.8098712819999, 8.415214700000092], [-71.81384741999989, 8.41010556600014], [-71.81221131899997, 8.403786442000069], [-71.80347091599987, 8.395045295000045], [-71.80207682299988, 8.388518164000118], [-71.80387787699988, 8.383571059000133], [-71.81811840899996, 8.370826149000095], [-71.81988732899998, 8.346210173000088], [-71.80609029999988, 8.332091098000092], [-71.802275, 8.332859], [-71.7511762229999, 8.375153815000033], [-71.75154, 8.380944000000113], [-71.744812, 8.386729], [-71.74047599999983, 8.398441000000105], [-71.740628, 8.412165000000186], [-71.738353, 8.41596], [-71.727051, 8.428262000000132], [-71.720791, 8.428203], [-71.710323, 8.435879000000114]]]}}, {"type": "Feature", "properties": {"parroquia": "Caño el Tigre", "municipio": "Zea", "estado": "Mérida", "pcode": "VE142302", "estado_pcode": "VE14", "municipio_pcode": "VE1423", "center_lat": 8.48829822, "center_lon": -71.76190743, "area_sqkm": 33.86469005}, "geometry": {"type": "Polygon", "coordinates": [[[-71.746883, 8.493223000000114], [-71.750105, 8.496078000000125], [-71.749537, 8.500023], [-71.752805, 8.501827], [-71.75261199999989, 8.506671], [-71.754754, 8.507012], [-71.7517739999999, 8.513629], [-71.7548, 8.514788], [-71.756157, 8.512894], [-71.75868799999989, 8.51454600000011], [-71.758205, 8.519979], [-71.7606899999999, 8.520510000000115], [-71.761361, 8.518236000000115], [-71.7639779999999, 8.520187], [-71.765493, 8.530692], [-71.769916, 8.533617000000163], [-71.767529, 8.535055000000114], [-71.77018099999987, 8.537533000000167], [-71.764808, 8.540328000000102], [-71.765289, 8.542739], [-71.77119, 8.54349900000011], [-71.775584, 8.548734], [-71.777537, 8.541536], [-71.772168, 8.519904], [-71.776772, 8.513125000000173], [-71.78462602799993, 8.513745199000027], [-71.7751012789999, 8.492664525], [-71.77429111099985, 8.46744699300001], [-71.78128730999998, 8.450700596000047], [-71.79908893099986, 8.432403120000117], [-71.79863477399994, 8.427651259000129], [-71.753816, 8.437524000000167], [-71.750873, 8.446440000000166], [-71.752466, 8.453812000000141], [-71.749609, 8.455701], [-71.74390399999987, 8.473162000000116], [-71.74639399999984, 8.48468], [-71.749403, 8.487649], [-71.746883, 8.493223000000114]]]}}, {"type": "Feature", "properties": {"parroquia": "Capital Tulio Febres Cordero", "municipio": "Tulio Febres Cordero", "estado": "Mérida", "pcode": "VE142201", "estado_pcode": "VE14", "municipio_pcode": "VE1422", "center_lat": 9.0997045, "center_lon": -71.07485398, "area_sqkm": 57.85043341}, "geometry": {"type": "Polygon", "coordinates": [[[-71.10222351999988, 9.151768216999983], [-71.12126515299997, 9.152060570000117], [-71.12665238999983, 9.15492160500014], [-71.13266721799994, 9.151088927000103], [-71.13195799999988, 9.14717700000017], [-71.129285, 9.147665], [-71.130889, 9.141776], [-71.128207, 9.14164200000016], [-71.126268, 9.137676000000113], [-71.128849, 9.137101000000143], [-71.126297, 9.133856], [-71.128188, 9.129294], [-71.114885, 9.118230000000153], [-71.115408, 9.111825], [-71.098703, 9.100192000000163], [-71.11185180799993, 9.082557478000183], [-71.09820867999997, 9.058580591000066], [-71.09816888999995, 9.053140097000039], [-71.09713610999995, 9.052564086000075], [-71.08056199999987, 9.058832], [-71.052467, 9.058176], [-71.039271, 9.04439], [-71.038269, 9.055698], [-71.04241, 9.066998000000126], [-71.05027499999989, 9.068950000000143], [-71.056891, 9.075543000000152], [-71.057665, 9.09361], [-71.0469002989999, 9.10353888200018], [-71.07162089299993, 9.114394996000101], [-71.07910325399996, 9.123963170000025], [-71.07938132899994, 9.13421839800003], [-71.08331353799997, 9.141953558000182], [-71.08938482099995, 9.149190684000189], [-71.10222351999988, 9.151768216999983]]]}}, {"type": "Feature", "properties": {"parroquia": "Presidente Betancourt", "municipio": "Alberto Adriani", "estado": "Mérida", "pcode": "VE140101", "estado_pcode": "VE14", "municipio_pcode": "VE1401", "center_lat": 8.6579895, "center_lon": -71.68329907, "area_sqkm": 63.46678671}, "geometry": {"type": "Polygon", "coordinates": [[[-71.639459, 8.643304000000114], [-71.64269899999988, 8.660064], [-71.645917, 8.664583], [-71.675217, 8.68370700000014], [-71.67542999999989, 8.687733], [-71.671048, 8.690403000000117], [-71.671986, 8.69507300000015], [-71.677364, 8.699738000000139], [-71.672676, 8.703795], [-71.67335474099997, 8.705722790000095], [-71.70167828399991, 8.677314888000069], [-71.79234675699996, 8.676653084], [-71.783731, 8.663919000000135], [-71.768178, 8.663671], [-71.754837, 8.658811], [-71.7424089999999, 8.665056], [-71.730733, 8.667244], [-71.72932199999985, 8.657268000000158], [-71.72556799999984, 8.661011], [-71.719888, 8.650006], [-71.709886, 8.646894000000145], [-71.703364, 8.640959], [-71.701945, 8.635071000000153], [-71.694806, 8.626833], [-71.685697, 8.626722000000143], [-71.680148, 8.620772000000102], [-71.664124, 8.621002], [-71.65798299999989, 8.616145], [-71.644737, 8.616957], [-71.63432499999988, 8.610593], [-71.6324, 8.610894], [-71.641735, 8.640951], [-71.639459, 8.643304000000114]]]}}, {"type": "Feature", "properties": {"parroquia": "Presidente Páez", "municipio": "Alberto Adriani", "estado": "Mérida", "pcode": "VE140102", "estado_pcode": "VE14", "municipio_pcode": "VE1401", "center_lat": 8.59431969, "center_lon": -71.7948574, "area_sqkm": 209.06503755}, "geometry": {"type": "Polygon", "coordinates": [[[-71.63432499999988, 8.610593], [-71.644737, 8.616957], [-71.65798299999989, 8.616145], [-71.664124, 8.621002], [-71.680148, 8.620772000000102], [-71.685697, 8.626722000000143], [-71.694806, 8.626833], [-71.701945, 8.635071000000153], [-71.703364, 8.640959], [-71.709886, 8.646894000000145], [-71.719888, 8.650006], [-71.72556799999984, 8.661011], [-71.72932199999985, 8.657268000000158], [-71.730733, 8.667244], [-71.7424089999999, 8.665056], [-71.754837, 8.658811], [-71.768178, 8.663671], [-71.783731, 8.663919000000135], [-71.79234675699996, 8.676653084], [-71.8651079199999, 8.676121986000112], [-71.86937008099994, 8.673216899000181], [-71.8725181719999, 8.665597715000047], [-71.88887777399992, 8.65516240400018], [-71.89032680199995, 8.649329269000077], [-71.90857450399994, 8.642625030000033], [-71.91505770999999, 8.632341774999986], [-71.9099365159999, 8.633942836000017], [-71.90492428099998, 8.628801749], [-71.89661892899989, 8.625337726], [-71.88952960399996, 8.617691600000114], [-71.88938157399997, 8.613519508000081], [-71.88439837099986, 8.61502756300007], [-71.86488153199991, 8.60608148200015], [-71.85858927199996, 8.60567250400004], [-71.84912886199993, 8.599236421000171], [-71.8418485649999, 8.599775467000029], [-71.83805737699993, 8.593844364000176], [-71.82332974599996, 8.588113320000105], [-71.82244367099992, 8.580966162999971], [-71.81933954899995, 8.580234172000075], [-71.81542333099992, 8.570014970999978], [-71.81144217199994, 8.569380981000108], [-71.80860802699993, 8.564588894], [-71.80063355399994, 8.537249344000145], [-71.79650937499991, 8.536112344], [-71.78904602899996, 8.527502201], [-71.78401377999995, 8.519195044000014], [-71.78462602799993, 8.513745199000027], [-71.776772, 8.513125000000173], [-71.772168, 8.519904], [-71.777537, 8.541536], [-71.775584, 8.548734], [-71.771743, 8.553066000000172], [-71.76697599999989, 8.583959], [-71.752074, 8.593909000000167], [-71.732022, 8.597217000000171], [-71.704947, 8.595756], [-71.694278, 8.592762000000107], [-71.687445, 8.599047], [-71.662537, 8.611826], [-71.63432499999988, 8.610593]]]}}, {"type": "Feature", "properties": {"parroquia": "José Nucete Sardi", "municipio": "Alberto Adriani", "estado": "Mérida", "pcode": "VE140106", "estado_pcode": "VE14", "municipio_pcode": "VE1401", "center_lat": 8.6869255, "center_lon": -71.65305122, "area_sqkm": 30.11100119}, "geometry": {"type": "Polygon", "coordinates": [[[-71.629563, 8.6450430000001], [-71.61486, 8.660047], [-71.618965, 8.663882000000115], [-71.619162, 8.673675000000173], [-71.6287099999999, 8.680091], [-71.634756, 8.699715], [-71.640087, 8.705705], [-71.639518, 8.717243], [-71.64313721699989, 8.7304191180001], [-71.67335474099997, 8.705722790000095], [-71.672676, 8.703795], [-71.677364, 8.699738000000139], [-71.671986, 8.69507300000015], [-71.671048, 8.690403000000117], [-71.67542999999989, 8.687733], [-71.675217, 8.68370700000014], [-71.645917, 8.664583], [-71.64269899999988, 8.660064], [-71.639459, 8.643304000000114], [-71.629563, 8.6450430000001]]]}}, {"type": "Feature", "properties": {"parroquia": "Eloy Paredes", "municipio": "Obispo Ramos de Lora", "estado": "Mérida", "pcode": "VE141402", "estado_pcode": "VE14", "municipio_pcode": "VE1414", "center_lat": 8.773863, "center_lon": -71.53760694, "area_sqkm": 96.98043711}, "geometry": {"type": "Polygon", "coordinates": [[[-71.485901, 8.761249000000134], [-71.484717, 8.78607], [-71.490479, 8.808153000000175], [-71.487771, 8.827012], [-71.495487, 8.832711000000131], [-71.49765, 8.837557000000174], [-71.50540018799995, 8.84068596600008], [-71.53632452099998, 8.817701809000027], [-71.59724548599985, 8.767925750000131], [-71.590458, 8.745437000000152], [-71.585433, 8.744482000000176], [-71.573417, 8.750909], [-71.560977, 8.74614], [-71.545644, 8.744511000000102], [-71.536933, 8.73566000000011], [-71.52985699999982, 8.721433], [-71.51103599999988, 8.709658], [-71.507394, 8.722087000000101], [-71.490115, 8.747294000000124], [-71.485901, 8.761249000000134]]]}}, {"type": "Feature", "properties": {"parroquia": "San Rafael de Alcázar", "municipio": "Obispo Ramos de Lora", "estado": "Mérida", "pcode": "VE141403", "estado_pcode": "VE14", "municipio_pcode": "VE1414", "center_lat": 8.851177, "center_lon": -71.36919484, "area_sqkm": 76.65222145}, "geometry": {"type": "Polygon", "coordinates": [[[-71.35095053899994, 8.915727628000184], [-71.36390583999992, 8.924726143000157], [-71.37089319799986, 8.93687337300014], [-71.37779308799992, 8.939026546000036], [-71.41836109999991, 8.905547334000175], [-71.408919, 8.881756], [-71.39637899999985, 8.873276], [-71.394712, 8.867243], [-71.386601, 8.858800000000144], [-71.383412, 8.850088000000142], [-71.38533599999982, 8.843413000000112], [-71.379003, 8.83022300000016], [-71.370703, 8.824806000000137], [-71.371223, 8.821611000000132], [-71.362472, 8.809874], [-71.355882, 8.803944000000115], [-71.35189899999989, 8.80403900000016], [-71.320756, 8.771085], [-71.31270299999989, 8.76391], [-71.301506, 8.766930000000173], [-71.288814, 8.764426000000128], [-71.300937, 8.776956000000155], [-71.310151, 8.781056], [-71.328673, 8.79662100000013], [-71.331787, 8.807097], [-71.33832499999988, 8.816428], [-71.331933, 8.83417], [-71.33506299999982, 8.839713], [-71.34648599999986, 8.84644], [-71.353044, 8.844549000000143], [-71.357405, 8.872569], [-71.354421, 8.885772], [-71.359428, 8.894478], [-71.35095053899994, 8.915727628000184]]]}}]}