{"type": "FeatureCollection", "features": [{"type": "Feature", "properties": {"parroquia": "Caucagua", "municipio": "Acevedo", "estado": "Miranda", "pcode": "VE150101", "estado_pcode": "VE15", "municipio_pcode": "VE1501", "center_lat": 10.3147815, "center_lon": -66.40274091, "area_sqkm": 237.21523813}, "geometry": {"type": "Polygon", "coordinates": [[[-66.477706, 10.384953000000166], [-66.47568299999983, 10.385520000000156], [-66.477329, 10.380383], [-66.471835, 10.367456000000175], [-66.474596, 10.354548], [-66.48667, 10.336753000000158], [-66.48349, 10.334397], [-66.491832, 10.324397], [-66.517191, 10.316833], [-66.518848, 10.311449], [-66.514234, 10.305789], [-66.494521, 10.307143000000167], [-66.484479, 10.31242200000014], [-66.469803, 10.31118], [-66.4657739999999, 10.307318], [-66.45324399999987, 10.303916000000129], [-66.451224, 10.29689], [-66.439435, 10.292057], [-66.428736, 10.269785000000184], [-66.421526, 10.267918], [-66.418905, 10.263327000000174], [-66.417341, 10.25819], [-66.424605, 10.23729800000018], [-66.422249, 10.235193], [-66.41304, 10.23619600000012], [-66.401731, 10.227055000000178], [-66.393442, 10.230888], [-66.392033, 10.22299], [-66.38677399999989, 10.220734000000107], [-66.386267, 10.225105], [-66.37906299999986, 10.225912000000108], [-66.37501899999984, 10.225519], [-66.37673399999989, 10.222598000000175], [-66.372051, 10.221481], [-66.372339, 10.226206000000104], [-66.369141, 10.227842000000123], [-66.3677459999999, 10.226281], [-66.363473, 10.230277000000115], [-66.362969, 10.21814], [-66.360963, 10.217507000000126], [-66.36105, 10.221362], [-66.358165, 10.219481], [-66.360096, 10.211437], [-66.35627999999986, 10.215012000000115], [-66.347943, 10.209064000000183], [-66.349794, 10.237685], [-66.353165, 10.240488], [-66.35113, 10.244642000000113], [-66.3573669999999, 10.251067], [-66.353032, 10.25713300000018], [-66.353133, 10.26105], [-66.359617, 10.262917000000186], [-66.3650669999999, 10.271500000000174], [-66.372533, 10.300767000000178], [-66.370211, 10.30425], [-66.3634919999999, 10.310987], [-66.359638, 10.311068], [-66.348821, 10.303687], [-66.337365, 10.302679000000126], [-66.33312199999989, 10.292384], [-66.3282119999999, 10.291451000000166], [-66.323979, 10.294189000000188], [-66.319814, 10.288983], [-66.314182, 10.289047], [-66.274078, 10.32731100000018], [-66.290752, 10.326579], [-66.297914, 10.321967000000143], [-66.30202, 10.332784], [-66.308157, 10.337505], [-66.312778, 10.336031000000105], [-66.320345, 10.33958900000016], [-66.327162, 10.347189000000128], [-66.3276719999999, 10.351436], [-66.341212, 10.362735000000157], [-66.345392, 10.375267], [-66.349983, 10.375999], [-66.364131, 10.388419], [-66.369127, 10.395618], [-66.3827, 10.395965], [-66.3877379999999, 10.399304], [-66.409004, 10.421163], [-66.412811, 10.410456000000124], [-66.405355, 10.405003000000136], [-66.405286, 10.397297], [-66.409066, 10.391914], [-66.422246, 10.389654], [-66.42324, 10.386818], [-66.4192599999999, 10.38154], [-66.431189, 10.370347], [-66.474878, 10.389925000000119], [-66.477706, 10.384953000000166]]]}}, {"type": "Feature", "properties": {"parroquia": "Araguita", "municipio": "Acevedo", "estado": "Miranda", "pcode": "VE150102", "estado_pcode": "VE15", "municipio_pcode": "VE1501", "center_lat": 10.163352, "center_lon": -66.45283445, "area_sqkm": 407.27934386}, "geometry": {"type": "Polygon", "coordinates": [[[-66.372051, 10.221481], [-66.37673399999989, 10.222598000000175], [-66.37501899999984, 10.225519], [-66.37906299999986, 10.225912000000108], [-66.386267, 10.225105], [-66.38677399999989, 10.220734000000107], [-66.392033, 10.22299], [-66.393442, 10.230888], [-66.401731, 10.227055000000178], [-66.41304, 10.23619600000012], [-66.422249, 10.235193], [-66.424605, 10.23729800000018], [-66.417341, 10.25819], [-66.418905, 10.263327000000174], [-66.421526, 10.267918], [-66.428736, 10.269785000000184], [-66.439435, 10.292057], [-66.451224, 10.29689], [-66.45324399999987, 10.303916000000129], [-66.4657739999999, 10.307318], [-66.469803, 10.31118], [-66.484479, 10.31242200000014], [-66.494521, 10.307143000000167], [-66.514234, 10.305789], [-66.51636999999982, 10.299735], [-66.522509, 10.294533], [-66.51766799999984, 10.289311000000168], [-66.513344, 10.278489], [-66.506501, 10.274941000000126], [-66.513931, 10.26477], [-66.510746, 10.258293], [-66.51154899999989, 10.2534], [-66.521345, 10.251391], [-66.52270899999985, 10.248899000000108], [-66.522385, 10.24493600000011], [-66.515788, 10.24033], [-66.51982, 10.235723], [-66.519871, 10.230429], [-66.51441299999982, 10.232371], [-66.512817, 10.229374], [-66.51308999999986, 10.209335], [-66.511065, 10.208852], [-66.511981, 10.201619], [-66.50755, 10.193642000000125], [-66.508709, 10.183379], [-66.506227, 10.177330000000154], [-66.508456, 10.171367], [-66.50572099999988, 10.161422000000186], [-66.515112, 10.144649], [-66.514941, 10.137886], [-66.522026, 10.126481000000183], [-66.52568, 10.105276000000174], [-66.53491899999989, 10.105701000000181], [-66.541686, 10.101018000000124], [-66.542295, 10.093513000000144], [-66.547548, 10.08442], [-66.56051899999983, 10.074621], [-66.56119899999987, 10.065327], [-66.554228, 10.05841], [-66.55802899999986, 10.052131000000145], [-66.553297, 10.048171], [-66.551635, 10.036906], [-66.53104699999989, 10.029728], [-66.526987, 10.023605], [-66.512491, 10.021702], [-66.48771768799992, 10.01316348], [-66.48543262899994, 10.019385654000075], [-66.47384812399997, 10.021984779999968], [-66.46278059099996, 10.013363619000131], [-66.44580784199991, 10.013212704000182], [-66.43412336599994, 10.018311903000097], [-66.4335403849999, 10.027764153000078], [-66.43110029999991, 10.030784245], [-66.40692327699992, 10.039485612000135], [-66.39704183399994, 10.037498611000103], [-66.38303852299998, 10.040065744000174], [-66.38756399999988, 10.058332000000178], [-66.40138599999989, 10.071922], [-66.398123, 10.074523000000113], [-66.40034, 10.078815000000134], [-66.39788, 10.081331], [-66.40517799999986, 10.092347000000132], [-66.405315, 10.106658], [-66.412648, 10.11435500000016], [-66.425357, 10.117591], [-66.42906, 10.129372000000103], [-66.419472, 10.13811], [-66.417396, 10.153567], [-66.399075, 10.163997], [-66.39521999999988, 10.177874], [-66.382933, 10.188156], [-66.3735769999999, 10.187494000000186], [-66.370913, 10.191194], [-66.375213, 10.203765000000146], [-66.372051, 10.221481]]]}}, {"type": "Feature", "properties": {"parroquia": "Arévalo González", "municipio": "Acevedo", "estado": "Miranda", "pcode": "VE150103", "estado_pcode": "VE15", "municipio_pcode": "VE1501", "center_lat": 10.265611, "center_lon": -66.20814749, "area_sqkm": 160.59967481}, "geometry": {"type": "Polygon", "coordinates": [[[-66.175738, 10.314037], [-66.18821999999983, 10.29603], [-66.229475, 10.294932], [-66.242314, 10.302323000000172], [-66.251688, 10.301140000000146], [-66.25473199999982, 10.311387000000138], [-66.268853, 10.320748], [-66.2729389999999, 10.320442], [-66.274078, 10.32731100000018], [-66.314182, 10.289047], [-66.3096829999999, 10.285587], [-66.30367399999989, 10.285384], [-66.303992, 10.279472], [-66.299872, 10.27644000000015], [-66.30043299999988, 10.273293], [-66.293365, 10.267777000000137], [-66.286866, 10.25726], [-66.243861, 10.232579], [-66.23914446099991, 10.220569719000139], [-66.235391, 10.223415000000102], [-66.229256, 10.221354], [-66.230407, 10.225078], [-66.224566, 10.225446], [-66.222164, 10.221858], [-66.218489, 10.222765000000152], [-66.218375, 10.218589000000122], [-66.215145, 10.215404], [-66.217346, 10.212408], [-66.208583, 10.209953], [-66.207149, 10.214498], [-66.205781, 10.211673], [-66.202144, 10.214876], [-66.19632, 10.212007000000142], [-66.196032, 10.218622], [-66.193372, 10.214808], [-66.18987, 10.21484], [-66.186075, 10.222613], [-66.181949, 10.222862], [-66.179613, 10.218974000000173], [-66.174031, 10.21672000000018], [-66.174768, 10.212072], [-66.172802, 10.215316], [-66.166388, 10.216129000000137], [-66.165789, 10.20773700000018], [-66.158421, 10.203928000000133], [-66.157774, 10.208414], [-66.15206599999982, 10.208458000000121], [-66.149805, 10.214989000000116], [-66.151635, 10.219161], [-66.146557, 10.22514000000018], [-66.139508, 10.225320000000124], [-66.1360049999999, 10.228222], [-66.133188, 10.220369000000119], [-66.127557, 10.223762], [-66.12321199999985, 10.220387000000187], [-66.119162, 10.226809], [-66.122019, 10.228532], [-66.117441, 10.230967], [-66.121501, 10.233842], [-66.119422, 10.238764000000174], [-66.115569, 10.238709], [-66.10914, 10.244341], [-66.105246, 10.241716000000167], [-66.10196899999988, 10.245043000000123], [-66.175738, 10.314037]]]}}, {"type": "Feature", "properties": {"parroquia": "Capaya", "municipio": "Acevedo", "estado": "Miranda", "pcode": "VE150104", "estado_pcode": "VE15", "municipio_pcode": "VE1501", "center_lat": 10.456559, "center_lon": -66.29887811, "area_sqkm": 176.23084984}, "geometry": {"type": "Polygon", "coordinates": [[[-66.33021269199998, 10.523159960000157], [-66.33522893299988, 10.526169014000061], [-66.3467525509999, 10.525569033000068], [-66.359414, 10.516471], [-66.36205, 10.507448], [-66.350977, 10.488373], [-66.352131, 10.484267000000159], [-66.347193, 10.479946], [-66.346976, 10.47531800000013], [-66.35015799999985, 10.475319000000184], [-66.355101, 10.470581], [-66.357136, 10.463426], [-66.362799, 10.461774], [-66.365134, 10.455475], [-66.374909, 10.455042], [-66.379132, 10.44981300000012], [-66.40035099999989, 10.446212], [-66.412152, 10.439070000000129], [-66.409004, 10.421163], [-66.3877379999999, 10.399304], [-66.3827, 10.395965], [-66.369127, 10.395618], [-66.364131, 10.388419], [-66.356224, 10.391411000000176], [-66.3263869999999, 10.394894], [-66.314862, 10.402111000000161], [-66.288269, 10.407493000000102], [-66.287874, 10.412593], [-66.283033, 10.414599], [-66.281626, 10.424008000000185], [-66.278518, 10.427307000000155], [-66.270168, 10.428012], [-66.267634, 10.423892], [-66.26289899999983, 10.428693], [-66.259741, 10.423416], [-66.249671, 10.419249], [-66.24853899999988, 10.414916], [-66.245683, 10.418118000000106], [-66.23795299999989, 10.41559800000016], [-66.2355419999999, 10.418148], [-66.232098, 10.416615], [-66.228848, 10.418679000000168], [-66.224349, 10.418429], [-66.21775899999989, 10.413225], [-66.210147, 10.415036], [-66.20938999999987, 10.412976], [-66.204498, 10.413801000000149], [-66.20247299999988, 10.410748000000126], [-66.202435, 10.43564600000019], [-66.33021269199998, 10.523159960000157]]]}}, {"type": "Feature", "properties": {"parroquia": "El Café", "municipio": "Acevedo", "estado": "Miranda", "pcode": "VE150105", "estado_pcode": "VE15", "municipio_pcode": "VE1501", "center_lat": 10.3622675, "center_lon": -66.28368436, "area_sqkm": 149.47379244}, "geometry": {"type": "Polygon", "coordinates": [[[-66.20938999999987, 10.412976], [-66.210147, 10.415036], [-66.21775899999989, 10.413225], [-66.224349, 10.418429], [-66.228848, 10.418679000000168], [-66.232098, 10.416615], [-66.2355419999999, 10.418148], [-66.23795299999989, 10.41559800000016], [-66.245683, 10.418118000000106], [-66.24853899999988, 10.414916], [-66.249671, 10.419249], [-66.259741, 10.423416], [-66.26289899999983, 10.428693], [-66.267634, 10.423892], [-66.270168, 10.428012], [-66.278518, 10.427307000000155], [-66.281626, 10.424008000000185], [-66.283033, 10.414599], [-66.287874, 10.412593], [-66.288269, 10.407493000000102], [-66.314862, 10.402111000000161], [-66.3263869999999, 10.394894], [-66.356224, 10.391411000000176], [-66.364131, 10.388419], [-66.349983, 10.375999], [-66.345392, 10.375267], [-66.341212, 10.362735000000157], [-66.3276719999999, 10.351436], [-66.327162, 10.347189000000128], [-66.320345, 10.33958900000016], [-66.312778, 10.336031000000105], [-66.308157, 10.337505], [-66.30202, 10.332784], [-66.297914, 10.321967000000143], [-66.290752, 10.326579], [-66.274078, 10.32731100000018], [-66.2729389999999, 10.320442], [-66.268853, 10.320748], [-66.25473199999982, 10.311387000000138], [-66.251688, 10.301140000000146], [-66.242314, 10.302323000000172], [-66.229475, 10.294932], [-66.18821999999983, 10.29603], [-66.175738, 10.314037], [-66.227882, 10.363322], [-66.23182899999983, 10.370857], [-66.22016, 10.406512000000134], [-66.20938999999987, 10.412976]]]}}, {"type": "Feature", "properties": {"parroquia": "Marizapa", "municipio": "Acevedo", "estado": "Miranda", "pcode": "VE150106", "estado_pcode": "VE15", "municipio_pcode": "VE1501", "center_lat": 10.277851, "center_lon": -66.33413504, "area_sqkm": 34.65177376}, "geometry": {"type": "Polygon", "coordinates": [[[-66.286866, 10.25726], [-66.293365, 10.267777000000137], [-66.30043299999988, 10.273293], [-66.299872, 10.27644000000015], [-66.303992, 10.279472], [-66.30367399999989, 10.285384], [-66.3096829999999, 10.285587], [-66.314182, 10.289047], [-66.319814, 10.288983], [-66.323979, 10.294189000000188], [-66.3282119999999, 10.291451000000166], [-66.33312199999989, 10.292384], [-66.337365, 10.302679000000126], [-66.348821, 10.303687], [-66.359638, 10.311068], [-66.3634919999999, 10.310987], [-66.370211, 10.30425], [-66.372533, 10.300767000000178], [-66.3650669999999, 10.271500000000174], [-66.359617, 10.262917000000186], [-66.353133, 10.26105], [-66.353032, 10.25713300000018], [-66.3573669999999, 10.251067], [-66.35113, 10.244642000000113], [-66.347384, 10.24798], [-66.33165899999983, 10.252381], [-66.327028, 10.261479], [-66.32008999999988, 10.258281000000125], [-66.31263699999988, 10.260310000000118], [-66.298816, 10.25594], [-66.286866, 10.25726]]]}}, {"type": "Feature", "properties": {"parroquia": "Panaquire", "municipio": "Acevedo", "estado": "Miranda", "pcode": "VE150107", "estado_pcode": "VE15", "municipio_pcode": "VE1501", "center_lat": 10.1591325, "center_lon": -66.16866376, "area_sqkm": 233.45341968}, "geometry": {"type": "Polygon", "coordinates": [[[-66.10201399799996, 10.243883], [-66.10196899999988, 10.245043000000123], [-66.105246, 10.241716000000167], [-66.10914, 10.244341], [-66.115569, 10.238709], [-66.119422, 10.238764000000174], [-66.121501, 10.233842], [-66.117441, 10.230967], [-66.122019, 10.228532], [-66.119162, 10.226809], [-66.12321199999985, 10.220387000000187], [-66.127557, 10.223762], [-66.133188, 10.220369000000119], [-66.1360049999999, 10.228222], [-66.139508, 10.225320000000124], [-66.146557, 10.22514000000018], [-66.151635, 10.219161], [-66.149805, 10.214989000000116], [-66.15206599999982, 10.208458000000121], [-66.157774, 10.208414], [-66.158421, 10.203928000000133], [-66.165789, 10.20773700000018], [-66.166388, 10.216129000000137], [-66.172802, 10.215316], [-66.174768, 10.212072], [-66.174031, 10.21672000000018], [-66.179613, 10.218974000000173], [-66.181949, 10.222862], [-66.186075, 10.222613], [-66.18987, 10.21484], [-66.193372, 10.214808], [-66.196032, 10.218622], [-66.19632, 10.212007000000142], [-66.202144, 10.214876], [-66.205781, 10.211673], [-66.207149, 10.214498], [-66.208583, 10.209953], [-66.217346, 10.212408], [-66.215145, 10.215404], [-66.218375, 10.218589000000122], [-66.218489, 10.222765000000152], [-66.222164, 10.221858], [-66.224566, 10.225446], [-66.230407, 10.225078], [-66.229256, 10.221354], [-66.235391, 10.223415000000102], [-66.23914446099991, 10.220569719000139], [-66.240987, 10.219446000000119], [-66.240763, 10.224178000000165], [-66.247302, 10.221066], [-66.250483, 10.226869], [-66.2512, 10.21678], [-66.258146, 10.220204], [-66.25644899999986, 10.213853000000142], [-66.26652399999989, 10.201295], [-66.25294499999984, 10.189436000000114], [-66.25061199999988, 10.171492], [-66.258687, 10.157863], [-66.212666, 10.155616000000123], [-66.209963, 10.146283], [-66.22148, 10.117548], [-66.213778, 10.114745], [-66.204614, 10.119798], [-66.201028, 10.116640000000189], [-66.188998, 10.1174], [-66.181589, 10.109956000000125], [-66.163685, 10.101199000000179], [-66.16044199999988, 10.093774], [-66.16239999999988, 10.082709], [-66.14544499999982, 10.074302000000102], [-66.122041, 10.089087], [-66.115567, 10.09855400000015], [-66.106565, 10.10219300000017], [-66.088203, 10.116391], [-66.08530599999983, 10.11813], [-66.078972, 10.116403000000105], [-66.071613, 10.126546], [-66.070266, 10.130231], [-66.073223, 10.137933], [-66.069673, 10.154147], [-66.07939899999985, 10.158374], [-66.072135, 10.171114], [-66.07231499999989, 10.180352], [-66.077008, 10.182748], [-66.075272, 10.189799000000107], [-66.06704, 10.200469000000112], [-66.069512, 10.204102000000148], [-66.10316, 10.214339], [-66.10201399799996, 10.243883]]]}}, {"type": "Feature", "properties": {"parroquia": "Ribas", "municipio": "Acevedo", "estado": "Miranda", "pcode": "VE150108", "estado_pcode": "VE15", "municipio_pcode": "VE1501", "center_lat": 10.1049785, "center_lon": -66.2873871, "area_sqkm": 655.3378966}, "geometry": {"type": "Polygon", "coordinates": [[[-66.286866, 10.25726], [-66.298816, 10.25594], [-66.31263699999988, 10.260310000000118], [-66.32008999999988, 10.258281000000125], [-66.327028, 10.261479], [-66.33165899999983, 10.252381], [-66.347384, 10.24798], [-66.35113, 10.244642000000113], [-66.353165, 10.240488], [-66.349794, 10.237685], [-66.347943, 10.209064000000183], [-66.35627999999986, 10.215012000000115], [-66.360096, 10.211437], [-66.358165, 10.219481], [-66.36105, 10.221362], [-66.360963, 10.217507000000126], [-66.362969, 10.21814], [-66.363473, 10.230277000000115], [-66.3677459999999, 10.226281], [-66.369141, 10.227842000000123], [-66.372339, 10.226206000000104], [-66.372051, 10.221481], [-66.375213, 10.203765000000146], [-66.370913, 10.191194], [-66.3735769999999, 10.187494000000186], [-66.382933, 10.188156], [-66.39521999999988, 10.177874], [-66.399075, 10.163997], [-66.417396, 10.153567], [-66.419472, 10.13811], [-66.42906, 10.129372000000103], [-66.425357, 10.117591], [-66.412648, 10.11435500000016], [-66.405315, 10.106658], [-66.40517799999986, 10.092347000000132], [-66.39788, 10.081331], [-66.40034, 10.078815000000134], [-66.398123, 10.074523000000113], [-66.40138599999989, 10.071922], [-66.38756399999988, 10.058332000000178], [-66.38303852299998, 10.040065744000174], [-66.37821201299988, 10.039034765], [-66.36437634499998, 10.027693536000186], [-66.35664200499997, 10.028099589000135], [-66.34655754499994, 10.024780562000046], [-66.33619601699996, 10.013635318000183], [-66.33790003299998, 10.001893006999978], [-66.3356649079999, 9.99867292700003], [-66.33149922799993, 9.998905278000166], [-66.32636752599996, 10.002790092000055], [-66.31581205999987, 10.00229014000007], [-66.31033576899989, 9.994502963000116], [-66.28661763499997, 9.977988650000043], [-66.28348649599997, 9.977827666000053], [-66.27633922499996, 9.985180899000113], [-66.26046551499991, 9.983116936000158], [-66.24444182499997, 9.987986145000036], [-66.23394625999987, 9.969260709000025], [-66.22423383699999, 9.969215767000037], [-66.22035961699987, 9.9605665630001], [-66.21103318199994, 9.95675451000011], [-66.20764700499996, 9.950970377000147], [-66.20043871599995, 9.956577567000124], [-66.1930203849999, 9.956378599000175], [-66.18959825299999, 9.960121720000188], [-66.18926522499999, 9.956381623000084], [-66.1786607169999, 9.949295491000157], [-66.16236926199991, 9.947616787000129], [-66.15768680299993, 9.952289680000149], [-66.15269168499998, 9.97068919000003], [-66.14801051199998, 9.976461377000021], [-66.14467336099995, 9.976576397000144], [-66.13295877099995, 9.963941122000165], [-66.12935662999996, 9.96561818400005], [-66.12568941199993, 9.956369967000171], [-66.11449992499996, 9.95690704000009], [-66.0992352259999, 9.952282998000157], [-66.09196092999997, 9.958485204000112], [-66.08769290299995, 9.971169145000033], [-66.096029, 9.997223], [-66.101278, 9.998535], [-66.105711, 9.995042], [-66.111931, 9.997816], [-66.119741, 9.994471], [-66.127866, 10.003223000000162], [-66.136262, 10.026717], [-66.132854, 10.041999], [-66.128899, 10.045713], [-66.154358, 10.060094000000106], [-66.15336, 10.064922], [-66.14823799999988, 10.068328000000179], [-66.14544499999982, 10.074302000000102], [-66.16239999999988, 10.082709], [-66.16044199999988, 10.093774], [-66.163685, 10.101199000000179], [-66.181589, 10.109956000000125], [-66.188998, 10.1174], [-66.201028, 10.116640000000189], [-66.204614, 10.119798], [-66.213778, 10.114745], [-66.22148, 10.117548], [-66.209963, 10.146283], [-66.212666, 10.155616000000123], [-66.258687, 10.157863], [-66.25061199999988, 10.171492], [-66.25294499999984, 10.189436000000114], [-66.26652399999989, 10.201295], [-66.25644899999986, 10.213853000000142], [-66.258146, 10.220204], [-66.2512, 10.21678], [-66.250483, 10.226869], [-66.247302, 10.221066], [-66.240763, 10.224178000000165], [-66.240987, 10.219446000000119], [-66.23914446099991, 10.220569719000139], [-66.243861, 10.232579], [-66.286866, 10.25726]]]}}, {"type": "Feature", "properties": {"parroquia": "San José de Barlovento", "municipio": "Andrés Bello", "estado": "Miranda", "pcode": "VE150201", "estado_pcode": "VE15", "municipio_pcode": "VE1502", "center_lat": 10.299954, "center_lon": -66.01361655, "area_sqkm": 102.30926799}, "geometry": {"type": "Polygon", "coordinates": [[[-66.07551699999982, 10.249665], [-66.074182, 10.24691], [-66.07136899999989, 10.249976], [-66.061134, 10.24869], [-66.049476, 10.25126100000017], [-66.05356, 10.219795], [-66.050112, 10.216290000000129], [-66.042981, 10.22268], [-66.038271, 10.221236], [-66.032555, 10.227431], [-66.023362, 10.227695], [-66.01983699999988, 10.231056], [-66.01363499999985, 10.231493], [-66.009213, 10.237526], [-66.00671, 10.237481], [-66.00634299999984, 10.244675], [-65.9983519999999, 10.250448], [-66.000354, 10.258532000000116], [-65.99588399999982, 10.263693000000103], [-65.995989, 10.271378], [-65.993257, 10.276228], [-65.995701, 10.278787], [-65.995881, 10.285233000000119], [-65.99405899999988, 10.290111000000138], [-65.983829, 10.295282], [-65.980111, 10.302601], [-65.993741, 10.330902], [-66.002441, 10.381814000000134], [-66.004014, 10.380354000000125], [-66.00941, 10.384292000000187], [-66.012344, 10.382255], [-66.010869, 10.379248], [-66.014647, 10.381511000000103], [-66.02424, 10.375756], [-66.023405, 10.37219000000016], [-66.027741, 10.37127900000013], [-66.024977, 10.370447000000183], [-66.02543, 10.368032], [-66.028649, 10.36823900000013], [-66.031776, 10.363446], [-66.038854, 10.365158000000122], [-66.036256, 10.361226], [-66.0392159999999, 10.357743000000141], [-66.03187499999984, 10.351975], [-66.037731, 10.35565400000013], [-66.037988, 10.349044000000163], [-66.047685, 10.351062000000127], [-66.050354, 10.344968], [-66.055607, 10.343425], [-66.05570299999988, 10.340304000000174], [-66.061313, 10.342861], [-66.06177699999984, 10.3379], [-66.067601, 10.334147], [-66.068291, 10.33051200000017], [-66.07369599999987, 10.3287830000001], [-66.065571, 10.31975], [-66.061753, 10.321943], [-66.060619, 10.317668], [-66.058263, 10.31834700000013], [-66.054613, 10.31346800000017], [-66.054381, 10.309019000000148], [-66.048667, 10.311723], [-66.05272, 10.308195000000183], [-66.052107, 10.306093000000146], [-66.044685, 10.300377], [-66.04211999999984, 10.295137000000125], [-66.04497, 10.293418], [-66.040194, 10.289153], [-66.04466199999985, 10.275221], [-66.048098, 10.272368], [-66.053734, 10.273774], [-66.05434, 10.269495000000177], [-66.057925, 10.270198], [-66.057384, 10.26674000000014], [-66.060792, 10.26806500000015], [-66.0663239999999, 10.262861000000157], [-66.071046, 10.262123], [-66.065972, 10.259630000000186], [-66.07551699999982, 10.249665]]]}}, {"type": "Feature", "properties": {"parroquia": "Cumbo", "municipio": "Andrés Bello", "estado": "Miranda", "pcode": "VE150202", "estado_pcode": "VE15", "municipio_pcode": "VE1502", "center_lat": 10.2290895, "center_lon": -66.07738792, "area_sqkm": 23.07041763}, "geometry": {"type": "Polygon", "coordinates": [[[-66.050112, 10.216290000000129], [-66.05356, 10.219795], [-66.049476, 10.25126100000017], [-66.061134, 10.24869], [-66.07136899999989, 10.249976], [-66.074182, 10.24691], [-66.07551699999982, 10.249665], [-66.081063, 10.24854], [-66.084924, 10.243224], [-66.08722099999983, 10.24617300000017], [-66.089665, 10.243748], [-66.10201399799996, 10.243883], [-66.10316, 10.214339], [-66.069512, 10.204102000000148], [-66.06357999999989, 10.213390000000174], [-66.05961699999989, 10.212228000000152], [-66.053345, 10.217222000000163], [-66.050112, 10.216290000000129]]]}}, {"type": "Feature", "properties": {"parroquia": "Nuestra Señora del Rosario de Baruta", "municipio": "Baruta", "estado": "Miranda", "pcode": "VE150301", "estado_pcode": "VE15", "municipio_pcode": "VE1503", "center_lat": 10.4157765, "center_lon": -66.87300327, "area_sqkm": 80.85138044}, "geometry": {"type": "Polygon", "coordinates": [[[-66.8689991839999, 10.487509870000054], [-66.88060989999985, 10.490568125999971], [-66.88003266699997, 10.487355804000117], [-66.88332379899998, 10.486494760000085], [-66.88155369699996, 10.482730665000133], [-66.88364976499992, 10.477763522000146], [-66.88096861299994, 10.472081389000095], [-66.89013818399997, 10.464512683], [-66.89571813399988, 10.451636758000063], [-66.89637606999997, 10.43562333400007], [-66.90009118499995, 10.427151087000084], [-66.89564094899998, 10.419718912000064], [-66.8957870139999, 10.411991096000122], [-66.891693, 10.404527], [-66.894616, 10.383008000000132], [-66.89575899999988, 10.372275000000116], [-66.883451, 10.363386], [-66.864901, 10.355886000000112], [-66.845375, 10.355226], [-66.824731, 10.341094000000169], [-66.81287599999985, 10.34590900000012], [-66.807764, 10.342141], [-66.802186, 10.342207], [-66.792408, 10.349299], [-66.771207, 10.347552000000178], [-66.767665, 10.351180000000113], [-66.764333, 10.367772], [-66.791408, 10.362735000000157], [-66.798421, 10.364401000000157], [-66.808798, 10.357418], [-66.8219979999999, 10.355538000000138], [-66.825971, 10.361433], [-66.834959, 10.36265], [-66.84056, 10.370594], [-66.833938, 10.379202], [-66.833569, 10.383793], [-66.835132, 10.385908], [-66.844626, 10.385702], [-66.850493, 10.394880000000114], [-66.84744499999988, 10.404488000000185], [-66.850098, 10.409628], [-66.848008, 10.413653000000181], [-66.851497, 10.416723000000161], [-66.847551, 10.421484], [-66.848469, 10.427354], [-66.84469199999984, 10.4335], [-66.84636199999989, 10.437143], [-66.841636, 10.448558], [-66.848486, 10.450921000000164], [-66.85243, 10.449168], [-66.853224, 10.443533000000116], [-66.854978, 10.445967], [-66.862466, 10.446682], [-66.86311299999988, 10.452817], [-66.87085999999988, 10.453756], [-66.855592, 10.478663], [-66.854094, 10.482148000000166], [-66.8689991839999, 10.487509870000054]]]}}, {"type": "Feature", "properties": {"parroquia": "El Cafetal", "municipio": "Baruta", "estado": "Miranda", "pcode": "VE150302", "estado_pcode": "VE15", "municipio_pcode": "VE1503", "center_lat": 10.4680275, "center_lon": -66.8394483, "area_sqkm": 8.48172546}, "geometry": {"type": "Polygon", "coordinates": [[[-66.855592, 10.478663], [-66.852261, 10.473087], [-66.854091, 10.469128], [-66.851477, 10.463374], [-66.854424, 10.46048], [-66.853037, 10.455998000000136], [-66.84690399999988, 10.45574500000015], [-66.83453399999985, 10.459262], [-66.82404799999989, 10.456697], [-66.821537, 10.451701], [-66.822136, 10.455201], [-66.818974, 10.45954], [-66.823174, 10.461921], [-66.827004, 10.468937], [-66.82820499999985, 10.477429], [-66.8439489999999, 10.483943000000181], [-66.854094, 10.482148000000166], [-66.855592, 10.478663]]]}}, {"type": "Feature", "properties": {"parroquia": "Las Minas de Baruta", "municipio": "Baruta", "estado": "Miranda", "pcode": "VE150303", "estado_pcode": "VE15", "municipio_pcode": "VE1503", "center_lat": 10.461111, "center_lon": -66.85937374, "area_sqkm": 4.36348258}, "geometry": {"type": "Polygon", "coordinates": [[[-66.84690399999988, 10.45574500000015], [-66.853037, 10.455998000000136], [-66.854424, 10.46048], [-66.851477, 10.463374], [-66.854091, 10.469128], [-66.852261, 10.473087], [-66.855592, 10.478663], [-66.87085999999988, 10.453756], [-66.86311299999988, 10.452817], [-66.862466, 10.446682], [-66.854978, 10.445967], [-66.853224, 10.443533000000116], [-66.85243, 10.449168], [-66.848486, 10.450921000000164], [-66.84690399999988, 10.45574500000015]]]}}, {"type": "Feature", "properties": {"parroquia": "Higuerote", "municipio": "Brión", "estado": "Miranda", "pcode": "VE150401", "estado_pcode": "VE15", "municipio_pcode": "VE1504", "center_lat": 10.51453792, "center_lon": -66.13651373, "area_sqkm": 353.73439132}, "geometry": {"type": "Polygon", "coordinates": [[[-65.99009898999998, 10.390665257000023], [-66.0512678099999, 10.430602059000023], [-66.09050678199998, 10.469835894000028], [-66.0966031179999, 10.48078415800012], [-66.09723017499994, 10.48626130100007], [-66.09444406699998, 10.489995424000028], [-66.09651417299995, 10.491925458000026], [-66.09576712799986, 10.489551399000163], [-66.09899425699996, 10.48784133200013], [-66.10381549099992, 10.490194367000072], [-66.11300899199995, 10.507213781000132], [-66.11510419699994, 10.526275282000142], [-66.11248710699994, 10.531178431000058], [-66.10723587499996, 10.5311954660001], [-66.11041903099988, 10.53253648700013], [-66.11025303999992, 10.535224562000053], [-66.11238112099994, 10.534220520000133], [-66.11196411599991, 10.536090568000134], [-66.11488722999991, 10.533551488000171], [-66.11301717999999, 10.538115625000103], [-66.11947044099998, 10.534053470000174], [-66.11794532499994, 10.525844256000028], [-66.12012635899998, 10.51656398900019], [-66.11705321699998, 10.515443983000068], [-66.12017135599996, 10.514723945000185], [-66.11683915499998, 10.505937724000148], [-66.11600416199997, 10.513294925000025], [-66.11583212199997, 10.506831760000068], [-66.11265595099997, 10.50282466100009], [-66.11574310199995, 10.505325711000069], [-66.11488503599992, 10.500346580000098], [-66.11181190399992, 10.500843616], [-66.11461901699994, 10.499601563], [-66.11708216799991, 10.50566371800005], [-66.11640410399991, 10.499659556000097], [-66.11113481999996, 10.492552389000139], [-66.11106084399995, 10.49526146400018], [-66.10918476299997, 10.495799492000117], [-66.10758567699992, 10.493281429000035], [-66.10938076999997, 10.495679488000121], [-66.11080382499995, 10.494721450999975], [-66.10863770599985, 10.490349345000084], [-66.10648761399995, 10.49068636700008], [-66.10708765199996, 10.49262542200006], [-66.10628660299983, 10.490578368000115], [-66.10820767899997, 10.489751329000171], [-66.11067880299998, 10.49222738400016], [-66.10912871099998, 10.487989280000136], [-66.1115068169999, 10.488681284], [-66.11797716499996, 10.498636514], [-66.11874823799991, 10.504825683000092], [-66.12169435699997, 10.503182620000132], [-66.12580254399995, 10.504970645000185], [-66.11805622499992, 10.507706762000169], [-66.12084634899998, 10.509396798000182], [-66.12035934199997, 10.512005869000177], [-66.12308244299999, 10.508159749000072], [-66.12566458799984, 10.513151866000044], [-66.12503457399993, 10.515627939000183], [-66.12320346399986, 10.509981794999987], [-66.12086437399995, 10.511886867999976], [-66.12072841699995, 10.520046082000079], [-66.12466161199995, 10.524237179000181], [-66.12696166899997, 10.516836961000024], [-66.12556267999992, 10.530018327000164], [-66.12218253699996, 10.531102374000056], [-66.12370462699994, 10.533655441000178], [-66.12112249899997, 10.531521399000155], [-66.11985546199998, 10.535006495000061], [-66.12569073399993, 10.53718252200008], [-66.12365665899995, 10.541080634000025], [-66.11891845399998, 10.54104766800009], [-66.11792439999994, 10.53894961300017], [-66.11508528399997, 10.541698710000162], [-66.11646938299992, 10.54619482000004], [-66.1091430379999, 10.543381784000132], [-66.10651893899995, 10.546900897000114], [-66.10603486999997, 10.53850267200005], [-66.10371579799994, 10.543906836000076], [-66.1031037269999, 10.537008642000046], [-66.10008458199997, 10.534143585000038], [-66.10176265299998, 10.532854544000088], [-66.10366074399997, 10.534864589000051], [-66.09921752199989, 10.52994548099997], [-66.09414333199999, 10.536340681000127], [-66.10125767199992, 10.541768784000112], [-66.09833357399992, 10.545802916000127], [-66.09518140099988, 10.540452790000074], [-66.09200029099992, 10.54517293400005], [-66.09259126099988, 10.535272662000125], [-66.08892909599996, 10.535322681000082], [-66.0795747379999, 10.545354004000103], [-66.07171138799998, 10.545244050000065], [-66.06035191799998, 10.551561287000027], [-66.05439073899993, 10.565362694000044], [-66.04672142299995, 10.569353845000137], [-66.04925060099998, 10.580162131], [-66.05410681199999, 10.580134101], [-66.05599692599998, 10.58478422200011], [-66.06279525199989, 10.588098265000099], [-66.06149814199995, 10.579473046000146], [-66.06868243399998, 10.575580888000161], [-66.07597776099993, 10.576364876000184], [-66.10420509599999, 10.590751097000066], [-66.11703766999995, 10.592184062000058], [-66.12993030299998, 10.601274234000073], [-66.13625956099992, 10.599022135000155], [-66.16993211799996, 10.610362249000161], [-66.1732582599999, 10.608338183000058], [-66.19371322999996, 10.62038338800005], [-66.2187154529999, 10.63983377400018], [-66.23589427299993, 10.648946920000128], [-66.25841727099998, 10.649856807], [-66.29928301899997, 10.640867334000063], [-66.31432557899996, 10.621982723000087], [-66.31353051799994, 10.618925644000058], [-66.30982233099996, 10.615222566000057], [-66.31270133099997, 10.59220592700018], [-66.30947916199989, 10.588720857000112], [-66.30966614199991, 10.583945719000099], [-66.31497027999995, 10.567852262000144], [-66.31979547199995, 10.563627115999964], [-66.32189347799988, 10.548499689000039], [-66.31627118499995, 10.542273559000023], [-66.31378601299991, 10.531986298000163], [-66.33021269199998, 10.523159960000157], [-66.2993029999999, 10.528537], [-66.298751, 10.531485], [-66.29347699999988, 10.532663], [-66.290557, 10.537665000000175], [-66.278759, 10.531587000000172], [-66.272754, 10.53498], [-66.271639, 10.545285], [-66.261992, 10.551486000000125], [-66.256916, 10.546414], [-66.22820799999988, 10.5437], [-66.224591, 10.53603500000014], [-66.2195109999999, 10.532432], [-66.21206099999989, 10.53235500000011], [-66.205313, 10.542189], [-66.17939699999988, 10.545529], [-66.128864, 10.49642200000011], [-66.152276, 10.431589], [-66.103274, 10.401337], [-66.095238, 10.392984], [-66.083918, 10.391635], [-66.079209, 10.395538], [-66.076939, 10.406867], [-66.021313, 10.381453], [-66.014647, 10.381511000000103], [-66.010869, 10.379248], [-66.012344, 10.382255], [-66.00941, 10.384292000000187], [-66.004014, 10.380354000000125], [-66.002441, 10.381814000000134], [-65.99117799999982, 10.387554], [-65.99009898999998, 10.390665257000023]]]}}, {"type": "Feature", "properties": {"parroquia": "Curiepe", "municipio": "Brión", "estado": "Miranda", "pcode": "VE150402", "estado_pcode": "VE15", "municipio_pcode": "VE1504", "center_lat": 10.466034, "center_lon": -66.19334218, "area_sqkm": 171.47318547}, "geometry": {"type": "Polygon", "coordinates": [[[-66.152276, 10.431589], [-66.128864, 10.49642200000011], [-66.17939699999988, 10.545529], [-66.205313, 10.542189], [-66.21206099999989, 10.53235500000011], [-66.2195109999999, 10.532432], [-66.224591, 10.53603500000014], [-66.22820799999988, 10.5437], [-66.256916, 10.546414], [-66.261992, 10.551486000000125], [-66.271639, 10.545285], [-66.272754, 10.53498], [-66.278759, 10.531587000000172], [-66.290557, 10.537665000000175], [-66.29347699999988, 10.532663], [-66.298751, 10.531485], [-66.2993029999999, 10.528537], [-66.33021269199998, 10.523159960000157], [-66.202435, 10.43564600000019], [-66.20247299999988, 10.410748000000126], [-66.152276, 10.431589]]]}}, {"type": "Feature", "properties": {"parroquia": "Tacarigua", "municipio": "Brión", "estado": "Miranda", "pcode": "VE150403", "estado_pcode": "VE15", "municipio_pcode": "VE1504", "center_lat": 10.4012455, "center_lon": -66.16266717, "area_sqkm": 51.15465118}, "geometry": {"type": "Polygon", "coordinates": [[[-66.20247299999988, 10.410748000000126], [-66.204498, 10.413801000000149], [-66.20938999999987, 10.412976], [-66.22016, 10.406512000000134], [-66.23182899999983, 10.370857], [-66.132739, 10.387125], [-66.12898, 10.38272400000011], [-66.123023, 10.387480000000153], [-66.117274, 10.388012000000117], [-66.118748, 10.389036], [-66.11554, 10.390936000000124], [-66.114395, 10.395592], [-66.116749, 10.395726000000138], [-66.117153, 10.400602000000163], [-66.103274, 10.401337], [-66.152276, 10.431589], [-66.20247299999988, 10.410748000000126]]]}}, {"type": "Feature", "properties": {"parroquia": "Mamporal", "municipio": "Buroz", "estado": "Miranda", "pcode": "VE150501", "estado_pcode": "VE15", "municipio_pcode": "VE1505", "center_lat": 10.324891, "center_lon": -66.1290968, "area_sqkm": 217.35806547}, "geometry": {"type": "Polygon", "coordinates": [[[-66.014647, 10.381511000000103], [-66.021313, 10.381453], [-66.076939, 10.406867], [-66.079209, 10.395538], [-66.083918, 10.391635], [-66.095238, 10.392984], [-66.103274, 10.401337], [-66.117153, 10.400602000000163], [-66.116749, 10.395726000000138], [-66.114395, 10.395592], [-66.11554, 10.390936000000124], [-66.118748, 10.389036], [-66.117274, 10.388012000000117], [-66.123023, 10.387480000000153], [-66.12898, 10.38272400000011], [-66.132739, 10.387125], [-66.23182899999983, 10.370857], [-66.227882, 10.363322], [-66.175738, 10.314037], [-66.10196899999988, 10.245043000000123], [-66.10201399799996, 10.243883], [-66.089665, 10.243748], [-66.08722099999983, 10.24617300000017], [-66.084924, 10.243224], [-66.081063, 10.24854], [-66.07551699999982, 10.249665], [-66.065972, 10.259630000000186], [-66.071046, 10.262123], [-66.0663239999999, 10.262861000000157], [-66.060792, 10.26806500000015], [-66.057384, 10.26674000000014], [-66.057925, 10.270198], [-66.05434, 10.269495000000177], [-66.053734, 10.273774], [-66.048098, 10.272368], [-66.04466199999985, 10.275221], [-66.040194, 10.289153], [-66.04497, 10.293418], [-66.04211999999984, 10.295137000000125], [-66.044685, 10.300377], [-66.052107, 10.306093000000146], [-66.05272, 10.308195000000183], [-66.048667, 10.311723], [-66.054381, 10.309019000000148], [-66.054613, 10.31346800000017], [-66.058263, 10.31834700000013], [-66.060619, 10.317668], [-66.061753, 10.321943], [-66.065571, 10.31975], [-66.07369599999987, 10.3287830000001], [-66.068291, 10.33051200000017], [-66.067601, 10.334147], [-66.06177699999984, 10.3379], [-66.061313, 10.342861], [-66.05570299999988, 10.340304000000174], [-66.055607, 10.343425], [-66.050354, 10.344968], [-66.047685, 10.351062000000127], [-66.037988, 10.349044000000163], [-66.037731, 10.35565400000013], [-66.03187499999984, 10.351975], [-66.0392159999999, 10.357743000000141], [-66.036256, 10.361226], [-66.038854, 10.365158000000122], [-66.031776, 10.363446], [-66.028649, 10.36823900000013], [-66.02543, 10.368032], [-66.024977, 10.370447000000183], [-66.027741, 10.37127900000013], [-66.023405, 10.37219000000016], [-66.02424, 10.375756], [-66.014647, 10.381511000000103]]]}}, {"type": "Feature", "properties": {"parroquia": "Carrizal", "municipio": "Carrizal", "estado": "Miranda", "pcode": "VE150601", "estado_pcode": "VE15", "municipio_pcode": "VE1506", "center_lat": 10.351463, "center_lon": -66.98373996, "area_sqkm": 31.10611708}, "geometry": {"type": "Polygon", "coordinates": [[[-66.95869299999987, 10.353247000000124], [-66.969129, 10.35306], [-66.970797, 10.356544], [-66.96722299999988, 10.357797000000176], [-66.970044, 10.360672], [-66.972969, 10.35916200000014], [-66.975404, 10.364517], [-66.983119, 10.359638], [-66.982821, 10.362259], [-66.98592499999984, 10.361560000000111], [-66.986462, 10.368662000000143], [-66.981243, 10.370942000000127], [-66.991475, 10.371222], [-66.989875, 10.379266000000143], [-66.99885326999998, 10.387412457000153], [-67.01619073899997, 10.383467357000029], [-67.01956, 10.380162], [-67.01787099999984, 10.373751], [-67.02266299999985, 10.361022], [-67.020676, 10.350626000000148], [-67.023312, 10.35011900000012], [-67.01953699999984, 10.348362], [-67.008911, 10.35169900000011], [-67.00929799999989, 10.3466820000001], [-67.012727, 10.345281], [-67.00854, 10.333157], [-67.01116499999989, 10.322027000000105], [-66.999164, 10.315312000000176], [-66.99882, 10.317598000000146], [-66.994541, 10.316445000000101], [-66.9913509999999, 10.319068], [-66.985759, 10.319042], [-66.985224, 10.322856000000172], [-66.9788999999999, 10.326059000000157], [-66.974173, 10.334435], [-66.968151, 10.33694], [-66.966166, 10.343847], [-66.95835099999988, 10.350307], [-66.95869299999987, 10.353247000000124]]]}}, {"type": "Feature", "properties": {"parroquia": "Chacao", "municipio": "Chacao", "estado": "Miranda", "pcode": "VE150701", "estado_pcode": "VE15", "municipio_pcode": "VE1507", "center_lat": 10.516405, "center_lon": -66.85111069, "area_sqkm": 19.34472955}, "geometry": {"type": "Polygon", "coordinates": [[[-66.86637184199998, 10.550780800000041], [-66.87270869199989, 10.546072414000037], [-66.87159157799994, 10.53551314300006], [-66.86134599799988, 10.512581590000082], [-66.86939326299995, 10.498276158000067], [-66.8689991839999, 10.487509870000054], [-66.854094, 10.482148000000166], [-66.8439489999999, 10.483943000000181], [-66.8429569999999, 10.496554], [-66.837932, 10.508171], [-66.837006, 10.523855], [-66.839758, 10.531161000000111], [-66.84624056999996, 10.538286096000036], [-66.85145272399996, 10.539149357000156], [-66.86637184199998, 10.550780800000041]]]}}, {"type": "Feature", "properties": {"parroquia": "Charallave", "municipio": "Cristóbal Rojas", "estado": "Miranda", "pcode": "VE150801", "estado_pcode": "VE15", "municipio_pcode": "VE1508", "center_lat": 10.2166085, "center_lon": -66.8499553, "area_sqkm": 89.3400889}, "geometry": {"type": "Polygon", "coordinates": [[[-66.898135, 10.236316000000102], [-66.888947, 10.225710000000106], [-66.891458, 10.217628], [-66.88326799999987, 10.206425000000138], [-66.884362, 10.19956], [-66.871068, 10.18698000000012], [-66.86914399999989, 10.18163], [-66.853734, 10.175939000000142], [-66.84494299999989, 10.16604400000017], [-66.845085, 10.162026], [-66.840874, 10.156042000000184], [-66.834433, 10.167386], [-66.829575, 10.169569000000138], [-66.827435, 10.173738000000128], [-66.823735, 10.190212], [-66.797242, 10.240702000000113], [-66.787586, 10.24463], [-66.775375, 10.244605], [-66.76773899999989, 10.254000000000133], [-66.75869499999988, 10.257761], [-66.75994999999989, 10.259001000000183], [-66.775838, 10.254115], [-66.80200599999989, 10.252938], [-66.818788, 10.261664], [-66.82785, 10.272011000000134], [-66.8378259999999, 10.277736000000118], [-66.847256, 10.270396000000119], [-66.85856699999988, 10.2507710000001], [-66.86444499999988, 10.253166], [-66.86655599999983, 10.265008], [-66.874881, 10.270222000000103], [-66.875836, 10.27341100000018], [-66.87851999999987, 10.273042], [-66.880964, 10.268429], [-66.88568199999986, 10.26643], [-66.889197, 10.268696000000148], [-66.890576, 10.266234], [-66.892989, 10.261401000000149], [-66.892006, 10.250657000000103], [-66.895868, 10.243108], [-66.895074, 10.237689], [-66.898135, 10.236316000000102]]]}}, {"type": "Feature", "properties": {"parroquia": "Las Brisas", "municipio": "Cristóbal Rojas", "estado": "Miranda", "pcode": "VE150802", "estado_pcode": "VE15", "municipio_pcode": "VE1508", "center_lat": 10.2951575, "center_lon": -66.83259861, "area_sqkm": 73.87812588}, "geometry": {"type": "Polygon", "coordinates": [[[-66.890576, 10.266234], [-66.889197, 10.268696000000148], [-66.88568199999986, 10.26643], [-66.880964, 10.268429], [-66.87851999999987, 10.273042], [-66.875836, 10.27341100000018], [-66.874881, 10.270222000000103], [-66.86655599999983, 10.265008], [-66.86444499999988, 10.253166], [-66.85856699999988, 10.2507710000001], [-66.847256, 10.270396000000119], [-66.8378259999999, 10.277736000000118], [-66.82785, 10.272011000000134], [-66.818788, 10.261664], [-66.80200599999989, 10.252938], [-66.775838, 10.254115], [-66.75994999999989, 10.259001000000183], [-66.792722, 10.292474], [-66.795454, 10.30324400000012], [-66.793302, 10.311480000000188], [-66.799683, 10.318698], [-66.812038, 10.322590000000162], [-66.81500599999987, 10.33177400000011], [-66.822305, 10.332159], [-66.824731, 10.341094000000169], [-66.829554, 10.339733], [-66.843101, 10.324462000000153], [-66.879336, 10.312638], [-66.886023, 10.313648000000171], [-66.890785, 10.31146600000011], [-66.887354, 10.299779000000171], [-66.87934399999983, 10.299413], [-66.871404, 10.296131000000116], [-66.87101, 10.293582], [-66.878214, 10.284099], [-66.888455, 10.281526000000156], [-66.894056, 10.270941000000107], [-66.890576, 10.266234]]]}}, {"type": "Feature", "properties": {"parroquia": "El Hatillo", "municipio": "El Hatillo", "estado": "Miranda", "pcode": "VE150901", "estado_pcode": "VE15", "municipio_pcode": "VE1509", "center_lat": 10.4073985, "center_lon": -66.79685734, "area_sqkm": 113.75448218}, "geometry": {"type": "Polygon", "coordinates": [[[-66.848486, 10.450921000000164], [-66.841636, 10.448558], [-66.84636199999989, 10.437143], [-66.84469199999984, 10.4335], [-66.848469, 10.427354], [-66.847551, 10.421484], [-66.851497, 10.416723000000161], [-66.848008, 10.413653000000181], [-66.850098, 10.409628], [-66.84744499999988, 10.404488000000185], [-66.850493, 10.394880000000114], [-66.844626, 10.385702], [-66.835132, 10.385908], [-66.833569, 10.383793], [-66.833938, 10.379202], [-66.84056, 10.370594], [-66.834959, 10.36265], [-66.825971, 10.361433], [-66.8219979999999, 10.355538000000138], [-66.808798, 10.357418], [-66.798421, 10.364401000000157], [-66.791408, 10.362735000000157], [-66.764333, 10.367772], [-66.757868, 10.370128], [-66.719691, 10.364339], [-66.712744, 10.366177], [-66.70667999999989, 10.379676000000131], [-66.70429599999989, 10.380947000000162], [-66.70287899999988, 10.379161000000181], [-66.695705, 10.38387100000017], [-66.70380199999988, 10.388768000000141], [-66.705005, 10.392388000000153], [-66.712606, 10.393513000000155], [-66.71888299999989, 10.399419], [-66.724607, 10.397013], [-66.735854, 10.405243], [-66.745665, 10.403790000000129], [-66.744626, 10.408611], [-66.747435, 10.4088670000001], [-66.746903, 10.412141000000133], [-66.75431699999984, 10.417169000000115], [-66.754714, 10.4222], [-66.759795, 10.424708], [-66.75873599999989, 10.42909], [-66.767556, 10.430854000000181], [-66.773086, 10.430918000000133], [-66.772867, 10.432730000000106], [-66.780867, 10.436235], [-66.782273, 10.441217000000165], [-66.77872199999985, 10.450229], [-66.7796919999999, 10.453784], [-66.787699, 10.456218], [-66.796396, 10.449793], [-66.806031, 10.45531], [-66.810776, 10.453318], [-66.816639, 10.455181], [-66.819245, 10.454126000000144], [-66.81895599999984, 10.450433], [-66.821537, 10.451701], [-66.82404799999989, 10.456697], [-66.83453399999985, 10.459262], [-66.84690399999988, 10.45574500000015], [-66.848486, 10.450921000000164]]]}}, {"type": "Feature", "properties": {"parroquia": "Los Teques", "municipio": "Bolivariano Guaicaipuro", "estado": "Miranda", "pcode": "VE151001", "estado_pcode": "VE15", "municipio_pcode": "VE1510", "center_lat": 10.3150015, "center_lon": -67.0552122, "area_sqkm": 118.20210316}, "geometry": {"type": "Polygon", "coordinates": [[[-66.999164, 10.315312000000176], [-67.01116499999989, 10.322027000000105], [-67.00854, 10.333157], [-67.012727, 10.345281], [-67.00929799999989, 10.3466820000001], [-67.008911, 10.35169900000011], [-67.01953699999984, 10.348362], [-67.023312, 10.35011900000012], [-67.020676, 10.350626000000148], [-67.02266299999985, 10.361022], [-67.01787099999984, 10.373751], [-67.01956, 10.380162], [-67.01619073899997, 10.383467357000029], [-67.02142927699998, 10.389452382000115], [-67.03180873899993, 10.391673376000028], [-67.04544930099996, 10.385855147000086], [-67.063026, 10.370200000000182], [-67.070176, 10.36666600000018], [-67.070553, 10.360291], [-67.078088, 10.35727900000012], [-67.083153, 10.344924000000162], [-67.093195, 10.33998], [-67.103025, 10.331329], [-67.106035, 10.323031], [-67.109937, 10.321841000000177], [-67.11241099999984, 10.312819000000104], [-67.119611, 10.306834], [-67.122814, 10.289356000000168], [-67.1197959999999, 10.279369], [-67.12858915999993, 10.270721428000058], [-67.1198218379999, 10.264594516000045], [-67.09758714599997, 10.238386280000157], [-67.096149, 10.239441], [-67.097282, 10.246799], [-67.08492399999989, 10.250347], [-67.08413199999984, 10.253399000000115], [-67.08084799999989, 10.254306], [-67.080241, 10.260110000000111], [-67.073944, 10.264896000000135], [-67.070338, 10.271606], [-67.069327, 10.278825000000154], [-67.058335, 10.278350000000103], [-67.051798, 10.28060900000014], [-67.034344, 10.295185000000174], [-67.024768, 10.292473000000143], [-67.002657, 10.30022700000012], [-66.99738099999985, 10.308259000000135], [-66.999164, 10.315312000000176]]]}}, {"type": "Feature", "properties": {"parroquia": "Altagracia de la Montaña", "municipio": "Bolivariano Guaicaipuro", "estado": "Miranda", "pcode": "VE151002", "estado_pcode": "VE15", "municipio_pcode": "VE1510", "center_lat": 10.1302425, "center_lon": -67.07108444, "area_sqkm": 173.09858006}, "geometry": {"type": "Polygon", "coordinates": [[[-66.979099, 10.127303000000154], [-66.989382, 10.128188], [-67.00473, 10.135548], [-67.008249, 10.133280000000127], [-67.00949799999984, 10.134877000000131], [-67.01428999999985, 10.12677], [-67.021024, 10.12957200000011], [-67.023172, 10.133489], [-67.01625599999988, 10.144215], [-67.023714, 10.154426], [-67.02105, 10.15598800000015], [-67.020891, 10.162868000000117], [-67.023669, 10.163519000000122], [-67.02399299999985, 10.16799], [-67.022505, 10.169877], [-67.0173329999999, 10.169178000000102], [-67.017135, 10.17214], [-67.021899, 10.175729], [-67.019902, 10.178776], [-67.015794, 10.178624], [-67.024719, 10.193627000000106], [-67.033919, 10.19225], [-67.035307, 10.196084], [-67.052468, 10.198674], [-67.05512, 10.197228000000166], [-67.057506, 10.199840000000108], [-67.066002, 10.20087], [-67.069235, 10.199333], [-67.070071, 10.194549], [-67.0740679999999, 10.196547000000123], [-67.079837, 10.190037], [-67.08955199999986, 10.188208], [-67.107535, 10.197824], [-67.11324862699996, 10.204712964000066], [-67.11071503599993, 10.19491073800009], [-67.11257103699995, 10.182299397000179], [-67.12457251899997, 10.173877116000085], [-67.12924266199991, 10.163155800000084], [-67.1394240709999, 10.157603604000087], [-67.13966806099984, 10.154620525000098], [-67.11887899899995, 10.128166947000125], [-67.11732887499994, 10.117980691000184], [-67.10471572399996, 10.103192126000067], [-67.11132947599998, 10.094591121000121], [-67.10987838199998, 10.088965982000161], [-67.0981048559999, 10.086417978000043], [-67.09130451899989, 10.080051848000153], [-67.08155507899994, 10.076539821000097], [-67.05653267799994, 10.05607039400013], [-67.05068563199995, 10.059531542000116], [-67.04119122099996, 10.060142622000058], [-67.03181885199996, 10.067562856000109], [-67.00826479399996, 10.06362989000013], [-67.00464762099995, 10.060528829000134], [-66.99773639199992, 10.069001713000034], [-66.992353, 10.090105000000108], [-66.993189, 10.100853000000143], [-66.986208, 10.106605000000172], [-66.979099, 10.127303000000154]]]}}, {"type": "Feature", "properties": {"parroquia": "Cecilio Acosta", "municipio": "Bolivariano Guaicaipuro", "estado": "Miranda", "pcode": "VE151003", "estado_pcode": "VE15", "municipio_pcode": "VE1510", "center_lat": 10.338753, "center_lon": -66.89905649, "area_sqkm": 90.93006754}, "geometry": {"type": "Polygon", "coordinates": [[[-66.887354, 10.299779000000171], [-66.890785, 10.31146600000011], [-66.886023, 10.313648000000171], [-66.879336, 10.312638], [-66.843101, 10.324462000000153], [-66.829554, 10.339733], [-66.824731, 10.341094000000169], [-66.845375, 10.355226], [-66.864901, 10.355886000000112], [-66.883451, 10.363386], [-66.89575899999988, 10.372275000000116], [-66.894616, 10.383008000000132], [-66.902532, 10.384695000000136], [-66.909365, 10.380963], [-66.91837, 10.382958], [-66.92194, 10.386135], [-66.92491799999988, 10.364799], [-66.921531, 10.357234000000119], [-66.940388, 10.345591], [-66.947227, 10.345201000000145], [-66.956768, 10.354319000000146], [-66.95869299999987, 10.353247000000124], [-66.95835099999988, 10.350307], [-66.966166, 10.343847], [-66.968151, 10.33694], [-66.974173, 10.334435], [-66.9788999999999, 10.326059000000157], [-66.985224, 10.322856000000172], [-66.985759, 10.319042], [-66.9913509999999, 10.319068], [-66.994541, 10.316445000000101], [-66.99882, 10.317598000000146], [-66.999164, 10.315312000000176], [-66.99738099999985, 10.308259000000135], [-67.002657, 10.30022700000012], [-66.997418, 10.292141], [-66.99350699999985, 10.291116000000159], [-66.977856, 10.297579], [-66.966134, 10.29680900000011], [-66.96152799999987, 10.305605], [-66.958412, 10.306882], [-66.943077, 10.30531000000019], [-66.927271, 10.322186000000158], [-66.911487, 10.298917], [-66.903284, 10.306366], [-66.890814, 10.298536000000183], [-66.887354, 10.299779000000171]]]}}, {"type": "Feature", "properties": {"parroquia": "El Jarillo", "municipio": "Bolivariano Guaicaipuro", "estado": "Miranda", "pcode": "VE151004", "estado_pcode": "VE15", "municipio_pcode": "VE1510", "center_lat": 10.3740055, "center_lon": -67.17672105, "area_sqkm": 56.04257975}, "geometry": {"type": "Polygon", "coordinates": [[[-67.16337861899996, 10.414126201000158], [-67.16225061199987, 10.421042398000111], [-67.15829947199995, 10.425482531000057], [-67.15898354399991, 10.433471735000126], [-67.1627857279999, 10.436791800000094], [-67.20662955299997, 10.421037136000052], [-67.21039772799992, 10.422368148000032], [-67.20949765099994, 10.416280989000086], [-67.21791601699988, 10.416822953000178], [-67.22024308699997, 10.410398778], [-67.21815392999997, 10.400268515], [-67.20506730099993, 10.390153323000106], [-67.20098501599995, 10.37273289500007], [-67.19208854199996, 10.357777554000165], [-67.18794534099999, 10.353882473], [-67.16796142799996, 10.347349410000106], [-67.16436024099988, 10.341872287000172], [-67.16357913999991, 10.33167803100008], [-67.17355255199993, 10.326536835000127], [-67.18825471499991, 10.325241666000181], [-67.18637969299994, 10.312003620000155], [-67.174989, 10.317664], [-67.15762, 10.320675000000165], [-67.136605, 10.335665], [-67.132814, 10.34323000000012], [-67.133512, 10.34844], [-67.140549, 10.355265], [-67.139427, 10.3573990000001], [-67.147345, 10.360375000000147], [-67.14490199999989, 10.367159000000129], [-67.149932, 10.369727000000125], [-67.153894, 10.378341], [-67.164732, 10.381764], [-67.165309, 10.387735000000134], [-67.17101799999989, 10.386685000000114], [-67.17376399999989, 10.379894], [-67.17888799999986, 10.381966], [-67.184672, 10.38947800000011], [-67.17918999999989, 10.39431100000013], [-67.16539499999988, 10.399344000000156], [-67.16337861899996, 10.414126201000158]]]}}, {"type": "Feature", "properties": {"parroquia": "Paracotos", "municipio": "Bolivariano Guaicaipuro", "estado": "Miranda", "pcode": "VE151005", "estado_pcode": "VE15", "municipio_pcode": "VE1510", "center_lat": 10.2701485, "center_lon": -66.98246812, "area_sqkm": 156.1807515}, "geometry": {"type": "Polygon", "coordinates": [[[-66.887354, 10.299779000000171], [-66.890814, 10.298536000000183], [-66.903284, 10.306366], [-66.911487, 10.298917], [-66.927271, 10.322186000000158], [-66.943077, 10.30531000000019], [-66.958412, 10.306882], [-66.96152799999987, 10.305605], [-66.966134, 10.29680900000011], [-66.977856, 10.297579], [-66.99350699999985, 10.291116000000159], [-66.997418, 10.292141], [-67.002657, 10.30022700000012], [-67.024768, 10.292473000000143], [-67.034344, 10.295185000000174], [-67.051798, 10.28060900000014], [-67.058335, 10.278350000000103], [-67.069327, 10.278825000000154], [-67.070338, 10.271606], [-67.073944, 10.264896000000135], [-67.080241, 10.260110000000111], [-67.08084799999989, 10.254306], [-67.08413199999984, 10.253399000000115], [-67.08492399999989, 10.250347], [-67.097282, 10.246799], [-67.096149, 10.239441], [-67.083426, 10.236567], [-67.073488, 10.2419900000001], [-67.066303, 10.235328], [-67.058166, 10.239024], [-67.044836, 10.231249000000105], [-67.032005, 10.239163000000133], [-67.031196, 10.243226], [-67.029311, 10.241305], [-67.02524699999987, 10.243301], [-67.025057, 10.235891], [-67.01037299999984, 10.223483], [-67.00454299999984, 10.22878500000013], [-66.991877, 10.233014], [-66.976974, 10.229188], [-66.978191, 10.219532000000129], [-66.975915, 10.220585], [-66.918826, 10.224165000000141], [-66.905333, 10.236567], [-66.898135, 10.236316000000102], [-66.895074, 10.237689], [-66.895868, 10.243108], [-66.892006, 10.250657000000103], [-66.892989, 10.261401000000149], [-66.890576, 10.266234], [-66.894056, 10.270941000000107], [-66.888455, 10.281526000000156], [-66.878214, 10.284099], [-66.87101, 10.293582], [-66.871404, 10.296131000000116], [-66.87934399999983, 10.299413], [-66.887354, 10.299779000000171]]]}}, {"type": "Feature", "properties": {"parroquia": "San Pedro", "municipio": "Bolivariano Guaicaipuro", "estado": "Miranda", "pcode": "VE151006", "estado_pcode": "VE15", "municipio_pcode": "VE1510", "center_lat": 10.3434235, "center_lon": -67.11009346, "area_sqkm": 105.09697429}, "geometry": {"type": "Polygon", "coordinates": [[[-67.04544930099996, 10.385855147000086], [-67.07074046199989, 10.394275215999983], [-67.0797328399999, 10.39300513700016], [-67.09066539199995, 10.404925382000101], [-67.09467057299997, 10.406088390999969], [-67.10639806999995, 10.403890268000112], [-67.11942165399984, 10.405273222000119], [-67.13783849399988, 10.411125274000085], [-67.14169364899993, 10.409119193000095], [-67.15320318499994, 10.416126312000188], [-67.15979246499995, 10.413098200000093], [-67.16337861899996, 10.414126201000158], [-67.16539499999988, 10.399344000000156], [-67.17918999999989, 10.39431100000013], [-67.184672, 10.38947800000011], [-67.17888799999986, 10.381966], [-67.17376399999989, 10.379894], [-67.17101799999989, 10.386685000000114], [-67.165309, 10.387735000000134], [-67.164732, 10.381764], [-67.153894, 10.378341], [-67.149932, 10.369727000000125], [-67.14490199999989, 10.367159000000129], [-67.147345, 10.360375000000147], [-67.139427, 10.3573990000001], [-67.140549, 10.355265], [-67.133512, 10.34844], [-67.132814, 10.34323000000012], [-67.136605, 10.335665], [-67.15762, 10.320675000000165], [-67.174989, 10.317664], [-67.18637969299994, 10.312003620000155], [-67.18327680899989, 10.29883804900004], [-67.17279834699997, 10.299027113000022], [-67.16231286899995, 10.29456205300005], [-67.12858915999993, 10.270721428000058], [-67.1197959999999, 10.279369], [-67.122814, 10.289356000000168], [-67.119611, 10.306834], [-67.11241099999984, 10.312819000000104], [-67.109937, 10.321841000000177], [-67.106035, 10.323031], [-67.103025, 10.331329], [-67.093195, 10.33998], [-67.083153, 10.344924000000162], [-67.078088, 10.35727900000012], [-67.070553, 10.360291], [-67.070176, 10.36666600000018], [-67.063026, 10.370200000000182], [-67.04544930099996, 10.385855147000086]]]}}, {"type": "Feature", "properties": {"parroquia": "Tacata", "municipio": "Bolivariano Guaicaipuro", "estado": "Miranda", "pcode": "VE151007", "estado_pcode": "VE15", "municipio_pcode": "VE1510", "center_lat": 10.184686, "center_lon": -66.99157845, "area_sqkm": 105.45187098}, "geometry": {"type": "Polygon", "coordinates": [[[-66.975915, 10.220585], [-66.978191, 10.219532000000129], [-66.976974, 10.229188], [-66.991877, 10.233014], [-67.00454299999984, 10.22878500000013], [-67.01037299999984, 10.223483], [-67.025057, 10.235891], [-67.02524699999987, 10.243301], [-67.029311, 10.241305], [-67.031196, 10.243226], [-67.032005, 10.239163000000133], [-67.044836, 10.231249000000105], [-67.058166, 10.239024], [-67.066303, 10.235328], [-67.073488, 10.2419900000001], [-67.083426, 10.236567], [-67.096149, 10.239441], [-67.09758714599997, 10.238386280000157], [-67.09618762199989, 10.233616834000088], [-67.10200282999995, 10.224980585000026], [-67.1141293089999, 10.216785301000186], [-67.1149495809999, 10.213176458000078], [-67.11682939599984, 10.210900123000158], [-67.11324862699996, 10.204712964000066], [-67.107535, 10.197824], [-67.08955199999986, 10.188208], [-67.079837, 10.190037], [-67.0740679999999, 10.196547000000123], [-67.070071, 10.194549], [-67.069235, 10.199333], [-67.066002, 10.20087], [-67.057506, 10.199840000000108], [-67.05512, 10.197228000000166], [-67.052468, 10.198674], [-67.035307, 10.196084], [-67.033919, 10.19225], [-67.024719, 10.193627000000106], [-67.015794, 10.178624], [-67.019902, 10.178776], [-67.021899, 10.175729], [-67.017135, 10.17214], [-67.0173329999999, 10.169178000000102], [-67.022505, 10.169877], [-67.02399299999985, 10.16799], [-67.023669, 10.163519000000122], [-67.020891, 10.162868000000117], [-67.02105, 10.15598800000015], [-67.023714, 10.154426], [-67.01625599999988, 10.144215], [-67.023172, 10.133489], [-67.021024, 10.12957200000011], [-67.01428999999985, 10.12677], [-67.00949799999984, 10.134877000000131], [-67.008249, 10.133280000000127], [-67.00473, 10.135548], [-66.989382, 10.128188], [-66.979099, 10.127303000000154], [-66.969075, 10.150173], [-66.962264, 10.17569200000014], [-66.96593, 10.191863000000183], [-66.974322, 10.198640000000125], [-66.975915, 10.220585]]]}}, {"type": "Feature", "properties": {"parroquia": "Santa Teresa del Tuy", "municipio": "Independencia", "estado": "Miranda", "pcode": "VE151101", "estado_pcode": "VE15", "municipio_pcode": "VE1511", "center_lat": 10.173564, "center_lon": -66.5859181, "area_sqkm": 290.3268776}, "geometry": {"type": "Polygon", "coordinates": [[[-66.519871, 10.230429], [-66.526214, 10.228366000000108], [-66.5301659999999, 10.219856000000163], [-66.54203799999988, 10.220203], [-66.548707, 10.228167000000155], [-66.55556499999983, 10.231879000000163], [-66.553848, 10.23630100000014], [-66.55781599999989, 10.241682], [-66.568214, 10.245848], [-66.574627, 10.24497700000012], [-66.59451399999989, 10.257436], [-66.61004499999984, 10.261123], [-66.616896, 10.257514], [-66.62145799999985, 10.26275800000019], [-66.620671, 10.26836], [-66.62387899999987, 10.271502000000169], [-66.63295599999987, 10.270899000000156], [-66.645852, 10.262266000000125], [-66.67052599999988, 10.263388], [-66.66243699999984, 10.246368000000132], [-66.6631569999999, 10.242202], [-66.688548, 10.241409000000147], [-66.674472, 10.228113000000121], [-66.687604, 10.224279], [-66.70396699999986, 10.223304000000155], [-66.703286, 10.22155000000015], [-66.69192799999985, 10.19672], [-66.6849299999999, 10.207327], [-66.675922, 10.205296], [-66.679737, 10.198213000000123], [-66.67131799999987, 10.190856000000167], [-66.671036, 10.18473500000016], [-66.661171, 10.165171], [-66.668506, 10.151603], [-66.6639899999999, 10.146541000000127], [-66.651835, 10.141129000000149], [-66.65111699999989, 10.133386], [-66.645459, 10.131799000000171], [-66.644668, 10.117888], [-66.650593, 10.112799], [-66.647684, 10.106181000000106], [-66.648816, 10.101902], [-66.6529129999999, 10.099104000000182], [-66.6537019999999, 10.097145000000125], [-66.641942, 10.093633000000125], [-66.637168, 10.096026], [-66.625738, 10.094711000000132], [-66.608451, 10.0984610000001], [-66.604528, 10.104170000000124], [-66.5768589999999, 10.085308], [-66.572733, 10.077672], [-66.56051899999983, 10.074621], [-66.547548, 10.08442], [-66.542295, 10.093513000000144], [-66.541686, 10.101018000000124], [-66.53491899999989, 10.105701000000181], [-66.52568, 10.105276000000174], [-66.522026, 10.126481000000183], [-66.514941, 10.137886], [-66.515112, 10.144649], [-66.50572099999988, 10.161422000000186], [-66.508456, 10.171367], [-66.506227, 10.177330000000154], [-66.508709, 10.183379], [-66.50755, 10.193642000000125], [-66.511981, 10.201619], [-66.511065, 10.208852], [-66.51308999999986, 10.209335], [-66.512817, 10.229374], [-66.51441299999982, 10.232371], [-66.519871, 10.230429]]]}}, {"type": "Feature", "properties": {"parroquia": "El Cartanal", "municipio": "Independencia", "estado": "Miranda", "pcode": "VE151102", "estado_pcode": "VE15", "municipio_pcode": "VE1511", "center_lat": 10.2512845, "center_lon": -66.71214756, "area_sqkm": 40.74967045}, "geometry": {"type": "Polygon", "coordinates": [[[-66.75994999999989, 10.259001000000183], [-66.75869499999988, 10.257761], [-66.759112, 10.246753000000183], [-66.755823, 10.238457000000153], [-66.741381, 10.23059700000016], [-66.72333199999986, 10.231356], [-66.719119, 10.228606], [-66.706236, 10.228525000000104], [-66.70396699999986, 10.223304000000155], [-66.687604, 10.224279], [-66.674472, 10.228113000000121], [-66.688548, 10.241409000000147], [-66.6631569999999, 10.242202], [-66.66243699999984, 10.246368000000132], [-66.67052599999988, 10.263388], [-66.677943, 10.265916000000175], [-66.681632, 10.270061000000112], [-66.688822, 10.271812], [-66.691995, 10.26928700000019], [-66.701202, 10.274026000000106], [-66.713896, 10.273425], [-66.72512499999988, 10.278622], [-66.7261299999999, 10.260976], [-66.74392, 10.263402000000156], [-66.75994999999989, 10.259001000000183]]]}}, {"type": "Feature", "properties": {"parroquia": "Ocumare del Tuy", "municipio": "Lander", "estado": "Miranda", "pcode": "VE151201", "estado_pcode": "VE15", "municipio_pcode": "VE1512", "center_lat": 10.095007, "center_lon": -66.74950733, "area_sqkm": 199.61469049}, "geometry": {"type": "Polygon", "coordinates": [[[-66.6529129999999, 10.099104000000182], [-66.65490699999987, 10.10599900000011], [-66.668551, 10.105201], [-66.6795, 10.10869600000018], [-66.701289, 10.107623], [-66.721138, 10.123056000000133], [-66.72520999999989, 10.135569], [-66.734218, 10.148636], [-66.739423, 10.150809], [-66.73678699999988, 10.145064000000104], [-66.757759, 10.157587000000149], [-66.769992, 10.159437], [-66.788085, 10.171872], [-66.7940559999999, 10.180266], [-66.80895999999984, 10.181487000000175], [-66.823225, 10.190083000000186], [-66.79863199999988, 10.161523], [-66.796701, 10.151302], [-66.7913, 10.143786], [-66.78192599999983, 10.140003], [-66.776289, 10.130435], [-66.780272, 10.133022], [-66.791614, 10.129885], [-66.79755199999988, 10.124932], [-66.799817, 10.127313], [-66.80152, 10.12482100000011], [-66.804209, 10.127349], [-66.812055, 10.125868], [-66.81678, 10.128856], [-66.82465799999983, 10.128292000000101], [-66.825381, 10.130404], [-66.833197, 10.131381], [-66.84307899999988, 10.124221], [-66.843258, 10.114403], [-66.847202, 10.103185000000167], [-66.842843, 10.097153], [-66.8467849999999, 10.083379], [-66.84393, 10.070949000000155], [-66.847247, 10.038299000000166], [-66.849638, 10.032835000000148], [-66.858577, 10.027887], [-66.87469007299995, 9.999328248000154], [-66.85614981599991, 10.004961218000119], [-66.84922254399999, 10.011260411000023], [-66.84118620799995, 10.014201541000034], [-66.83320291899992, 10.025053864000085], [-66.82876434499997, 10.026706695000144], [-66.81616614899991, 10.020647848000067], [-66.81291897099993, 10.015113714000108], [-66.79123701399982, 10.012114759000042], [-66.77757372599996, 10.016761188000146], [-66.775222, 10.031956], [-66.75867, 10.04874800000016], [-66.757043, 10.059044000000142], [-66.75256499999983, 10.06366400000013], [-66.737668, 10.065850000000125], [-66.726525, 10.072660000000155], [-66.72079099999985, 10.06949], [-66.674702, 10.068743], [-66.67311099999989, 10.081268], [-66.667854, 10.091731000000152], [-66.660923, 10.091114], [-66.6537019999999, 10.097145000000125], [-66.6529129999999, 10.099104000000182]]]}}, {"type": "Feature", "properties": {"parroquia": "La Democracia", "municipio": "Lander", "estado": "Miranda", "pcode": "VE151202", "estado_pcode": "VE15", "municipio_pcode": "VE1512", "center_lat": 10.0354865, "center_lon": -66.66047597, "area_sqkm": 294.27033456}, "geometry": {"type": "Polygon", "coordinates": [[[-66.56051899999983, 10.074621], [-66.572733, 10.077672], [-66.5768589999999, 10.085308], [-66.604528, 10.104170000000124], [-66.608451, 10.0984610000001], [-66.625738, 10.094711000000132], [-66.637168, 10.096026], [-66.641942, 10.093633000000125], [-66.6537019999999, 10.097145000000125], [-66.660923, 10.091114], [-66.667854, 10.091731000000152], [-66.67311099999989, 10.081268], [-66.674702, 10.068743], [-66.72079099999985, 10.06949], [-66.726525, 10.072660000000155], [-66.737668, 10.065850000000125], [-66.75256499999983, 10.06366400000013], [-66.757043, 10.059044000000142], [-66.75867, 10.04874800000016], [-66.775222, 10.031956], [-66.77757372599996, 10.016761188000146], [-66.76739890199991, 10.001571620000163], [-66.74757402299997, 9.998502647000123], [-66.74208271299983, 9.98825441300005], [-66.72136983599995, 9.992059629000153], [-66.70883724799995, 9.986774552999975], [-66.70326597799993, 9.981456445000163], [-66.68706226399996, 9.980634522000116], [-66.68178199799996, 9.975618419000114], [-66.66159214599992, 9.980600653000067], [-66.66106910699989, 9.977076571000168], [-66.64960558199988, 9.974102556], [-66.64468533699994, 9.967880423000054], [-66.63387787699992, 9.970609551999985], [-66.62464345599989, 9.968419543000095], [-66.61285396499989, 9.97248671200009], [-66.60594867199984, 9.976066851999974], [-66.59564322599988, 9.976136903], [-66.58421776399985, 9.98311115700011], [-66.57102015099997, 9.977174071000036], [-66.56281079999991, 9.979044160000115], [-66.54679502099992, 9.966477925], [-66.54122578399989, 9.967328975999976], [-66.53438084099997, 9.974029357000063], [-66.53002433099994, 9.974018216000161], [-66.52151498899991, 9.979917414999989], [-66.51012748099998, 9.979487462000066], [-66.49583190599992, 9.98877178500004], [-66.48755358499994, 9.99630103100003], [-66.48771768799992, 10.01316348], [-66.512491, 10.021702], [-66.526987, 10.023605], [-66.53104699999989, 10.029728], [-66.551635, 10.036906], [-66.553297, 10.048171], [-66.55802899999986, 10.052131000000145], [-66.554228, 10.05841], [-66.56119899999987, 10.065327], [-66.56051899999983, 10.074621]]]}}, {"type": "Feature", "properties": {"parroquia": "Santa Barbará", "municipio": "Lander", "estado": "Miranda", "pcode": "VE151203", "estado_pcode": "VE15", "municipio_pcode": "VE1512", "center_lat": 10.1584285, "center_lon": -66.81840949, "area_sqkm": 25.08866526}, "geometry": {"type": "Polygon", "coordinates": [[[-66.833197, 10.131381], [-66.825381, 10.130404], [-66.82465799999983, 10.128292000000101], [-66.81678, 10.128856], [-66.812055, 10.125868], [-66.804209, 10.127349], [-66.80152, 10.12482100000011], [-66.799817, 10.127313], [-66.79755199999988, 10.124932], [-66.791614, 10.129885], [-66.780272, 10.133022], [-66.776289, 10.130435], [-66.78192599999983, 10.140003], [-66.7913, 10.143786], [-66.796701, 10.151302], [-66.79863199999988, 10.161523], [-66.823225, 10.190083000000186], [-66.823735, 10.190212], [-66.827435, 10.173738000000128], [-66.829575, 10.169569000000138], [-66.834433, 10.167386], [-66.840874, 10.156042000000184], [-66.833197, 10.131381]]]}}, {"type": "Feature", "properties": {"parroquia": "San Antonio de los Altos", "municipio": "Los Salías", "estado": "Miranda", "pcode": "VE151301", "estado_pcode": "VE15", "municipio_pcode": "VE1513", "center_lat": 10.3848485, "center_lon": -66.95892837, "area_sqkm": 57.3234601}, "geometry": {"type": "Polygon", "coordinates": [[[-66.90819552399995, 10.408700376000183], [-66.92338613899994, 10.415262628000107], [-66.93222651299993, 10.414062544000103], [-66.94170498099999, 10.422881728000107], [-66.95080163099993, 10.424173075000112], [-66.95548156799998, 10.420373581000149], [-66.95769662999993, 10.41433841100013], [-66.98128190599988, 10.40075828200014], [-66.99393608999992, 10.393726648999973], [-66.99885326999998, 10.387412457000153], [-66.989875, 10.379266000000143], [-66.991475, 10.371222], [-66.981243, 10.370942000000127], [-66.986462, 10.368662000000143], [-66.98592499999984, 10.361560000000111], [-66.982821, 10.362259], [-66.983119, 10.359638], [-66.975404, 10.364517], [-66.972969, 10.35916200000014], [-66.970044, 10.360672], [-66.96722299999988, 10.357797000000176], [-66.970797, 10.356544], [-66.969129, 10.35306], [-66.95869299999987, 10.353247000000124], [-66.956768, 10.354319000000146], [-66.947227, 10.345201000000145], [-66.940388, 10.345591], [-66.921531, 10.357234000000119], [-66.92491799999988, 10.364799], [-66.92194, 10.386135], [-66.91837, 10.382958], [-66.909365, 10.380963], [-66.902532, 10.384695000000136], [-66.894616, 10.383008000000132], [-66.891693, 10.404527], [-66.8957870139999, 10.411991096000122], [-66.90018208499993, 10.408708593000085], [-66.90819552399995, 10.408700376000183]]]}}, {"type": "Feature", "properties": {"parroquia": "Rio Chico", "municipio": "Páez", "estado": "Miranda", "pcode": "VE151401", "estado_pcode": "VE15", "municipio_pcode": "VE1514", "center_lat": 10.280678, "center_lon": -65.96845724, "area_sqkm": 153.6187705}, "geometry": {"type": "Polygon", "coordinates": [[[-65.829078, 10.19960900000018], [-65.93916399999989, 10.270727000000136], [-65.952005, 10.327696], [-65.94474171699994, 10.353266286000121], [-65.96360048399993, 10.368678620000082], [-65.993741, 10.330902], [-65.980111, 10.302601], [-65.983829, 10.295282], [-65.99405899999988, 10.290111000000138], [-65.995881, 10.285233000000119], [-65.995701, 10.278787], [-65.993257, 10.276228], [-65.995989, 10.271378], [-65.99588399999982, 10.263693000000103], [-66.000354, 10.258532000000116], [-65.9983519999999, 10.250448], [-66.00634299999984, 10.244675], [-66.00671, 10.237481], [-66.009213, 10.237526], [-66.01363499999985, 10.231493], [-66.01983699999988, 10.231056], [-66.023362, 10.227695], [-66.032555, 10.227431], [-66.038271, 10.221236], [-66.042981, 10.22268], [-66.050112, 10.216290000000129], [-66.053345, 10.217222000000163], [-66.05961699999989, 10.212228000000152], [-66.06357999999989, 10.213390000000174], [-66.069512, 10.204102000000148], [-66.035875, 10.192958], [-65.96397999999982, 10.205785000000105], [-65.963345, 10.222807], [-65.95702399999982, 10.223147], [-65.947374, 10.222177000000158], [-65.947677, 10.218469000000141], [-65.944493, 10.219424000000117], [-65.938303, 10.208894000000157], [-65.899132, 10.214208], [-65.897056, 10.209627], [-65.897716, 10.199763000000132], [-65.864922, 10.19960200000014], [-65.829078, 10.19960900000018]]]}}, {"type": "Feature", "properties": {"parroquia": "El Guapo", "municipio": "Páez", "estado": "Miranda", "pcode": "VE151402", "estado_pcode": "VE15", "municipio_pcode": "VE1514", "center_lat": 10.0714425, "center_lon": -66.01554542, "area_sqkm": 671.9516679}, "geometry": {"type": "Polygon", "coordinates": [[[-65.96397999999982, 10.205785000000105], [-66.035875, 10.192958], [-66.069512, 10.204102000000148], [-66.06704, 10.200469000000112], [-66.075272, 10.189799000000107], [-66.077008, 10.182748], [-66.07231499999989, 10.180352], [-66.072135, 10.171114], [-66.07939899999985, 10.158374], [-66.069673, 10.154147], [-66.073223, 10.137933], [-66.070266, 10.130231], [-66.071613, 10.126546], [-66.078972, 10.116403000000105], [-66.08530599999983, 10.11813], [-66.088203, 10.116391], [-66.106565, 10.10219300000017], [-66.115567, 10.09855400000015], [-66.122041, 10.089087], [-66.14544499999982, 10.074302000000102], [-66.14823799999988, 10.068328000000179], [-66.15336, 10.064922], [-66.154358, 10.060094000000106], [-66.128899, 10.045713], [-66.132854, 10.041999], [-66.136262, 10.026717], [-66.127866, 10.003223000000162], [-66.119741, 9.994471], [-66.111931, 9.997816], [-66.105711, 9.995042], [-66.101278, 9.998535], [-66.096029, 9.997223], [-66.08769290299995, 9.971169145000033], [-66.07780237599991, 9.970333596999978], [-66.07541725899989, 9.967733543000179], [-66.06302471499993, 9.968643627000176], [-66.06042853199989, 9.956748331000028], [-66.02633998999988, 9.951146367000149], [-66.00344190599998, 9.938789165000173], [-65.99476954499988, 9.942397306000032], [-65.98825823099997, 9.937768215000062], [-65.98170793899988, 9.937315246000026], [-65.97188653499995, 9.942248431000053], [-65.9679903519999, 9.941777438000088], [-65.95062154899995, 9.935113351000155], [-65.94053816799993, 9.945529689000125], [-65.93711499299991, 9.942604621000044], [-65.93254980999995, 9.945199722999973], [-65.91840317599997, 9.944581773000039], [-65.90737072199994, 9.950005988000044], [-65.90641970399992, 9.95484011200017], [-65.89645032199991, 9.965233449000095], [-65.88907077499994, 9.967841821000093], [-65.89318999999989, 9.977137], [-65.886227, 9.984238000000175], [-65.88605599999983, 9.995643], [-65.893906, 10.004815], [-65.88538, 10.01688300000012], [-65.88936299999989, 10.023493], [-65.88831499999986, 10.025412], [-65.87673999999987, 10.025525000000187], [-65.881392, 10.0388], [-65.87643, 10.04637], [-65.875214, 10.055567], [-65.887279, 10.064785000000143], [-65.881294, 10.074413], [-65.864221, 10.081986000000143], [-65.855967, 10.082595], [-65.857608, 10.089158], [-65.853417, 10.094836], [-65.845509, 10.098285], [-65.865145, 10.115359], [-65.8659909999999, 10.118893], [-65.86765399999985, 10.139744000000121], [-65.865263, 10.144391], [-65.866336, 10.154572], [-65.864221, 10.156617000000153], [-65.864922, 10.19960200000014], [-65.897716, 10.199763000000132], [-65.898034, 10.185905000000162], [-65.956391, 10.160992000000135], [-65.965173, 10.174011000000121], [-65.96397999999982, 10.205785000000105]]]}}, {"type": "Feature", "properties": {"parroquia": "Tacarigua de la Laguna", "municipio": "Páez", "estado": "Miranda", "pcode": "VE151403", "estado_pcode": "VE15", "municipio_pcode": "VE1514", "center_lat": 10.2768087, "center_lon": -65.88119554, "area_sqkm": 188.54202915}, "geometry": {"type": "Polygon", "coordinates": [[[-65.68621302899987, 10.219353291], [-65.77717265899992, 10.256212890000086], [-65.82515691399993, 10.278299215000061], [-65.87436424799995, 10.304860660000145], [-65.87500725899991, 10.302355592000026], [-65.87699137099997, 10.306749694000132], [-65.91644826499999, 10.33183915300009], [-65.94474171699994, 10.353266286000121], [-65.952005, 10.327696], [-65.93916399999989, 10.270727000000136], [-65.829078, 10.19960900000018], [-65.690513, 10.20710600000018], [-65.68621302899987, 10.219353291]]]}}, {"type": "Feature", "properties": {"parroquia": "Páparo", "municipio": "Páez", "estado": "Miranda", "pcode": "VE151404", "estado_pcode": "VE15", "municipio_pcode": "VE1514", "center_lat": 10.36424009, "center_lon": -65.98328987, "area_sqkm": 14.40094112}, "geometry": {"type": "Polygon", "coordinates": [[[-65.993741, 10.330902], [-65.96360048399993, 10.368678620000082], [-65.99009898999998, 10.390665257000023], [-65.99117799999982, 10.387554], [-66.002441, 10.381814000000134], [-65.993741, 10.330902]]]}}, {"type": "Feature", "properties": {"parroquia": "San Fernando del Guapo", "municipio": "Páez", "estado": "Miranda", "pcode": "VE151405", "estado_pcode": "VE15", "municipio_pcode": "VE1514", "center_lat": 10.192075, "center_lon": -65.93127838, "area_sqkm": 33.93434545}, "geometry": {"type": "Polygon", "coordinates": [[[-65.96397999999982, 10.205785000000105], [-65.965173, 10.174011000000121], [-65.956391, 10.160992000000135], [-65.898034, 10.185905000000162], [-65.897716, 10.199763000000132], [-65.897056, 10.209627], [-65.899132, 10.214208], [-65.938303, 10.208894000000157], [-65.944493, 10.219424000000117], [-65.947677, 10.218469000000141], [-65.947374, 10.222177000000158], [-65.95702399999982, 10.223147], [-65.963345, 10.222807], [-65.96397999999982, 10.205785000000105]]]}}, {"type": "Feature", "properties": {"parroquia": "Santa Lucia", "municipio": "Paz Castillo", "estado": "Miranda", "pcode": "VE151501", "estado_pcode": "VE15", "municipio_pcode": "VE1515", "center_lat": 10.317346, "center_lon": -66.65796044, "area_sqkm": 430.13395055}, "geometry": {"type": "Polygon", "coordinates": [[[-66.695529, 10.414281], [-66.693292, 10.404407], [-66.701859, 10.40075000000013], [-66.705005, 10.392388000000153], [-66.70380199999988, 10.388768000000141], [-66.695705, 10.38387100000017], [-66.70287899999988, 10.379161000000181], [-66.70429599999989, 10.380947000000162], [-66.70667999999989, 10.379676000000131], [-66.712744, 10.366177], [-66.719691, 10.364339], [-66.757868, 10.370128], [-66.764333, 10.367772], [-66.767665, 10.351180000000113], [-66.771207, 10.347552000000178], [-66.792408, 10.349299], [-66.802186, 10.342207], [-66.807764, 10.342141], [-66.81287599999985, 10.34590900000012], [-66.824731, 10.341094000000169], [-66.822305, 10.332159], [-66.81500599999987, 10.33177400000011], [-66.812038, 10.322590000000162], [-66.799683, 10.318698], [-66.793302, 10.311480000000188], [-66.795454, 10.30324400000012], [-66.792722, 10.292474], [-66.75994999999989, 10.259001000000183], [-66.74392, 10.263402000000156], [-66.7261299999999, 10.260976], [-66.72512499999988, 10.278622], [-66.713896, 10.273425], [-66.701202, 10.274026000000106], [-66.691995, 10.26928700000019], [-66.688822, 10.271812], [-66.681632, 10.270061000000112], [-66.677943, 10.265916000000175], [-66.67052599999988, 10.263388], [-66.645852, 10.262266000000125], [-66.63295599999987, 10.270899000000156], [-66.62387899999987, 10.271502000000169], [-66.620671, 10.26836], [-66.62145799999985, 10.26275800000019], [-66.616896, 10.257514], [-66.61004499999984, 10.261123], [-66.59451399999989, 10.257436], [-66.574627, 10.24497700000012], [-66.568214, 10.245848], [-66.55781599999989, 10.241682], [-66.553848, 10.23630100000014], [-66.55556499999983, 10.231879000000163], [-66.548707, 10.228167000000155], [-66.54203799999988, 10.220203], [-66.5301659999999, 10.219856000000163], [-66.526214, 10.228366000000108], [-66.519871, 10.230429], [-66.51982, 10.235723], [-66.515788, 10.24033], [-66.522385, 10.24493600000011], [-66.52270899999985, 10.248899000000108], [-66.521345, 10.251391], [-66.51154899999989, 10.2534], [-66.510746, 10.258293], [-66.513931, 10.26477], [-66.506501, 10.274941000000126], [-66.513344, 10.278489], [-66.51766799999984, 10.289311000000168], [-66.522509, 10.294533], [-66.51636999999982, 10.299735], [-66.514234, 10.305789], [-66.518848, 10.311449], [-66.517191, 10.316833], [-66.519641, 10.322011], [-66.53149999999988, 10.32971700000013], [-66.53053, 10.34524], [-66.542982, 10.366947000000152], [-66.540557, 10.371294], [-66.540644, 10.382062], [-66.543389, 10.38820800000019], [-66.56790299999989, 10.395291], [-66.584061, 10.406823], [-66.593335, 10.409481], [-66.62686799999983, 10.41103], [-66.644234, 10.403971], [-66.651516, 10.407208], [-66.677326, 10.406919], [-66.691532, 10.415449], [-66.695529, 10.414281]]]}}, {"type": "Feature", "properties": {"parroquia": "Cupira", "municipio": "Pedro Gual", "estado": "Miranda", "pcode": "VE151601", "estado_pcode": "VE15", "municipio_pcode": "VE1516", "center_lat": 10.07399808, "center_lon": -65.68427818, "area_sqkm": 998.81932959}, "geometry": {"type": "Polygon", "coordinates": [[[-65.62982355199995, 10.19829705800015], [-65.629403, 10.191116], [-65.633347, 10.193671], [-65.632574, 10.186576], [-65.638108, 10.183077], [-65.637547, 10.17614], [-65.639951, 10.171499000000154], [-65.643513, 10.168102], [-65.647413, 10.168173], [-65.65032799999989, 10.170848], [-65.650593, 10.178819], [-65.66385, 10.18147800000014], [-65.66339, 10.185004], [-65.666137, 10.185992], [-65.675181, 10.185514000000126], [-65.677176, 10.18943800000011], [-65.68124099999989, 10.186978000000124], [-65.681929, 10.181299], [-65.693203, 10.180779], [-65.688253, 10.184566], [-65.68727699999988, 10.201937], [-65.693087, 10.201205], [-65.690513, 10.20710600000018], [-65.829078, 10.19960900000018], [-65.864922, 10.19960200000014], [-65.864221, 10.156617000000153], [-65.866336, 10.154572], [-65.865263, 10.144391], [-65.86765399999985, 10.139744000000121], [-65.8659909999999, 10.118893], [-65.865145, 10.115359], [-65.845509, 10.098285], [-65.853417, 10.094836], [-65.857608, 10.089158], [-65.855967, 10.082595], [-65.864221, 10.081986000000143], [-65.881294, 10.074413], [-65.887279, 10.064785000000143], [-65.875214, 10.055567], [-65.87643, 10.04637], [-65.881392, 10.0388], [-65.87673999999987, 10.025525000000187], [-65.88831499999986, 10.025412], [-65.88936299999989, 10.023493], [-65.88538, 10.01688300000012], [-65.893906, 10.004815], [-65.88605599999983, 9.995643], [-65.886227, 9.984238000000175], [-65.89318999999989, 9.977137], [-65.88907077499994, 9.967841821000093], [-65.88034361399997, 9.965948555000068], [-65.87523940199998, 9.969043658000146], [-65.83472160699995, 9.968896877000134], [-65.82515413599987, 9.96189274600016], [-65.8075073199999, 9.95420963600003], [-65.79189765799998, 9.960664889999975], [-65.7884534779999, 9.95521276300019], [-65.78194418699991, 9.955146801000012], [-65.77319573499994, 9.94286851400011], [-65.77058062499992, 9.94488558400002], [-65.77206570999988, 9.949147693000157], [-65.76966763099995, 9.952612796000096], [-65.7595271649999, 9.949662777000128], [-65.75612195399998, 9.940537551999967], [-65.74693455399984, 9.941844630000105], [-65.74882366499997, 9.945169710000073], [-65.74515951499995, 9.947772801999974], [-65.74520256499989, 9.957185046], [-65.71770836699989, 9.962057332000086], [-65.70822503299996, 9.976163759000087], [-65.69380740399993, 9.979893933000028], [-65.67244140399993, 9.968906754000159], [-65.6696610379999, 9.96040780200002], [-65.66610003299996, 9.953502382000124], [-65.63824124899992, 9.950189679000061], [-65.6272423339999, 9.959339747000058], [-65.62874043199997, 9.96458787500012], [-65.62701937499992, 9.96805698300011], [-65.6078838119999, 9.970704976000093], [-65.60215033499998, 9.978913399000078], [-65.60266140499994, 9.988650661000179], [-65.59979027799994, 9.989708699000118], [-65.60496754899992, 9.995215817000144], [-65.60387853799989, 10.001973012000121], [-65.59836028199993, 10.001595034000104], [-65.58557974799993, 10.008280276000107], [-65.57087107699994, 10.005039271999976], [-65.56626088399992, 10.007518357000038], [-65.55446832999996, 10.002085277000106], [-65.55314634399991, 10.015396645000123], [-65.54324294699995, 10.021730861000037], [-65.54192294099988, 10.03156814000016], [-65.53885180999998, 10.032746182999972], [-65.53889283199999, 10.036887292000074], [-65.53552468799995, 10.037487327000065], [-65.53693877699988, 10.042566460000103], [-65.53299560999994, 10.044234526000082], [-65.52886947499996, 10.05364079900005], [-65.52365523899982, 10.052780807000147], [-65.52148416899996, 10.057486942000082], [-65.52062012599998, 10.055567898000106], [-65.5102296739999, 10.0583330340001], [-65.50690954599992, 10.061832141000139], [-65.51016171299989, 10.06472719900006], [-65.50573752199995, 10.066885285000069], [-65.5014583229999, 10.064584242000024], [-65.49816119199994, 10.067563342000142], [-65.49512503299991, 10.062994232000108], [-65.49653914399994, 10.071954472000016], [-65.48869730599984, 10.067703274], [-65.49040187299983, 10.07238151700011], [-65.48654671799989, 10.075157604000026], [-65.49202696499998, 10.077417641000068], [-65.49185598299988, 10.080148711999982], [-65.48601971999989, 10.080642758000181], [-65.47874843199997, 10.085916939000015], [-65.47463722799984, 10.084036911999988], [-65.46837298999998, 10.091369143000122], [-65.46404877899994, 10.08848208500018], [-65.46330077299996, 10.091767187000016], [-65.45357134499989, 10.092352250000033], [-65.45435239099993, 10.095421331000068], [-65.45703750499996, 10.094946305000178], [-65.45641052799988, 10.103667543000029], [-65.45151037399995, 10.114867865], [-65.4482172459999, 10.11887799200008], [-65.44685116199992, 10.114757891000181], [-65.4392368309999, 10.116522980000127], [-65.44097192999993, 10.120527084000116], [-65.4390198609999, 10.12395617900006], [-65.43431064599997, 10.122929187000182], [-65.43622875399996, 10.126404260000015], [-65.43402064899988, 10.125271241000178], [-65.42864843399991, 10.130486415], [-65.42822346599985, 10.1379906250001], [-65.43135761299982, 10.140524669000115], [-65.49928173199993, 10.157055744000047], [-65.62982355199995, 10.19829705800015]]]}}, {"type": "Feature", "properties": {"parroquia": "Guarenas", "municipio": "Plaza", "estado": "Miranda", "pcode": "VE151701", "estado_pcode": "VE15", "municipio_pcode": "VE1517", "center_lat": 10.4731185, "center_lon": -66.6520027, "area_sqkm": 193.51307282}, "geometry": {"type": "Polygon", "coordinates": [[[-66.60389034499997, 10.538833216000057], [-66.6328781329999, 10.541849707000154], [-66.64328057699998, 10.538533554000082], [-66.67846315999998, 10.545632538000064], [-66.71279519899997, 10.540939657000138], [-66.713454, 10.529258], [-66.71899799999989, 10.511086000000148], [-66.718161, 10.505738000000179], [-66.72308, 10.493907], [-66.7205479999999, 10.486441000000127], [-66.722583, 10.477699000000143], [-66.712068, 10.465129000000104], [-66.71408399999984, 10.46082500000017], [-66.712535, 10.449438], [-66.705666, 10.43940700000013], [-66.706292, 10.436696], [-66.6911879999999, 10.42523], [-66.695529, 10.414281], [-66.691532, 10.415449], [-66.677326, 10.406919], [-66.651516, 10.407208], [-66.644234, 10.403971], [-66.62686799999983, 10.41103], [-66.593335, 10.409481], [-66.589905, 10.422189000000174], [-66.591793, 10.428313], [-66.577044, 10.449734], [-66.576601, 10.454763], [-66.587329, 10.474918], [-66.585026, 10.481879000000106], [-66.592206, 10.492947000000186], [-66.60396899999989, 10.499226000000135], [-66.600946, 10.520268000000158], [-66.60389034499997, 10.538833216000057]]]}}, {"type": "Feature", "properties": {"parroquia": "San Francisco de Yare", "municipio": "Simón Bolívar", "estado": "Miranda", "pcode": "VE151801", "estado_pcode": "VE15", "municipio_pcode": "VE1518", "center_lat": 10.1717645, "center_lon": -66.72571767, "area_sqkm": 143.41707851}, "geometry": {"type": "Polygon", "coordinates": [[[-66.6529129999999, 10.099104000000182], [-66.648816, 10.101902], [-66.647684, 10.106181000000106], [-66.650593, 10.112799], [-66.644668, 10.117888], [-66.645459, 10.131799000000171], [-66.65111699999989, 10.133386], [-66.651835, 10.141129000000149], [-66.6639899999999, 10.146541000000127], [-66.668506, 10.151603], [-66.661171, 10.165171], [-66.671036, 10.18473500000016], [-66.67131799999987, 10.190856000000167], [-66.679737, 10.198213000000123], [-66.675922, 10.205296], [-66.6849299999999, 10.207327], [-66.69192799999985, 10.19672], [-66.703286, 10.22155000000015], [-66.70517499999988, 10.21974200000011], [-66.709194, 10.221101000000147], [-66.709547, 10.217162], [-66.713316, 10.219356000000175], [-66.714973, 10.216178000000127], [-66.71159299999988, 10.215165000000127], [-66.71874999999989, 10.212983], [-66.71950299999986, 10.215639000000124], [-66.724031, 10.210329], [-66.732385, 10.216783], [-66.738589, 10.217229], [-66.739268, 10.212082000000123], [-66.746042, 10.211012], [-66.75819299999989, 10.217103], [-66.76902299999989, 10.217890000000182], [-66.7799399999999, 10.230615], [-66.782933, 10.239954], [-66.787586, 10.24463], [-66.797242, 10.240702000000113], [-66.823735, 10.190212], [-66.823225, 10.190083000000186], [-66.80895999999984, 10.181487000000175], [-66.7940559999999, 10.180266], [-66.788085, 10.171872], [-66.769992, 10.159437], [-66.757759, 10.157587000000149], [-66.73678699999988, 10.145064000000104], [-66.739423, 10.150809], [-66.734218, 10.148636], [-66.72520999999989, 10.135569], [-66.721138, 10.123056000000133], [-66.701289, 10.107623], [-66.6795, 10.10869600000018], [-66.668551, 10.105201], [-66.65490699999987, 10.10599900000011], [-66.6529129999999, 10.099104000000182]]]}}, {"type": "Feature", "properties": {"parroquia": "San Antonio de Yare", "municipio": "Simón Bolívar", "estado": "Miranda", "pcode": "VE151802", "estado_pcode": "VE15", "municipio_pcode": "VE1518", "center_lat": 10.2335605, "center_lon": -66.76290187, "area_sqkm": 19.25611833}, "geometry": {"type": "Polygon", "coordinates": [[[-66.787586, 10.24463], [-66.782933, 10.239954], [-66.7799399999999, 10.230615], [-66.76902299999989, 10.217890000000182], [-66.75819299999989, 10.217103], [-66.746042, 10.211012], [-66.739268, 10.212082000000123], [-66.738589, 10.217229], [-66.732385, 10.216783], [-66.724031, 10.210329], [-66.71950299999986, 10.215639000000124], [-66.71874999999989, 10.212983], [-66.71159299999988, 10.215165000000127], [-66.714973, 10.216178000000127], [-66.713316, 10.219356000000175], [-66.709547, 10.217162], [-66.709194, 10.221101000000147], [-66.70517499999988, 10.21974200000011], [-66.703286, 10.22155000000015], [-66.70396699999986, 10.223304000000155], [-66.706236, 10.228525000000104], [-66.719119, 10.228606], [-66.72333199999986, 10.231356], [-66.741381, 10.23059700000016], [-66.755823, 10.238457000000153], [-66.759112, 10.246753000000183], [-66.75869499999988, 10.257761], [-66.76773899999989, 10.254000000000133], [-66.775375, 10.244605], [-66.787586, 10.24463]]]}}, {"type": "Feature", "properties": {"parroquia": "Petare", "municipio": "Sucre", "estado": "Miranda", "pcode": "VE151901", "estado_pcode": "VE15", "municipio_pcode": "VE1519", "center_lat": 10.4983805, "center_lon": -66.79029622, "area_sqkm": 49.90892675}, "geometry": {"type": "Polygon", "coordinates": [[[-66.77815129199996, 10.54694465600005], [-66.77995921399997, 10.546622423000144], [-66.79265714299999, 10.540237726000043], [-66.80826514599988, 10.541277255000182], [-66.81217, 10.519602], [-66.815813, 10.514446], [-66.815887, 10.499998], [-66.82014, 10.485191], [-66.824869, 10.487883], [-66.82366599999989, 10.482184000000132], [-66.825893, 10.47614300000015], [-66.82820499999985, 10.477429], [-66.827004, 10.468937], [-66.823174, 10.461921], [-66.818974, 10.45954], [-66.822136, 10.455201], [-66.821537, 10.451701], [-66.81895599999984, 10.450433], [-66.819245, 10.454126000000144], [-66.816639, 10.455181], [-66.810776, 10.453318], [-66.806031, 10.45531], [-66.796396, 10.449793], [-66.787699, 10.456218], [-66.7796919999999, 10.453784], [-66.77651, 10.458774000000119], [-66.784886, 10.461545], [-66.795735, 10.474237000000187], [-66.787742, 10.476923], [-66.788792, 10.480263], [-66.786082, 10.482939], [-66.78927, 10.49111100000016], [-66.784145, 10.489985], [-66.778614, 10.484645000000171], [-66.76668, 10.483573000000149], [-66.758456, 10.49254500000012], [-66.76462, 10.496659], [-66.7613219999999, 10.516449], [-66.755795, 10.524390000000153], [-66.77815129199996, 10.54694465600005]]]}}, {"type": "Feature", "properties": {"parroquia": "Caucaguita", "municipio": "Sucre", "estado": "Miranda", "pcode": "VE151902", "estado_pcode": "VE15", "municipio_pcode": "VE1519", "center_lat": 10.4952635, "center_lon": -66.74256773, "area_sqkm": 55.87192536}, "geometry": {"type": "Polygon", "coordinates": [[[-66.71279519899997, 10.540939657000138], [-66.72130904799997, 10.546754321000037], [-66.72773334099998, 10.547766307000131], [-66.74110791699991, 10.546550195], [-66.75106632299998, 10.541095991000134], [-66.76580201399992, 10.54719907100008], [-66.77815129199996, 10.54694465600005], [-66.755795, 10.524390000000153], [-66.7613219999999, 10.516449], [-66.76462, 10.496659], [-66.758456, 10.49254500000012], [-66.76668, 10.483573000000149], [-66.765289, 10.476365], [-66.76922799999988, 10.473548], [-66.760512, 10.462949], [-66.760616, 10.451155000000142], [-66.756547, 10.450595], [-66.756787, 10.448351000000116], [-66.753226, 10.449277], [-66.750387, 10.44495400000011], [-66.7426569999999, 10.44855], [-66.73878199999984, 10.443726], [-66.73124, 10.442643], [-66.712535, 10.449438], [-66.71408399999984, 10.46082500000017], [-66.712068, 10.465129000000104], [-66.722583, 10.477699000000143], [-66.7205479999999, 10.486441000000127], [-66.72308, 10.493907], [-66.718161, 10.505738000000179], [-66.71899799999989, 10.511086000000148], [-66.713454, 10.529258], [-66.71279519899997, 10.540939657000138]]]}}, {"type": "Feature", "properties": {"parroquia": "Filas de Mariches", "municipio": "Sucre", "estado": "Miranda", "pcode": "VE151903", "estado_pcode": "VE15", "municipio_pcode": "VE1519", "center_lat": 10.42192, "center_lon": -66.72305297, "area_sqkm": 33.5629033}, "geometry": {"type": "Polygon", "coordinates": [[[-66.767556, 10.430854000000181], [-66.75873599999989, 10.42909], [-66.759795, 10.424708], [-66.754714, 10.4222], [-66.75431699999984, 10.417169000000115], [-66.746903, 10.412141000000133], [-66.747435, 10.4088670000001], [-66.744626, 10.408611], [-66.745665, 10.403790000000129], [-66.735854, 10.405243], [-66.724607, 10.397013], [-66.71888299999989, 10.399419], [-66.712606, 10.393513000000155], [-66.705005, 10.392388000000153], [-66.701859, 10.40075000000013], [-66.693292, 10.404407], [-66.695529, 10.414281], [-66.6911879999999, 10.42523], [-66.706292, 10.436696], [-66.705666, 10.43940700000013], [-66.712535, 10.449438], [-66.73124, 10.442643], [-66.73878199999984, 10.443726], [-66.7426569999999, 10.44855], [-66.750387, 10.44495400000011], [-66.753226, 10.449277], [-66.756787, 10.448351000000116], [-66.756547, 10.450595], [-66.760616, 10.451155000000142], [-66.765847, 10.449776], [-66.764393, 10.447407], [-66.767556, 10.430854000000181]]]}}, {"type": "Feature", "properties": {"parroquia": "La Dolorita", "municipio": "Sucre", "estado": "Miranda", "pcode": "VE151904", "estado_pcode": "VE15", "municipio_pcode": "VE1519", "center_lat": 10.461361, "center_lon": -66.77217435, "area_sqkm": 12.60938517}, "geometry": {"type": "Polygon", "coordinates": [[[-66.767556, 10.430854000000181], [-66.764393, 10.447407], [-66.765847, 10.449776], [-66.760616, 10.451155000000142], [-66.760512, 10.462949], [-66.76922799999988, 10.473548], [-66.765289, 10.476365], [-66.76668, 10.483573000000149], [-66.778614, 10.484645000000171], [-66.784145, 10.489985], [-66.78927, 10.49111100000016], [-66.786082, 10.482939], [-66.788792, 10.480263], [-66.787742, 10.476923], [-66.795735, 10.474237000000187], [-66.784886, 10.461545], [-66.77651, 10.458774000000119], [-66.7796919999999, 10.453784], [-66.77872199999985, 10.450229], [-66.782273, 10.441217000000165], [-66.780867, 10.436235], [-66.772867, 10.432730000000106], [-66.773086, 10.430918000000133], [-66.767556, 10.430854000000181]]]}}, {"type": "Feature", "properties": {"parroquia": "Leoncio Martínez", "municipio": "Sucre", "estado": "Miranda", "pcode": "VE151905", "estado_pcode": "VE15", "municipio_pcode": "VE1519", "center_lat": 10.5122315, "center_lon": -66.82719657, "area_sqkm": 20.92280039}, "geometry": {"type": "Polygon", "coordinates": [[[-66.82820499999985, 10.477429], [-66.825893, 10.47614300000015], [-66.82366599999989, 10.482184000000132], [-66.824869, 10.487883], [-66.82014, 10.485191], [-66.815887, 10.499998], [-66.815813, 10.514446], [-66.81217, 10.519602], [-66.80826514599988, 10.541277255000182], [-66.81581621299995, 10.54853580800011], [-66.82277251899995, 10.548740783000085], [-66.83542205599997, 10.544766597000091], [-66.84011522799995, 10.539076414000078], [-66.84624056999996, 10.538286096000036], [-66.839758, 10.531161000000111], [-66.837006, 10.523855], [-66.837932, 10.508171], [-66.8429569999999, 10.496554], [-66.8439489999999, 10.483943000000181], [-66.82820499999985, 10.477429]]]}}, {"type": "Feature", "properties": {"parroquia": "Cua", "municipio": "Urdaneta", "estado": "Miranda", "pcode": "VE152001", "estado_pcode": "VE15", "municipio_pcode": "VE1520", "center_lat": 10.118248, "center_lon": -66.94281106, "area_sqkm": 258.09738658}, "geometry": {"type": "Polygon", "coordinates": [[[-66.898135, 10.236316000000102], [-66.905333, 10.236567], [-66.918826, 10.224165000000141], [-66.975915, 10.220585], [-66.974322, 10.198640000000125], [-66.96593, 10.191863000000183], [-66.962264, 10.17569200000014], [-66.969075, 10.150173], [-66.979099, 10.127303000000154], [-66.986208, 10.106605000000172], [-66.993189, 10.100853000000143], [-66.992353, 10.090105000000108], [-66.99773639199992, 10.069001713000034], [-66.98073931399995, 10.070016653000039], [-66.96781205399998, 10.067980235999983], [-66.95860348799994, 10.039444544000105], [-66.93862461299994, 10.03939365400015], [-66.92506395299995, 10.026223383000115], [-66.93303720899985, 10.010586929000112], [-66.91954964099995, 10.015566135000142], [-66.91191931899994, 10.015797185000054], [-66.9042640049999, 10.021281370000054], [-66.89144939899984, 10.013386237000077], [-66.87926479199996, 10.000185957000156], [-66.87469007299995, 9.999328248000154], [-66.858577, 10.027887], [-66.849638, 10.032835000000148], [-66.847247, 10.038299000000166], [-66.84393, 10.070949000000155], [-66.8467849999999, 10.083379], [-66.851008, 10.084605000000124], [-66.853885, 10.076197], [-66.860294, 10.071521], [-66.87198299999989, 10.07094700000016], [-66.878136, 10.081084], [-66.884704, 10.083354000000156], [-66.88713699999988, 10.091243], [-66.90815, 10.103617], [-66.9037, 10.113183000000163], [-66.90263299999987, 10.120001000000116], [-66.90483299999988, 10.12351800000016], [-66.891966, 10.14200000000011], [-66.89795, 10.152233], [-66.892237, 10.155203], [-66.883245, 10.145814], [-66.862853, 10.135892], [-66.857213, 10.128665], [-66.852871, 10.130694], [-66.85277799999989, 10.133385000000146], [-66.849856, 10.134172], [-66.849496, 10.132144], [-66.84161899999987, 10.135805000000175], [-66.8382069999999, 10.134542000000124], [-66.83781, 10.131776], [-66.833197, 10.131381], [-66.840874, 10.156042000000184], [-66.845085, 10.162026], [-66.84494299999989, 10.16604400000017], [-66.853734, 10.175939000000142], [-66.86914399999989, 10.18163], [-66.871068, 10.18698000000012], [-66.884362, 10.19956], [-66.88326799999987, 10.206425000000138], [-66.891458, 10.217628], [-66.888947, 10.225710000000106], [-66.898135, 10.236316000000102]]]}}, {"type": "Feature", "properties": {"parroquia": "Nueva Cua", "municipio": "Urdaneta", "estado": "Miranda", "pcode": "VE152002", "estado_pcode": "VE15", "municipio_pcode": "VE1520", "center_lat": 10.1129085, "center_lon": -66.87376463, "area_sqkm": 41.5590385}, "geometry": {"type": "Polygon", "coordinates": [[[-66.833197, 10.131381], [-66.83781, 10.131776], [-66.8382069999999, 10.134542000000124], [-66.84161899999987, 10.135805000000175], [-66.849496, 10.132144], [-66.849856, 10.134172], [-66.85277799999989, 10.133385000000146], [-66.852871, 10.130694], [-66.857213, 10.128665], [-66.862853, 10.135892], [-66.883245, 10.145814], [-66.892237, 10.155203], [-66.89795, 10.152233], [-66.891966, 10.14200000000011], [-66.90483299999988, 10.12351800000016], [-66.90263299999987, 10.120001000000116], [-66.9037, 10.113183000000163], [-66.90815, 10.103617], [-66.88713699999988, 10.091243], [-66.884704, 10.083354000000156], [-66.878136, 10.081084], [-66.87198299999989, 10.07094700000016], [-66.860294, 10.071521], [-66.853885, 10.076197], [-66.851008, 10.084605000000124], [-66.8467849999999, 10.083379], [-66.842843, 10.097153], [-66.847202, 10.103185000000167], [-66.843258, 10.114403], [-66.84307899999988, 10.124221], [-66.833197, 10.131381]]]}}, {"type": "Feature", "properties": {"parroquia": "Guatire", "municipio": "Zamora", "estado": "Miranda", "pcode": "VE152101", "estado_pcode": "VE15", "municipio_pcode": "VE1521", "center_lat": 10.4365805, "center_lon": -66.55159008, "area_sqkm": 230.38436579}, "geometry": {"type": "Polygon", "coordinates": [[[-66.53625287399996, 10.55284624900014], [-66.54057610799998, 10.547378394000077], [-66.55137758499984, 10.546774317000086], [-66.56990641899984, 10.550555309000117], [-66.5830840399999, 10.55694640400003], [-66.59168039799994, 10.553913266000052], [-66.60038573999998, 10.54713703300007], [-66.60389034499997, 10.538833216000057], [-66.600946, 10.520268000000158], [-66.60396899999989, 10.499226000000135], [-66.592206, 10.492947000000186], [-66.585026, 10.481879000000106], [-66.587329, 10.474918], [-66.576601, 10.454763], [-66.577044, 10.449734], [-66.591793, 10.428313], [-66.589905, 10.422189000000174], [-66.593335, 10.409481], [-66.584061, 10.406823], [-66.56790299999989, 10.395291], [-66.543389, 10.38820800000019], [-66.540644, 10.382062], [-66.540557, 10.371294], [-66.542982, 10.366947000000152], [-66.53053, 10.34524], [-66.53149999999988, 10.32971700000013], [-66.519641, 10.322011], [-66.517191, 10.316833], [-66.491832, 10.324397], [-66.48349, 10.334397], [-66.48667, 10.336753000000158], [-66.474596, 10.354548], [-66.471835, 10.367456000000175], [-66.477329, 10.380383], [-66.47568299999983, 10.385520000000156], [-66.477706, 10.384953000000166], [-66.481468, 10.389393000000155], [-66.499204, 10.387540000000115], [-66.500774, 10.389837000000114], [-66.498076, 10.392088], [-66.50528, 10.395475000000147], [-66.50521, 10.423648], [-66.51159699999988, 10.434088], [-66.517637, 10.437392], [-66.518732, 10.453298000000188], [-66.514511, 10.459138], [-66.490666, 10.47351], [-66.48027499999989, 10.484343], [-66.47876499999984, 10.489669], [-66.485076, 10.502714], [-66.475253, 10.511804], [-66.47068633699996, 10.532245285000045], [-66.49600209499988, 10.538835426000048], [-66.49888425699999, 10.544338548000098], [-66.50629260599993, 10.54845862400009], [-66.53625287399996, 10.55284624900014]]]}}, {"type": "Feature", "properties": {"parroquia": "Bolívar", "municipio": "Zamora", "estado": "Miranda", "pcode": "VE152102", "estado_pcode": "VE15", "municipio_pcode": "VE1521", "center_lat": 10.456036, "center_lon": -66.44122864, "area_sqkm": 218.52807934}, "geometry": {"type": "Polygon", "coordinates": [[[-66.3467525509999, 10.525569033000068], [-66.35163571499999, 10.53629618499997], [-66.36018611599991, 10.540563255999984], [-66.39114444599994, 10.535109935000094], [-66.40260796199993, 10.536116889000084], [-66.41487754099995, 10.543052003000128], [-66.4208608049999, 10.542587955000101], [-66.42613402199987, 10.540987887000028], [-66.43054817999996, 10.534539690000031], [-66.44528181099992, 10.529941482000083], [-66.45599334199989, 10.540845703], [-66.47068633699996, 10.532245285000045], [-66.475253, 10.511804], [-66.485076, 10.502714], [-66.47876499999984, 10.489669], [-66.48027499999989, 10.484343], [-66.490666, 10.47351], [-66.514511, 10.459138], [-66.518732, 10.453298000000188], [-66.517637, 10.437392], [-66.51159699999988, 10.434088], [-66.50521, 10.423648], [-66.50528, 10.395475000000147], [-66.498076, 10.392088], [-66.500774, 10.389837000000114], [-66.499204, 10.387540000000115], [-66.481468, 10.389393000000155], [-66.477706, 10.384953000000166], [-66.474878, 10.389925000000119], [-66.431189, 10.370347], [-66.4192599999999, 10.38154], [-66.42324, 10.386818], [-66.422246, 10.389654], [-66.409066, 10.391914], [-66.405286, 10.397297], [-66.405355, 10.405003000000136], [-66.412811, 10.410456000000124], [-66.409004, 10.421163], [-66.412152, 10.439070000000129], [-66.40035099999989, 10.446212], [-66.379132, 10.44981300000012], [-66.374909, 10.455042], [-66.365134, 10.455475], [-66.362799, 10.461774], [-66.357136, 10.463426], [-66.355101, 10.470581], [-66.35015799999985, 10.475319000000184], [-66.346976, 10.47531800000013], [-66.347193, 10.479946], [-66.352131, 10.484267000000159], [-66.350977, 10.488373], [-66.36205, 10.507448], [-66.359414, 10.516471], [-66.3467525509999, 10.525569033000068]]]}}, {"type": "Feature", "properties": {"parroquia": "Machurucuto", "municipio": "Pedro Gual", "estado": "Miranda", "pcode": "VE151602", "estado_pcode": "VE15", "municipio_pcode": "VE1516", "center_lat": 10.1941505, "center_lon": -65.65841383, "area_sqkm": 20.30313055}, "geometry": {"type": "Polygon", "coordinates": [[[-65.62982355199995, 10.19829705800015], [-65.68621302899987, 10.219353291], [-65.690513, 10.20710600000018], [-65.693087, 10.201205], [-65.68727699999988, 10.201937], [-65.688253, 10.184566], [-65.693203, 10.180779], [-65.681929, 10.181299], [-65.68124099999989, 10.186978000000124], [-65.677176, 10.18943800000011], [-65.675181, 10.185514000000126], [-65.666137, 10.185992], [-65.66339, 10.185004], [-65.66385, 10.18147800000014], [-65.650593, 10.178819], [-65.65032799999989, 10.170848], [-65.647413, 10.168173], [-65.643513, 10.168102], [-65.639951, 10.171499000000154], [-65.637547, 10.17614], [-65.638108, 10.183077], [-65.632574, 10.186576], [-65.633347, 10.193671], [-65.629403, 10.191116], [-65.62982355199995, 10.19829705800015]]]}}]}