{"type": "FeatureCollection", "features": [{"type": "Feature", "properties": {"parroquia": "Teresen", "municipio": "Caripe", "estado": "Monagas", "pcode": "VE160406", "estado_pcode": "VE16", "municipio_pcode": "VE1604", "center_lat": 10.17615554, "center_lon": -63.34714137, "area_sqkm": 397.24622061}, "geometry": {"type": "Polygon", "coordinates": [[[-63.19578488899998, 10.161637682000105], [-63.21212546499987, 10.16275007500019], [-63.223507136999956, 10.191638831000034], [-63.25534458899995, 10.191508657999975], [-63.25651669999991, 10.202397955000094], [-63.287144152999986, 10.211737069000094], [-63.33567537599993, 10.21260383800012], [-63.35462541199996, 10.24449663900009], [-63.3883289289999, 10.239016306000053], [-63.40123562399998, 10.259160807000171], [-63.427390566999975, 10.255469803000153], [-63.446228999999846, 10.234278], [-63.45148499999988, 10.231924000000163], [-63.45549, 10.225170000000162], [-63.467783, 10.220421000000158], [-63.470206, 10.216794000000107], [-63.483635999999876, 10.214156000000116], [-63.474912, 10.194865], [-63.481436, 10.18956100000014], [-63.464506642999936, 10.139794854000058], [-63.455385, 10.140762000000166], [-63.444329, 10.122491], [-63.454524999999876, 10.106795], [-63.401871, 10.107513000000154], [-63.383982, 10.087062], [-63.342569, 10.091458000000102], [-63.323563, 10.072374], [-63.304298, 10.067634000000112], [-63.243633, 10.099669], [-63.226726, 10.12246400000015], [-63.19578488899998, 10.161637682000105]]]}}, {"type": "Feature", "properties": {"parroquia": "Capital Cedeño", "municipio": "Cedeño", "estado": "Monagas", "pcode": "VE160501", "estado_pcode": "VE16", "municipio_pcode": "VE1605", "center_lat": 9.816125, "center_lon": -63.57700637, "area_sqkm": 384.68409759}, "geometry": {"type": "Polygon", "coordinates": [[[-63.493596, 9.825770000000148], [-63.495459, 9.834121], [-63.491912, 9.842372000000125], [-63.49400999999989, 9.852324], [-63.503681, 9.856916000000183], [-63.510553, 9.867002000000184], [-63.507691, 9.88108], [-63.517297, 9.892167], [-63.521962, 9.892132], [-63.521723, 9.896691000000146], [-63.536446999999896, 9.899130000000127], [-63.56673099999989, 9.927071], [-63.569701, 9.934705], [-63.560202, 9.948823], [-63.561168, 9.956964], [-63.576902, 9.948477], [-63.578869, 9.942847], [-63.583427, 9.939682], [-63.58600399999989, 9.930605], [-63.590227, 9.927864000000113], [-63.592844, 9.919455], [-63.603378, 9.915474000000131], [-63.620646, 9.897994], [-63.712561, 9.856430000000103], [-63.70832699999988, 9.855648], [-63.708317, 9.846618], [-63.69686599999983, 9.844108], [-63.68458, 9.83170200000012], [-63.676126, 9.833354], [-63.67752, 9.827509000000134], [-63.656057, 9.815448000000174], [-63.65717399999983, 9.810236], [-63.652351999999894, 9.808027], [-63.651225999999895, 9.804209000000128], [-63.640769, 9.803337000000113], [-63.63682199999988, 9.800383000000124], [-63.637573, 9.7953], [-63.634198, 9.791543], [-63.62597, 9.78656500000011], [-63.618654999999876, 9.785875], [-63.615625, 9.782012000000122], [-63.63111199999986, 9.759234], [-63.628662, 9.755374], [-63.630414, 9.74565600000011], [-63.605724, 9.742849], [-63.544843, 9.675795], [-63.502589999999884, 9.69129700000019], [-63.49041199999982, 9.734337], [-63.480145, 9.769804], [-63.495752, 9.802038], [-63.497642, 9.819411000000116], [-63.493596, 9.825770000000148]]]}}, {"type": "Feature", "properties": {"parroquia": "Areo", "municipio": "Cedeño", "estado": "Monagas", "pcode": "VE160502", "estado_pcode": "VE16", "municipio_pcode": "VE1605", "center_lat": 9.81619565, "center_lon": -63.82981849, "area_sqkm": 1255.45031805}, "geometry": {"type": "Polygon", "coordinates": [[[-63.93255285399988, 10.084065239000154], [-63.94492546999999, 10.08823217600019], [-63.95641296699995, 10.084034999000096], [-63.95933508699994, 10.08296796000019], [-63.957438955999976, 10.073977715000183], [-63.9595720019999, 10.065443468000069], [-63.9562388089999, 10.05676424800015], [-63.958560905999946, 10.054282170000135], [-63.99121034099994, 10.046449776000088], [-63.99452549499989, 10.047601794000173], [-63.99904167599993, 10.042212624000172], [-64.01229026599998, 10.040075494000064], [-64.02237373199995, 10.04104547300011], [-64.04942101599994, 10.05302666200015], [-64.06115953699992, 10.051922564000108], [-64.06290160399993, 10.049643495000112], [-64.05641721599994, 10.030388000000187], [-64.06272236699994, 10.005502282000123], [-64.06132626699997, 9.99871709200005], [-64.0522568159999, 9.99067592700004], [-64.04694751099998, 9.97856661600008], [-64.04347917199988, 9.944363689999989], [-64.03801589999995, 9.93929657700005], [-64.03772383199993, 9.930188332000057], [-64.02095908099989, 9.93178846800015], [-64.01486984499991, 9.937508648], [-64.00435032899986, 9.930543512000156], [-63.98508449999997, 9.939114846000052], [-63.988178545999915, 9.921091338], [-63.98293717499996, 9.907720708000056], [-63.97448280899988, 9.898485790000109], [-63.956861998999955, 9.896402826000099], [-63.94191325099996, 9.882746516000111], [-63.94269025999995, 9.878335392000167], [-63.93318380699998, 9.874386337000033], [-63.932196740999984, 9.870003225000062], [-63.925689427999885, 9.86728617600005], [-63.91094965999997, 9.848887755000021], [-63.92901145299999, 9.843282504000115], [-63.93600878499984, 9.844624501000055], [-63.9395369049999, 9.838893326000061], [-63.945548171999974, 9.83696825100003], [-63.95439450499998, 9.823426833000156], [-63.94517599099993, 9.805653389000042], [-63.944692941999904, 9.799041212000134], [-63.94604894599996, 9.788480915999969], [-63.96039951299991, 9.772825411000042], [-63.958562324999946, 9.75303888100018], [-63.961035409999965, 9.745737676000147], [-63.95855523899991, 9.736503433000166], [-63.953955022999935, 9.734356390000073], [-63.94793059899985, 9.704991629000062], [-63.90492934599996, 9.645418218000032], [-63.82530816499997, 9.543549968000036], [-63.825250224999934, 9.543475845000046], [-63.726958, 9.645089000000155], [-63.72570499999989, 9.683542000000159], [-63.703735, 9.68437100000017], [-63.702436, 9.748882], [-63.712561, 9.856430000000103], [-63.719096, 9.86022800000012], [-63.717788, 9.868205], [-63.72267, 9.865447000000131], [-63.72997, 9.87270800000016], [-63.725971, 9.877823], [-63.730538, 9.879397], [-63.72743999999989, 9.890223], [-63.732014, 9.896622], [-63.73414899999989, 9.894266], [-63.743309999999894, 9.897528000000136], [-63.74352299999987, 9.909285000000182], [-63.747726999999884, 9.915123], [-63.747505, 9.92122200000017], [-63.75397399999986, 9.924447], [-63.755749, 9.930538], [-63.7919169999999, 9.946685], [-63.798964999999896, 9.954372000000149], [-63.81745199999989, 9.958458000000178], [-63.830818, 9.966911], [-63.794507999999894, 10.023677], [-63.818671, 10.02016], [-63.828966, 10.035649], [-63.83694899999989, 10.036472000000174], [-63.881351, 10.025777], [-63.897551, 10.029072], [-63.901083, 10.033638000000167], [-63.89017199999989, 10.048587000000168], [-63.8928, 10.053566], [-63.897322, 10.051015000000177], [-63.906279, 10.050872], [-63.911272, 10.053898000000117], [-63.909968, 10.068704], [-63.91802699999988, 10.073748], [-63.91896, 10.077374], [-63.93255285399988, 10.084065239000154]]]}}, {"type": "Feature", "properties": {"parroquia": "San Félix", "municipio": "Cedeño", "estado": "Monagas", "pcode": "VE160503", "estado_pcode": "VE16", "municipio_pcode": "VE1605", "center_lat": 9.961244, "center_lon": -63.69410444, "area_sqkm": 372.25590336}, "geometry": {"type": "Polygon", "coordinates": [[[-63.712561, 9.856430000000103], [-63.620646, 9.897994], [-63.603378, 9.915474000000131], [-63.592844, 9.919455], [-63.590227, 9.927864000000113], [-63.58600399999989, 9.930605], [-63.583427, 9.939682], [-63.578869, 9.942847], [-63.576902, 9.948477], [-63.561168, 9.956964], [-63.56555299999985, 9.960297], [-63.57546699999989, 9.976748], [-63.574986, 9.981661000000145], [-63.578098999999895, 9.985796000000107], [-63.593226, 9.986586000000102], [-63.60076, 9.990349], [-63.605931, 9.996644000000117], [-63.60623, 10.00552400000015], [-63.601866, 10.016285], [-63.614998, 10.028804], [-63.61195, 10.040672], [-63.616106, 10.062288000000137], [-63.628565, 10.066777000000116], [-63.646915, 10.047933], [-63.66759599999989, 10.035300000000177], [-63.677949, 10.03252], [-63.683137, 10.027305000000183], [-63.692948, 10.031918000000132], [-63.708833, 10.02577], [-63.70957, 10.030063], [-63.714352, 10.030595], [-63.717294, 10.037297], [-63.723444, 10.038496000000123], [-63.720761, 10.04373], [-63.7302, 10.048082000000136], [-63.75763, 10.038725], [-63.76337799999982, 10.039684], [-63.779276, 10.03571200000016], [-63.794507999999894, 10.023677], [-63.830818, 9.966911], [-63.81745199999989, 9.958458000000178], [-63.798964999999896, 9.954372000000149], [-63.7919169999999, 9.946685], [-63.755749, 9.930538], [-63.75397399999986, 9.924447], [-63.747505, 9.92122200000017], [-63.747726999999884, 9.915123], [-63.74352299999987, 9.909285000000182], [-63.743309999999894, 9.897528000000136], [-63.73414899999989, 9.894266], [-63.732014, 9.896622], [-63.72743999999989, 9.890223], [-63.730538, 9.879397], [-63.725971, 9.877823], [-63.72997, 9.87270800000016], [-63.72267, 9.865447000000131], [-63.717788, 9.868205], [-63.719096, 9.86022800000012], [-63.712561, 9.856430000000103]]]}}, {"type": "Feature", "properties": {"parroquia": "Viento Fresco", "municipio": "Cedeño", "estado": "Monagas", "pcode": "VE160504", "estado_pcode": "VE16", "municipio_pcode": "VE1605", "center_lat": 9.8011255, "center_lon": -63.67276446, "area_sqkm": 72.31410843}, "geometry": {"type": "Polygon", "coordinates": [[[-63.712561, 9.856430000000103], [-63.702436, 9.748882], [-63.630414, 9.74565600000011], [-63.628662, 9.755374], [-63.63111199999986, 9.759234], [-63.615625, 9.782012000000122], [-63.618654999999876, 9.785875], [-63.62597, 9.78656500000011], [-63.634198, 9.791543], [-63.637573, 9.7953], [-63.63682199999988, 9.800383000000124], [-63.640769, 9.803337000000113], [-63.651225999999895, 9.804209000000128], [-63.652351999999894, 9.808027], [-63.65717399999983, 9.810236], [-63.656057, 9.815448000000174], [-63.67752, 9.827509000000134], [-63.676126, 9.833354], [-63.68458, 9.83170200000012], [-63.69686599999983, 9.844108], [-63.708317, 9.846618], [-63.70832699999988, 9.855648], [-63.712561, 9.856430000000103]]]}}, {"type": "Feature", "properties": {"parroquia": "Capital Ezequiel Zamora", "municipio": "Ezequiel Zamora", "estado": "Monagas", "pcode": "VE160601", "estado_pcode": "VE16", "municipio_pcode": "VE1606", "center_lat": 9.7141445, "center_lon": -63.64165132, "area_sqkm": 169.88176737}, "geometry": {"type": "Polygon", "coordinates": [[[-63.521799, 9.63602], [-63.522984999999835, 9.651404], [-63.53068899999988, 9.65649500000012], [-63.53439699999984, 9.664354], [-63.539318999999864, 9.665619000000106], [-63.544843, 9.675795], [-63.605724, 9.742849], [-63.630414, 9.74565600000011], [-63.702436, 9.748882], [-63.703735, 9.68437100000017], [-63.693349, 9.681086000000164], [-63.689932, 9.675654000000122], [-63.680703, 9.67522], [-63.675223, 9.671611], [-63.667609, 9.6604430000001], [-63.660183, 9.65959], [-63.659071, 9.662200000000155], [-63.63825, 9.645907], [-63.621855, 9.640445000000113], [-63.609646, 9.629245], [-63.60474799999986, 9.631189], [-63.595342, 9.629521], [-63.588831, 9.633282], [-63.58062799999988, 9.631639000000177], [-63.573093999999855, 9.635119], [-63.564293, 9.634999], [-63.556754, 9.639671], [-63.545491, 9.630837], [-63.54222999999985, 9.633782], [-63.53719099999989, 9.634306], [-63.53495, 9.631916], [-63.521799, 9.63602]]]}}, {"type": "Feature", "properties": {"parroquia": "El Tejero", "municipio": "Ezequiel Zamora", "estado": "Monagas", "pcode": "VE160602", "estado_pcode": "VE16", "municipio_pcode": "VE1606", "center_lat": 9.6021925, "center_lon": -63.70345509, "area_sqkm": 254.69147566}, "geometry": {"type": "Polygon", "coordinates": [[[-63.703735, 9.68437100000017], [-63.72570499999989, 9.683542000000159], [-63.726958, 9.645089000000155], [-63.825250224999934, 9.543475845000046], [-63.82532198499996, 9.543413103000034], [-63.808678, 9.535454], [-63.794968, 9.535017000000153], [-63.791886, 9.529595], [-63.787241, 9.527387000000147], [-63.781987, 9.527391000000137], [-63.779108, 9.530836], [-63.772176999999886, 9.532865], [-63.762687, 9.51976500000012], [-63.742958, 9.512627000000123], [-63.732669, 9.514578], [-63.730677, 9.52376100000015], [-63.726876, 9.523439000000167], [-63.72093, 9.513025], [-63.71690999999987, 9.513442], [-63.712364, 9.5182], [-63.70393, 9.517664], [-63.694876, 9.510812], [-63.685519, 9.51043], [-63.676152, 9.505532000000187], [-63.667092, 9.496892000000116], [-63.660981, 9.499545], [-63.649614, 9.493995], [-63.641034, 9.498366], [-63.63825, 9.645907], [-63.659071, 9.662200000000155], [-63.660183, 9.65959], [-63.667609, 9.6604430000001], [-63.675223, 9.671611], [-63.680703, 9.67522], [-63.689932, 9.675654000000122], [-63.693349, 9.681086000000164], [-63.703735, 9.68437100000017]]]}}, {"type": "Feature", "properties": {"parroquia": "Capital Libertador", "municipio": "Libertador", "estado": "Monagas", "pcode": "VE160701", "estado_pcode": "VE16", "municipio_pcode": "VE1607", "center_lat": 9.0005695, "center_lon": -62.65463268, "area_sqkm": 1119.59612602}, "geometry": {"type": "Polygon", "coordinates": [[[-62.622068, 9.192017], [-62.621111, 9.19540400000011], [-62.62362799999988, 9.195144], [-62.623608, 9.199644], [-62.63190699999984, 9.201518], [-62.637561, 9.206753000000106], [-62.64225, 9.206213], [-62.64382799999987, 9.210948000000144], [-62.649433, 9.211752], [-62.649561, 9.214988], [-62.661711, 9.215781000000163], [-62.660805, 9.219557000000123], [-62.66631899999987, 9.233083], [-62.662435, 9.235289], [-62.6699789999999, 9.237814], [-62.673672, 9.235013000000151], [-62.674694, 9.239661000000126], [-62.678329, 9.235782], [-62.678361, 9.238629], [-62.68293599999987, 9.238228], [-62.684113, 9.242209000000116], [-62.687659, 9.240787], [-62.687935, 9.246892000000173], [-62.694733, 9.244741], [-62.69654799999989, 9.241550000000132], [-62.699171, 9.244457000000125], [-62.704396, 9.240144000000157], [-62.709415, 9.242309], [-62.717403, 9.234886000000131], [-62.725649, 9.235977000000162], [-62.73407, 9.248547000000144], [-62.748486, 9.245083], [-62.751796, 9.241253], [-62.767516999999884, 9.234558000000163], [-62.773614, 9.219601], [-62.780535, 9.218137], [-62.779970999999875, 9.209258], [-62.787112, 9.206826000000149], [-62.796816, 9.189825000000155], [-62.793743, 9.179945000000146], [-62.79475699999989, 9.17354900000015], [-62.790414, 9.167863], [-62.793979, 9.158082], [-62.79234099999985, 9.156449000000123], [-62.79009799999989, 9.158406], [-62.790914, 9.15502], [-62.79545, 9.147179000000165], [-62.798654, 9.148333], [-62.798546, 9.144936], [-62.805474, 9.140187], [-62.806564, 9.130414], [-62.802383, 9.126748], [-62.803018, 9.119575], [-62.796594, 9.109782000000166], [-62.797328, 9.10320600000017], [-62.792743, 9.100532], [-62.791568, 9.086724000000117], [-62.78603, 9.079491000000132], [-62.780795, 9.078593], [-62.776248, 9.071118000000126], [-62.777589, 9.048829000000126], [-62.77222899999987, 9.040882], [-62.77559699999989, 9.028142000000173], [-62.773755, 9.022608], [-62.777147, 9.003919], [-62.775751, 9.001044], [-62.781034, 8.991144000000133], [-62.787237, 8.986408000000154], [-62.796406, 8.966933], [-62.796613, 8.950876000000108], [-62.806417999999894, 8.930576], [-62.804657, 8.928144], [-62.808355, 8.916173], [-62.816947, 8.904549], [-62.819859, 8.894368000000156], [-62.833882, 8.885545], [-62.847435, 8.866504], [-62.858568999999875, 8.858999], [-62.869265, 8.84677100000016], [-62.88105099999984, 8.826419], [-62.894934, 8.815310000000125], [-62.894429999999886, 8.813061], [-62.901066, 8.811238000000174], [-62.906727, 8.804619000000173], [-62.911466, 8.80394200000012], [-62.914828999999884, 8.796536000000174], [-62.933414000999846, 8.776974998000128], [-62.871319, 8.752293], [-62.867975999999885, 8.757641], [-62.86693799999989, 8.768209000000127], [-62.8589879999999, 8.769299], [-62.852658, 8.763968], [-62.85023699999988, 8.76852], [-62.84097, 8.772843], [-62.822001999999884, 8.788212000000158], [-62.81294, 8.786551], [-62.802034, 8.793977], [-62.784447, 8.794961], [-62.759221, 8.80293], [-62.750077, 8.814642000000106], [-62.739259, 8.817209], [-62.7266, 8.825406], [-62.710633, 8.825275], [-62.698453, 8.838674], [-62.689612, 8.84098500000016], [-62.684158, 8.839305], [-62.679696, 8.834187], [-62.662257, 8.834096000000159], [-62.648722, 8.83018200000015], [-62.6642829999999, 8.878121], [-62.661168, 8.883735], [-62.657972, 8.881851], [-62.652296, 8.889388], [-62.643863999999894, 8.889644], [-62.642754, 8.896983000000148], [-62.635587, 8.901293], [-62.631634, 8.897203], [-62.622246999999845, 8.899237000000142], [-62.622647, 8.902847], [-62.606916, 8.904851000000122], [-62.593278, 8.919906], [-62.589521, 8.917532], [-62.58251499999989, 8.920645], [-62.57610099999988, 8.930754], [-62.57206599999989, 8.947425], [-62.569536, 8.946755], [-62.569698, 8.950661], [-62.554548, 8.967907], [-62.541596, 8.975293000000136], [-62.522953, 8.97371500000014], [-62.54978499999987, 9.043823], [-62.622068, 9.192017]]]}}, {"type": "Feature", "properties": {"parroquia": "Chaguaramas", "municipio": "Libertador", "estado": "Monagas", "pcode": "VE160702", "estado_pcode": "VE16", "municipio_pcode": "VE1607", "center_lat": 8.6539297, "center_lon": -62.86562948, "area_sqkm": 1060.37466934}, "geometry": {"type": "Polygon", "coordinates": [[[-62.648722, 8.83018200000015], [-62.662257, 8.834096000000159], [-62.679696, 8.834187], [-62.684158, 8.839305], [-62.689612, 8.84098500000016], [-62.698453, 8.838674], [-62.710633, 8.825275], [-62.7266, 8.825406], [-62.739259, 8.817209], [-62.750077, 8.814642000000106], [-62.759221, 8.80293], [-62.784447, 8.794961], [-62.802034, 8.793977], [-62.81294, 8.786551], [-62.822001999999884, 8.788212000000158], [-62.84097, 8.772843], [-62.85023699999988, 8.76852], [-62.852658, 8.763968], [-62.8589879999999, 8.769299], [-62.86693799999989, 8.768209000000127], [-62.867975999999885, 8.757641], [-62.871319, 8.752293], [-62.933414000999846, 8.776974998000128], [-62.94918599999983, 8.761477000000184], [-62.952937, 8.75396700000016], [-62.956881, 8.754852], [-62.95936099999989, 8.750296], [-62.968133, 8.745164000000102], [-62.984922, 8.742209], [-63.00234399999988, 8.746465000000114], [-63.00339155599994, 8.751777878000041], [-63.020714847999955, 8.752342356000042], [-63.02532204399995, 8.74954626300007], [-63.046206788999825, 8.703405946000032], [-63.04257945699999, 8.663397899000074], [-63.04569851699995, 8.645115402000044], [-63.039171013999976, 8.598734212000068], [-63.00126005899989, 8.547266015000162], [-62.72579628099999, 8.478638471000181], [-62.682434999999884, 8.67494], [-62.68200999999988, 8.676868], [-62.697004999999876, 8.678936], [-62.70605299999988, 8.685683], [-62.711689, 8.684312], [-62.730847, 8.687578000000144], [-62.7496129999999, 8.680784], [-62.755147, 8.681568], [-62.766428, 8.670191], [-62.779156, 8.662744], [-62.648722, 8.83018200000015]]]}}, {"type": "Feature", "properties": {"parroquia": "Las Alhuacas", "municipio": "Libertador", "estado": "Monagas", "pcode": "VE160703", "estado_pcode": "VE16", "municipio_pcode": "VE1607", "center_lat": 9.2170655, "center_lon": -62.47913147, "area_sqkm": 492.19111965}, "geometry": {"type": "Polygon", "coordinates": [[[-62.54978499999987, 9.043823], [-62.53753099999989, 9.047897], [-62.533979, 9.05287600000014], [-62.527727, 9.053961], [-62.526574, 9.056363], [-62.512072, 9.059911000000113], [-62.498337999999876, 9.074982], [-62.49306, 9.07341], [-62.47333, 9.075396], [-62.465785, 9.080545000000143], [-62.461384, 9.079086000000189], [-62.459455, 9.08481], [-62.448928, 9.08846], [-62.37187283199995, 9.389451658000041], [-62.459244999999896, 9.353379], [-62.471587, 9.339789], [-62.48034699999988, 9.336988], [-62.496734, 9.324622], [-62.500834999999825, 9.316887000000122], [-62.505946, 9.314646000000153], [-62.508316, 9.306926], [-62.504121, 9.292969], [-62.506031, 9.285576], [-62.50130699999988, 9.280603], [-62.509167999999875, 9.27601], [-62.509406, 9.263609], [-62.514708, 9.264120000000105], [-62.519655, 9.272626], [-62.524028, 9.270484000000124], [-62.538257, 9.275366000000133], [-62.540583, 9.270081000000175], [-62.539997, 9.256448], [-62.54128999999989, 9.254022], [-62.548269, 9.253433], [-62.551721, 9.243289000000118], [-62.54482399999989, 9.234233], [-62.54739699999982, 9.226074], [-62.545464, 9.218405000000189], [-62.53925, 9.212555], [-62.542754, 9.211503], [-62.541678, 9.20821], [-62.547338, 9.20777500000014], [-62.554926, 9.212253], [-62.55764, 9.208799000000113], [-62.560792, 9.21374400000019], [-62.57076, 9.207356000000118], [-62.569149999999865, 9.20395400000018], [-62.57310599999988, 9.199728000000107], [-62.588398, 9.204664], [-62.58916, 9.200383000000102], [-62.59584899999987, 9.194493], [-62.595629, 9.197619], [-62.606231, 9.20082], [-62.609288999999876, 9.197086000000184], [-62.612435, 9.19720800000016], [-62.61255199999988, 9.193120000000135], [-62.61520999999988, 9.19497], [-62.622068, 9.192017], [-62.54978499999987, 9.043823]]]}}, {"type": "Feature", "properties": {"parroquia": "Tabasca", "municipio": "Libertador", "estado": "Monagas", "pcode": "VE160704", "estado_pcode": "VE16", "municipio_pcode": "VE1607", "center_lat": 9.18070764, "center_lon": -62.36620313, "area_sqkm": 490.02401778}, "geometry": {"type": "Polygon", "coordinates": [[[-62.522953, 8.97371500000014], [-62.519653, 8.978182], [-62.513898, 8.979578000000117], [-62.50945599999983, 8.984452000000147], [-62.501702, 8.986688], [-62.4881079999999, 8.996427], [-62.475133, 8.992848], [-62.464941999999894, 8.998510000000124], [-62.448302, 8.996756000000175], [-62.438569, 9.004883], [-62.433186, 9.003612], [-62.4322939999999, 9.000401000000124], [-62.421875999999884, 8.997919], [-62.41221999999988, 9.004734000000155], [-62.406015, 9.006080000000168], [-62.389237, 9.026222000000132], [-62.388489, 9.034265000000175], [-62.38222499999989, 9.031871], [-62.361633, 9.039305000000127], [-62.34735599999982, 9.040028], [-62.346085, 9.04800500000016], [-62.355308, 9.05187], [-62.357754, 9.055681], [-62.354951, 9.064568000000122], [-62.348047, 9.069228], [-62.347256, 9.073863], [-62.350885, 9.077296], [-62.350626, 9.082058], [-62.348262, 9.085517], [-62.337353, 9.081678], [-62.324799, 9.096758], [-62.322785, 9.105491], [-62.329176, 9.117683], [-62.32646199999988, 9.12695], [-62.320674426999915, 9.12794463400013], [-62.32664571999999, 9.131846705000157], [-62.321871718999944, 9.177298982000082], [-62.309336147999886, 9.178967084000078], [-62.30485195099993, 9.182448198000145], [-62.301963856999976, 9.190224429000068], [-62.307190197999944, 9.211549989000105], [-62.29886487499988, 9.22558140700005], [-62.30190004699995, 9.231174549000059], [-62.30932539699995, 9.234864621000042], [-62.32432518699983, 9.256078128000127], [-62.32673337499995, 9.270708521000131], [-62.32164625199994, 9.294351198000129], [-62.328108560999965, 9.297124244000088], [-62.33987620099998, 9.317603757000029], [-62.340976298999976, 9.328200040000013], [-62.33772917399989, 9.334354229000041], [-62.32543065699997, 9.345838597000068], [-62.32310359199994, 9.353861835000089], [-62.33267210599996, 9.36898221399997], [-62.349012924999954, 9.382427504000077], [-62.37170516499998, 9.389519395999969], [-62.37187283199995, 9.389451658000041], [-62.448928, 9.08846], [-62.459455, 9.08481], [-62.461384, 9.079086000000189], [-62.465785, 9.080545000000143], [-62.47333, 9.075396], [-62.49306, 9.07341], [-62.498337999999876, 9.074982], [-62.512072, 9.059911000000113], [-62.526574, 9.056363], [-62.527727, 9.053961], [-62.533979, 9.05287600000014], [-62.53753099999989, 9.047897], [-62.54978499999987, 9.043823], [-62.522953, 8.97371500000014]]]}}, {"type": "Feature", "properties": {"parroquia": "Capital Maturín", "municipio": "Maturín", "estado": "Monagas", "pcode": "VE160801", "estado_pcode": "VE16", "municipio_pcode": "VE1608", "center_lat": 9.34127, "center_lon": -62.93820767, "area_sqkm": 9225.88155479}, "geometry": {"type": "Polygon", "coordinates": [[[-62.2908645039999, 9.934030899000106], [-62.332513, 9.938675], [-62.36939699999988, 9.938974], [-62.37198099999989, 9.926712], [-62.388452, 9.902688000000182], [-62.50009199999988, 9.81533800000011], [-62.510898, 9.814937000000157], [-62.51629999999989, 9.812223000000131], [-62.521906, 9.797656], [-62.533628, 9.779069000000163], [-62.531284, 9.772439000000134], [-62.520479, 9.769324000000154], [-62.5210909999999, 9.759378], [-62.550753, 9.740390000000161], [-62.554321, 9.741194], [-62.564514, 9.75315], [-62.569203, 9.753652], [-62.58734699999985, 9.739184], [-62.59030299999989, 9.721101], [-62.607428, 9.725622], [-62.627509, 9.721100000000149], [-62.636887, 9.722607000000153], [-62.646876, 9.732654], [-62.647896, 9.743705000000148], [-62.653195999999866, 9.750436], [-62.665122, 9.749733000000106], [-62.6714429999999, 9.741395000000182], [-62.687853, 9.739486000000113], [-62.68989199999987, 9.735266], [-62.688974, 9.722306000000117], [-62.691828, 9.720296], [-62.70409499999988, 9.72723000000019], [-62.708878999999854, 9.733501], [-62.713931, 9.726954], [-62.72486, 9.725882], [-62.720983, 9.738592], [-62.727897, 9.739722000000143], [-62.738006, 9.745926], [-62.748037999999895, 9.74347500000016], [-62.750017, 9.745911], [-62.755461, 9.744583000000148], [-62.774451, 9.726492], [-62.782151, 9.723001], [-62.790572, 9.728691], [-62.810459, 9.732210000000123], [-62.824681, 9.740237], [-62.829742999999894, 9.736390000000142], [-62.846012, 9.747331000000145], [-62.852373, 9.748227], [-62.873014999999896, 9.737668000000156], [-62.876323, 9.726808], [-62.872247, 9.722122000000127], [-62.87068099999988, 9.714722000000165], [-62.874527, 9.70819100000017], [-62.884705, 9.70898700000015], [-62.885959, 9.713594000000114], [-62.890187, 9.715282000000173], [-62.895076, 9.713791], [-62.90283899999986, 9.699882000000116], [-62.9202489999999, 9.697890000000143], [-62.923313, 9.695521], [-62.91988, 9.69186800000017], [-62.922741, 9.688125], [-62.92199699999986, 9.683292], [-62.926453999999865, 9.679945], [-62.936087, 9.678014000000132], [-62.935612999999876, 9.680874000000188], [-62.939701, 9.682904000000121], [-62.947094, 9.679911], [-62.951980999999876, 9.690528000000143], [-62.960415, 9.693697000000157], [-62.956947, 9.686862], [-62.958369, 9.684029000000123], [-62.964937, 9.685153], [-62.967384, 9.680676000000119], [-62.966406, 9.6763], [-62.982716, 9.677369], [-62.982647, 9.67127900000014], [-62.987529, 9.671091], [-62.988981, 9.666565], [-62.997987, 9.671154000000115], [-62.997711, 9.664743000000101], [-63.002418, 9.665564000000131], [-63.015902, 9.658262], [-63.0230049999999, 9.659622], [-63.027194999999836, 9.656790000000171], [-63.027744, 9.653138000000183], [-63.041882, 9.647907], [-63.05298399999987, 9.647643], [-63.05509699999982, 9.65239], [-63.057434999999884, 9.650497000000144], [-63.064952, 9.652967], [-63.079686, 9.646947], [-63.08471, 9.650066], [-63.09316799999988, 9.648914000000104], [-63.095456, 9.654167], [-63.101443, 9.655705000000125], [-63.102627, 9.653626], [-63.10858999999988, 9.659195], [-63.118681, 9.64759000000015], [-63.131908999999894, 9.645542000000148], [-63.134008, 9.64795], [-63.139495999999895, 9.645033000000126], [-63.15098299999988, 9.712523000000147], [-63.20317199999988, 9.691926], [-63.240464, 9.702303], [-63.23140999999987, 9.643143], [-63.234476, 9.642756], [-63.235425, 9.638747000000137], [-63.239016, 9.638715000000161], [-63.239615, 9.635775], [-63.249339, 9.632953], [-63.253259, 9.633731], [-63.265087, 9.712505], [-63.340336, 9.697050000000104], [-63.329378, 9.628428], [-63.344674, 9.624974000000122], [-63.35205, 9.629656], [-63.359813, 9.63052000000016], [-63.362214, 9.633988], [-63.36522, 9.633186], [-63.37013899999988, 9.637970000000166], [-63.37824, 9.637216000000137], [-63.381445, 9.640976], [-63.38455199999987, 9.638802], [-63.395361, 9.643285000000105], [-63.408506, 9.644866], [-63.413147, 9.64345900000012], [-63.417205, 9.646368000000109], [-63.42148, 9.644724000000167], [-63.428442, 9.648363000000131], [-63.431582, 9.645709000000124], [-63.44310299999984, 9.65464900000012], [-63.452107999999896, 9.65389], [-63.45139799999987, 9.499018000000149], [-63.47500499999984, 9.491051], [-63.483108, 9.493180000000109], [-63.493595, 9.501661000000183], [-63.497491, 9.501359], [-63.315209, 9.184221], [-63.365075, 9.13572500000015], [-63.378366, 8.969443000000126], [-63.381050208999966, 8.96566530300015], [-63.375373982999974, 8.962320349000095], [-63.370167686999935, 8.95067906800017], [-63.36461985999995, 8.947581685000102], [-63.34186986799989, 8.765358342000127], [-63.33081707499997, 8.770219448000034], [-63.323505772999965, 8.779208720000042], [-63.31450939299998, 8.783338869999966], [-63.30748205499992, 8.78128784800009], [-63.30738603799989, 8.777494748000152], [-63.29700054999989, 8.774668721000182], [-63.296022477999884, 8.768314557000053], [-63.27786261699987, 8.759807411000168], [-63.25007735699995, 8.76218260200011], [-63.22865642499994, 8.77218396], [-63.21179761199994, 8.761639754000157], [-63.206341377999934, 8.764420857000118], [-63.0020340989999, 8.774293020000073], [-63.00339155599994, 8.751777878000041], [-63.00234399999988, 8.746465000000114], [-62.984922, 8.742209], [-62.968133, 8.745164000000102], [-62.95936099999989, 8.750296], [-62.956881, 8.754852], [-62.952937, 8.75396700000016], [-62.94918599999983, 8.761477000000184], [-62.933414000999846, 8.776974998000128], [-62.914828999999884, 8.796536000000174], [-62.911466, 8.80394200000012], [-62.906727, 8.804619000000173], [-62.901066, 8.811238000000174], [-62.894429999999886, 8.813061], [-62.894934, 8.815310000000125], [-62.88105099999984, 8.826419], [-62.869265, 8.84677100000016], [-62.858568999999875, 8.858999], [-62.847435, 8.866504], [-62.833882, 8.885545], [-62.819859, 8.894368000000156], [-62.816947, 8.904549], [-62.808355, 8.916173], [-62.804657, 8.928144], [-62.806417999999894, 8.930576], [-62.796613, 8.950876000000108], [-62.796406, 8.966933], [-62.787237, 8.986408000000154], [-62.781034, 8.991144000000133], [-62.775751, 9.001044], [-62.777147, 9.003919], [-62.773755, 9.022608], [-62.77559699999989, 9.028142000000173], [-62.77222899999987, 9.040882], [-62.777589, 9.048829000000126], [-62.776248, 9.071118000000126], [-62.780795, 9.078593], [-62.78603, 9.079491000000132], [-62.791568, 9.086724000000117], [-62.792743, 9.100532], [-62.797328, 9.10320600000017], [-62.796594, 9.109782000000166], [-62.803018, 9.119575], [-62.802383, 9.126748], [-62.806564, 9.130414], [-62.805474, 9.140187], [-62.798546, 9.144936], [-62.798654, 9.148333], [-62.79545, 9.147179000000165], [-62.790914, 9.15502], [-62.79009799999989, 9.158406], [-62.79234099999985, 9.156449000000123], [-62.793979, 9.158082], [-62.790414, 9.167863], [-62.79475699999989, 9.17354900000015], [-62.793743, 9.179945000000146], [-62.796816, 9.189825000000155], [-62.787112, 9.206826000000149], [-62.779970999999875, 9.209258], [-62.780535, 9.218137], [-62.773614, 9.219601], [-62.767516999999884, 9.234558000000163], [-62.751796, 9.241253], [-62.748486, 9.245083], [-62.73407, 9.248547000000144], [-62.725649, 9.235977000000162], [-62.717403, 9.234886000000131], [-62.709415, 9.242309], [-62.704396, 9.240144000000157], [-62.699171, 9.244457000000125], [-62.69654799999989, 9.241550000000132], [-62.694733, 9.244741], [-62.687935, 9.246892000000173], [-62.687659, 9.240787], [-62.684113, 9.242209000000116], [-62.68293599999987, 9.238228], [-62.678361, 9.238629], [-62.678329, 9.235782], [-62.674694, 9.239661000000126], [-62.673672, 9.235013000000151], [-62.6699789999999, 9.237814], [-62.662435, 9.235289], [-62.66631899999987, 9.233083], [-62.660805, 9.219557000000123], [-62.661711, 9.215781000000163], [-62.649561, 9.214988], [-62.649433, 9.211752], [-62.64382799999987, 9.210948000000144], [-62.64225, 9.206213], [-62.637561, 9.206753000000106], [-62.63190699999984, 9.201518], [-62.623608, 9.199644], [-62.62362799999988, 9.195144], [-62.621111, 9.19540400000011], [-62.622068, 9.192017], [-62.61520999999988, 9.19497], [-62.61255199999988, 9.193120000000135], [-62.612435, 9.19720800000016], [-62.609288999999876, 9.197086000000184], [-62.606231, 9.20082], [-62.595629, 9.197619], [-62.59584899999987, 9.194493], [-62.58916, 9.200383000000102], [-62.588398, 9.204664], [-62.57310599999988, 9.199728000000107], [-62.569149999999865, 9.20395400000018], [-62.57076, 9.207356000000118], [-62.560792, 9.21374400000019], [-62.55764, 9.208799000000113], [-62.554926, 9.212253], [-62.547338, 9.20777500000014], [-62.541678, 9.20821], [-62.542754, 9.211503], [-62.53925, 9.212555], [-62.545464, 9.218405000000189], [-62.54739699999982, 9.226074], [-62.54482399999989, 9.234233], [-62.551721, 9.243289000000118], [-62.548269, 9.253433], [-62.54128999999989, 9.254022], [-62.539997, 9.256448], [-62.540583, 9.270081000000175], [-62.538257, 9.275366000000133], [-62.524028, 9.270484000000124], [-62.519655, 9.272626], [-62.514708, 9.264120000000105], [-62.509406, 9.263609], [-62.509167999999875, 9.27601], [-62.50130699999988, 9.280603], [-62.506031, 9.285576], [-62.504121, 9.292969], [-62.508316, 9.306926], [-62.505946, 9.314646000000153], [-62.500834999999825, 9.316887000000122], [-62.496734, 9.324622], [-62.48034699999988, 9.336988], [-62.471587, 9.339789], [-62.459244999999896, 9.353379], [-62.37187283199995, 9.389451658000041], [-62.37170516499998, 9.389519395999969], [-62.373484577999875, 9.390297987], [-62.40893280599994, 9.408080932000132], [-62.41073491599991, 9.413716084000043], [-62.40841887599987, 9.427198462000035], [-62.399009608999904, 9.462572496000178], [-62.401808794999965, 9.474181800999986], [-62.39802861699991, 9.474272826000174], [-62.39831764599995, 9.476855891000127], [-62.40618702099994, 9.480198947000133], [-62.42839904799996, 9.481168874], [-62.43627043199996, 9.484386923999978], [-62.44229973499989, 9.491712097000061], [-62.44416686499994, 9.500397332999967], [-62.43962186999994, 9.544703588000118], [-62.41197477999992, 9.581913750000126], [-62.41445490399997, 9.584176800000137], [-62.414081911999915, 9.58850092400013], [-62.389560902999904, 9.615333788000044], [-62.38690882399993, 9.623038017000056], [-62.373955218999924, 9.62187704400003], [-62.35341836199996, 9.640256657000066], [-62.35057325999992, 9.646643853000114], [-62.354039522999926, 9.667152408000106], [-62.35290949499995, 9.673920609000106], [-62.36021391299994, 9.688808989999984], [-62.359890917999905, 9.692720103000056], [-62.351651576999984, 9.700849363000145], [-62.33911, 9.702773476000118], [-62.325928455999986, 9.716105920000132], [-62.324946437999984, 9.720668057000182], [-62.318989124999916, 9.712828857000147], [-62.31175586899997, 9.728784345000122], [-62.30253048799989, 9.738866671000153], [-62.300210361999916, 9.733971549000103], [-62.29531415899993, 9.738828711], [-62.295624364999924, 9.77687377400008], [-62.300187616999835, 9.785865005000176], [-62.319370601999935, 9.805999488000168], [-62.32058068699996, 9.813090675000069], [-62.31867763299982, 9.819466871000031], [-62.31032130099993, 9.829843196000184], [-62.31037143299994, 9.856781966000142], [-62.3025703269999, 9.908276457000113], [-62.2908645039999, 9.934030899000106]]]}}, {"type": "Feature", "properties": {"parroquia": "Alto de los Godos", "municipio": "Maturín", "estado": "Monagas", "pcode": "VE160802", "estado_pcode": "VE16", "municipio_pcode": "VE1608", "center_lat": 9.715878, "center_lon": -63.19596638, "area_sqkm": 36.22497137}, "geometry": {"type": "Polygon", "coordinates": [[[-63.235272, 9.733325], [-63.241115, 9.719488000000183], [-63.240464, 9.702303], [-63.20317199999988, 9.691926], [-63.15098299999988, 9.712523000000147], [-63.151282, 9.725669], [-63.162084, 9.732161000000133], [-63.164288, 9.738442], [-63.18592599999988, 9.729057000000182], [-63.194669, 9.731727000000149], [-63.204056, 9.739698], [-63.235272, 9.733325]]]}}, {"type": "Feature", "properties": {"parroquia": "Boquerón", "municipio": "Maturín", "estado": "Monagas", "pcode": "VE160803", "estado_pcode": "VE16", "municipio_pcode": "VE1608", "center_lat": 9.8003815, "center_lon": -63.21650894, "area_sqkm": 396.62636064}, "geometry": {"type": "Polygon", "coordinates": [[[-63.184545, 9.756136], [-63.182287, 9.758], [-63.179567, 9.755635000000154], [-63.174209, 9.756951000000129], [-63.167215999999826, 9.759429000000182], [-63.16188299999982, 9.764801], [-63.160514, 9.762551], [-63.157818, 9.765283000000125], [-63.15168, 9.76561], [-63.150365, 9.769728], [-63.152345, 9.771197], [-63.152862, 9.773082], [-63.151374, 9.771052000000111], [-63.150003, 9.772250000000156], [-63.15065099999987, 9.773154000000147], [-63.1475319999999, 9.773692], [-63.148469, 9.775437], [-63.14636499999989, 9.77501500000011], [-63.139314, 9.790295000000185], [-63.136163999999894, 9.790754000000106], [-63.13604, 9.795206], [-63.1328299999999, 9.793002000000115], [-63.129725, 9.795729000000165], [-63.13038, 9.798197], [-63.127644, 9.797578], [-63.126876, 9.799981000000116], [-63.125206999999875, 9.797327], [-63.120456999999874, 9.802415], [-63.119703, 9.800022000000126], [-63.11713, 9.803413], [-63.119877, 9.805673000000127], [-63.116975, 9.805720000000122], [-63.11770499999989, 9.808544], [-63.115750999999875, 9.806066000000158], [-63.113663, 9.807826], [-63.108521, 9.806342], [-63.109723, 9.810809000000177], [-63.105425, 9.812244], [-63.107862, 9.813854], [-63.107011, 9.81718300000017], [-63.102908, 9.817247000000123], [-63.102546, 9.822951000000103], [-63.100482, 9.822180000000117], [-63.099098, 9.824719], [-63.099568, 9.83187], [-63.095283, 9.834419], [-63.097562, 9.84228000000013], [-63.095281, 9.848999000000106], [-63.081746, 9.857833], [-63.07151599999986, 9.860929], [-63.069991, 9.864207], [-63.067037, 9.863942000000122], [-63.06459499999983, 9.87225], [-63.058014, 9.871691], [-63.058726, 9.878316000000154], [-63.089804, 9.884367], [-63.090646, 9.888431], [-63.097264, 9.887107000000128], [-63.099955, 9.89018], [-63.1106759999999, 9.894141], [-63.118059, 9.89353], [-63.122299, 9.897228000000155], [-63.125149, 9.894787000000179], [-63.132585, 9.90058], [-63.132422, 9.902858], [-63.13809, 9.900800000000118], [-63.138831, 9.90303], [-63.146302, 9.900763], [-63.146633, 9.898688000000163], [-63.150456, 9.900812], [-63.156444, 9.897046], [-63.166496, 9.895766000000151], [-63.18382, 9.896309000000144], [-63.194129, 9.899682000000155], [-63.197744, 9.898757], [-63.201485, 9.899713], [-63.206936, 9.89814200000012], [-63.205155, 9.898409000000186], [-63.208272, 9.893283], [-63.205745, 9.888736], [-63.206647, 9.88485500000013], [-63.214213, 9.878106], [-63.217743, 9.869102], [-63.226237, 9.860835], [-63.261414, 9.860431], [-63.276405, 9.852285], [-63.29295599999983, 9.849676000000159], [-63.322134, 9.858636], [-63.335075, 9.856662000000142], [-63.304455999999846, 9.787597], [-63.32319599999988, 9.789128], [-63.336916, 9.795617000000163], [-63.352622, 9.789744], [-63.359919, 9.793975], [-63.374813, 9.791866000000141], [-63.378136, 9.789088000000106], [-63.38155499999988, 9.790923], [-63.38235, 9.786630000000116], [-63.390859, 9.78428300000013], [-63.39894, 9.705304], [-63.394157, 9.704357000000186], [-63.394202, 9.701324], [-63.388642, 9.697735000000137], [-63.37880399999989, 9.698236000000179], [-63.374947, 9.703210000000126], [-63.370284, 9.704647], [-63.370503, 9.709487], [-63.365123, 9.710186], [-63.363646, 9.71266], [-63.3557, 9.710628], [-63.353505, 9.713880000000131], [-63.3492, 9.713424], [-63.344083, 9.720407], [-63.33258099999989, 9.71810500000015], [-63.331141, 9.720280000000173], [-63.32724499999989, 9.719537000000116], [-63.325504, 9.72626600000018], [-63.31745099999989, 9.724489], [-63.31836, 9.729952], [-63.309843, 9.72696500000012], [-63.305225, 9.737131000000147], [-63.290819, 9.74820000000011], [-63.286097, 9.747328], [-63.285021, 9.749559], [-63.281047999999885, 9.746332000000109], [-63.280865, 9.748363], [-63.272038, 9.747537000000136], [-63.264559, 9.750065], [-63.261285, 9.746035], [-63.257661, 9.749596000000167], [-63.25464799999986, 9.745627], [-63.249986, 9.74558500000012], [-63.247543, 9.738138000000163], [-63.238463, 9.738929], [-63.236703, 9.741060000000175], [-63.233899999999835, 9.739570000000128], [-63.231505, 9.739656], [-63.229200999999875, 9.74479700000012], [-63.226725, 9.742413], [-63.22311899999988, 9.747201], [-63.21994699999988, 9.74643], [-63.222406, 9.75236], [-63.219457, 9.751104], [-63.21953, 9.754643000000101], [-63.217423, 9.754788], [-63.215783, 9.75075800000019], [-63.213632, 9.760175], [-63.20414, 9.765907], [-63.199259, 9.76357400000012], [-63.19762, 9.766893], [-63.194674, 9.766459], [-63.192880999999886, 9.764711], [-63.19417399999986, 9.761578000000156], [-63.190574, 9.7621], [-63.191782, 9.757639], [-63.184545, 9.756136]]]}}, {"type": "Feature", "properties": {"parroquia": "Las Cocuizas", "municipio": "Maturín", "estado": "Monagas", "pcode": "VE160804", "estado_pcode": "VE16", "municipio_pcode": "VE1608", "center_lat": 9.728655, "center_lon": -63.13015019, "area_sqkm": 78.75088411}, "geometry": {"type": "Polygon", "coordinates": [[[-63.118681, 9.64759000000015], [-63.118753, 9.68093], [-63.099172999999894, 9.746964000000162], [-63.105425, 9.812244], [-63.109723, 9.810809000000177], [-63.108521, 9.806342], [-63.113663, 9.807826], [-63.115750999999875, 9.806066000000158], [-63.11770499999989, 9.808544], [-63.116975, 9.805720000000122], [-63.119877, 9.805673000000127], [-63.11713, 9.803413], [-63.119703, 9.800022000000126], [-63.120456999999874, 9.802415], [-63.125206999999875, 9.797327], [-63.126876, 9.799981000000116], [-63.127644, 9.797578], [-63.13038, 9.798197], [-63.129725, 9.795729000000165], [-63.1328299999999, 9.793002000000115], [-63.13604, 9.795206], [-63.136163999999894, 9.790754000000106], [-63.139314, 9.790295000000185], [-63.14636499999989, 9.77501500000011], [-63.148469, 9.775437], [-63.1475319999999, 9.773692], [-63.15065099999987, 9.773154000000147], [-63.150003, 9.772250000000156], [-63.151374, 9.771052000000111], [-63.152862, 9.773082], [-63.152345, 9.771197], [-63.150365, 9.769728], [-63.15168, 9.76561], [-63.157818, 9.765283000000125], [-63.160514, 9.762551], [-63.16188299999982, 9.764801], [-63.167215999999826, 9.759429000000182], [-63.174209, 9.756951000000129], [-63.179567, 9.755635000000154], [-63.182287, 9.758], [-63.184545, 9.756136], [-63.168661, 9.754070000000127], [-63.164288, 9.738442], [-63.162084, 9.732161000000133], [-63.151282, 9.725669], [-63.15098299999988, 9.712523000000147], [-63.139495999999895, 9.645033000000126], [-63.134008, 9.64795], [-63.131908999999894, 9.645542000000148], [-63.118681, 9.64759000000015]]]}}, {"type": "Feature", "properties": {"parroquia": "San Simón", "municipio": "Maturín", "estado": "Monagas", "pcode": "VE160805", "estado_pcode": "VE16", "municipio_pcode": "VE1608", "center_lat": 9.747923, "center_lon": -63.1935169, "area_sqkm": 17.41870888}, "geometry": {"type": "Polygon", "coordinates": [[[-63.164288, 9.738442], [-63.168661, 9.754070000000127], [-63.184545, 9.756136], [-63.191782, 9.757639], [-63.190574, 9.7621], [-63.19417399999986, 9.761578000000156], [-63.192880999999886, 9.764711], [-63.194674, 9.766459], [-63.19762, 9.766893], [-63.199259, 9.76357400000012], [-63.20414, 9.765907], [-63.213632, 9.760175], [-63.215783, 9.75075800000019], [-63.217423, 9.754788], [-63.21953, 9.754643000000101], [-63.219457, 9.751104], [-63.222406, 9.75236], [-63.21994699999988, 9.74643], [-63.22311899999988, 9.747201], [-63.226725, 9.742413], [-63.229200999999875, 9.74479700000012], [-63.231505, 9.739656], [-63.233899999999835, 9.739570000000128], [-63.235272, 9.733325], [-63.204056, 9.739698], [-63.194669, 9.731727000000149], [-63.18592599999988, 9.729057000000182], [-63.164288, 9.738442]]]}}, {"type": "Feature", "properties": {"parroquia": "Santa Cruz", "municipio": "Maturín", "estado": "Monagas", "pcode": "VE160806", "estado_pcode": "VE16", "municipio_pcode": "VE1608", "center_lat": 9.672723, "center_lon": -63.24752535, "area_sqkm": 29.89961497}, "geometry": {"type": "Polygon", "coordinates": [[[-63.233899999999835, 9.739570000000128], [-63.236703, 9.741060000000175], [-63.238463, 9.738929], [-63.247543, 9.738138000000163], [-63.249986, 9.74558500000012], [-63.25464799999986, 9.745627], [-63.257661, 9.749596000000167], [-63.261285, 9.746035], [-63.259207, 9.723529], [-63.265087, 9.712505], [-63.253259, 9.633731], [-63.249339, 9.632953], [-63.239615, 9.635775], [-63.239016, 9.638715000000161], [-63.235425, 9.638747000000137], [-63.234476, 9.642756], [-63.23140999999987, 9.643143], [-63.240464, 9.702303], [-63.241115, 9.719488000000183], [-63.235272, 9.733325], [-63.233899999999835, 9.739570000000128]]]}}, {"type": "Feature", "properties": {"parroquia": "Capital Acosta", "municipio": "Acosta", "estado": "Monagas", "pcode": "VE160101", "estado_pcode": "VE16", "municipio_pcode": "VE1601", "center_lat": 10.08126, "center_lon": -63.7742502, "area_sqkm": 302.17238699}, "geometry": {"type": "Polygon", "coordinates": [[[-63.623861, 10.136613], [-63.6380759999999, 10.127426000000185], [-63.651457, 10.128395], [-63.655107, 10.134159], [-63.698475, 10.120372], [-63.708975, 10.124229000000184], [-63.71262599999989, 10.129993000000127], [-63.7370719999999, 10.134985], [-63.756185, 10.133539], [-63.76655499999987, 10.139344], [-63.782510999999886, 10.14203], [-63.791065, 10.137613], [-63.793974086999924, 10.138852315000122], [-63.814232611999955, 10.104259306000074], [-63.82585717799998, 10.110945430000129], [-63.836474629999884, 10.10582423700015], [-63.870320170999946, 10.106442076000178], [-63.87782133699994, 10.102236455000138], [-63.9151781299999, 10.092023439000116], [-63.93255285399988, 10.084065239000154], [-63.91896, 10.077374], [-63.91802699999988, 10.073748], [-63.909968, 10.068704], [-63.911272, 10.053898000000117], [-63.906279, 10.050872], [-63.897322, 10.051015000000177], [-63.8928, 10.053566], [-63.89017199999989, 10.048587000000168], [-63.901083, 10.033638000000167], [-63.897551, 10.029072], [-63.881351, 10.025777], [-63.83694899999989, 10.036472000000174], [-63.828966, 10.035649], [-63.818671, 10.02016], [-63.794507999999894, 10.023677], [-63.779276, 10.03571200000016], [-63.76337799999982, 10.039684], [-63.75763, 10.038725], [-63.7302, 10.048082000000136], [-63.720761, 10.04373], [-63.723444, 10.038496000000123], [-63.717294, 10.037297], [-63.714352, 10.030595], [-63.70957, 10.030063], [-63.708833, 10.02577], [-63.692948, 10.031918000000132], [-63.683137, 10.027305000000183], [-63.677949, 10.03252], [-63.66759599999989, 10.035300000000177], [-63.646915, 10.047933], [-63.628565, 10.066777000000116], [-63.618209, 10.091309], [-63.617514, 10.102841000000126], [-63.62099099999989, 10.114341], [-63.61716299999989, 10.126184], [-63.623861, 10.136613]]]}}, {"type": "Feature", "properties": {"parroquia": "San Francisco", "municipio": "Acosta", "estado": "Monagas", "pcode": "VE160102", "estado_pcode": "VE16", "municipio_pcode": "VE1601", "center_lat": 10.168218, "center_lon": -63.67020607, "area_sqkm": 163.60353036}, "geometry": {"type": "Polygon", "coordinates": [[[-63.581449533999944, 10.199823196000125], [-63.5865247399999, 10.197024092000163], [-63.591077963999965, 10.199244133000093], [-63.60333761099997, 10.217038560999981], [-63.615918193999846, 10.21768352000015], [-63.62731769299995, 10.214579369000091], [-63.64197140399989, 10.222522512000126], [-63.6686265809999, 10.21425114100009], [-63.69462269699994, 10.20153665200013], [-63.69902586699993, 10.197084497000105], [-63.709128321999856, 10.195060572000045], [-63.75555033799998, 10.177527652000151], [-63.768694963999906, 10.182755729000064], [-63.77415006699988, 10.156966987999965], [-63.78437653599997, 10.157252942000184], [-63.79383993399995, 10.149913689000186], [-63.793974086999924, 10.138852315000122], [-63.791065, 10.137613], [-63.782510999999886, 10.14203], [-63.76655499999987, 10.139344], [-63.756185, 10.133539], [-63.7370719999999, 10.134985], [-63.71262599999989, 10.129993000000127], [-63.708975, 10.124229000000184], [-63.698475, 10.120372], [-63.655107, 10.134159], [-63.651457, 10.128395], [-63.6380759999999, 10.127426000000185], [-63.623861, 10.136613], [-63.60686, 10.143554], [-63.585664, 10.162106000000108], [-63.568021, 10.163599], [-63.569262999999864, 10.172837000000186], [-63.57197799999989, 10.174832], [-63.571832, 10.179132], [-63.575245, 10.182458], [-63.581449533999944, 10.199823196000125]]]}}, {"type": "Feature", "properties": {"parroquia": "Aguasay", "municipio": "Aguasay", "estado": "Monagas", "pcode": "VE160201", "estado_pcode": "VE16", "municipio_pcode": "VE1602", "center_lat": 9.25524462, "center_lon": -63.63705395, "area_sqkm": 2485.99791203}, "geometry": {"type": "Polygon", "coordinates": [[[-63.641034, 9.498366], [-63.649614, 9.493995], [-63.660981, 9.499545], [-63.667092, 9.496892000000116], [-63.676152, 9.505532000000187], [-63.685519, 9.51043], [-63.694876, 9.510812], [-63.70393, 9.517664], [-63.712364, 9.5182], [-63.71690999999987, 9.513442], [-63.72093, 9.513025], [-63.726876, 9.523439000000167], [-63.730677, 9.52376100000015], [-63.732669, 9.514578], [-63.742958, 9.512627000000123], [-63.762687, 9.51976500000012], [-63.772176999999886, 9.532865], [-63.779108, 9.530836], [-63.781987, 9.527391000000137], [-63.787241, 9.527387000000147], [-63.791886, 9.529595], [-63.794968, 9.535017000000153], [-63.808678, 9.535454], [-63.82532198499996, 9.543413103000034], [-63.972628255999894, 9.414619636000054], [-63.97173584699988, 9.339002612000172], [-63.96433846699995, 9.33004240200006], [-63.96337233799994, 9.311984929000175], [-63.956854971999974, 9.299031611000089], [-63.951852716999895, 9.293168476000176], [-63.943508334999876, 9.291123469000127], [-63.93832207699995, 9.285926348000089], [-63.93312377799998, 9.27276402400014], [-63.92866456899998, 9.272937049000177], [-63.92737947199993, 9.264927837000073], [-63.91848404499996, 9.258303702000035], [-63.91031134299993, 9.189636914000062], [-63.90879929899995, 9.195549073000109], [-63.890197486999966, 9.202383344000054], [-63.88641533799995, 9.207694503000141], [-63.87543284499992, 9.208299575000126], [-63.86934060499988, 9.214599779000025], [-63.86103621899997, 9.213043772000162], [-63.85567200799994, 9.219465975000105], [-63.85066677999998, 9.220013003000076], [-63.83736321899994, 9.228431299000135], [-63.82721176399997, 9.228828358000044], [-63.82348556799997, 9.223208227000157], [-63.81331207399984, 9.217011110000158], [-63.80707379199998, 9.216521123000177], [-63.79130608199989, 9.217213215000072], [-63.78132866999994, 9.226363505999984], [-63.7709081889999, 9.225446537999971], [-63.767022002999965, 9.22175945700019], [-63.76147374899989, 9.223005517000047], [-63.74849311799994, 9.213977337000017], [-63.74400784799991, 9.200029985000128], [-63.73246632399986, 9.198080978000064], [-63.73160726999993, 9.195668925000064], [-63.725071, 9.200956092000126], [-63.72374791899995, 9.197716019000154], [-63.71715862399992, 9.198086053000054], [-63.70668808799991, 9.18542777200014], [-63.69604759499998, 9.182649747000028], [-63.69652559499991, 9.17761660500014], [-63.68916221999996, 9.170081439], [-63.68741710099988, 9.162429247000148], [-63.68235989499988, 9.166957386999968], [-63.67666862799996, 9.164361342000063], [-63.68040475799995, 9.157835155000157], [-63.67044332399996, 9.160249270000179], [-63.669280246999904, 9.155332142000077], [-63.660661871999935, 9.159538296000107], [-63.65335253099994, 9.15742527499998], [-63.6514824599999, 9.159057320000102], [-63.646022193999954, 9.15666728300016], [-63.64595017799991, 9.154530223999984], [-63.64465812999998, 9.156622294000101], [-63.64084195399994, 9.156070295000177], [-63.63466063899995, 9.148970129000134], [-63.63292958399995, 9.152095227000075], [-63.63137649699996, 9.148786143000166], [-63.63006345299988, 9.152486244000158], [-63.624932229999956, 9.154233318000138], [-63.621437056999866, 9.150947243000132], [-63.6060273249999, 9.145911184000056], [-63.60847138999998, 9.135550891000037], [-63.60238609999993, 9.131229806000022], [-63.60202702799995, 9.12105053700003], [-63.604476138999985, 9.119809494000094], [-63.606837248999966, 9.122107544000187], [-63.60858931299998, 9.117764415000067], [-63.60126390099998, 9.10089700300017], [-63.598743781999985, 9.100459998000133], [-63.59934179699991, 9.097541920000083], [-63.592644526999834, 9.103838118000056], [-63.58713724499995, 9.099379029000147], [-63.58702927199994, 9.10569920200004], [-63.56654433999989, 9.103881249000153], [-63.565317265999965, 9.10213420600013], [-63.5697724499999, 9.095838018000165], [-63.56750433499991, 9.093309965000174], [-63.56331813199995, 9.091539935000071], [-63.55888194499988, 9.093884018000153], [-63.55513073699984, 9.087930874000165], [-63.550854554999944, 9.088849922000179], [-63.54613632799993, 9.086044860000072], [-63.54445527599995, 9.092640050000057], [-63.542536188999975, 9.092042040000138], [-63.53431474299998, 9.077240681000035], [-63.522778208999966, 9.075330685000097], [-63.52639832799997, 9.065818417000116], [-63.52108208799996, 9.066253448000168], [-63.51944403199997, 9.070182559999978], [-63.51581486599997, 9.069652566], [-63.51727596099988, 9.075237705], [-63.51320274399984, 9.06930757400005], [-63.50911257099989, 9.071489649000057], [-63.512134671999945, 9.064090437000175], [-63.50780243199995, 9.053978189000134], [-63.50137211299983, 9.048231067000131], [-63.490291641999875, 9.056211328000074], [-63.4932427949999, 9.06010341800004], [-63.484013359999835, 9.057198381000092], [-63.4815872129999, 9.048116157000038], [-63.48418232499995, 9.047552125000095], [-63.482804242999975, 9.044124042000021], [-63.48741345899998, 9.043636001000095], [-63.49003353199993, 9.034917761000088], [-63.48407927099987, 9.036158820000026], [-63.47552586099994, 9.031945747000066], [-63.474389739999936, 9.017953384000066], [-63.471985624999945, 9.016727358000026], [-63.467608460999884, 9.024589582999965], [-63.46605336199991, 9.01835842800017], [-63.45915102499998, 9.01224530200011], [-63.45980807199999, 9.016589413000077], [-63.452492786999926, 9.025563681000108], [-63.44956062299997, 9.021144585000059], [-63.450066619999916, 9.014829413000143], [-63.44218420699991, 9.003981161000127], [-63.43926708299995, 9.00399217200004], [-63.43302984299993, 9.014143469000032], [-63.43029771699992, 9.014202478000016], [-63.4266285299999, 9.010581404999982], [-63.42778255699989, 9.004499236000072], [-63.417768125999885, 9.008365381000146], [-63.41868314699991, 9.004969287000165], [-63.41519797899997, 9.001717222000138], [-63.409245701999964, 9.002221256000098], [-63.40734059599998, 8.997390137000139], [-63.405085502999896, 9.000322224000172], [-63.40328242299995, 8.999464210000042], [-63.40215639199994, 9.003916342000025], [-63.400318291999895, 8.9995912280001], [-63.39440200699994, 8.996581178999975], [-63.3977711199999, 8.989974985000174], [-63.394268962999945, 8.990056004], [-63.39421394599992, 8.986544913000046], [-63.39138583499988, 8.989809009999988], [-63.38729364799997, 8.988494999000068], [-63.3855775319999, 8.982314835000125], [-63.38750559999983, 8.976350668000066], [-63.3838224189999, 8.974275637000062], [-63.380577278999965, 8.977291723], [-63.381050208999966, 8.96566530300015], [-63.378366, 8.969443000000126], [-63.365075, 9.13572500000015], [-63.315209, 9.184221], [-63.497491, 9.501359], [-63.51216499999987, 9.501302000000123], [-63.540866, 9.523243], [-63.547079, 9.519742000000178], [-63.553833, 9.520792], [-63.566878, 9.51480800000013], [-63.57143699999989, 9.50526], [-63.584071, 9.498206], [-63.592462999999896, 9.497668], [-63.602665999999886, 9.5015], [-63.61853599999989, 9.499660000000176], [-63.628377, 9.501319000000137], [-63.63337, 9.498273000000154], [-63.641034, 9.498366]]]}}, {"type": "Feature", "properties": {"parroquia": "Bolívar", "municipio": "Bolívar", "estado": "Monagas", "pcode": "VE160301", "estado_pcode": "VE16", "municipio_pcode": "VE1603", "center_lat": 10.11669884, "center_lon": -63.12913589, "area_sqkm": 274.94342831}, "geometry": {"type": "Polygon", "coordinates": [[[-63.118160790999866, 10.218837636999979], [-63.11829447199989, 10.221409215000108], [-63.13105806899995, 10.223940220000031], [-63.13220508799998, 10.217362027000092], [-63.13828333999999, 10.211379829], [-63.13922832299994, 10.200927526000044], [-63.146868633999986, 10.192560244000163], [-63.14645754799989, 10.18015290000011], [-63.157408944999986, 10.161346312000148], [-63.17224460199998, 10.157238125000106], [-63.18838427299988, 10.144038660000035], [-63.19578488899998, 10.161637682000105], [-63.226726, 10.12246400000015], [-63.21963, 10.118110000000172], [-63.213555, 10.107273], [-63.192192, 10.089632], [-63.18655599999988, 10.08838], [-63.179363, 10.074347000000103], [-63.169735, 10.067414], [-63.155799, 10.042508], [-63.152743, 10.021555000000149], [-63.148875, 10.019085], [-63.147627, 10.022269], [-63.145323, 10.021842000000106], [-63.146488, 10.017833], [-63.143127, 10.012374], [-63.137166, 10.013925000000143], [-63.132838, 10.008845000000122], [-63.12445899999989, 10.018644000000165], [-63.121891, 10.016271], [-63.112878, 10.022843000000137], [-63.108191, 10.02277000000015], [-63.106782, 10.028916], [-63.097705, 10.034365], [-63.09925, 10.038106], [-63.097366, 10.039280000000133], [-63.093340999999896, 10.040069], [-63.08821299999988, 10.037180000000149], [-63.081253, 10.040098000000171], [-63.073839, 10.037974], [-63.070131, 10.039722000000154], [-63.07044, 10.037437], [-63.061854999999866, 10.047384], [-63.055793, 10.063002], [-63.050265, 10.064132], [-63.04832099999987, 10.0732220000001], [-63.043207, 10.076986000000147], [-63.039222, 10.075985000000117], [-63.03890599999988, 10.077962], [-63.029593, 10.080406000000153], [-63.02548, 10.084501], [-63.02282499999984, 10.092659], [-63.020395, 10.093059], [-63.020592081999894, 10.099625495999987], [-63.04504760099991, 10.122810798000046], [-63.044476662999955, 10.140807310000184], [-63.05286910099994, 10.15035253700006], [-63.056662323999944, 10.159639784000149], [-63.05326322299999, 10.170631110000102], [-63.05482731099988, 10.174074203000146], [-63.059820541999954, 10.174189179000052], [-63.06533882399998, 10.17817525900017], [-63.06300879499992, 10.194979751000062], [-63.06709301299992, 10.200637894000067], [-63.07337162099992, 10.201008367000043], [-63.08236370999998, 10.198890763000179], [-63.08736187699998, 10.18638637600003], [-63.09884638699998, 10.18450727100003], [-63.10547670699992, 10.188270343], [-63.112988105999875, 10.197665571000073], [-63.11955647999997, 10.21191593300017], [-63.118160790999866, 10.218837636999979]]]}}, {"type": "Feature", "properties": {"parroquia": "Capital Caripe", "municipio": "Caripe", "estado": "Monagas", "pcode": "VE160401", "estado_pcode": "VE16", "municipio_pcode": "VE1604", "center_lat": 10.14985043, "center_lon": -63.49547594, "area_sqkm": 30.76129557}, "geometry": {"type": "Polygon", "coordinates": [[[-63.481436, 10.18956100000014], [-63.54227999999989, 10.166715], [-63.52290099999988, 10.169224], [-63.523302, 10.130281], [-63.511111, 10.127838000000168], [-63.490461, 10.136911], [-63.464506642999936, 10.139794854000058], [-63.481436, 10.18956100000014]]]}}, {"type": "Feature", "properties": {"parroquia": "El Guácharo", "municipio": "Caripe", "estado": "Monagas", "pcode": "VE160402", "estado_pcode": "VE16", "municipio_pcode": "VE1604", "center_lat": 10.153644, "center_lon": -63.55851289, "area_sqkm": 61.52272681}, "geometry": {"type": "Polygon", "coordinates": [[[-63.56238917899998, 10.207285027000182], [-63.562415943999895, 10.207351124000013], [-63.568405939999934, 10.201688312000101], [-63.581449533999944, 10.199823196000125], [-63.575245, 10.182458], [-63.571832, 10.179132], [-63.57197799999989, 10.174832], [-63.569262999999864, 10.172837000000186], [-63.568021, 10.163599], [-63.585664, 10.162106000000108], [-63.60686, 10.143554], [-63.623861, 10.136613], [-63.61716299999989, 10.126184], [-63.62099099999989, 10.114341], [-63.617514, 10.102841000000126], [-63.617189, 10.10038500000013], [-63.608695, 10.105152], [-63.588907, 10.108005], [-63.579144, 10.113776], [-63.568021, 10.130252], [-63.557648, 10.113707], [-63.54119899999989, 10.120510000000138], [-63.538755, 10.12414], [-63.539769, 10.127819], [-63.523302, 10.130281], [-63.52290099999988, 10.169224], [-63.54227999999989, 10.166715], [-63.55763799999988, 10.19368], [-63.56238917899998, 10.207285027000182]]]}}, {"type": "Feature", "properties": {"parroquia": "La Guanota", "municipio": "Caripe", "estado": "Monagas", "pcode": "VE160403", "estado_pcode": "VE16", "municipio_pcode": "VE1604", "center_lat": 10.25698862, "center_lon": -63.4516873, "area_sqkm": 56.65308675}, "geometry": {"type": "Polygon", "coordinates": [[[-63.427390566999975, 10.255469803000153], [-63.41145323699993, 10.287965561000135], [-63.446042826999985, 10.288762406999979], [-63.448717010999985, 10.300262723000117], [-63.45718287599988, 10.307519969000168], [-63.462031, 10.293844], [-63.474285, 10.282093], [-63.474859, 10.27312], [-63.46958699999982, 10.262048], [-63.471050999999875, 10.258869000000118], [-63.494747, 10.243387], [-63.50599199999988, 10.241363], [-63.509021, 10.238481], [-63.510338, 10.228787000000125], [-63.532821999999896, 10.223919], [-63.56238917899998, 10.207285027000182], [-63.536309, 10.216624], [-63.52160999999984, 10.20860400000015], [-63.50853499999988, 10.208027000000186], [-63.49820899999986, 10.214436], [-63.483635999999876, 10.214156000000116], [-63.470206, 10.216794000000107], [-63.467783, 10.220421000000158], [-63.45549, 10.225170000000162], [-63.45148499999988, 10.231924000000163], [-63.446228999999846, 10.234278], [-63.427390566999975, 10.255469803000153]]]}}, {"type": "Feature", "properties": {"parroquia": "Sabana de Piedra", "municipio": "Caripe", "estado": "Monagas", "pcode": "VE160404", "estado_pcode": "VE16", "municipio_pcode": "VE1604", "center_lat": 10.2635795, "center_lon": -63.50928861, "area_sqkm": 59.27467465}, "geometry": {"type": "Polygon", "coordinates": [[[-63.459065904999875, 10.320522537999977], [-63.47728438299998, 10.314307964000022], [-63.477804392999985, 10.310857859000123], [-63.493953053999974, 10.296620375000032], [-63.513791960999924, 10.296114253000042], [-63.51684218699995, 10.292002514000103], [-63.52867958799993, 10.287521943000058], [-63.54981045299991, 10.268294284000149], [-63.542381013999886, 10.24949479300011], [-63.54888322599993, 10.233383306000121], [-63.55743158299998, 10.227310088000138], [-63.55881357699991, 10.214275722000082], [-63.562415943999895, 10.207351124000013], [-63.56238917899998, 10.207285027000182], [-63.532821999999896, 10.223919], [-63.510338, 10.228787000000125], [-63.509021, 10.238481], [-63.50599199999988, 10.241363], [-63.494747, 10.243387], [-63.471050999999875, 10.258869000000118], [-63.46958699999982, 10.262048], [-63.474859, 10.27312], [-63.474285, 10.282093], [-63.462031, 10.293844], [-63.45718287599988, 10.307519969000168], [-63.459065904999875, 10.320522537999977]]]}}, {"type": "Feature", "properties": {"parroquia": "San Agustín", "municipio": "Caripe", "estado": "Monagas", "pcode": "VE160405", "estado_pcode": "VE16", "municipio_pcode": "VE1604", "center_lat": 10.1916205, "center_lon": -63.51733449, "area_sqkm": 31.93658305}, "geometry": {"type": "Polygon", "coordinates": [[[-63.483635999999876, 10.214156000000116], [-63.49820899999986, 10.214436], [-63.50853499999988, 10.208027000000186], [-63.52160999999984, 10.20860400000015], [-63.536309, 10.216624], [-63.56238917899998, 10.207285027000182], [-63.55763799999988, 10.19368], [-63.54227999999989, 10.166715], [-63.481436, 10.18956100000014], [-63.474912, 10.194865], [-63.483635999999876, 10.214156000000116]]]}}, {"type": "Feature", "properties": {"parroquia": "El Corozo", "municipio": "Maturín", "estado": "Monagas", "pcode": "VE160807", "estado_pcode": "VE16", "municipio_pcode": "VE1608", "center_lat": 9.6687295, "center_lon": -63.37019692, "area_sqkm": 59.34208032}, "geometry": {"type": "Polygon", "coordinates": [[[-63.39894, 9.705304], [-63.408506, 9.644866], [-63.395361, 9.643285000000105], [-63.38455199999987, 9.638802], [-63.381445, 9.640976], [-63.37824, 9.637216000000137], [-63.37013899999988, 9.637970000000166], [-63.36522, 9.633186], [-63.362214, 9.633988], [-63.359813, 9.63052000000016], [-63.35205, 9.629656], [-63.344674, 9.624974000000122], [-63.329378, 9.628428], [-63.340336, 9.697050000000104], [-63.344083, 9.720407], [-63.3492, 9.713424], [-63.353505, 9.713880000000131], [-63.3557, 9.710628], [-63.363646, 9.71266], [-63.365123, 9.710186], [-63.370503, 9.709487], [-63.370284, 9.704647], [-63.374947, 9.703210000000126], [-63.37880399999989, 9.698236000000179], [-63.388642, 9.697735000000137], [-63.394202, 9.701324], [-63.394157, 9.704357000000186], [-63.39894, 9.705304]]]}}, {"type": "Feature", "properties": {"parroquia": "El Furrial", "municipio": "Maturín", "estado": "Monagas", "pcode": "VE160808", "estado_pcode": "VE16", "municipio_pcode": "VE1608", "center_lat": 9.683546, "center_lon": -63.46294647, "area_sqkm": 98.80496223}, "geometry": {"type": "Polygon", "coordinates": [[[-63.39894, 9.705304], [-63.40350099999989, 9.703616000000181], [-63.409475, 9.707102000000134], [-63.41788, 9.702989000000173], [-63.43085699999983, 9.708715], [-63.442618, 9.710363], [-63.444688, 9.712809000000163], [-63.448162, 9.71122000000014], [-63.45368699999989, 9.714396], [-63.456543, 9.711561000000131], [-63.466877, 9.7127890000001], [-63.469837, 9.722971], [-63.476679999999874, 9.727510000000109], [-63.477106, 9.732251000000133], [-63.47847399999989, 9.73000900000011], [-63.484093, 9.735432], [-63.49041199999982, 9.734337], [-63.502589999999884, 9.69129700000019], [-63.544843, 9.675795], [-63.539318999999864, 9.665619000000106], [-63.53439699999984, 9.664354], [-63.53068899999988, 9.65649500000012], [-63.522984999999835, 9.651404], [-63.521799, 9.63602], [-63.518150999999875, 9.633929000000137], [-63.513385, 9.636923], [-63.505051, 9.635625000000118], [-63.49417399999987, 9.63921500000015], [-63.482988, 9.636994], [-63.471261999999854, 9.65194], [-63.46222399999988, 9.651072000000113], [-63.452107999999896, 9.65389], [-63.44310299999984, 9.65464900000012], [-63.431582, 9.645709000000124], [-63.428442, 9.648363000000131], [-63.42148, 9.644724000000167], [-63.417205, 9.646368000000109], [-63.413147, 9.64345900000012], [-63.408506, 9.644866], [-63.39894, 9.705304]]]}}, {"type": "Feature", "properties": {"parroquia": "Jusepín", "municipio": "Maturín", "estado": "Monagas", "pcode": "VE160809", "estado_pcode": "VE16", "municipio_pcode": "VE1608", "center_lat": 9.752618, "center_lon": -63.43960946, "area_sqkm": 93.78356508}, "geometry": {"type": "Polygon", "coordinates": [[[-63.39894, 9.705304], [-63.390859, 9.78428300000013], [-63.397361, 9.782312000000104], [-63.406025, 9.785011000000111], [-63.417188, 9.783004000000176], [-63.419289999999876, 9.780489], [-63.423334999999895, 9.785313], [-63.430211, 9.7841820000001], [-63.45490099999989, 9.796196], [-63.464368, 9.796666], [-63.469679, 9.803361000000166], [-63.473541, 9.817833000000121], [-63.4792, 9.823783], [-63.493596, 9.825770000000148], [-63.497642, 9.819411000000116], [-63.495752, 9.802038], [-63.480145, 9.769804], [-63.49041199999982, 9.734337], [-63.484093, 9.735432], [-63.47847399999989, 9.73000900000011], [-63.477106, 9.732251000000133], [-63.476679999999874, 9.727510000000109], [-63.469837, 9.722971], [-63.466877, 9.7127890000001], [-63.456543, 9.711561000000131], [-63.45368699999989, 9.714396], [-63.448162, 9.71122000000014], [-63.444688, 9.712809000000163], [-63.442618, 9.710363], [-63.43085699999983, 9.708715], [-63.41788, 9.702989000000173], [-63.409475, 9.707102000000134], [-63.40350099999989, 9.703616000000181], [-63.39894, 9.705304]]]}}, {"type": "Feature", "properties": {"parroquia": "La Pica", "municipio": "Maturín", "estado": "Monagas", "pcode": "VE160810", "estado_pcode": "VE16", "municipio_pcode": "VE1608", "center_lat": 9.95612083, "center_lon": -62.65738653, "area_sqkm": 2902.77021234}, "geometry": {"type": "Polygon", "coordinates": [[[-62.29291831799992, 9.994029940000189], [-62.43475787999995, 9.997270326000034], [-62.44041826799992, 10.021710992000067], [-62.46072435899998, 10.052585765000174], [-62.46687083699999, 10.090992831000108], [-62.47998262799996, 10.125748754000142], [-62.490313288999914, 10.163021763000131], [-62.49756370799997, 10.178648182000131], [-62.539159826999935, 10.217075068999975], [-62.568863267999916, 10.231454320000012], [-62.600002763999896, 10.242742490000182], [-62.63140233899992, 10.26742903200011], [-62.63547938899984, 10.240853258000186], [-62.63302707199995, 10.20118413400013], [-62.60920455299993, 10.119085917000177], [-62.60920451399994, 10.111496698000053], [-62.61551074199997, 10.101148370000033], [-62.62707125299994, 10.095974170000034], [-62.656497479999985, 10.071827329000087], [-62.67471427899994, 10.063203999000166], [-62.689077941999926, 10.062858910000102], [-62.704841632999944, 10.058029694000027], [-62.728313716999935, 10.058718603000102], [-62.73952328399997, 10.068032808999988], [-62.7486317769999, 10.083210195000106], [-62.75283597899994, 10.084590203000062], [-62.768950709999956, 10.081830052000043], [-62.78331330499992, 10.069412629000112], [-62.78646641199998, 10.062858419000179], [-62.789969482999936, 10.044575885000029], [-62.78681629299996, 10.034917627000084], [-62.80049590899995, 10.032721498000171], [-62.821241862999955, 10.034064433000026], [-62.8301723109999, 10.040091561000054], [-62.83416352599994, 10.046664726000074], [-62.83558469899998, 10.067820319000191], [-62.84487417299988, 10.076617519000138], [-62.85445461099988, 10.075753441000018], [-62.85798567599994, 10.058011927000052], [-62.86151681499996, 10.052656758000126], [-62.87071822499996, 10.050097638000125], [-62.898611546999916, 10.057552709000106], [-62.892280355999844, 10.07696428200012], [-62.896886639999934, 10.092465703000073], [-62.907423132999895, 10.092813658000011], [-62.91597150599995, 10.089222507000159], [-62.92938204799992, 10.076590081000177], [-62.93577151099993, 10.075069834000033], [-63.053997, 9.896342], [-63.058726, 9.878316000000154], [-63.058014, 9.871691], [-63.06459499999983, 9.87225], [-63.067037, 9.863942000000122], [-63.069991, 9.864207], [-63.07151599999986, 9.860929], [-63.081746, 9.857833], [-63.095281, 9.848999000000106], [-63.097562, 9.84228000000013], [-63.095283, 9.834419], [-63.099568, 9.83187], [-63.099098, 9.824719], [-63.100482, 9.822180000000117], [-63.102546, 9.822951000000103], [-63.102908, 9.817247000000123], [-63.107011, 9.81718300000017], [-63.107862, 9.813854], [-63.105425, 9.812244], [-63.099172999999894, 9.746964000000162], [-63.118753, 9.68093], [-63.118681, 9.64759000000015], [-63.10858999999988, 9.659195], [-63.102627, 9.653626], [-63.101443, 9.655705000000125], [-63.095456, 9.654167], [-63.09316799999988, 9.648914000000104], [-63.08471, 9.650066], [-63.079686, 9.646947], [-63.064952, 9.652967], [-63.057434999999884, 9.650497000000144], [-63.05509699999982, 9.65239], [-63.05298399999987, 9.647643], [-63.041882, 9.647907], [-63.027744, 9.653138000000183], [-63.027194999999836, 9.656790000000171], [-63.0230049999999, 9.659622], [-63.015902, 9.658262], [-63.002418, 9.665564000000131], [-62.997711, 9.664743000000101], [-62.997987, 9.671154000000115], [-62.988981, 9.666565], [-62.987529, 9.671091], [-62.982647, 9.67127900000014], [-62.982716, 9.677369], [-62.966406, 9.6763], [-62.967384, 9.680676000000119], [-62.964937, 9.685153], [-62.958369, 9.684029000000123], [-62.956947, 9.686862], [-62.960415, 9.693697000000157], [-62.951980999999876, 9.690528000000143], [-62.947094, 9.679911], [-62.939701, 9.682904000000121], [-62.935612999999876, 9.680874000000188], [-62.936087, 9.678014000000132], [-62.926453999999865, 9.679945], [-62.92199699999986, 9.683292], [-62.922741, 9.688125], [-62.91988, 9.69186800000017], [-62.923313, 9.695521], [-62.9202489999999, 9.697890000000143], [-62.90283899999986, 9.699882000000116], [-62.895076, 9.713791], [-62.890187, 9.715282000000173], [-62.885959, 9.713594000000114], [-62.884705, 9.70898700000015], [-62.874527, 9.70819100000017], [-62.87068099999988, 9.714722000000165], [-62.872247, 9.722122000000127], [-62.876323, 9.726808], [-62.873014999999896, 9.737668000000156], [-62.852373, 9.748227], [-62.846012, 9.747331000000145], [-62.829742999999894, 9.736390000000142], [-62.824681, 9.740237], [-62.810459, 9.732210000000123], [-62.790572, 9.728691], [-62.782151, 9.723001], [-62.774451, 9.726492], [-62.755461, 9.744583000000148], [-62.750017, 9.745911], [-62.748037999999895, 9.74347500000016], [-62.738006, 9.745926], [-62.727897, 9.739722000000143], [-62.720983, 9.738592], [-62.72486, 9.725882], [-62.713931, 9.726954], [-62.708878999999854, 9.733501], [-62.70409499999988, 9.72723000000019], [-62.691828, 9.720296], [-62.688974, 9.722306000000117], [-62.68989199999987, 9.735266], [-62.687853, 9.739486000000113], [-62.6714429999999, 9.741395000000182], [-62.665122, 9.749733000000106], [-62.653195999999866, 9.750436], [-62.647896, 9.743705000000148], [-62.646876, 9.732654], [-62.636887, 9.722607000000153], [-62.627509, 9.721100000000149], [-62.607428, 9.725622], [-62.59030299999989, 9.721101], [-62.58734699999985, 9.739184], [-62.569203, 9.753652], [-62.564514, 9.75315], [-62.554321, 9.741194], [-62.550753, 9.740390000000161], [-62.5210909999999, 9.759378], [-62.520479, 9.769324000000154], [-62.531284, 9.772439000000134], [-62.533628, 9.779069000000163], [-62.521906, 9.797656], [-62.51629999999989, 9.812223000000131], [-62.510898, 9.814937000000157], [-62.50009199999988, 9.81533800000011], [-62.388452, 9.902688000000182], [-62.37198099999989, 9.926712], [-62.36939699999988, 9.938974], [-62.332513, 9.938675], [-62.2908645039999, 9.934030899000106], [-62.28252355599989, 9.93823640700009], [-62.29906639999996, 9.954582787999982], [-62.30123654999994, 9.96309502300005], [-62.30077556499998, 9.972309283000072], [-62.29291831799992, 9.994029940000189]]]}}, {"type": "Feature", "properties": {"parroquia": "San Vicente", "municipio": "Maturín", "estado": "Monagas", "pcode": "VE160811", "estado_pcode": "VE16", "municipio_pcode": "VE1608", "center_lat": 9.7236005, "center_lon": -63.29259278, "area_sqkm": 31.22246709}, "geometry": {"type": "Polygon", "coordinates": [[[-63.261285, 9.746035], [-63.264559, 9.750065], [-63.272038, 9.747537000000136], [-63.280865, 9.748363], [-63.281047999999885, 9.746332000000109], [-63.285021, 9.749559], [-63.286097, 9.747328], [-63.290819, 9.74820000000011], [-63.305225, 9.737131000000147], [-63.309843, 9.72696500000012], [-63.31836, 9.729952], [-63.31745099999989, 9.724489], [-63.325504, 9.72626600000018], [-63.32724499999989, 9.719537000000116], [-63.331141, 9.720280000000173], [-63.33258099999989, 9.71810500000015], [-63.344083, 9.720407], [-63.340336, 9.697050000000104], [-63.265087, 9.712505], [-63.259207, 9.723529], [-63.261285, 9.746035]]]}}, {"type": "Feature", "properties": {"parroquia": "Capital Piar", "municipio": "Piar", "estado": "Monagas", "pcode": "VE160901", "estado_pcode": "VE16", "municipio_pcode": "VE1609", "center_lat": 10.0261475, "center_lon": -63.40484713, "area_sqkm": 209.05963413}, "geometry": {"type": "Polygon", "coordinates": [[[-63.323563, 10.072374], [-63.342569, 10.091458000000102], [-63.383982, 10.087062], [-63.401871, 10.107513000000154], [-63.454524999999876, 10.106795], [-63.472183, 10.08653800000019], [-63.476727, 10.052764], [-63.4846356569999, 10.04822719700013], [-63.48307, 10.037159], [-63.47754, 10.030014000000165], [-63.47876, 10.025407], [-63.4893909999999, 10.018983000000162], [-63.49279899999988, 10.008126000000118], [-63.489547, 9.999915], [-63.49279099999984, 9.986769000000152], [-63.490512, 9.982147], [-63.51656899999983, 9.981515000000115], [-63.495803, 9.961428], [-63.498233, 9.955322], [-63.494007999999894, 9.955991000000154], [-63.485091999999895, 9.945401], [-63.48338799999988, 9.951006000000177], [-63.479040999999825, 9.950048000000152], [-63.44222999999988, 9.977201], [-63.440667, 9.980665000000158], [-63.43719499999986, 9.98021000000017], [-63.43585599999989, 9.984885], [-63.430776, 9.98573800000014], [-63.4411, 9.996639], [-63.443541, 10.009343000000115], [-63.400935, 10.008228], [-63.393248, 9.993044000000111], [-63.395543, 9.98923800000017], [-63.392653, 9.985070000000121], [-63.389471, 9.986489], [-63.386575, 9.983653000000118], [-63.380798, 9.984456], [-63.37842199999989, 9.981146000000138], [-63.373986, 9.983289000000184], [-63.367968999999846, 9.981549], [-63.358802, 9.986783], [-63.348219, 9.985972000000118], [-63.345706, 9.997401], [-63.338519, 10.008748], [-63.337679, 10.016699000000187], [-63.330311, 10.020041000000106], [-63.332002, 10.029539000000113], [-63.330344, 10.039934], [-63.326603, 10.038417000000152], [-63.334227, 10.043472], [-63.323563, 10.072374]]]}}, {"type": "Feature", "properties": {"parroquia": "Aparicio", "municipio": "Piar", "estado": "Monagas", "pcode": "VE160902", "estado_pcode": "VE16", "municipio_pcode": "VE1609", "center_lat": 10.0167805, "center_lon": -63.53803281, "area_sqkm": 81.0575244}, "geometry": {"type": "Polygon", "coordinates": [[[-63.51656899999983, 9.981515000000115], [-63.490512, 9.982147], [-63.49279099999984, 9.986769000000152], [-63.489547, 9.999915], [-63.49279899999988, 10.008126000000118], [-63.4893909999999, 10.018983000000162], [-63.47876, 10.025407], [-63.47754, 10.030014000000165], [-63.48307, 10.037159], [-63.4846356569999, 10.04822719700013], [-63.487249, 10.052476], [-63.497405, 10.057283], [-63.524798, 10.054432], [-63.544168, 10.048558], [-63.5506, 10.03886], [-63.58563, 10.021781], [-63.58771599999989, 10.013085000000103], [-63.601866, 10.016285], [-63.60623, 10.00552400000015], [-63.605931, 9.996644000000117], [-63.60076, 9.990349], [-63.593226, 9.986586000000102], [-63.578098999999895, 9.985796000000107], [-63.574986, 9.981661000000145], [-63.57546699999989, 9.976748], [-63.55909999999989, 9.97752000000014], [-63.548918, 9.984954], [-63.544264999999825, 9.982370000000174], [-63.535356, 9.982632], [-63.524585, 9.988685], [-63.519972, 9.987156], [-63.51656899999983, 9.981515000000115]]]}}, {"type": "Feature", "properties": {"parroquia": "Chaguaramal", "municipio": "Piar", "estado": "Monagas", "pcode": "VE160903", "estado_pcode": "VE16", "municipio_pcode": "VE1609", "center_lat": 9.881405, "center_lon": -63.43598353, "area_sqkm": 217.5233024}, "geometry": {"type": "Polygon", "coordinates": [[[-63.363695, 9.884657], [-63.369715, 9.886512], [-63.374334, 9.907007000000135], [-63.37093, 9.915558000000146], [-63.379408, 9.925299000000166], [-63.380358, 9.931729000000189], [-63.385944, 9.938855], [-63.395001, 9.96623], [-63.399739, 9.967366], [-63.40661299999982, 9.963139], [-63.412553, 9.944756000000154], [-63.414764, 9.943911], [-63.41689, 9.939145], [-63.42201, 9.938154000000111], [-63.424492, 9.927707000000112], [-63.431686, 9.921055], [-63.431165, 9.916983], [-63.427267, 9.916953], [-63.424572999999896, 9.913148], [-63.42647, 9.905518], [-63.42304, 9.903386], [-63.42156399999982, 9.904414], [-63.423844, 9.905361], [-63.42157399999985, 9.90547000000015], [-63.41865399999983, 9.901120000000105], [-63.423304, 9.8962140000001], [-63.42115299999983, 9.88670000000019], [-63.4276569999999, 9.884017], [-63.431139, 9.88929300000018], [-63.439414, 9.889821000000154], [-63.44514699999985, 9.895104000000117], [-63.459355, 9.899186000000157], [-63.463569, 9.904075], [-63.468497, 9.904397000000188], [-63.472327, 9.910421], [-63.561168, 9.956964], [-63.560202, 9.948823], [-63.569701, 9.934705], [-63.56673099999989, 9.927071], [-63.536446999999896, 9.899130000000127], [-63.521723, 9.896691000000146], [-63.521962, 9.892132], [-63.517297, 9.892167], [-63.507691, 9.88108], [-63.510553, 9.867002000000184], [-63.503681, 9.856916000000183], [-63.49400999999989, 9.852324], [-63.491912, 9.842372000000125], [-63.495459, 9.834121], [-63.493596, 9.825770000000148], [-63.4792, 9.823783], [-63.473541, 9.817833000000121], [-63.469679, 9.803361000000166], [-63.464368, 9.796666], [-63.45490099999989, 9.796196], [-63.358172, 9.817499], [-63.363695, 9.884657]]]}}, {"type": "Feature", "properties": {"parroquia": "El Pinto", "municipio": "Piar", "estado": "Monagas", "pcode": "VE160904", "estado_pcode": "VE16", "municipio_pcode": "VE1609", "center_lat": 9.9613065, "center_lon": -63.34037198, "area_sqkm": 136.31786395}, "geometry": {"type": "Polygon", "coordinates": [[[-63.414764, 9.943911], [-63.412553, 9.944756000000154], [-63.40661299999982, 9.963139], [-63.399739, 9.967366], [-63.395001, 9.96623], [-63.385944, 9.938855], [-63.380358, 9.931729000000189], [-63.379408, 9.925299000000166], [-63.37093, 9.915558000000146], [-63.374334, 9.907007000000135], [-63.369715, 9.886512], [-63.363695, 9.884657], [-63.36276599999985, 9.891553000000101], [-63.295169, 9.938358000000107], [-63.277496, 9.997209000000112], [-63.29742299999987, 10.026570000000106], [-63.326603, 10.038417000000152], [-63.330344, 10.039934], [-63.332002, 10.029539000000113], [-63.330311, 10.020041000000106], [-63.337679, 10.016699000000187], [-63.338519, 10.008748], [-63.345706, 9.997401], [-63.348219, 9.985972000000118], [-63.358802, 9.986783], [-63.367968999999846, 9.981549], [-63.373986, 9.983289000000184], [-63.37842199999989, 9.981146000000138], [-63.380798, 9.984456], [-63.386575, 9.983653000000118], [-63.389471, 9.986489], [-63.392653, 9.985070000000121], [-63.395543, 9.98923800000017], [-63.393248, 9.993044000000111], [-63.400935, 10.008228], [-63.443541, 10.009343000000115], [-63.4411, 9.996639], [-63.430776, 9.98573800000014], [-63.423282999999856, 9.98133], [-63.416878, 9.984286], [-63.41429099999988, 9.983163], [-63.421173, 9.973904000000118], [-63.414764, 9.943911]]]}}, {"type": "Feature", "properties": {"parroquia": "Guanaguana", "municipio": "Piar", "estado": "Monagas", "pcode": "VE160905", "estado_pcode": "VE16", "municipio_pcode": "VE1609", "center_lat": 10.0762305, "center_lon": -63.54875451, "area_sqkm": 156.06917463}, "geometry": {"type": "Polygon", "coordinates": [[[-63.454524999999876, 10.106795], [-63.444329, 10.122491], [-63.455385, 10.140762000000166], [-63.464506642999936, 10.139794854000058], [-63.490461, 10.136911], [-63.511111, 10.127838000000168], [-63.523302, 10.130281], [-63.539769, 10.127819], [-63.538755, 10.12414], [-63.54119899999989, 10.120510000000138], [-63.557648, 10.113707], [-63.568021, 10.130252], [-63.579144, 10.113776], [-63.588907, 10.108005], [-63.608695, 10.105152], [-63.617189, 10.10038500000013], [-63.617514, 10.102841000000126], [-63.618209, 10.091309], [-63.628565, 10.066777000000116], [-63.616106, 10.062288000000137], [-63.61195, 10.040672], [-63.614998, 10.028804], [-63.601866, 10.016285], [-63.58771599999989, 10.013085000000103], [-63.58563, 10.021781], [-63.5506, 10.03886], [-63.544168, 10.048558], [-63.524798, 10.054432], [-63.497405, 10.057283], [-63.487249, 10.052476], [-63.4846356569999, 10.04822719700013], [-63.476727, 10.052764], [-63.472183, 10.08653800000019], [-63.454524999999876, 10.106795]]]}}, {"type": "Feature", "properties": {"parroquia": "La Toscana", "municipio": "Piar", "estado": "Monagas", "pcode": "VE160906", "estado_pcode": "VE16", "municipio_pcode": "VE1609", "center_lat": 9.859456, "center_lon": -63.31234975, "area_sqkm": 166.98015556}, "geometry": {"type": "Polygon", "coordinates": [[[-63.295169, 9.938358000000107], [-63.36276599999985, 9.891553000000101], [-63.363695, 9.884657], [-63.358172, 9.817499], [-63.45490099999989, 9.796196], [-63.430211, 9.7841820000001], [-63.423334999999895, 9.785313], [-63.419289999999876, 9.780489], [-63.417188, 9.783004000000176], [-63.406025, 9.785011000000111], [-63.397361, 9.782312000000104], [-63.390859, 9.78428300000013], [-63.38235, 9.786630000000116], [-63.38155499999988, 9.790923], [-63.378136, 9.789088000000106], [-63.374813, 9.791866000000141], [-63.359919, 9.793975], [-63.352622, 9.789744], [-63.336916, 9.795617000000163], [-63.32319599999988, 9.789128], [-63.304455999999846, 9.787597], [-63.335075, 9.856662000000142], [-63.322134, 9.858636], [-63.29295599999983, 9.849676000000159], [-63.276405, 9.852285], [-63.261414, 9.860431], [-63.226237, 9.860835], [-63.217743, 9.869102], [-63.214213, 9.878106], [-63.206647, 9.88485500000013], [-63.205745, 9.888736], [-63.208272, 9.893283], [-63.205155, 9.898409000000186], [-63.206936, 9.89814200000012], [-63.215003, 9.899485], [-63.216236, 9.905696], [-63.221158999999886, 9.908846], [-63.225294, 9.906737], [-63.229564, 9.911351], [-63.237596, 9.911523], [-63.2417779999999, 9.919285000000116], [-63.252661, 9.926957], [-63.258533, 9.923996], [-63.264505, 9.92427000000015], [-63.267035, 9.930377], [-63.27501099999989, 9.93551], [-63.278409, 9.93358], [-63.27805499999988, 9.935633], [-63.295169, 9.938358000000107]]]}}, {"type": "Feature", "properties": {"parroquia": "Taguaya", "municipio": "Piar", "estado": "Monagas", "pcode": "VE160907", "estado_pcode": "VE16", "municipio_pcode": "VE1609", "center_lat": 9.9363895, "center_lon": -63.47209926, "area_sqkm": 91.94099155}, "geometry": {"type": "Polygon", "coordinates": [[[-63.561168, 9.956964], [-63.472327, 9.910421], [-63.468497, 9.904397000000188], [-63.463569, 9.904075], [-63.459355, 9.899186000000157], [-63.44514699999985, 9.895104000000117], [-63.439414, 9.889821000000154], [-63.431139, 9.88929300000018], [-63.4276569999999, 9.884017], [-63.42115299999983, 9.88670000000019], [-63.423304, 9.8962140000001], [-63.41865399999983, 9.901120000000105], [-63.42157399999985, 9.90547000000015], [-63.423844, 9.905361], [-63.42156399999982, 9.904414], [-63.42304, 9.903386], [-63.42647, 9.905518], [-63.424572999999896, 9.913148], [-63.427267, 9.916953], [-63.431165, 9.916983], [-63.431686, 9.921055], [-63.424492, 9.927707000000112], [-63.42201, 9.938154000000111], [-63.41689, 9.939145], [-63.414764, 9.943911], [-63.421173, 9.973904000000118], [-63.41429099999988, 9.983163], [-63.416878, 9.984286], [-63.423282999999856, 9.98133], [-63.430776, 9.98573800000014], [-63.43585599999989, 9.984885], [-63.43719499999986, 9.98021000000017], [-63.440667, 9.980665000000158], [-63.44222999999988, 9.977201], [-63.479040999999825, 9.950048000000152], [-63.48338799999988, 9.951006000000177], [-63.485091999999895, 9.945401], [-63.494007999999894, 9.955991000000154], [-63.498233, 9.955322], [-63.495803, 9.961428], [-63.51656899999983, 9.981515000000115], [-63.519972, 9.987156], [-63.524585, 9.988685], [-63.535356, 9.982632], [-63.544264999999825, 9.982370000000174], [-63.548918, 9.984954], [-63.55909999999989, 9.97752000000014], [-63.57546699999989, 9.976748], [-63.56555299999985, 9.960297], [-63.561168, 9.956964]]]}}, {"type": "Feature", "properties": {"parroquia": "Capital Punceres", "municipio": "Punceres", "estado": "Monagas", "pcode": "VE161001", "estado_pcode": "VE16", "municipio_pcode": "VE1610", "center_lat": 10.008776, "center_lon": -63.17823253, "area_sqkm": 326.88138486}, "geometry": {"type": "Polygon", "coordinates": [[[-63.295169, 9.938358000000107], [-63.27805499999988, 9.935633], [-63.278409, 9.93358], [-63.27501099999989, 9.93551], [-63.267035, 9.930377], [-63.264505, 9.92427000000015], [-63.258533, 9.923996], [-63.252661, 9.926957], [-63.2417779999999, 9.919285000000116], [-63.237596, 9.911523], [-63.229564, 9.911351], [-63.225294, 9.906737], [-63.221158999999886, 9.908846], [-63.216236, 9.905696], [-63.215003, 9.899485], [-63.206936, 9.89814200000012], [-63.201485, 9.899713], [-63.197744, 9.898757], [-63.194129, 9.899682000000155], [-63.18382, 9.896309000000144], [-63.166496, 9.895766000000151], [-63.16856, 9.907971000000146], [-63.177614, 9.915786], [-63.180337999999836, 9.924529], [-63.183711, 9.927101], [-63.181777, 9.931425], [-63.185947, 9.935032], [-63.194245, 9.958388], [-63.194086, 9.970723], [-63.139329, 9.980141000000117], [-63.129512, 9.977006], [-63.110507, 9.98006400000014], [-63.109211, 9.973256000000106], [-63.102269, 9.973166000000163], [-63.086395, 9.984657], [-63.07663499999984, 10.002577], [-63.06455199999982, 10.015912], [-63.060285, 10.01744], [-63.06183, 10.024142000000154], [-63.05995, 10.028435], [-63.072112, 10.028682], [-63.07044, 10.037437], [-63.070131, 10.039722000000154], [-63.073839, 10.037974], [-63.081253, 10.040098000000171], [-63.08821299999988, 10.037180000000149], [-63.093340999999896, 10.040069], [-63.097366, 10.039280000000133], [-63.09925, 10.038106], [-63.097705, 10.034365], [-63.106782, 10.028916], [-63.108191, 10.02277000000015], [-63.112878, 10.022843000000137], [-63.121891, 10.016271], [-63.12445899999989, 10.018644000000165], [-63.132838, 10.008845000000122], [-63.137166, 10.013925000000143], [-63.143127, 10.012374], [-63.146488, 10.017833], [-63.145323, 10.021842000000106], [-63.147627, 10.022269], [-63.148875, 10.019085], [-63.152743, 10.021555000000149], [-63.155799, 10.042508], [-63.169735, 10.067414], [-63.179363, 10.074347000000103], [-63.18655599999988, 10.08838], [-63.192192, 10.089632], [-63.213555, 10.107273], [-63.21963, 10.118110000000172], [-63.226726, 10.12246400000015], [-63.243633, 10.099669], [-63.304298, 10.067634000000112], [-63.323563, 10.072374], [-63.334227, 10.043472], [-63.326603, 10.038417000000152], [-63.29742299999987, 10.026570000000106], [-63.277496, 9.997209000000112], [-63.295169, 9.938358000000107]]]}}, {"type": "Feature", "properties": {"parroquia": "Cachipo", "municipio": "Punceres", "estado": "Monagas", "pcode": "VE161002", "estado_pcode": "VE16", "municipio_pcode": "VE1610", "center_lat": 9.988621, "center_lon": -63.03908434, "area_sqkm": 290.08101608}, "geometry": {"type": "Polygon", "coordinates": [[[-62.93577151099993, 10.075069834000033], [-62.940683633999924, 10.089026377000096], [-62.95112514699997, 10.094638487000111], [-62.95797145399996, 10.094938461000083], [-62.96687486299993, 10.09306336600008], [-62.971056019999935, 10.088302204000115], [-62.97056894899998, 10.076786882000022], [-62.97386005799996, 10.070056676000036], [-62.985340575999885, 10.068868585000075], [-63.000320373999955, 10.089315084000077], [-63.020592081999894, 10.099625495999987], [-63.020395, 10.093059], [-63.02282499999984, 10.092659], [-63.02548, 10.084501], [-63.029593, 10.080406000000153], [-63.03890599999988, 10.077962], [-63.039222, 10.075985000000117], [-63.043207, 10.076986000000147], [-63.04832099999987, 10.0732220000001], [-63.050265, 10.064132], [-63.055793, 10.063002], [-63.061854999999866, 10.047384], [-63.07044, 10.037437], [-63.072112, 10.028682], [-63.05995, 10.028435], [-63.06183, 10.024142000000154], [-63.060285, 10.01744], [-63.06455199999982, 10.015912], [-63.07663499999984, 10.002577], [-63.086395, 9.984657], [-63.102269, 9.973166000000163], [-63.109211, 9.973256000000106], [-63.110507, 9.98006400000014], [-63.129512, 9.977006], [-63.139329, 9.980141000000117], [-63.194086, 9.970723], [-63.194245, 9.958388], [-63.185947, 9.935032], [-63.181777, 9.931425], [-63.183711, 9.927101], [-63.180337999999836, 9.924529], [-63.177614, 9.915786], [-63.16856, 9.907971000000146], [-63.166496, 9.895766000000151], [-63.156444, 9.897046], [-63.150456, 9.900812], [-63.146633, 9.898688000000163], [-63.146302, 9.900763], [-63.138831, 9.90303], [-63.13809, 9.900800000000118], [-63.132422, 9.902858], [-63.132585, 9.90058], [-63.125149, 9.894787000000179], [-63.122299, 9.897228000000155], [-63.118059, 9.89353], [-63.1106759999999, 9.894141], [-63.099955, 9.89018], [-63.097264, 9.887107000000128], [-63.090646, 9.888431], [-63.089804, 9.884367], [-63.058726, 9.878316000000154], [-63.053997, 9.896342], [-62.93577151099993, 10.075069834000033]]]}}, {"type": "Feature", "properties": {"parroquia": "Santa Barbará", "municipio": "Santa Babara", "estado": "Monagas", "pcode": "VE161101", "estado_pcode": "VE16", "municipio_pcode": "VE1611", "center_lat": 9.576244, "center_lon": -63.54529218, "area_sqkm": 305.04020007}, "geometry": {"type": "Polygon", "coordinates": [[[-63.452107999999896, 9.65389], [-63.46222399999988, 9.651072000000113], [-63.471261999999854, 9.65194], [-63.482988, 9.636994], [-63.49417399999987, 9.63921500000015], [-63.505051, 9.635625000000118], [-63.513385, 9.636923], [-63.518150999999875, 9.633929000000137], [-63.521799, 9.63602], [-63.53495, 9.631916], [-63.53719099999989, 9.634306], [-63.54222999999985, 9.633782], [-63.545491, 9.630837], [-63.556754, 9.639671], [-63.564293, 9.634999], [-63.573093999999855, 9.635119], [-63.58062799999988, 9.631639000000177], [-63.588831, 9.633282], [-63.595342, 9.629521], [-63.60474799999986, 9.631189], [-63.609646, 9.629245], [-63.621855, 9.640445000000113], [-63.63825, 9.645907], [-63.641034, 9.498366], [-63.63337, 9.498273000000154], [-63.628377, 9.501319000000137], [-63.61853599999989, 9.499660000000176], [-63.602665999999886, 9.5015], [-63.592462999999896, 9.497668], [-63.584071, 9.498206], [-63.57143699999989, 9.50526], [-63.566878, 9.51480800000013], [-63.553833, 9.520792], [-63.547079, 9.519742000000178], [-63.540866, 9.523243], [-63.51216499999987, 9.501302000000123], [-63.497491, 9.501359], [-63.493595, 9.501661000000183], [-63.483108, 9.493180000000109], [-63.47500499999984, 9.491051], [-63.45139799999987, 9.499018000000149], [-63.452107999999896, 9.65389]]]}}, {"type": "Feature", "properties": {"parroquia": "Capital Sotillo", "municipio": "Sotillo", "estado": "Monagas", "pcode": "VE161201", "estado_pcode": "VE16", "municipio_pcode": "VE1612", "center_lat": 8.70075469, "center_lon": -62.3310127, "area_sqkm": 1142.04180897}, "geometry": {"type": "Polygon", "coordinates": [[[-62.115391295999984, 8.72405491700016], [-62.07092825099994, 8.756838630000061], [-62.05970486099989, 8.784392428000103], [-62.062086083999986, 8.810266120000051], [-62.05868496599999, 8.819338382000183], [-62.041000186999895, 8.830090754000082], [-62.006991754999945, 8.860668733000125], [-61.99678935299994, 8.876125188000117], [-61.99712941899992, 8.886542471000041], [-62.00086960999994, 8.890574571000059], [-62.00903198599991, 8.891246557000102], [-62.03113796699995, 8.88217320700005], [-62.03896030699997, 8.876461020000022], [-62.048984275999885, 8.87928891700011], [-62.054306, 8.872917], [-62.27241, 8.84209], [-62.496249, 8.768881000000135], [-62.484919, 8.613472], [-62.486729, 8.552236], [-62.472347, 8.517862], [-62.46994059999997, 8.512111281000045], [-62.46640841399983, 8.512898402000076], [-62.39847654799996, 8.541007633000106], [-62.35429748599995, 8.565706282000122], [-62.30354519199989, 8.576902793000045], [-62.2738748939999, 8.59118730300014], [-62.230165771999964, 8.603974886000117], [-62.22215457499988, 8.606052920000081], [-62.22762484699996, 8.610999038000045], [-62.23060702199996, 8.618584224000074], [-62.22890299199992, 8.631225570000083], [-62.21867762699998, 8.655244260000018], [-62.20333802799996, 8.681371026000136], [-62.18118208599998, 8.69864758500006], [-62.142415332999974, 8.706248963000178], [-62.115391295999984, 8.72405491700016]]]}}, {"type": "Feature", "properties": {"parroquia": "Los Barrancos de Fajardo", "municipio": "Sotillo", "estado": "Monagas", "pcode": "VE161202", "estado_pcode": "VE16", "municipio_pcode": "VE1612", "center_lat": 8.582854, "center_lon": -62.59427416, "area_sqkm": 679.44979814}, "geometry": {"type": "Polygon", "coordinates": [[[-62.496249, 8.768881000000135], [-62.501696, 8.756651], [-62.50967, 8.749841], [-62.52757799999989, 8.737388000000124], [-62.552646, 8.7277], [-62.558417, 8.720213000000115], [-62.55951, 8.714336], [-62.56464199999988, 8.713694], [-62.580791, 8.701851], [-62.590449, 8.699856000000125], [-62.593616, 8.696239000000162], [-62.60335, 8.696782000000155], [-62.617872, 8.69081100000011], [-62.629885, 8.678519], [-62.64632099999989, 8.66941], [-62.67680799999988, 8.676277], [-62.682434999999884, 8.67494], [-62.72579628099999, 8.478638471000181], [-62.72863927399993, 8.475070287000165], [-62.714827623999895, 8.471488245000103], [-62.727205111999865, 8.451392665000071], [-62.721237713999926, 8.422960942000088], [-62.70010269399995, 8.41115472000007], [-62.67983073299996, 8.38244918200013], [-62.66414048299998, 8.391842492000023], [-62.63089354999994, 8.41732617100007], [-62.61160676499992, 8.440991878000034], [-62.58931183699997, 8.46278255400017], [-62.582128, 8.463659], [-62.574923, 8.481802000000187], [-62.54624599999988, 8.487967], [-62.531178, 8.494355], [-62.493505, 8.521506000000102], [-62.472347, 8.517862], [-62.486729, 8.552236], [-62.484919, 8.613472], [-62.496249, 8.768881000000135]]]}}, {"type": "Feature", "properties": {"parroquia": "Uracoa", "municipio": "Uracoa", "estado": "Monagas", "pcode": "VE161301", "estado_pcode": "VE16", "municipio_pcode": "VE1613", "center_lat": 8.899005, "center_lon": -62.34388089, "area_sqkm": 1747.14034265}, "geometry": {"type": "Polygon", "coordinates": [[[-62.06632635699992, 9.057759261000172], [-62.10163509199998, 9.076846215000046], [-62.111734518999924, 9.06765391600004], [-62.1134475259999, 9.05310751400009], [-62.11676466599994, 9.048314363000088], [-62.12362297599992, 9.048272328999985], [-62.13348745799988, 9.053279424000152], [-62.14736416299996, 9.066836733000173], [-62.146667236999974, 9.090345382000123], [-62.148947399999884, 9.102524702000096], [-62.15378563799999, 9.105851772000051], [-62.16007892499994, 9.106147755000109], [-62.16325305399994, 9.103233661000047], [-62.16282800699997, 9.095063437000135], [-62.166580138999905, 9.088066232000187], [-62.187833109999985, 9.085180059000038], [-62.19055515899993, 9.068948602000034], [-62.19475134399994, 9.065207476000126], [-62.22214457399991, 9.05903618800005], [-62.224400680999906, 9.060157207000145], [-62.22188165799986, 9.080340769000031], [-62.223736761999874, 9.084349878000182], [-62.25853148799996, 9.1100634230001], [-62.26407876899992, 9.117609601000083], [-62.263066787999946, 9.130933971000104], [-62.27085616699998, 9.135164056000065], [-62.300743549999936, 9.135137917000122], [-62.320674426999915, 9.12794463400013], [-62.32646199999988, 9.12695], [-62.329176, 9.117683], [-62.322785, 9.105491], [-62.324799, 9.096758], [-62.337353, 9.081678], [-62.348262, 9.085517], [-62.350626, 9.082058], [-62.350885, 9.077296], [-62.347256, 9.073863], [-62.348047, 9.069228], [-62.354951, 9.064568000000122], [-62.357754, 9.055681], [-62.355308, 9.05187], [-62.346085, 9.04800500000016], [-62.34735599999982, 9.040028], [-62.361633, 9.039305000000127], [-62.38222499999989, 9.031871], [-62.388489, 9.034265000000175], [-62.389237, 9.026222000000132], [-62.406015, 9.006080000000168], [-62.41221999999988, 9.004734000000155], [-62.421875999999884, 8.997919], [-62.4322939999999, 9.000401000000124], [-62.433186, 9.003612], [-62.438569, 9.004883], [-62.448302, 8.996756000000175], [-62.464941999999894, 8.998510000000124], [-62.475133, 8.992848], [-62.4881079999999, 8.996427], [-62.501702, 8.986688], [-62.50945599999983, 8.984452000000147], [-62.513898, 8.979578000000117], [-62.519653, 8.978182], [-62.522953, 8.97371500000014], [-62.541596, 8.975293000000136], [-62.554548, 8.967907], [-62.569698, 8.950661], [-62.569536, 8.946755], [-62.57206599999989, 8.947425], [-62.57610099999988, 8.930754], [-62.58251499999989, 8.920645], [-62.589521, 8.917532], [-62.593278, 8.919906], [-62.606916, 8.904851000000122], [-62.622647, 8.902847], [-62.622246999999845, 8.899237000000142], [-62.631634, 8.897203], [-62.635587, 8.901293], [-62.642754, 8.896983000000148], [-62.643863999999894, 8.889644], [-62.652296, 8.889388], [-62.657972, 8.881851], [-62.661168, 8.883735], [-62.6642829999999, 8.878121], [-62.648722, 8.83018200000015], [-62.779156, 8.662744], [-62.766428, 8.670191], [-62.755147, 8.681568], [-62.7496129999999, 8.680784], [-62.730847, 8.687578000000144], [-62.711689, 8.684312], [-62.70605299999988, 8.685683], [-62.697004999999876, 8.678936], [-62.68200999999988, 8.676868], [-62.682434999999884, 8.67494], [-62.67680799999988, 8.676277], [-62.64632099999989, 8.66941], [-62.629885, 8.678519], [-62.617872, 8.69081100000011], [-62.60335, 8.696782000000155], [-62.593616, 8.696239000000162], [-62.590449, 8.699856000000125], [-62.580791, 8.701851], [-62.56464199999988, 8.713694], [-62.55951, 8.714336], [-62.558417, 8.720213000000115], [-62.552646, 8.7277], [-62.52757799999989, 8.737388000000124], [-62.50967, 8.749841], [-62.501696, 8.756651], [-62.496249, 8.768881000000135], [-62.27241, 8.84209], [-62.054306, 8.872917], [-62.048984275999885, 8.87928891700011], [-62.0583452489999, 8.88822225000007], [-62.06310651899997, 8.90065457300011], [-62.0637960549999, 8.912799980000045], [-62.06406663999991, 8.917566026000031], [-62.083957684999916, 8.94619472200003], [-62.090494091999915, 8.967526269000075], [-62.089073060999965, 8.977630556000065], [-62.06491911699993, 9.01496067800008], [-62.05538903699994, 9.039574987000151], [-62.06047757599998, 9.058757822000075], [-62.06632635699992, 9.057759261000172]]]}}]}