{"type": "FeatureCollection", "features": [{"type": "Feature", "properties": {"parroquia": "Capital Agua Blanca", "municipio": "Agua Blanca", "estado": "Portuguesa", "pcode": "VE180101", "estado_pcode": "VE18", "municipio_pcode": "VE1801", "center_lat": 9.604195, "center_lon": -69.05294518, "area_sqkm": 228.90038637}, "geometry": {"type": "Polygon", "coordinates": [[[-69.02548, 9.628885], [-69.09361877499992, 9.706884068000022], [-69.10041582899993, 9.699811865000072], [-69.13185432799997, 9.68961750000011], [-69.15652310099995, 9.681853101000115], [-69.16495045499994, 9.68227506300019], [-69.17654796099998, 9.678756054000075], [-69.1771, 9.644257], [-69.17007599999988, 9.644447000000127], [-69.163891, 9.638026], [-69.15404499999988, 9.632893], [-69.147271, 9.622715], [-69.130575, 9.609032000000184], [-69.112708, 9.609730000000184], [-69.107207, 9.605345000000113], [-69.103132, 9.597558000000106], [-69.103244, 9.592147], [-69.08927299999982, 9.579845], [-69.08348, 9.563749000000143], [-69.07740599999988, 9.5547830000001], [-69.076084, 9.536682], [-69.061594, 9.533186000000171], [-69.05896599999988, 9.511267], [-69.05551, 9.505079], [-69.05063299999989, 9.503105000000119], [-69.047542, 9.507198000000187], [-68.972322, 9.535819], [-68.952077, 9.537315], [-68.958305, 9.55078], [-68.965478, 9.548274000000106], [-68.990048, 9.565608000000111], [-68.997106, 9.57426], [-68.987628, 9.588230000000124], [-68.994337, 9.597374000000173], [-69.002236, 9.607404000000145], [-69.022083, 9.610458], [-69.029627, 9.61561200000017], [-69.03197299999988, 9.618676], [-69.02548, 9.628885]]]}}, {"type": "Feature", "properties": {"parroquia": "Capital Araure", "municipio": "Araure", "estado": "Portuguesa", "pcode": "VE180201", "estado_pcode": "VE18", "municipio_pcode": "VE1802", "center_lat": 9.65785812, "center_lon": -69.27255241, "area_sqkm": 474.8235509}, "geometry": {"type": "Polygon", "coordinates": [[[-69.28379529399996, 9.845822871999985], [-69.28253936799996, 9.84181229799998], [-69.28558850199994, 9.84155127200006], [-69.28575845199998, 9.832527047000099], [-69.29219071099988, 9.830588962000036], [-69.2950697419999, 9.813381524000079], [-69.30462510199993, 9.806946310000171], [-69.30471306799996, 9.80036415100011], [-69.30918323399987, 9.795399004000046], [-69.31253829499991, 9.783370687], [-69.31539442999997, 9.784014688000127], [-69.32274668899998, 9.775988453000082], [-69.33047101099999, 9.775538397000162], [-69.33343715599989, 9.777673425000103], [-69.33559217199996, 9.764704106000181], [-69.34867264799988, 9.75299474500008], [-69.35000867599996, 9.74794960600019], [-69.34749082899998, 9.740835226000058], [-69.34347790799995, 9.727629456000045], [-69.35102052999991, 9.714368788000058], [-69.34999944899988, 9.708957659000077], [-69.35343957699996, 9.705943562000186], [-69.35327553199988, 9.699463410000135], [-69.36520900899995, 9.694540225000026], [-69.36938719099999, 9.695751229000052], [-69.3724250379999, 9.691847688000053], [-69.37273500699996, 9.684190250000142], [-69.36614282499994, 9.672638031000076], [-69.37359676999995, 9.637108131000161], [-69.37132999999989, 9.636258000000112], [-69.366528, 9.641388000000177], [-69.360888, 9.641227000000185], [-69.354632, 9.63503900000012], [-69.35234, 9.627604], [-69.34451, 9.623253], [-69.341234, 9.616823000000181], [-69.3286379999999, 9.60497400000014], [-69.327358, 9.597003], [-69.320758, 9.595541], [-69.319945, 9.590411], [-69.313051, 9.587231], [-69.309465, 9.582031], [-69.286189, 9.564623000000154], [-69.270943, 9.541096], [-69.269918, 9.521152], [-69.259086, 9.502247000000182], [-69.25079699999986, 9.495499000000166], [-69.25217, 9.489365000000134], [-69.235935, 9.478735], [-69.215367, 9.543155], [-69.214757, 9.561031000000128], [-69.21252299999986, 9.560304], [-69.207453, 9.568804], [-69.203313, 9.569951000000117], [-69.199966, 9.577559], [-69.174087, 9.572024], [-69.167616, 9.55685], [-69.161214, 9.553868], [-69.146513, 9.558232], [-69.143965, 9.551603], [-69.146898, 9.550105], [-69.144249, 9.543982], [-69.13743099999988, 9.546188], [-69.135779, 9.542393], [-69.125192, 9.54472], [-69.111753, 9.557638], [-69.098739, 9.552022], [-69.091095, 9.537192000000175], [-69.0767029999999, 9.527205], [-69.077924, 9.51417], [-69.06941799999987, 9.506044], [-69.0603809999999, 9.505558], [-69.059189, 9.498939], [-69.054406, 9.501427], [-69.051259, 9.498239000000183], [-69.05063299999989, 9.503105000000119], [-69.05551, 9.505079], [-69.05896599999988, 9.511267], [-69.061594, 9.533186000000171], [-69.076084, 9.536682], [-69.07740599999988, 9.5547830000001], [-69.08348, 9.563749000000143], [-69.08927299999982, 9.579845], [-69.103244, 9.592147], [-69.103132, 9.597558000000106], [-69.107207, 9.605345000000113], [-69.112708, 9.609730000000184], [-69.130575, 9.609032000000184], [-69.147271, 9.622715], [-69.15404499999988, 9.632893], [-69.163891, 9.638026], [-69.17007599999988, 9.644447000000127], [-69.1771, 9.644257], [-69.17654796099998, 9.678756054000075], [-69.19270159799993, 9.675119740000127], [-69.20837426599996, 9.676332678000108], [-69.21074537599986, 9.678653721000046], [-69.23701852299996, 9.684409709000079], [-69.24899407399988, 9.691289808000079], [-69.24828506599994, 9.69584992900019], [-69.25306735599997, 9.709575234000113], [-69.26219574399994, 9.711095216000103], [-69.2644508699999, 9.715605310000058], [-69.26765100299991, 9.715085275000149], [-69.27448445099992, 9.74312892800009], [-69.28121876799997, 9.747181984000065], [-69.28109277599992, 9.750730069000099], [-69.27473854399989, 9.757173270000067], [-69.26914832799991, 9.760343379000062], [-69.26568017099993, 9.758941357000026], [-69.26178203299997, 9.762640473000033], [-69.26402523099995, 9.779848886000025], [-69.27636081899993, 9.792327112000066], [-69.27770594499992, 9.804235399000106], [-69.27770299099996, 9.810676553000178], [-69.27371380799991, 9.810100566000187], [-69.27412086899994, 9.816892728000141], [-69.26773949299997, 9.822446520000142], [-69.26646459799991, 9.826541006000127], [-69.26898674999995, 9.833984174000136], [-69.27553604699989, 9.83626719800003], [-69.27782217399994, 9.84173332000006], [-69.28379529399996, 9.845822871999985]]]}}, {"type": "Feature", "properties": {"parroquia": "Rio Acarigua", "municipio": "Araure", "estado": "Portuguesa", "pcode": "VE180202", "estado_pcode": "VE18", "municipio_pcode": "VE1802", "center_lat": 9.521739, "center_lon": -69.34117544, "area_sqkm": 288.19031927}, "geometry": {"type": "Polygon", "coordinates": [[[-69.235935, 9.478735], [-69.25217, 9.489365000000134], [-69.25079699999986, 9.495499000000166], [-69.259086, 9.502247000000182], [-69.269918, 9.521152], [-69.270943, 9.541096], [-69.286189, 9.564623000000154], [-69.309465, 9.582031], [-69.313051, 9.587231], [-69.319945, 9.590411], [-69.320758, 9.595541], [-69.327358, 9.597003], [-69.3286379999999, 9.60497400000014], [-69.341234, 9.616823000000181], [-69.34451, 9.623253], [-69.35234, 9.627604], [-69.354632, 9.63503900000012], [-69.360888, 9.641227000000185], [-69.366528, 9.641388000000177], [-69.37132999999989, 9.636258000000112], [-69.37359676999995, 9.637108131000161], [-69.39083144499989, 9.62498289400014], [-69.39682806999991, 9.615940463000072], [-69.39489771299998, 9.608083456000031], [-69.38427024899988, 9.6014473890001], [-69.38510220499995, 9.592709973000183], [-69.41449741799994, 9.597488099000088], [-69.4395985089999, 9.58824856300015], [-69.44057044099986, 9.564534656000149], [-69.43853634499993, 9.561939596000173], [-69.44104844699996, 9.561595584000145], [-69.44082540699998, 9.555565433000083], [-69.4439471149999, 9.549421682000059], [-69.442824, 9.544997], [-69.437114, 9.540182], [-69.417668, 9.53630500000014], [-69.412412, 9.521395000000155], [-69.406658, 9.518896000000154], [-69.409299, 9.515045], [-69.408177, 9.502303], [-69.388908, 9.499684], [-69.38640399999986, 9.496494], [-69.388089, 9.491687], [-69.385121, 9.488271], [-69.38240799999988, 9.494164000000183], [-69.378954, 9.49290800000017], [-69.377289, 9.485949000000119], [-69.380704, 9.483169], [-69.38103599999988, 9.479359], [-69.378762, 9.473805], [-69.368839, 9.465422], [-69.368317, 9.46178], [-69.34663599999988, 9.453262], [-69.34050799999989, 9.454801], [-69.33371999999986, 9.450452], [-69.3234829999999, 9.409893000000125], [-69.31742999999989, 9.401332], [-69.235935, 9.478735]]]}}, {"type": "Feature", "properties": {"parroquia": "Capital Esteller", "municipio": "Esteller", "estado": "Portuguesa", "pcode": "VE180301", "estado_pcode": "VE18", "municipio_pcode": "VE1803", "center_lat": 9.3217835, "center_lon": -69.23139368, "area_sqkm": 459.29640319}, "geometry": {"type": "Polygon", "coordinates": [[[-69.262361, 9.165882], [-69.256568, 9.166999000000146], [-69.248562, 9.179997000000185], [-69.246035, 9.171459], [-69.237118, 9.17556900000011], [-69.240031, 9.183641], [-69.15192799999988, 9.214337], [-69.1496, 9.210799], [-69.13179799999983, 9.204164000000162], [-69.10493899999989, 9.204431], [-69.10385799999989, 9.210440000000176], [-69.107462, 9.213864000000171], [-69.10673, 9.22453800000011], [-69.111257, 9.22979], [-69.124988, 9.248502000000144], [-69.133377, 9.252964], [-69.132231, 9.262537], [-69.125441, 9.273687000000109], [-69.131421, 9.280672], [-69.132239, 9.285614], [-69.134855, 9.289996], [-69.137839, 9.289310000000114], [-69.146068, 9.293703000000164], [-69.148072, 9.299559000000102], [-69.14650199999988, 9.316317], [-69.151744, 9.321993], [-69.148455, 9.3263740000001], [-69.160059, 9.332665000000134], [-69.16166, 9.343317], [-69.1610859999999, 9.358458000000155], [-69.1714209999999, 9.364826], [-69.17153, 9.37399900000014], [-69.175387, 9.383854], [-69.17153999999988, 9.402070000000151], [-69.178264, 9.409772], [-69.18270499999988, 9.410518000000138], [-69.193307, 9.431465000000117], [-69.19274499999989, 9.434408], [-69.198172, 9.434276000000182], [-69.20384899999982, 9.43859], [-69.21025, 9.456018], [-69.217872, 9.465639], [-69.235935, 9.478735], [-69.31742999999989, 9.401332], [-69.314449, 9.388407000000143], [-69.303547, 9.380992000000163], [-69.30094799999989, 9.367826], [-69.30452799999989, 9.365642], [-69.305, 9.357199], [-69.302226, 9.354469000000165], [-69.308679, 9.350932], [-69.308306, 9.348183000000176], [-69.302956, 9.348867], [-69.30415299999987, 9.343744], [-69.309718, 9.339112000000114], [-69.3057, 9.336667], [-69.308, 9.333438000000172], [-69.311579, 9.333456], [-69.308803, 9.330496], [-69.31130999999988, 9.327153], [-69.313563, 9.32922], [-69.315571, 9.32656], [-69.31105799999989, 9.324283], [-69.31110699999988, 9.321574000000169], [-69.31434999999988, 9.320612000000153], [-69.306527, 9.310464], [-69.29703299999989, 9.30676000000011], [-69.298344, 9.29970800000018], [-69.2937409999999, 9.302114000000131], [-69.29644799999988, 9.293929], [-69.29377899999986, 9.291478], [-69.297271, 9.29078], [-69.294961, 9.282851], [-69.29844999999989, 9.279347], [-69.296591, 9.27445], [-69.298757, 9.260659], [-69.29273099999983, 9.242831], [-69.289852, 9.243792], [-69.283755, 9.237515], [-69.285231, 9.234621], [-69.27944799999989, 9.232147000000168], [-69.280248, 9.22706], [-69.28282599999989, 9.225691000000154], [-69.276393, 9.209288], [-69.273933, 9.208151000000157], [-69.273508, 9.196402], [-69.271371, 9.193794], [-69.273652, 9.19167], [-69.27053299999989, 9.179613], [-69.26567099999988, 9.179247000000146], [-69.262361, 9.165882]]]}}, {"type": "Feature", "properties": {"parroquia": "Uveral", "municipio": "Esteller", "estado": "Portuguesa", "pcode": "VE180302", "estado_pcode": "VE18", "municipio_pcode": "VE1803", "center_lat": 9.072442, "center_lon": -69.16097744, "area_sqkm": 427.63521539}, "geometry": {"type": "Polygon", "coordinates": [[[-69.097543, 8.941162000000134], [-69.09044999999986, 8.93900200000013], [-69.09215799999987, 8.930814000000169], [-69.08920199999989, 8.929679], [-69.085305, 8.934807000000148], [-69.075882, 8.931215000000122], [-69.076404, 8.935211], [-69.081718, 8.936332], [-69.074059, 8.93921900000015], [-69.071598, 8.943640000000187], [-69.066902, 8.934878], [-69.064774, 8.935467], [-69.061728, 8.933206], [-69.062404, 8.93096], [-69.056885, 8.928736000000185], [-69.054681, 8.931735000000174], [-69.051354, 8.930873], [-69.058329, 8.933561], [-69.058757, 8.938039], [-69.051019, 8.944461000000103], [-69.050059, 8.949323], [-69.031295, 8.93695], [-69.023246, 8.943626000000108], [-69.023827, 8.945707], [-69.019738, 8.947403000000179], [-69.021088, 8.95211], [-69.0249409999999, 8.950188], [-69.023466, 8.953265], [-69.026282, 8.951612], [-69.02742499999982, 8.955037000000118], [-69.0316509999999, 8.954739000000131], [-69.027705, 8.96221700000018], [-69.035294, 8.963907], [-69.034057, 8.967440000000124], [-69.037026, 8.96801100000016], [-69.038101, 8.971506000000147], [-69.04557, 8.970099], [-69.05074999999988, 8.971506000000147], [-69.05279299999984, 8.974847000000182], [-69.065008, 8.973821], [-69.0690039999999, 8.976327], [-69.077598, 8.988421], [-69.075986, 8.9966], [-69.081461, 9.013343000000134], [-69.086262, 9.018169000000114], [-69.084895, 9.020463], [-69.09122, 9.025521], [-69.09318899999982, 9.038449000000185], [-69.08929099999989, 9.049212], [-69.091461, 9.051166], [-69.089821, 9.06647700000019], [-69.08469899999989, 9.076481000000115], [-69.077925, 9.077691], [-69.07393, 9.074793], [-69.068815, 9.079219], [-69.077416, 9.093462], [-69.09264, 9.099333000000172], [-69.098959, 9.11031400000013], [-69.091473, 9.123438000000135], [-69.091513, 9.127961], [-69.095898, 9.149890000000141], [-69.10215199999988, 9.157611], [-69.099906, 9.160019], [-69.103798, 9.170906000000116], [-69.101432, 9.17639], [-69.104217, 9.185599], [-69.101688, 9.192070000000115], [-69.104598, 9.194208], [-69.10311, 9.200061000000119], [-69.10493899999989, 9.204431], [-69.13179799999983, 9.204164000000162], [-69.1496, 9.210799], [-69.15192799999988, 9.214337], [-69.240031, 9.183641], [-69.237118, 9.17556900000011], [-69.246035, 9.171459], [-69.248562, 9.179997000000185], [-69.256568, 9.166999000000146], [-69.262361, 9.165882], [-69.26654599999989, 9.163923000000182], [-69.26450199999988, 9.161124], [-69.266551, 9.155474], [-69.263633, 9.151082000000144], [-69.26704599999988, 9.145672000000161], [-69.263931, 9.14], [-69.26170999999988, 9.142418], [-69.258661, 9.125573], [-69.252063, 9.123248], [-69.254228, 9.120172], [-69.25397, 9.110997000000168], [-69.250486, 9.109339], [-69.246704, 9.097769], [-69.243104, 9.095313], [-69.24666, 9.086549], [-69.244239, 9.079137000000173], [-69.236157, 9.073651], [-69.23515, 9.066855], [-69.231391, 9.063298], [-69.23446599999988, 9.061556000000166], [-69.23280199999988, 9.06222], [-69.23088899999988, 9.05687], [-69.233687, 9.052850000000149], [-69.233582, 9.047305000000165], [-69.223446, 9.036586], [-69.222437, 9.033182000000124], [-69.225365, 9.026513], [-69.22143099999988, 9.02479000000011], [-69.219662, 9.017875000000117], [-69.214966, 9.02072], [-69.211128, 9.018078], [-69.21109899999988, 9.014785], [-69.203448, 9.01658700000013], [-69.19819399999989, 9.012931], [-69.19981399999989, 9.008363], [-69.19793, 9.00487100000015], [-69.18632, 9.004491000000144], [-69.18324399999989, 8.995326000000148], [-69.177576, 8.996111], [-69.175925, 8.990092000000175], [-69.171852, 8.991501], [-69.172725, 8.994029000000126], [-69.169396, 8.994087], [-69.158585, 8.989689], [-69.154366, 8.983708], [-69.152485, 8.987328], [-69.1521, 8.983998], [-69.14805599999988, 8.982997000000182], [-69.14664, 8.985403000000133], [-69.147205, 8.98069900000013], [-69.144057, 8.982433], [-69.139116, 8.979317], [-69.1331909999999, 8.981569], [-69.132689, 8.978928000000167], [-69.135304, 8.978065000000129], [-69.131699, 8.977249000000143], [-69.128069, 8.96709200000015], [-69.122618, 8.965007000000128], [-69.120919, 8.96954600000015], [-69.120602, 8.966836000000114], [-69.117408, 8.96845500000012], [-69.120538, 8.964403], [-69.1179049999999, 8.963361], [-69.120041, 8.959880000000112], [-69.122489, 8.960967000000153], [-69.121991, 8.956397], [-69.124821, 8.952436], [-69.1153149999999, 8.954055], [-69.113174, 8.949893000000145], [-69.11556699999988, 8.944921000000136], [-69.107285, 8.94721], [-69.107989, 8.942622], [-69.101246, 8.949438000000157], [-69.103647, 8.940977000000146], [-69.097543, 8.941162000000134]]]}}, {"type": "Feature", "properties": {"parroquia": "Capital Guanare", "municipio": "Guanare", "estado": "Portuguesa", "pcode": "VE180401", "estado_pcode": "VE18", "municipio_pcode": "VE1804", "center_lat": 9.154425, "center_lon": -69.62815269, "area_sqkm": 1696.8583429}, "geometry": {"type": "Polygon", "coordinates": [[[-69.6537704829999, 9.399185504000059], [-69.6605998259999, 9.407181652000133], [-69.66703006399985, 9.401552485000025], [-69.67077623499983, 9.404824544000121], [-69.67692547899998, 9.401731429000108], [-69.67699349499998, 9.405199513000184], [-69.67952761199996, 9.40643852800008], [-69.71790122499993, 9.407203327000047], [-69.73479700699994, 9.418137493000074], [-69.72818278899996, 9.430260824000129], [-69.72837082499996, 9.434139918000085], [-69.74865770499997, 9.439975937000042], [-69.75219885099995, 9.437791870000126], [-69.75466488399996, 9.425746562000029], [-69.78590817599991, 9.42382934300008], [-69.80524591299996, 9.4100149140001], [-69.81196018199995, 9.407672820000073], [-69.81602136599997, 9.409844842000041], [-69.82018551699997, 9.406047732000104], [-69.83621059799992, 9.402385774000152], [-69.836575, 9.393619], [-69.839656, 9.389306], [-69.838021, 9.380148000000133], [-69.83422399999989, 9.37943300000012], [-69.834018, 9.374471], [-69.82492599999989, 9.374037], [-69.82421899999986, 9.365517000000182], [-69.817213, 9.366312], [-69.814082, 9.364192000000116], [-69.816192, 9.360022], [-69.814277, 9.355713], [-69.82364299999989, 9.333815], [-69.82157, 9.327764000000172], [-69.825608, 9.325899], [-69.826663, 9.317397], [-69.83013299999988, 9.317804000000137], [-69.83174999999983, 9.312671], [-69.836461, 9.309877], [-69.8356409999999, 9.30602800000014], [-69.841433, 9.295121], [-69.8410899999999, 9.277565], [-69.846613, 9.275245], [-69.844811, 9.267548], [-69.850824, 9.26325], [-69.852526, 9.25740500000012], [-69.84925, 9.252705000000105], [-69.84233299999988, 9.254165000000114], [-69.835885, 9.246232], [-69.835137, 9.242681], [-69.823734, 9.231655000000103], [-69.82229599999988, 9.219631], [-69.819062, 9.214540000000113], [-69.820504, 9.210442000000171], [-69.81713899999988, 9.190639], [-69.81317499999983, 9.186403000000155], [-69.809858, 9.187396], [-69.805284, 9.184634000000187], [-69.80360899999988, 9.178084000000183], [-69.79847699999988, 9.175029], [-69.792566, 9.159539], [-69.78203699999989, 9.154487000000131], [-69.78189899999984, 9.149369], [-69.774962, 9.1379960000001], [-69.761716, 9.136270000000138], [-69.759669, 9.139868], [-69.747514, 9.133726000000138], [-69.736497, 9.136044], [-69.733647, 9.135035], [-69.731944, 9.127773000000161], [-69.728886, 9.129336], [-69.72483, 9.12751], [-69.724186, 9.125243], [-69.727077, 9.12308400000012], [-69.720747, 9.117398], [-69.718451, 9.118932000000143], [-69.717488, 9.111641000000134], [-69.776287, 9.058244], [-69.80131199999988, 9.045783], [-69.806638, 9.048200000000122], [-69.816724, 9.043511000000137], [-69.830094, 9.051546], [-69.831456, 9.0592], [-69.82846199999989, 9.06781000000018], [-69.83264, 9.085794], [-69.84192, 9.08803300000011], [-69.85351, 9.100856], [-69.865636, 9.103712], [-69.870749, 9.107455000000186], [-69.8724529999999, 9.114487], [-69.89661299999989, 9.125455], [-69.899805, 9.131074], [-69.909158, 9.133632000000148], [-69.90800899999988, 9.139289000000133], [-69.921624, 9.148304000000167], [-69.924647, 9.152983], [-69.93612799999988, 9.158436], [-69.941646, 9.155862], [-69.965062, 9.158294], [-69.9689929999999, 9.163813000000118], [-69.96827499999984, 9.168525000000102], [-69.977613, 9.171723], [-69.981593, 9.17012700000015], [-69.983886, 9.175799000000154], [-69.987316, 9.177099], [-69.994918, 9.175746000000174], [-69.907088, 8.994191], [-69.903149, 8.996998], [-69.89867, 8.99426], [-69.883613, 8.996159000000148], [-69.87828499999989, 9.009288], [-69.87053099999986, 9.009539000000188], [-69.8668679999999, 9.002776000000154], [-69.859816, 9.00146000000018], [-69.8550029999999, 9.010407], [-69.847802, 9.002802], [-69.84291399999984, 9.003441000000123], [-69.841662, 8.997759], [-69.836082, 8.995833000000175], [-69.83659099999988, 8.993762], [-69.805492, 9.007411000000161], [-69.76907699999987, 8.981654000000105], [-69.76936899999987, 8.974675000000161], [-69.755555, 8.963530000000105], [-69.752148, 8.952323], [-69.7389189999999, 8.952148], [-69.737659, 8.948702], [-69.743448, 8.946929000000182], [-69.743273, 8.943991], [-69.735062, 8.944266000000141], [-69.731407, 8.937969000000123], [-69.735099, 8.933895000000177], [-69.730831, 8.930900000000179], [-69.730181, 8.925414000000103], [-69.723655, 8.926519], [-69.721612, 8.916096], [-69.727281, 8.915056], [-69.729258, 8.912170000000117], [-69.728742, 8.907832], [-69.72633899999988, 8.907205], [-69.719095, 8.908905000000175], [-69.72629599999988, 8.900115000000142], [-69.72663399999988, 8.896192], [-69.708629, 8.887214], [-69.711029, 8.882218], [-69.716567, 8.87927500000012], [-69.71384, 8.872589], [-69.709625, 8.874321], [-69.709091, 8.880974], [-69.705918, 8.882341000000167], [-69.699248, 8.879086000000143], [-69.700927, 8.869063], [-69.69805799999983, 8.869651], [-69.695484, 8.877560000000187], [-69.690043, 8.876161], [-69.68798399999986, 8.89122], [-69.692455, 8.903719], [-69.683803, 8.904281], [-69.674419, 8.920565000000181], [-69.668152, 8.924617], [-69.663985, 8.919013], [-69.653551, 8.916013000000135], [-69.641315, 8.920898], [-69.632435, 8.928997], [-69.623239, 8.931354], [-69.598756, 8.943165], [-69.60072, 8.945233], [-69.598448, 8.947321000000102], [-69.594128, 8.941022000000146], [-69.590055, 8.939639000000113], [-69.5812049999999, 8.942406], [-69.5789999999999, 8.945986000000175], [-69.574325, 8.944441], [-69.564636, 8.95033], [-69.554526, 8.945401], [-69.541601, 8.947680000000162], [-69.550757, 8.953035], [-69.552667, 8.96156000000019], [-69.557809, 8.964459], [-69.558469, 8.970112], [-69.55232599999982, 8.963751000000116], [-69.542193, 8.9636670000001], [-69.52454, 8.980505], [-69.522041, 8.980461000000162], [-69.52888999999988, 8.991122000000132], [-69.528043, 8.998962], [-69.525204, 9.002363000000116], [-69.52192, 9.002296], [-69.525577, 9.004475], [-69.509126, 9.016217], [-69.50327399999986, 9.016267000000141], [-69.495755, 9.025310000000161], [-69.4912829999999, 9.022685], [-69.49177999999989, 9.028095], [-69.48811299999988, 9.034158], [-69.493435, 9.033663000000104], [-69.49622, 9.037577000000113], [-69.4955369999999, 9.043106], [-69.50002799999987, 9.043576], [-69.487783, 9.054681], [-69.48660499999983, 9.05303], [-69.485337, 9.059033000000113], [-69.48056699999984, 9.057903], [-69.483532, 9.0555], [-69.484134, 9.048552000000143], [-69.481547, 9.048736], [-69.480245, 9.054942], [-69.477263, 9.053381000000172], [-69.478731, 9.043717000000129], [-69.47536399999984, 9.046723000000156], [-69.47179199999988, 9.044168000000127], [-69.4663359999999, 9.044702], [-69.466131, 9.038233], [-69.47321, 9.038505], [-69.470095, 9.03305], [-69.466198, 9.03427], [-69.468638, 9.026666], [-69.465742, 9.026267000000132], [-69.464685, 9.028768000000127], [-69.458716, 9.025853000000154], [-69.455788, 9.029222], [-69.457945, 9.040227000000186], [-69.451407, 9.039797000000135], [-69.45057899999983, 9.032098000000133], [-69.447402, 9.031658000000107], [-69.448042, 9.039838000000145], [-69.441071, 9.042365000000189], [-69.44263599999988, 9.037829], [-69.439534, 9.035748000000126], [-69.43526899999989, 9.043589], [-69.436278, 9.04819], [-69.444159, 9.050283], [-69.445034, 9.054599], [-69.45107, 9.05985], [-69.448797, 9.067297000000167], [-69.446777, 9.065676000000167], [-69.44435, 9.068439000000126], [-69.450188, 9.0806070000001], [-69.448988, 9.084857], [-69.445958, 9.08162700000014], [-69.447169, 9.085632], [-69.442605, 9.08584000000019], [-69.438676, 9.091712], [-69.442463, 9.090866000000176], [-69.441096, 9.099921000000109], [-69.447538, 9.098556], [-69.449986, 9.100785], [-69.44593, 9.101652000000172], [-69.45600799999988, 9.102962], [-69.4562509999999, 9.108886], [-69.460695, 9.112333], [-69.4596269999999, 9.117293], [-69.464325, 9.124748000000125], [-69.458906, 9.128198000000168], [-69.462175, 9.133118], [-69.460473, 9.140572], [-69.47057799999988, 9.146969000000183], [-69.474633, 9.154773], [-69.481759, 9.156459], [-69.481806, 9.159845], [-69.486048, 9.16350400000016], [-69.484159, 9.168099], [-69.48656299999988, 9.168834000000118], [-69.486122, 9.178683], [-69.489125, 9.182837000000177], [-69.48894699999988, 9.185900000000117], [-69.48523899999986, 9.186946000000148], [-69.488338, 9.189882], [-69.485514, 9.196634], [-69.4887379999999, 9.19846600000011], [-69.486916, 9.201436], [-69.489542, 9.205458], [-69.48873, 9.210836], [-69.482801, 9.219087000000115], [-69.486903, 9.223382], [-69.486501, 9.220584], [-69.4902, 9.223334], [-69.491752, 9.226634], [-69.488334, 9.227519], [-69.4974069999999, 9.233686000000148], [-69.50557, 9.23388100000011], [-69.505645, 9.237461], [-69.49973299999988, 9.237575], [-69.507662, 9.241164], [-69.51226899999989, 9.248130000000117], [-69.51351799999986, 9.24252], [-69.51638799999989, 9.248971], [-69.522652, 9.246604000000161], [-69.52247099999988, 9.252757000000145], [-69.528562, 9.254592], [-69.522926, 9.257620000000145], [-69.5265619999999, 9.264433], [-69.534657, 9.265472], [-69.5361329999999, 9.259492000000137], [-69.542487, 9.265296], [-69.552363, 9.263796000000127], [-69.5552919999999, 9.271624000000145], [-69.560856, 9.271282], [-69.562471, 9.276618000000155], [-69.565737, 9.272002000000157], [-69.56844, 9.272095], [-69.570295, 9.278531000000157], [-69.573506, 9.278322000000117], [-69.578512, 9.271992], [-69.58323499999989, 9.276019000000133], [-69.586019, 9.274573], [-69.585014, 9.278759], [-69.591849, 9.283939], [-69.590711, 9.277704000000142], [-69.59796, 9.265871], [-69.593753, 9.262989000000118], [-69.598156, 9.256343000000186], [-69.603545, 9.25692000000015], [-69.60826, 9.262759], [-69.615337, 9.263827], [-69.6188, 9.252576], [-69.621167, 9.259351], [-69.62360299999989, 9.25497], [-69.624941, 9.257439], [-69.627275, 9.254872000000148], [-69.6330109999999, 9.26389300000011], [-69.637157, 9.25972800000011], [-69.642235, 9.262005], [-69.64572, 9.256239000000107], [-69.649907, 9.259488], [-69.652548, 9.25763000000012], [-69.657005, 9.265651000000105], [-69.6573, 9.275886000000185], [-69.661347, 9.279135], [-69.667975, 9.27876], [-69.669318, 9.284442], [-69.67257799999987, 9.284828000000175], [-69.67811299999988, 9.294515], [-69.691062, 9.306392], [-69.692468, 9.31673300000017], [-69.679944, 9.333188], [-69.683332, 9.341788], [-69.681968, 9.348251000000118], [-69.67412399999989, 9.353527], [-69.669679, 9.352216], [-69.6597, 9.355573], [-69.657609, 9.353515], [-69.655053, 9.356583000000114], [-69.654795, 9.361731], [-69.647403, 9.37631], [-69.653559, 9.389262], [-69.651595, 9.396118], [-69.654444, 9.396977000000106], [-69.65370499999989, 9.39916], [-69.6537704829999, 9.399185504000059]]]}}, {"type": "Feature", "properties": {"parroquia": "Córdoba", "municipio": "Guanare", "estado": "Portuguesa", "pcode": "VE180402", "estado_pcode": "VE18", "municipio_pcode": "VE1804", "center_lat": 9.330954, "center_lon": -69.84081526, "area_sqkm": 108.53965462}, "geometry": {"type": "Polygon", "coordinates": [[[-69.83621059799992, 9.402385774000152], [-69.84623161899998, 9.406106582000177], [-69.85714406499994, 9.404997498000057], [-69.86187530399991, 9.412913659000026], [-69.86643751499992, 9.415753700000096], [-69.8705766569999, 9.410326546000078], [-69.87634291599994, 9.413042580000138], [-69.87910600899988, 9.409899487000018], [-69.89566669599992, 9.407325338000135], [-69.89829180799995, 9.408179345000178], [-69.90172372799998, 9.41551406400015], [-69.916773, 9.408526000000165], [-69.91158999999988, 9.40629100000018], [-69.90838599999984, 9.397975], [-69.882124, 9.398688000000107], [-69.887524, 9.387232], [-69.88918, 9.373873000000174], [-69.892376, 9.369669000000158], [-69.88789499999984, 9.364601], [-69.88755, 9.353829000000133], [-69.879009, 9.352051000000131], [-69.87723199999988, 9.345769], [-69.872258, 9.343552000000159], [-69.87006899999989, 9.338214000000107], [-69.863559, 9.338718], [-69.859459, 9.335323000000187], [-69.860471, 9.330239000000176], [-69.87785999999988, 9.327238], [-69.873081, 9.320141], [-69.862961, 9.319999], [-69.870547, 9.305397000000141], [-69.880712, 9.305484], [-69.904775, 9.328531], [-69.91010299999988, 9.322439000000145], [-69.898709, 9.280908], [-69.889839, 9.262023000000113], [-69.884184, 9.259714], [-69.879303, 9.251618], [-69.873114, 9.247956000000102], [-69.869623, 9.249041000000148], [-69.869219, 9.246405], [-69.835885, 9.246232], [-69.84233299999988, 9.254165000000114], [-69.84925, 9.252705000000105], [-69.852526, 9.25740500000012], [-69.850824, 9.26325], [-69.844811, 9.267548], [-69.846613, 9.275245], [-69.8410899999999, 9.277565], [-69.841433, 9.295121], [-69.8356409999999, 9.30602800000014], [-69.836461, 9.309877], [-69.83174999999983, 9.312671], [-69.83013299999988, 9.317804000000137], [-69.826663, 9.317397], [-69.825608, 9.325899], [-69.82157, 9.327764000000172], [-69.82364299999989, 9.333815], [-69.814277, 9.355713], [-69.816192, 9.360022], [-69.814082, 9.364192000000116], [-69.817213, 9.366312], [-69.82421899999986, 9.365517000000182], [-69.82492599999989, 9.374037], [-69.834018, 9.374471], [-69.83422399999989, 9.37943300000012], [-69.838021, 9.380148000000133], [-69.839656, 9.389306], [-69.836575, 9.393619], [-69.83621059799992, 9.402385774000152]]]}}, {"type": "Feature", "properties": {"parroquia": "San José de la Montaña", "municipio": "Guanare", "estado": "Portuguesa", "pcode": "VE180403", "estado_pcode": "VE18", "municipio_pcode": "VE1804", "center_lat": 9.355885, "center_lon": -69.91156147, "area_sqkm": 48.36049597}, "geometry": {"type": "Polygon", "coordinates": [[[-69.91010299999988, 9.322439000000145], [-69.904775, 9.328531], [-69.880712, 9.305484], [-69.870547, 9.305397000000141], [-69.862961, 9.319999], [-69.873081, 9.320141], [-69.87785999999988, 9.327238], [-69.860471, 9.330239000000176], [-69.859459, 9.335323000000187], [-69.863559, 9.338718], [-69.87006899999989, 9.338214000000107], [-69.872258, 9.343552000000159], [-69.87723199999988, 9.345769], [-69.879009, 9.352051000000131], [-69.88755, 9.353829000000133], [-69.88789499999984, 9.364601], [-69.892376, 9.369669000000158], [-69.88918, 9.373873000000174], [-69.887524, 9.387232], [-69.882124, 9.398688000000107], [-69.90838599999984, 9.397975], [-69.91158999999988, 9.40629100000018], [-69.916773, 9.408526000000165], [-69.9231769999999, 9.38702700000016], [-69.930733, 9.378006], [-69.93532713299999, 9.356540579000068], [-69.931832, 9.341531], [-69.92009099999984, 9.330128], [-69.915481, 9.32949], [-69.91010299999988, 9.322439000000145]]]}}, {"type": "Feature", "properties": {"parroquia": "San Juan de Guanaguanare", "municipio": "Guanare", "estado": "Portuguesa", "pcode": "VE180404", "estado_pcode": "VE18", "municipio_pcode": "VE1804", "center_lat": 9.145092, "center_lon": -69.84742253, "area_sqkm": 261.02675347}, "geometry": {"type": "Polygon", "coordinates": [[[-69.994918, 9.175746000000174], [-69.987316, 9.177099], [-69.983886, 9.175799000000154], [-69.981593, 9.17012700000015], [-69.977613, 9.171723], [-69.96827499999984, 9.168525000000102], [-69.9689929999999, 9.163813000000118], [-69.965062, 9.158294], [-69.941646, 9.155862], [-69.93612799999988, 9.158436], [-69.924647, 9.152983], [-69.921624, 9.148304000000167], [-69.90800899999988, 9.139289000000133], [-69.909158, 9.133632000000148], [-69.899805, 9.131074], [-69.89661299999989, 9.125455], [-69.8724529999999, 9.114487], [-69.870749, 9.107455000000186], [-69.865636, 9.103712], [-69.85351, 9.100856], [-69.84192, 9.08803300000011], [-69.83264, 9.085794], [-69.82846199999989, 9.06781000000018], [-69.831456, 9.0592], [-69.830094, 9.051546], [-69.816724, 9.043511000000137], [-69.806638, 9.048200000000122], [-69.80131199999988, 9.045783], [-69.776287, 9.058244], [-69.717488, 9.111641000000134], [-69.718451, 9.118932000000143], [-69.720747, 9.117398], [-69.727077, 9.12308400000012], [-69.724186, 9.125243], [-69.72483, 9.12751], [-69.728886, 9.129336], [-69.731944, 9.127773000000161], [-69.733647, 9.135035], [-69.736497, 9.136044], [-69.747514, 9.133726000000138], [-69.759669, 9.139868], [-69.761716, 9.136270000000138], [-69.774962, 9.1379960000001], [-69.78189899999984, 9.149369], [-69.78203699999989, 9.154487000000131], [-69.792566, 9.159539], [-69.79847699999988, 9.175029], [-69.80360899999988, 9.178084000000183], [-69.805284, 9.184634000000187], [-69.809858, 9.187396], [-69.81317499999983, 9.186403000000155], [-69.81713899999988, 9.190639], [-69.820504, 9.210442000000171], [-69.819062, 9.214540000000113], [-69.82229599999988, 9.219631], [-69.823734, 9.231655000000103], [-69.835137, 9.242681], [-69.835885, 9.246232], [-69.869219, 9.246405], [-69.870515, 9.239612], [-69.865867, 9.227397], [-69.86790799999989, 9.220454], [-69.87164799999982, 9.219634], [-69.873316, 9.216366], [-69.872895, 9.203465], [-69.876788, 9.19724900000017], [-69.88173099999989, 9.19663], [-69.884989, 9.192437], [-69.885244, 9.185066], [-69.894247, 9.182821000000104], [-69.895292, 9.170225], [-69.903247, 9.183974], [-69.90655599999985, 9.182109000000139], [-69.909401, 9.185136000000114], [-69.911746, 9.183922], [-69.91272199999986, 9.187104], [-69.9191469999999, 9.185074000000157], [-69.923115, 9.187081000000148], [-69.926597, 9.184067000000141], [-69.940312, 9.181305], [-69.945894, 9.185365000000104], [-69.949629, 9.184734000000105], [-69.953067, 9.203506], [-69.959348, 9.206914], [-69.968677, 9.199918], [-69.983883, 9.209116], [-69.99430699999988, 9.204412], [-69.993004, 9.194015], [-70.001344, 9.181786], [-69.994918, 9.175746000000174]]]}}, {"type": "Feature", "properties": {"parroquia": "Virgen de la Coromoto", "municipio": "Guanare", "estado": "Portuguesa", "pcode": "VE180405", "estado_pcode": "VE18", "municipio_pcode": "VE1804", "center_lat": 8.934969, "center_lon": -69.80760509, "area_sqkm": 197.26623872}, "geometry": {"type": "Polygon", "coordinates": [[[-69.866753, 8.903387000000123], [-69.842121, 8.88380300000017], [-69.830747, 8.863639000000148], [-69.823205, 8.860731], [-69.72633899999988, 8.907205], [-69.728742, 8.907832], [-69.729258, 8.912170000000117], [-69.727281, 8.915056], [-69.721612, 8.916096], [-69.723655, 8.926519], [-69.730181, 8.925414000000103], [-69.730831, 8.930900000000179], [-69.735099, 8.933895000000177], [-69.731407, 8.937969000000123], [-69.735062, 8.944266000000141], [-69.743273, 8.943991], [-69.743448, 8.946929000000182], [-69.737659, 8.948702], [-69.7389189999999, 8.952148], [-69.752148, 8.952323], [-69.755555, 8.963530000000105], [-69.76936899999987, 8.974675000000161], [-69.76907699999987, 8.981654000000105], [-69.805492, 9.007411000000161], [-69.83659099999988, 8.993762], [-69.836082, 8.995833000000175], [-69.841662, 8.997759], [-69.84291399999984, 9.003441000000123], [-69.847802, 9.002802], [-69.8550029999999, 9.010407], [-69.859816, 9.00146000000018], [-69.8668679999999, 9.002776000000154], [-69.87053099999986, 9.009539000000188], [-69.87828499999989, 9.009288], [-69.883613, 8.996159000000148], [-69.89867, 8.99426], [-69.903149, 8.996998], [-69.907088, 8.994191], [-69.866753, 8.903387000000123]]]}}, {"type": "Feature", "properties": {"parroquia": "Capital Guanarito", "municipio": "Guanarito", "estado": "Portuguesa", "pcode": "VE180501", "estado_pcode": "VE18", "municipio_pcode": "VE1805", "center_lat": 8.41060023, "center_lon": -68.89542042, "area_sqkm": 2550.69263792}, "geometry": {"type": "Polygon", "coordinates": [[[-69.14012799999983, 8.669801], [-69.143963, 8.669814], [-69.1496, 8.680277], [-69.166231, 8.691626], [-69.16742099999988, 8.696611], [-69.186132, 8.698189], [-69.189052, 8.704694], [-69.197761, 8.705641], [-69.19952899999987, 8.71042100000011], [-69.211322, 8.705594], [-69.218693, 8.705893000000117], [-69.222315, 8.708384], [-69.2197359999999, 8.715077], [-69.230956, 8.719453000000158], [-69.235934, 8.725229], [-69.24984199999989, 8.726123], [-69.253531, 8.730197], [-69.25996099999986, 8.726889], [-69.26337799999988, 8.728667], [-69.2635509999999, 8.722516], [-69.266649, 8.721722000000113], [-69.271815, 8.726466], [-69.27999499999987, 8.726009], [-69.28361599999988, 8.729280000000188], [-69.283626, 8.652001], [-69.280738, 8.642311000000177], [-69.28560085999999, 8.636189614000159], [-69.2820296669999, 8.629912492000187], [-69.28554379299999, 8.62537036200007], [-69.2871898279999, 8.617632175999972], [-69.28483172699993, 8.617383184000175], [-69.28897285699992, 8.609089978000043], [-69.28575070699986, 8.605100903999983], [-69.28462366499997, 8.60744395800009], [-69.27328816399995, 8.602688906000083], [-69.26787587699988, 8.590692653000076], [-69.26086355599995, 8.586319595000077], [-69.25320024799993, 8.590211722000163], [-69.24827999899998, 8.580900537000048], [-69.24847497299993, 8.575229406000062], [-69.24567685299996, 8.574408391000077], [-69.24059358499994, 8.564155181000103], [-69.23652540799986, 8.563588192000168], [-69.2371144089999, 8.558261068000093], [-69.23308822599995, 8.55567402500003], [-69.21661253499991, 8.555998121000187], [-69.21137120699996, 8.5363106960001], [-69.20639698399998, 8.533517650000078], [-69.19734060299999, 8.534127714000135], [-69.19025164099997, 8.51730418699998], [-69.19396334099997, 8.509892173000082], [-69.19013513999994, 8.502552031000107], [-69.19068904899996, 8.47950449700005], [-69.17597838799986, 8.471147377000136], [-69.17757140099997, 8.459277099000133], [-69.17243516599996, 8.45586404300019], [-69.1664038479999, 8.443200789000116], [-69.16353571699995, 8.441552762000072], [-69.15441734999996, 8.445260894000114], [-69.14743503799991, 8.442216855000026], [-69.13818368299997, 8.448634051000056], [-69.13054731999989, 8.442216938000172], [-69.1310003189999, 8.437510832000157], [-69.12751316999993, 8.438042856000095], [-69.12723014699998, 8.435035797000069], [-69.12099488299992, 8.435962847000042], [-69.11013141799992, 8.433175837000022], [-69.11019139299998, 8.427780709000046], [-69.1149855669999, 8.422311567000122], [-69.11528157099997, 8.419946510000102], [-69.11267044899995, 8.419215497000096], [-69.11468949999994, 8.412028322000083], [-69.12099877899988, 8.41325932500007], [-69.14040955599995, 8.40478703499997], [-69.13945549099998, 8.400999948999981], [-69.13498032399997, 8.404518061000147], [-69.13303622499996, 8.402593022000076], [-69.13854938399987, 8.38647063000019], [-69.14288555399997, 8.382975531000056], [-69.13819133699991, 8.380434492000063], [-69.14363950299992, 8.366768150000155], [-69.14082532499998, 8.35653393400014], [-69.13732815599997, 8.35146582900012], [-69.12680868199993, 8.346061766], [-69.12670665999991, 8.34071364500005], [-69.11632718999988, 8.335722579000105], [-69.10912089299995, 8.335570612000083], [-69.09916441999997, 8.325555435000183], [-69.10165349399995, 8.319594279000057], [-69.09588121399997, 8.311705136], [-69.09299710199991, 8.313837199000147], [-69.09440212899983, 8.307279038000104], [-69.09095994899997, 8.300055895000128], [-69.10207938399998, 8.29443971100011], [-69.10101632299995, 8.290679622000141], [-69.0905878989999, 8.293612743000097], [-69.08696473099997, 8.29138771700002], [-69.08422266299993, 8.299733913000125], [-69.07702133799995, 8.295948868000039], [-69.07100008999993, 8.29890596000007], [-69.0703740269999, 8.28991675800006], [-69.0619496509999, 8.286360715000114], [-69.05507536999994, 8.289385818000028], [-69.05588138399992, 8.28447870499997], [-69.05064316499994, 8.285578752000163], [-69.04699700299989, 8.282344700000067], [-69.04344386399998, 8.284704770000133], [-69.04090472999985, 8.280393690000096], [-69.0334503979999, 8.276355632000161], [-69.03287336199998, 8.274245580000184], [-69.03603449599996, 8.274155563000079], [-69.03621848999995, 8.271953518999965], [-69.01752665399988, 8.263326411000094], [-69.01438750399996, 8.25857831900015], [-69.00661115999992, 8.25648930400007], [-69.0071871799999, 8.254012249000027], [-69.0048340699999, 8.253874260000032], [-69.00635510999996, 8.24841712600005], [-68.99745274499998, 8.24925819400005], [-68.99029241499994, 8.244635114000118], [-68.99011239099997, 8.241353046000029], [-68.98107399499997, 8.239496049000081], [-68.98051794999998, 8.235021948], [-68.97340165299994, 8.234186965000106], [-68.97240662699994, 8.23802605600008], [-68.96989051499992, 8.238177065000059], [-68.96321314499988, 8.220281700000044], [-68.96433916699988, 8.214949572000137], [-68.95922494599995, 8.21281754800009], [-68.96118701299986, 8.208560440000099], [-68.95883482799991, 8.191974077000111], [-68.95436059899998, 8.184213916999965], [-68.94679636799987, 8.184138154000038], [-68.94627023399994, 8.178241827000022], [-68.94020497399998, 8.179443883000033], [-68.93671781199987, 8.174984791000043], [-68.92631135199991, 8.1716867720001], [-68.92356218599991, 8.162586576000137], [-68.9189399949999, 8.161783580000133], [-68.91898395399994, 8.152668376000179], [-68.90781147699994, 8.152771428000165], [-68.90434430899995, 8.147555328000067], [-68.90326628799988, 8.153208464000102], [-68.89145377699998, 8.150260444000082], [-68.89271277399996, 8.139418202], [-68.88459040899983, 8.135716150000121], [-68.88743949899992, 8.129682007000099], [-68.88307131199997, 8.127402967000023], [-68.88560739099995, 8.123612873000127], [-68.88135417999985, 8.11552471500005], [-68.87117975099989, 8.115267753000126], [-68.86837660899988, 8.112748711000052], [-68.87310976999999, 8.10330047399998], [-68.86844959999996, 8.108569613000157], [-68.8666905049999, 8.105391555999972], [-68.86105726699992, 8.104394558000081], [-68.86375336599997, 8.102228499000034], [-68.85445892199994, 8.092608318000146], [-68.8501057389999, 8.092095323000024], [-68.84263045199992, 8.098202496000056], [-68.8366351599999, 8.09123637500005], [-68.82664074599995, 8.092666452000117], [-68.81932246499991, 8.098328616], [-68.82291465199995, 8.10589376900009], [-68.83116800099992, 8.105439723000188], [-68.83199604299995, 8.107268757000156], [-68.8473459519999, 8.161765923000189], [-68.82567631199993, 8.219777350000072], [-68.79480723099994, 8.264992521000067], [-68.78831020799998, 8.316755740000133], [-68.74165429599987, 8.331622312000036], [-68.51792853699993, 8.557729089000077], [-68.520541, 8.559243], [-68.521874, 8.566083], [-68.538014, 8.574176000000136], [-68.53915099999989, 8.577753000000143], [-68.5515549999999, 8.588211000000172], [-68.563821, 8.585514000000103], [-68.5678, 8.578607], [-68.571056, 8.577379000000121], [-68.583047, 8.586292000000185], [-68.593879, 8.582466000000181], [-68.602361, 8.584774], [-68.61547799999988, 8.578258000000176], [-68.621267, 8.578819], [-68.624182, 8.573248], [-68.63631099999986, 8.577019000000178], [-68.648404, 8.586848], [-68.653283, 8.585212000000183], [-68.657145, 8.576995000000124], [-68.667219, 8.578158], [-68.673106, 8.572983], [-68.67413099999987, 8.571164000000124], [-68.670496, 8.569012], [-68.66741799999988, 8.558722], [-68.67083699999989, 8.550725], [-68.686987, 8.540978], [-68.694264, 8.540922], [-68.703271, 8.532908], [-68.71385699999985, 8.533712], [-68.731242, 8.543401000000188], [-68.738246, 8.551165], [-68.747978, 8.551977000000136], [-68.751497, 8.560851000000184], [-68.75005399999986, 8.564199], [-68.752713, 8.568055], [-68.752243, 8.573924], [-68.766844, 8.58854300000013], [-68.765676, 8.593343], [-68.77263099999988, 8.597273], [-68.77233599999988, 8.602317], [-68.78769199999982, 8.614837], [-68.79346, 8.611150000000123], [-68.7985369999999, 8.612797000000114], [-68.79885899999988, 8.618288], [-68.804883, 8.625415], [-68.820343, 8.635871], [-68.832525, 8.6327050000001], [-68.832622, 8.625637], [-68.83761, 8.625700000000165], [-68.84222499999987, 8.621900000000153], [-68.847881, 8.623534000000177], [-68.851655, 8.628487000000177], [-68.859178, 8.627559000000133], [-68.870767, 8.632117000000164], [-68.87779499999988, 8.635931], [-68.876659, 8.638896], [-68.889358, 8.636495], [-68.898106, 8.641072000000179], [-68.90235799999988, 8.647915], [-68.91343499999988, 8.647161], [-68.919029, 8.64289500000018], [-68.921881, 8.649162], [-68.925826, 8.648058000000162], [-68.92578, 8.652235], [-68.93126199999989, 8.651776], [-68.938142, 8.654876000000115], [-68.946093, 8.650465], [-68.950486, 8.651617000000101], [-68.95700699999986, 8.640137], [-68.968812, 8.63452800000016], [-68.972559, 8.634269], [-68.976821, 8.63916], [-68.97978899999987, 8.635675], [-68.99090999999987, 8.633726], [-69.000844, 8.643013000000167], [-69.009445, 8.640088000000105], [-69.00589999999988, 8.638165000000129], [-69.008793, 8.634326000000101], [-69.0112749999999, 8.637368], [-69.025342, 8.631697], [-69.02635099999986, 8.63527500000015], [-69.030534, 8.633236000000181], [-69.032384, 8.637297000000103], [-69.040923, 8.637831], [-69.0495499999999, 8.632528], [-69.053855, 8.634533], [-69.05824599999983, 8.63281300000017], [-69.062652, 8.639213], [-69.068862, 8.638397000000168], [-69.07162599999987, 8.645594], [-69.07500099999987, 8.64601000000016], [-69.08326, 8.642928], [-69.089008, 8.645604000000162], [-69.08774499999987, 8.641026], [-69.090714, 8.635198000000173], [-69.09528099999989, 8.638089], [-69.096458, 8.646048000000121], [-69.1049809999999, 8.64755600000018], [-69.106873, 8.644318000000169], [-69.113122, 8.647372], [-69.113875, 8.650811], [-69.117353, 8.649378000000127], [-69.123944, 8.651298], [-69.12726499999985, 8.659171], [-69.13263199999983, 8.664611], [-69.136583, 8.664510000000178], [-69.14012799999983, 8.669801]]]}}, {"type": "Feature", "properties": {"parroquia": "Trinidad de la Capilla", "municipio": "Guanarito", "estado": "Portuguesa", "pcode": "VE180502", "estado_pcode": "VE18", "municipio_pcode": "VE1805", "center_lat": 8.66362677, "center_lon": -68.88544742, "area_sqkm": 823.95549654}, "geometry": {"type": "Polygon", "coordinates": [[[-68.684789, 8.762929148000069], [-68.69024599999989, 8.76549], [-68.699557, 8.75660100000016], [-68.70686299999988, 8.762619], [-68.709265, 8.758714000000168], [-68.715069, 8.76108], [-68.720867, 8.754602000000148], [-68.72639499999985, 8.761723], [-68.730715, 8.75915], [-68.7379289999999, 8.762066], [-68.732383, 8.765559], [-68.7385149999999, 8.7759870000001], [-68.740896, 8.77520600000014], [-68.74063499999988, 8.764111000000128], [-68.745031, 8.771852], [-68.749908, 8.77217300000018], [-68.752171, 8.768244], [-68.7533069999999, 8.773321000000124], [-68.764451, 8.777109], [-68.76650699999988, 8.775478], [-68.763407, 8.770838], [-68.76742599999989, 8.766588000000127], [-68.765574, 8.762063000000182], [-68.770427, 8.760845000000131], [-68.77217599999989, 8.749794], [-68.77779, 8.74531300000018], [-68.778249, 8.741224], [-68.781692, 8.739110000000153], [-68.782087, 8.74228], [-68.789968, 8.741337], [-68.794011, 8.738074], [-68.805547, 8.742481000000168], [-68.80997999999988, 8.737128], [-68.80914399999983, 8.731684000000143], [-68.812259, 8.724125000000186], [-68.818616, 8.725341], [-68.820346, 8.720953], [-68.82536, 8.720446], [-68.828415, 8.72543000000013], [-68.835791, 8.728643], [-68.839072, 8.727172], [-68.848813, 8.7302150000001], [-68.855583, 8.737824000000103], [-68.860691, 8.737363000000187], [-68.873617, 8.744157], [-68.87941699999988, 8.742845000000102], [-68.877759, 8.748772], [-68.879428, 8.752631000000122], [-68.88703399999986, 8.754625], [-68.891803, 8.762663], [-68.889796, 8.76643200000018], [-68.89298899999989, 8.769531], [-68.8925789999999, 8.775596], [-68.901432, 8.77527], [-68.9039939999999, 8.771225], [-68.90592, 8.779173], [-68.91098499999987, 8.781422], [-68.910432, 8.783765], [-68.913412, 8.781397], [-68.917136, 8.783555], [-68.92122199999983, 8.779072], [-68.927046, 8.777507], [-68.938169, 8.78113000000019], [-68.940334, 8.77448900000013], [-68.944655, 8.772948], [-68.948239, 8.773841000000175], [-68.947109, 8.776139], [-68.95075899999989, 8.774345000000153], [-68.957489, 8.777533000000119], [-68.957145, 8.779762000000176], [-68.960241, 8.778588000000184], [-68.963898, 8.782399], [-68.974028, 8.786067000000116], [-68.991596, 8.786675000000173], [-68.993219, 8.790188], [-68.997517, 8.788301], [-69.002165, 8.790112000000136], [-69.004741, 8.785636000000181], [-69.0101499999999, 8.784991000000105], [-69.013027, 8.78045800000018], [-69.01922799999988, 8.786632000000168], [-69.03377099999989, 8.78358800000018], [-69.03936, 8.784963], [-69.040232, 8.787744000000146], [-69.045268, 8.788405000000125], [-69.047779, 8.791605], [-69.05245999999988, 8.786549], [-69.056477, 8.787827000000107], [-69.058008, 8.785652], [-69.057979, 8.787809], [-69.060827, 8.785639], [-69.06458299999986, 8.79045], [-69.07131, 8.789304], [-69.073701, 8.794316], [-69.077769, 8.79403200000013], [-69.054139, 8.70739], [-69.059148, 8.699972000000116], [-69.058238, 8.694598], [-69.063448, 8.689613000000122], [-69.076092, 8.687548000000163], [-69.07929, 8.683220000000176], [-69.090047, 8.677268], [-69.09782499999989, 8.680509], [-69.10523399999988, 8.67387900000017], [-69.127233, 8.671616], [-69.13268099999988, 8.673287], [-69.14012799999983, 8.669801], [-69.136583, 8.664510000000178], [-69.13263199999983, 8.664611], [-69.12726499999985, 8.659171], [-69.123944, 8.651298], [-69.117353, 8.649378000000127], [-69.113875, 8.650811], [-69.113122, 8.647372], [-69.106873, 8.644318000000169], [-69.1049809999999, 8.64755600000018], [-69.096458, 8.646048000000121], [-69.09528099999989, 8.638089], [-69.090714, 8.635198000000173], [-69.08774499999987, 8.641026], [-69.089008, 8.645604000000162], [-69.08326, 8.642928], [-69.07500099999987, 8.64601000000016], [-69.07162599999987, 8.645594], [-69.068862, 8.638397000000168], [-69.062652, 8.639213], [-69.05824599999983, 8.63281300000017], [-69.053855, 8.634533], [-69.0495499999999, 8.632528], [-69.040923, 8.637831], [-69.032384, 8.637297000000103], [-69.030534, 8.633236000000181], [-69.02635099999986, 8.63527500000015], [-69.025342, 8.631697], [-69.0112749999999, 8.637368], [-69.008793, 8.634326000000101], [-69.00589999999988, 8.638165000000129], [-69.009445, 8.640088000000105], [-69.000844, 8.643013000000167], [-68.99090999999987, 8.633726], [-68.97978899999987, 8.635675], [-68.976821, 8.63916], [-68.972559, 8.634269], [-68.968812, 8.63452800000016], [-68.95700699999986, 8.640137], [-68.950486, 8.651617000000101], [-68.946093, 8.650465], [-68.938142, 8.654876000000115], [-68.93126199999989, 8.651776], [-68.92578, 8.652235], [-68.925826, 8.648058000000162], [-68.921881, 8.649162], [-68.919029, 8.64289500000018], [-68.91343499999988, 8.647161], [-68.90235799999988, 8.647915], [-68.898106, 8.641072000000179], [-68.889358, 8.636495], [-68.876659, 8.638896], [-68.87779499999988, 8.635931], [-68.870767, 8.632117000000164], [-68.859178, 8.627559000000133], [-68.851655, 8.628487000000177], [-68.847881, 8.623534000000177], [-68.84222499999987, 8.621900000000153], [-68.83761, 8.625700000000165], [-68.832622, 8.625637], [-68.832525, 8.6327050000001], [-68.820343, 8.635871], [-68.804883, 8.625415], [-68.79885899999988, 8.618288], [-68.7985369999999, 8.612797000000114], [-68.79346, 8.611150000000123], [-68.78769199999982, 8.614837], [-68.77233599999988, 8.602317], [-68.77263099999988, 8.597273], [-68.765676, 8.593343], [-68.766844, 8.58854300000013], [-68.752243, 8.573924], [-68.752713, 8.568055], [-68.75005399999986, 8.564199], [-68.751497, 8.560851000000184], [-68.747978, 8.551977000000136], [-68.738246, 8.551165], [-68.731242, 8.543401000000188], [-68.71385699999985, 8.533712], [-68.703271, 8.532908], [-68.694264, 8.540922], [-68.686987, 8.540978], [-68.67083699999989, 8.550725], [-68.66741799999988, 8.558722], [-68.670496, 8.569012], [-68.67413099999987, 8.571164000000124], [-68.673106, 8.572983], [-68.667219, 8.578158], [-68.657145, 8.576995000000124], [-68.653283, 8.585212000000183], [-68.648404, 8.586848], [-68.63631099999986, 8.577019000000178], [-68.624182, 8.573248], [-68.621267, 8.578819], [-68.61547799999988, 8.578258000000176], [-68.602361, 8.584774], [-68.593879, 8.582466000000181], [-68.583047, 8.586292000000185], [-68.571056, 8.577379000000121], [-68.5678, 8.578607], [-68.563821, 8.585514000000103], [-68.5515549999999, 8.588211000000172], [-68.53915099999989, 8.577753000000143], [-68.538014, 8.574176000000136], [-68.521874, 8.566083], [-68.520541, 8.559243], [-68.51792853699993, 8.557729089000077], [-68.51194068399985, 8.567408910000097], [-68.53202069199995, 8.59811252500009], [-68.54211913999995, 8.60207957200015], [-68.54794342399987, 8.608393687000046], [-68.54742742699989, 8.612468788000172], [-68.56021200299995, 8.618692866000174], [-68.5718574679999, 8.614197699000101], [-68.57686669699996, 8.617120754000155], [-68.58316201899993, 8.626679936000073], [-68.57968589699982, 8.633244108000156], [-68.58295305299998, 8.636615172000177], [-68.59568359199989, 8.634688060000087], [-68.59645158499995, 8.627013887000032], [-68.60846909299988, 8.62732182800005], [-68.6226787459999, 8.635407942000143], [-68.63451225499989, 8.63695092800009], [-68.64368463999995, 8.634860823000054], [-68.64689680599997, 8.642452992000017], [-68.63442831999998, 8.651387267000189], [-68.63613241399992, 8.654290317000061], [-68.63448137099982, 8.660982489000105], [-68.64804800299993, 8.669467615000144], [-68.64495390299999, 8.675944787000105], [-68.64736004199995, 8.683525950000046], [-68.64609101999991, 8.689682104000156], [-68.64807911399993, 8.692416158000071], [-68.64983416999985, 8.689522077000163], [-68.65145224899999, 8.690809097000056], [-68.65018320999997, 8.693726175], [-68.65258732799998, 8.69689623700009], [-68.64903020899993, 8.702547392000042], [-68.65744561299988, 8.710817536999969], [-68.66650499199994, 8.710703495000132], [-68.67743443199998, 8.705857321999986], [-68.68092155499994, 8.700046172000043], [-68.69071895899987, 8.69685304799998], [-68.69957233999992, 8.69967906800008], [-68.70486659699998, 8.704480152000087], [-68.71475902099996, 8.70631714800004], [-68.71728217999998, 8.715115333000142], [-68.72223039899995, 8.717688371000065], [-68.72109936699991, 8.721225460000085], [-68.7164771809999, 8.721777500000087], [-68.71571616399984, 8.724419567000098], [-68.72789567799992, 8.724188498000103], [-68.72514858199992, 8.729702641000074], [-68.7294937669999, 8.729104603000167], [-68.73520705699997, 8.737810782999986], [-68.73554210199995, 8.743379909], [-68.72812979499986, 8.74624301300014], [-68.72594769199998, 8.74379296799998], [-68.72731272199991, 8.73918884699998], [-68.7192003699999, 8.737753855000108], [-68.71126406999997, 8.744386057000156], [-68.6982315119999, 8.742512076000082], [-68.68918815699993, 8.749493284000039], [-68.69074125799995, 8.756014434000122], [-68.68765315499996, 8.762625609999986], [-68.684789, 8.762929148000069]]]}}, {"type": "Feature", "properties": {"parroquia": "Capital Monseñor José Vicente de Unda", "municipio": "Monseñor José Vicente de Und", "estado": "Portuguesa", "pcode": "VE180601", "estado_pcode": "VE18", "municipio_pcode": "VE1806", "center_lat": 9.46197154, "center_lon": -69.94054568, "area_sqkm": 157.62619319}, "geometry": {"type": "Polygon", "coordinates": [[[-69.90172372799998, 9.41551406400015], [-69.8949387749999, 9.42761382600014], [-69.89375081899993, 9.443910220000078], [-69.87766027099997, 9.465767822999965], [-69.86790089399994, 9.471205013000088], [-69.8653028149999, 9.476541152000095], [-69.85522139399995, 9.477681237000184], [-69.85315535699988, 9.485268422000104], [-69.83348670399988, 9.514621232000138], [-69.83167467199996, 9.523058441000046], [-69.83386587599983, 9.543325915000082], [-69.82635062199984, 9.552414174000035], [-69.83154085599995, 9.556153229000017], [-69.83281772699996, 9.562983133999978], [-69.8354835959999, 9.56741189600018], [-69.840849, 9.557673000000136], [-69.841017, 9.547264], [-69.848769, 9.536666000000139], [-69.847814, 9.532308000000171], [-69.853279, 9.527055], [-69.853516, 9.508836], [-69.86615299999988, 9.504911000000163], [-69.869565, 9.497812], [-69.881707, 9.488676000000112], [-69.886828, 9.480738], [-69.89246, 9.48223], [-69.896467, 9.47959], [-69.908825, 9.464395], [-69.93657999999988, 9.483393], [-69.955563, 9.48874700000016], [-69.950735, 9.495215], [-69.96040099999982, 9.503695], [-69.966914, 9.506862], [-69.9738, 9.505096], [-69.98962935399993, 9.515047474000028], [-70.00094065099995, 9.502762998000037], [-70.01233410299994, 9.498265825000033], [-70.01453577599995, 9.482493571000077], [-70.01935926899989, 9.476406276000091], [-70.01876719399996, 9.466740045000108], [-70.00191347399988, 9.465447116000178], [-69.99958434299992, 9.458612967000022], [-69.99108397499992, 9.456853969000178], [-69.99361204399997, 9.451015824000024], [-70.02503903099989, 9.426098608000189], [-70.00160099999988, 9.424037000000112], [-69.985335, 9.413124], [-69.97361299999989, 9.399148000000139], [-69.970163, 9.386973000000125], [-69.96091599999988, 9.386780000000158], [-69.948118, 9.375500000000159], [-69.940769, 9.360920000000135], [-69.93532713299999, 9.356540579000068], [-69.930733, 9.378006], [-69.9231769999999, 9.38702700000016], [-69.916773, 9.408526000000165], [-69.90172372799998, 9.41551406400015]]]}}, {"type": "Feature", "properties": {"parroquia": "Peña Blanca", "municipio": "Monseñor José Vicente de Und", "estado": "Portuguesa", "pcode": "VE180602", "estado_pcode": "VE18", "municipio_pcode": "VE1806", "center_lat": 9.5158262, "center_lon": -69.92082773, "area_sqkm": 96.93359833}, "geometry": {"type": "Polygon", "coordinates": [[[-69.8354835959999, 9.56741189600018], [-69.84859663399982, 9.566564385000106], [-69.86387821299996, 9.555327025000054], [-69.87002442199997, 9.54709079700018], [-69.90210476699997, 9.546950615000128], [-69.91937447399988, 9.544142449000162], [-69.92964191299995, 9.545573427000079], [-69.94962080399995, 9.55477952200016], [-69.95471541399996, 9.551467392], [-69.97419774499997, 9.539431026000159], [-69.98962935399993, 9.515047474000028], [-69.9738, 9.505096], [-69.966914, 9.506862], [-69.96040099999982, 9.503695], [-69.950735, 9.495215], [-69.955563, 9.48874700000016], [-69.93657999999988, 9.483393], [-69.908825, 9.464395], [-69.896467, 9.47959], [-69.89246, 9.48223], [-69.886828, 9.480738], [-69.881707, 9.488676000000112], [-69.869565, 9.497812], [-69.86615299999988, 9.504911000000163], [-69.853516, 9.508836], [-69.853279, 9.527055], [-69.847814, 9.532308000000171], [-69.848769, 9.536666000000139], [-69.841017, 9.547264], [-69.840849, 9.557673000000136], [-69.8354835959999, 9.56741189600018]]]}}, {"type": "Feature", "properties": {"parroquia": "Capital Ospino", "municipio": "Ospino", "estado": "Portuguesa", "pcode": "VE180701", "estado_pcode": "VE18", "municipio_pcode": "VE1807", "center_lat": 9.160873, "center_lon": -69.40600723, "area_sqkm": 1085.59170302}, "geometry": {"type": "Polygon", "coordinates": [[[-69.426299, 9.369477], [-69.474095, 9.372924000000182], [-69.547819, 9.359800000000178], [-69.552565, 9.364192000000116], [-69.55578599999984, 9.361753000000135], [-69.569194, 9.368420000000185], [-69.571923, 9.374444], [-69.569833, 9.381943000000149], [-69.574485, 9.388542], [-69.60653, 9.395063], [-69.65370499999989, 9.39916], [-69.654444, 9.396977000000106], [-69.651595, 9.396118], [-69.653559, 9.389262], [-69.647403, 9.37631], [-69.654795, 9.361731], [-69.655053, 9.356583000000114], [-69.657609, 9.353515], [-69.6597, 9.355573], [-69.669679, 9.352216], [-69.67412399999989, 9.353527], [-69.681968, 9.348251000000118], [-69.683332, 9.341788], [-69.679944, 9.333188], [-69.692468, 9.31673300000017], [-69.691062, 9.306392], [-69.67811299999988, 9.294515], [-69.67257799999987, 9.284828000000175], [-69.669318, 9.284442], [-69.667975, 9.27876], [-69.661347, 9.279135], [-69.6573, 9.275886000000185], [-69.657005, 9.265651000000105], [-69.652548, 9.25763000000012], [-69.649907, 9.259488], [-69.64572, 9.256239000000107], [-69.642235, 9.262005], [-69.637157, 9.25972800000011], [-69.6330109999999, 9.26389300000011], [-69.627275, 9.254872000000148], [-69.624941, 9.257439], [-69.62360299999989, 9.25497], [-69.621167, 9.259351], [-69.6188, 9.252576], [-69.615337, 9.263827], [-69.60826, 9.262759], [-69.603545, 9.25692000000015], [-69.598156, 9.256343000000186], [-69.593753, 9.262989000000118], [-69.59796, 9.265871], [-69.590711, 9.277704000000142], [-69.591849, 9.283939], [-69.585014, 9.278759], [-69.586019, 9.274573], [-69.58323499999989, 9.276019000000133], [-69.578512, 9.271992], [-69.573506, 9.278322000000117], [-69.570295, 9.278531000000157], [-69.56844, 9.272095], [-69.565737, 9.272002000000157], [-69.562471, 9.276618000000155], [-69.560856, 9.271282], [-69.5552919999999, 9.271624000000145], [-69.552363, 9.263796000000127], [-69.542487, 9.265296], [-69.5361329999999, 9.259492000000137], [-69.534657, 9.265472], [-69.5265619999999, 9.264433], [-69.522926, 9.257620000000145], [-69.528562, 9.254592], [-69.52247099999988, 9.252757000000145], [-69.522652, 9.246604000000161], [-69.51638799999989, 9.248971], [-69.51351799999986, 9.24252], [-69.51226899999989, 9.248130000000117], [-69.507662, 9.241164], [-69.49973299999988, 9.237575], [-69.505645, 9.237461], [-69.50557, 9.23388100000011], [-69.4974069999999, 9.233686000000148], [-69.488334, 9.227519], [-69.491752, 9.226634], [-69.4902, 9.223334], [-69.486501, 9.220584], [-69.486903, 9.223382], [-69.482801, 9.219087000000115], [-69.48873, 9.210836], [-69.489542, 9.205458], [-69.486916, 9.201436], [-69.4887379999999, 9.19846600000011], [-69.485514, 9.196634], [-69.488338, 9.189882], [-69.48523899999986, 9.186946000000148], [-69.48894699999988, 9.185900000000117], [-69.489125, 9.182837000000177], [-69.486122, 9.178683], [-69.48656299999988, 9.168834000000118], [-69.484159, 9.168099], [-69.486048, 9.16350400000016], [-69.481806, 9.159845], [-69.481759, 9.156459], [-69.474633, 9.154773], [-69.47057799999988, 9.146969000000183], [-69.460473, 9.140572], [-69.462175, 9.133118], [-69.458906, 9.128198000000168], [-69.464325, 9.124748000000125], [-69.4596269999999, 9.117293], [-69.460695, 9.112333], [-69.4562509999999, 9.108886], [-69.45600799999988, 9.102962], [-69.44593, 9.101652000000172], [-69.449986, 9.100785], [-69.447538, 9.098556], [-69.441096, 9.099921000000109], [-69.442463, 9.090866000000176], [-69.438676, 9.091712], [-69.442605, 9.08584000000019], [-69.447169, 9.085632], [-69.445958, 9.08162700000014], [-69.448988, 9.084857], [-69.450188, 9.0806070000001], [-69.44435, 9.068439000000126], [-69.446777, 9.065676000000167], [-69.448797, 9.067297000000167], [-69.45107, 9.05985], [-69.445034, 9.054599], [-69.444159, 9.050283], [-69.436278, 9.04819], [-69.43526899999989, 9.043589], [-69.439534, 9.035748000000126], [-69.43038699999988, 9.03014300000018], [-69.436292, 9.023252], [-69.427914, 9.020454], [-69.424974, 9.022115000000156], [-69.41154, 9.014762000000133], [-69.407197, 9.005736000000127], [-69.405174, 9.008903000000146], [-69.39935799999989, 9.008837], [-69.398998, 9.005095], [-69.40214599999985, 9.00268100000011], [-69.398253, 9.001186], [-69.395678, 9.003], [-69.389008, 9.001122], [-69.382836, 9.006577], [-69.375809, 9.003256], [-69.37178299999988, 9.00976], [-69.367492, 9.011309], [-69.365026, 9.003607000000159], [-69.3562629999999, 9.00391000000019], [-69.359297, 9.000157000000172], [-69.358953, 8.992929], [-69.354887, 8.991563], [-69.34900599999986, 8.996159000000148], [-69.348538, 8.985968000000184], [-69.331956, 8.987825000000157], [-69.330816, 8.99209], [-69.32339699999989, 8.989934], [-69.32650499999983, 8.997862000000168], [-69.320935, 8.995871000000136], [-69.314342, 8.998147000000131], [-69.31222999999989, 8.989809], [-69.306204, 8.985109000000136], [-69.301095, 8.984818], [-69.298865, 8.989540000000147], [-69.29581399999984, 8.989049], [-69.29728299999988, 8.982718], [-69.29532099999989, 8.980991000000131], [-69.289674, 8.983659000000102], [-69.28977599999985, 8.990844], [-69.287451, 8.985649], [-69.283707, 8.984789000000148], [-69.282653, 8.980012000000102], [-69.268546, 8.981070000000102], [-69.264024, 8.976282], [-69.272977, 8.97351], [-69.272459, 8.965980000000116], [-69.266734, 8.961877000000129], [-69.254683, 8.964433], [-69.247564, 8.9634], [-69.2452, 8.966446000000133], [-69.24158299999982, 8.959962000000132], [-69.234419, 8.958401], [-69.234201, 8.951974000000178], [-69.22897099999989, 8.954298000000108], [-69.22146999999984, 8.947871], [-69.2218069999999, 8.941766], [-69.2182279999999, 8.939575000000104], [-69.2260629999999, 8.940655000000106], [-69.225746, 8.937441000000149], [-69.228664, 8.934971], [-69.223658, 8.929905], [-69.21804, 8.930140000000165], [-69.216758, 8.935048], [-69.211378, 8.931633], [-69.211547, 8.939392], [-69.207504, 8.937841], [-69.212571, 8.924958], [-69.203422, 8.922495], [-69.196876, 8.924195000000168], [-69.1985279999999, 8.929755000000114], [-69.20335299999988, 8.932847000000152], [-69.201336, 8.935618], [-69.186759, 8.930520000000172], [-69.188708, 8.927106000000151], [-69.182582, 8.927086], [-69.17736699999989, 8.93322000000012], [-69.179439, 8.937359], [-69.173063, 8.945807], [-69.169055, 8.939045000000135], [-69.16491899999988, 8.93832], [-69.166574, 8.932174], [-69.161074, 8.930801000000145], [-69.1603449999999, 8.926163], [-69.157941, 8.92592500000012], [-69.154353, 8.928254], [-69.154019, 8.932453], [-69.145193, 8.93044900000018], [-69.140856, 8.936677000000145], [-69.13855799999988, 8.930426], [-69.133858, 8.933256], [-69.130892, 8.946053000000177], [-69.12242999999984, 8.93682], [-69.123833, 8.929985000000158], [-69.117219, 8.930628], [-69.117902, 8.935243000000185], [-69.115465, 8.939114000000188], [-69.110731, 8.93698600000016], [-69.109357, 8.931472], [-69.106376, 8.930727], [-69.101393, 8.936057000000176], [-69.098811, 8.933087000000114], [-69.097543, 8.941162000000134], [-69.103647, 8.940977000000146], [-69.101246, 8.949438000000157], [-69.107989, 8.942622], [-69.107285, 8.94721], [-69.11556699999988, 8.944921000000136], [-69.113174, 8.949893000000145], [-69.1153149999999, 8.954055], [-69.124821, 8.952436], [-69.121991, 8.956397], [-69.122489, 8.960967000000153], [-69.120041, 8.959880000000112], [-69.1179049999999, 8.963361], [-69.120538, 8.964403], [-69.117408, 8.96845500000012], [-69.120602, 8.966836000000114], [-69.120919, 8.96954600000015], [-69.122618, 8.965007000000128], [-69.128069, 8.96709200000015], [-69.131699, 8.977249000000143], [-69.135304, 8.978065000000129], [-69.132689, 8.978928000000167], [-69.1331909999999, 8.981569], [-69.139116, 8.979317], [-69.144057, 8.982433], [-69.147205, 8.98069900000013], [-69.14664, 8.985403000000133], [-69.14805599999988, 8.982997000000182], [-69.1521, 8.983998], [-69.152485, 8.987328], [-69.154366, 8.983708], [-69.158585, 8.989689], [-69.169396, 8.994087], [-69.172725, 8.994029000000126], [-69.171852, 8.991501], [-69.175925, 8.990092000000175], [-69.177576, 8.996111], [-69.18324399999989, 8.995326000000148], [-69.18632, 9.004491000000144], [-69.19793, 9.00487100000015], [-69.19981399999989, 9.008363], [-69.19819399999989, 9.012931], [-69.203448, 9.01658700000013], [-69.21109899999988, 9.014785], [-69.211128, 9.018078], [-69.214966, 9.02072], [-69.219662, 9.017875000000117], [-69.22143099999988, 9.02479000000011], [-69.225365, 9.026513], [-69.222437, 9.033182000000124], [-69.223446, 9.036586], [-69.233582, 9.047305000000165], [-69.233687, 9.052850000000149], [-69.23088899999988, 9.05687], [-69.23280199999988, 9.06222], [-69.23446599999988, 9.061556000000166], [-69.231391, 9.063298], [-69.23515, 9.066855], [-69.236157, 9.073651], [-69.244239, 9.079137000000173], [-69.24666, 9.086549], [-69.243104, 9.095313], [-69.246704, 9.097769], [-69.250486, 9.109339], [-69.25397, 9.110997000000168], [-69.261645, 9.113022000000171], [-69.26624599999985, 9.119111], [-69.268802, 9.116355000000112], [-69.272409, 9.119723], [-69.277056, 9.119112000000143], [-69.277765, 9.122046], [-69.280384, 9.120908], [-69.28240799999986, 9.130482000000143], [-69.29097999999988, 9.129027000000178], [-69.302631, 9.135812], [-69.306587, 9.134766000000184], [-69.316791, 9.139892000000145], [-69.322716, 9.155771000000186], [-69.32463799999988, 9.153946000000133], [-69.328159, 9.159616], [-69.330858, 9.168088000000182], [-69.329278, 9.170362], [-69.339409, 9.17603], [-69.335942, 9.179822000000115], [-69.33654399999983, 9.186014000000114], [-69.3323089999999, 9.18469], [-69.3294709999999, 9.187315000000126], [-69.331488, 9.192336], [-69.32658, 9.19935500000014], [-69.33188499999989, 9.203313], [-69.330117, 9.211918], [-69.33462999999983, 9.216403], [-69.330359, 9.246649000000104], [-69.333063, 9.25859000000014], [-69.336498, 9.261425], [-69.336898, 9.26981000000012], [-69.34012899999988, 9.274838000000159], [-69.36711899999989, 9.286808], [-69.366192, 9.291718], [-69.36941399999989, 9.291266000000121], [-69.371567, 9.300376], [-69.370275, 9.313907], [-69.373609, 9.315912], [-69.374466, 9.312369], [-69.378507, 9.316609], [-69.383965, 9.315879], [-69.38974599999989, 9.321143000000177], [-69.397706, 9.319639000000109], [-69.398713, 9.325637], [-69.403206, 9.32420000000019], [-69.40235099999984, 9.327876], [-69.406838, 9.332696], [-69.405535, 9.334789], [-69.40818699999988, 9.340666000000112], [-69.40631699999989, 9.34439], [-69.41068099999984, 9.347163000000137], [-69.411294, 9.352226], [-69.41917399999983, 9.355462], [-69.42039499999987, 9.36137], [-69.423355, 9.361629000000164], [-69.423642, 9.369652], [-69.426299, 9.369477]]]}}, {"type": "Feature", "properties": {"parroquia": "Aparición", "municipio": "Ospino", "estado": "Portuguesa", "pcode": "VE180702", "estado_pcode": "VE18", "municipio_pcode": "VE1807", "center_lat": 9.313303, "center_lon": -69.33955364, "area_sqkm": 385.45908072}, "geometry": {"type": "Polygon", "coordinates": [[[-69.31742999999989, 9.401332], [-69.3234829999999, 9.409893000000125], [-69.33371999999986, 9.450452], [-69.34050799999989, 9.454801], [-69.34663599999988, 9.453262], [-69.368317, 9.46178], [-69.368839, 9.465422], [-69.378762, 9.473805], [-69.38103599999988, 9.479359], [-69.380704, 9.483169], [-69.377289, 9.485949000000119], [-69.378954, 9.49290800000017], [-69.38240799999988, 9.494164000000183], [-69.385121, 9.488271], [-69.388089, 9.491687], [-69.38640399999986, 9.496494], [-69.388908, 9.499684], [-69.408177, 9.502303], [-69.409299, 9.515045], [-69.417593, 9.512753], [-69.439393, 9.516335], [-69.464412, 9.514267000000132], [-69.46282999999988, 9.509713], [-69.46724799999987, 9.49348], [-69.471795, 9.485959], [-69.46865, 9.469401000000119], [-69.461305, 9.463826000000154], [-69.454891, 9.46244], [-69.44974899999988, 9.454581000000132], [-69.46274899999986, 9.438258000000133], [-69.455452, 9.43293400000016], [-69.447982, 9.406107], [-69.439599, 9.390747000000147], [-69.435711, 9.390127000000177], [-69.438957, 9.38829800000019], [-69.43783899999988, 9.383673000000101], [-69.43321499999985, 9.380237], [-69.435624, 9.377610000000118], [-69.42927, 9.374642], [-69.426299, 9.369477], [-69.423642, 9.369652], [-69.423355, 9.361629000000164], [-69.42039499999987, 9.36137], [-69.41917399999983, 9.355462], [-69.411294, 9.352226], [-69.41068099999984, 9.347163000000137], [-69.40631699999989, 9.34439], [-69.40818699999988, 9.340666000000112], [-69.405535, 9.334789], [-69.406838, 9.332696], [-69.40235099999984, 9.327876], [-69.403206, 9.32420000000019], [-69.398713, 9.325637], [-69.397706, 9.319639000000109], [-69.38974599999989, 9.321143000000177], [-69.383965, 9.315879], [-69.378507, 9.316609], [-69.374466, 9.312369], [-69.373609, 9.315912], [-69.370275, 9.313907], [-69.371567, 9.300376], [-69.36941399999989, 9.291266000000121], [-69.366192, 9.291718], [-69.36711899999989, 9.286808], [-69.34012899999988, 9.274838000000159], [-69.336898, 9.26981000000012], [-69.336498, 9.261425], [-69.333063, 9.25859000000014], [-69.330359, 9.246649000000104], [-69.33462999999983, 9.216403], [-69.330117, 9.211918], [-69.33188499999989, 9.203313], [-69.32658, 9.19935500000014], [-69.331488, 9.192336], [-69.3294709999999, 9.187315000000126], [-69.3323089999999, 9.18469], [-69.33654399999983, 9.186014000000114], [-69.335942, 9.179822000000115], [-69.339409, 9.17603], [-69.329278, 9.170362], [-69.330858, 9.168088000000182], [-69.328159, 9.159616], [-69.32463799999988, 9.153946000000133], [-69.322716, 9.155771000000186], [-69.316791, 9.139892000000145], [-69.306587, 9.134766000000184], [-69.302631, 9.135812], [-69.29097999999988, 9.129027000000178], [-69.28240799999986, 9.130482000000143], [-69.280384, 9.120908], [-69.277765, 9.122046], [-69.277056, 9.119112000000143], [-69.272409, 9.119723], [-69.268802, 9.116355000000112], [-69.26624599999985, 9.119111], [-69.261645, 9.113022000000171], [-69.25397, 9.110997000000168], [-69.254228, 9.120172], [-69.252063, 9.123248], [-69.258661, 9.125573], [-69.26170999999988, 9.142418], [-69.263931, 9.14], [-69.26704599999988, 9.145672000000161], [-69.263633, 9.151082000000144], [-69.266551, 9.155474], [-69.26450199999988, 9.161124], [-69.26654599999989, 9.163923000000182], [-69.262361, 9.165882], [-69.26567099999988, 9.179247000000146], [-69.27053299999989, 9.179613], [-69.273652, 9.19167], [-69.271371, 9.193794], [-69.273508, 9.196402], [-69.273933, 9.208151000000157], [-69.276393, 9.209288], [-69.28282599999989, 9.225691000000154], [-69.280248, 9.22706], [-69.27944799999989, 9.232147000000168], [-69.285231, 9.234621], [-69.283755, 9.237515], [-69.289852, 9.243792], [-69.29273099999983, 9.242831], [-69.298757, 9.260659], [-69.296591, 9.27445], [-69.29844999999989, 9.279347], [-69.294961, 9.282851], [-69.297271, 9.29078], [-69.29377899999986, 9.291478], [-69.29644799999988, 9.293929], [-69.2937409999999, 9.302114000000131], [-69.298344, 9.29970800000018], [-69.29703299999989, 9.30676000000011], [-69.306527, 9.310464], [-69.31434999999988, 9.320612000000153], [-69.31110699999988, 9.321574000000169], [-69.31105799999989, 9.324283], [-69.315571, 9.32656], [-69.313563, 9.32922], [-69.31130999999988, 9.327153], [-69.308803, 9.330496], [-69.311579, 9.333456], [-69.308, 9.333438000000172], [-69.3057, 9.336667], [-69.309718, 9.339112000000114], [-69.30415299999987, 9.343744], [-69.302956, 9.348867], [-69.308306, 9.348183000000176], [-69.308679, 9.350932], [-69.302226, 9.354469000000165], [-69.305, 9.357199], [-69.30452799999989, 9.365642], [-69.30094799999989, 9.367826], [-69.303547, 9.380992000000163], [-69.314449, 9.388407000000143], [-69.31742999999989, 9.401332]]]}}, {"type": "Feature", "properties": {"parroquia": "La Estación", "municipio": "Ospino", "estado": "Portuguesa", "pcode": "VE180703", "estado_pcode": "VE18", "municipio_pcode": "VE1807", "center_lat": 9.45782703, "center_lon": -69.53970302, "area_sqkm": 364.27476151}, "geometry": {"type": "Polygon", "coordinates": [[[-69.4439471149999, 9.549421682000059], [-69.48278895099992, 9.54374831600012], [-69.49339370599995, 9.545588413000075], [-69.50167875199992, 9.552567509000028], [-69.50574602199993, 9.549485461000074], [-69.50833929599992, 9.541333093000048], [-69.52294170599993, 9.540688095000121], [-69.52687912699992, 9.536837818000151], [-69.53393598699995, 9.537414900000101], [-69.54078643299982, 9.533958791000089], [-69.5587002339999, 9.53562986300011], [-69.57199886499996, 9.523752292000154], [-69.57850694099994, 9.528897332000042], [-69.5894094549999, 9.529530289000093], [-69.60102919699995, 9.534456331], [-69.60325736699991, 9.544283664000034], [-69.61263244499997, 9.55405380500008], [-69.6210761619999, 9.55649513700007], [-69.62113882099993, 9.556465879000143], [-69.62085476799996, 9.534711146000063], [-69.62641596999993, 9.511505328000055], [-69.61946057499989, 9.492663914000047], [-69.62383758999994, 9.46274218000002], [-69.6322778839999, 9.451562862000173], [-69.63486392899983, 9.440663588], [-69.6404821129999, 9.43140233700018], [-69.64258311999993, 9.417920010000103], [-69.64856431699991, 9.407545725000148], [-69.65068840599997, 9.408152729000108], [-69.65409052699994, 9.403184588000158], [-69.6537704829999, 9.399185504000059], [-69.65370499999989, 9.39916], [-69.60653, 9.395063], [-69.574485, 9.388542], [-69.569833, 9.381943000000149], [-69.571923, 9.374444], [-69.569194, 9.368420000000185], [-69.55578599999984, 9.361753000000135], [-69.552565, 9.364192000000116], [-69.547819, 9.359800000000178], [-69.474095, 9.372924000000182], [-69.426299, 9.369477], [-69.42927, 9.374642], [-69.435624, 9.377610000000118], [-69.43321499999985, 9.380237], [-69.43783899999988, 9.383673000000101], [-69.438957, 9.38829800000019], [-69.435711, 9.390127000000177], [-69.439599, 9.390747000000147], [-69.447982, 9.406107], [-69.455452, 9.43293400000016], [-69.46274899999986, 9.438258000000133], [-69.44974899999988, 9.454581000000132], [-69.454891, 9.46244], [-69.461305, 9.463826000000154], [-69.46865, 9.469401000000119], [-69.471795, 9.485959], [-69.46724799999987, 9.49348], [-69.46282999999988, 9.509713], [-69.464412, 9.514267000000132], [-69.439393, 9.516335], [-69.417593, 9.512753], [-69.409299, 9.515045], [-69.406658, 9.518896000000154], [-69.412412, 9.521395000000155], [-69.417668, 9.53630500000014], [-69.437114, 9.540182], [-69.442824, 9.544997], [-69.4439471149999, 9.549421682000059]]]}}, {"type": "Feature", "properties": {"parroquia": "Capital Páez", "municipio": "Páez", "estado": "Portuguesa", "pcode": "VE180801", "estado_pcode": "VE18", "municipio_pcode": "VE1808", "center_lat": 9.5301465, "center_lon": -69.1821966, "area_sqkm": 57.53248489}, "geometry": {"type": "Polygon", "coordinates": [[[-69.235935, 9.478735], [-69.143821, 9.526367000000107], [-69.144249, 9.543982], [-69.146898, 9.550105], [-69.143965, 9.551603], [-69.146513, 9.558232], [-69.161214, 9.553868], [-69.167616, 9.55685], [-69.174087, 9.572024], [-69.199966, 9.577559], [-69.203313, 9.569951000000117], [-69.207453, 9.568804], [-69.21252299999986, 9.560304], [-69.214757, 9.561031000000128], [-69.215367, 9.543155], [-69.235935, 9.478735]]]}}, {"type": "Feature", "properties": {"parroquia": "Payara", "municipio": "Páez", "estado": "Portuguesa", "pcode": "VE180802", "estado_pcode": "VE18", "municipio_pcode": "VE1808", "center_lat": 9.451601, "center_lon": -69.00011767, "area_sqkm": 193.46726493}, "geometry": {"type": "Polygon", "coordinates": [[[-69.051259, 9.498239000000183], [-69.054406, 9.501427], [-69.059189, 9.498939], [-69.0603809999999, 9.505558], [-69.06941799999987, 9.506044], [-69.077924, 9.51417], [-69.0767029999999, 9.527205], [-69.091095, 9.537192000000175], [-69.098739, 9.552022], [-69.111753, 9.557638], [-69.125192, 9.54472], [-69.135779, 9.542393], [-69.13743099999988, 9.546188], [-69.144249, 9.543982], [-69.143821, 9.526367000000107], [-69.119289, 9.451334], [-69.091394, 9.460114], [-69.082644, 9.459438], [-69.076779, 9.462118], [-69.055668, 9.459586000000172], [-69.039611, 9.45662700000014], [-69.038454, 9.44613100000015], [-69.033128, 9.444586], [-69.034678, 9.439759000000151], [-69.027004, 9.437061], [-69.019865, 9.433369], [-69.019133, 9.427143], [-69.010933, 9.41722300000015], [-69.003772, 9.399826], [-68.960111, 9.397104000000127], [-68.938679, 9.380027], [-68.924551, 9.36249], [-68.91939899999988, 9.361132], [-68.909878, 9.363225], [-68.886139, 9.353265], [-68.866263, 9.352181], [-68.860404, 9.346127], [-68.8570079999999, 9.346330000000137], [-68.8510189999999, 9.355192000000102], [-68.82625017499998, 9.355891854000106], [-68.83658167899995, 9.359030050000058], [-68.84706439199988, 9.367646669000067], [-68.852618, 9.36347300000017], [-68.862205, 9.370262], [-68.883926, 9.37659100000019], [-68.883361, 9.380701], [-68.885136, 9.381772], [-68.885846, 9.37987], [-68.887546, 9.384572000000105], [-68.896381, 9.386364], [-68.894195, 9.390370000000189], [-68.899044, 9.392384], [-68.90177899999986, 9.401071], [-68.904586, 9.400518000000147], [-68.905306, 9.403259000000105], [-68.907585, 9.40208100000018], [-68.910112, 9.404721000000109], [-68.909872, 9.408787], [-68.912217, 9.40807], [-68.91323499999987, 9.411249], [-68.911633, 9.4148], [-68.9228169999999, 9.412265000000104], [-68.924295, 9.415908], [-68.92222, 9.417662], [-68.9265, 9.421372], [-68.924048, 9.423997], [-68.935083, 9.428817], [-68.936829, 9.433841], [-68.94011, 9.434832], [-68.939123, 9.436778], [-68.9468849999999, 9.439526], [-68.952348, 9.446072], [-68.957361, 9.444892000000152], [-68.95987399999984, 9.449623], [-68.956945, 9.450842], [-68.965947, 9.452220000000182], [-68.975319, 9.459645], [-68.989937, 9.465869000000112], [-68.994627, 9.464478], [-69.002394, 9.468906], [-69.00547399999982, 9.467096], [-69.01197599999983, 9.483975], [-69.02514799999989, 9.489640000000122], [-69.02376599999985, 9.495223], [-69.035082, 9.497482000000105], [-69.035511, 9.493833000000166], [-69.038909, 9.496652000000154], [-69.041599, 9.495257], [-69.0441, 9.498565000000156], [-69.051259, 9.498239000000183]]]}}, {"type": "Feature", "properties": {"parroquia": "Pimpinela", "municipio": "Páez", "estado": "Portuguesa", "pcode": "VE180803", "estado_pcode": "VE18", "municipio_pcode": "VE1808", "center_lat": 9.4667535, "center_lon": -68.94634775, "area_sqkm": 169.52602401}, "geometry": {"type": "Polygon", "coordinates": [[[-68.88899128099996, 9.424505340000167], [-68.89586563899996, 9.437391617000117], [-68.89162461899997, 9.464390292000132], [-68.89535378699998, 9.467568354000036], [-68.90259119699994, 9.484265719000177], [-68.8957469419999, 9.491544933000114], [-68.89678802299989, 9.497622074000105], [-68.89428594499992, 9.503601239000034], [-68.89811413999996, 9.508918342000072], [-68.89327894999991, 9.510949422000067], [-68.89321397499987, 9.516350553000109], [-68.90846473699997, 9.536763960000087], [-68.90259663899991, 9.56434867400003], [-68.90791287699994, 9.566204683000024], [-68.90988403699998, 9.57022647600013], [-68.958305, 9.55078], [-68.952077, 9.537315], [-68.972322, 9.535819], [-69.047542, 9.507198000000187], [-69.05063299999989, 9.503105000000119], [-69.051259, 9.498239000000183], [-69.0441, 9.498565000000156], [-69.041599, 9.495257], [-69.038909, 9.496652000000154], [-69.035511, 9.493833000000166], [-69.035082, 9.497482000000105], [-69.02376599999985, 9.495223], [-69.02514799999989, 9.489640000000122], [-69.01197599999983, 9.483975], [-69.00547399999982, 9.467096], [-69.002394, 9.468906], [-68.994627, 9.464478], [-68.989937, 9.465869000000112], [-68.975319, 9.459645], [-68.965947, 9.452220000000182], [-68.956945, 9.450842], [-68.95987399999984, 9.449623], [-68.957361, 9.444892000000152], [-68.952348, 9.446072], [-68.9468849999999, 9.439526], [-68.939123, 9.436778], [-68.94011, 9.434832], [-68.936829, 9.433841], [-68.935083, 9.428817], [-68.924048, 9.423997], [-68.9265, 9.421372], [-68.92222, 9.417662], [-68.924295, 9.415908], [-68.9228169999999, 9.412265000000104], [-68.911633, 9.4148], [-68.91323499999987, 9.411249], [-68.912217, 9.40807], [-68.909872, 9.408787], [-68.910112, 9.404721000000109], [-68.907585, 9.40208100000018], [-68.905306, 9.403259000000105], [-68.904586, 9.400518000000147], [-68.90177899999986, 9.401071], [-68.899044, 9.392384], [-68.894195, 9.390370000000189], [-68.896381, 9.386364], [-68.887546, 9.384572000000105], [-68.885846, 9.37987], [-68.885136, 9.381772], [-68.883361, 9.380701], [-68.883926, 9.37659100000019], [-68.862205, 9.370262], [-68.852618, 9.36347300000017], [-68.84706439199988, 9.367646669000067], [-68.8554345789999, 9.376624369000183], [-68.85932380199995, 9.38573357000007], [-68.86468603799995, 9.387109578999969], [-68.86762217799998, 9.390740648000133], [-68.86757620999998, 9.39662478200006], [-68.86165499299989, 9.401497934000076], [-68.86528114899983, 9.402743945000054], [-68.86551419199992, 9.408584088000168], [-68.87728567099992, 9.404928932000075], [-68.88136581299983, 9.398524759000168], [-68.88021078799983, 9.404055902000152], [-68.88476597399995, 9.402090822000105], [-68.88732710699986, 9.406408919000057], [-68.88498304399997, 9.412919085000112], [-68.8878881949999, 9.41758518600011], [-68.8858011179999, 9.420878269000184], [-68.88899128099996, 9.424505340000167]]]}}, {"type": "Feature", "properties": {"parroquia": "Ramón Peraza", "municipio": "Páez", "estado": "Portuguesa", "pcode": "VE180804", "estado_pcode": "VE18", "municipio_pcode": "VE1808", "center_lat": 9.479112, "center_lon": -69.18173696, "area_sqkm": 74.40046948}, "geometry": {"type": "Polygon", "coordinates": [[[-69.235935, 9.478735], [-69.217872, 9.465639], [-69.21025, 9.456018], [-69.20384899999982, 9.43859], [-69.198172, 9.434276000000182], [-69.19274499999989, 9.434408], [-69.193307, 9.431465000000117], [-69.119289, 9.451334], [-69.143821, 9.526367000000107], [-69.235935, 9.478735]]]}}, {"type": "Feature", "properties": {"parroquia": "Capital Papelón", "municipio": "Papelón", "estado": "Portuguesa", "pcode": "VE180901", "estado_pcode": "VE18", "municipio_pcode": "VE1809", "center_lat": 8.8898095, "center_lon": -69.26235316, "area_sqkm": 1540.34836596}, "geometry": {"type": "Polygon", "coordinates": [[[-69.439534, 9.035748000000126], [-69.44263599999988, 9.037829], [-69.441071, 9.042365000000189], [-69.448042, 9.039838000000145], [-69.447402, 9.031658000000107], [-69.45057899999983, 9.032098000000133], [-69.451407, 9.039797000000135], [-69.457945, 9.040227000000186], [-69.455788, 9.029222], [-69.458716, 9.025853000000154], [-69.464685, 9.028768000000127], [-69.465742, 9.026267000000132], [-69.468638, 9.026666], [-69.466198, 9.03427], [-69.470095, 9.03305], [-69.47321, 9.038505], [-69.466131, 9.038233], [-69.4663359999999, 9.044702], [-69.47179199999988, 9.044168000000127], [-69.47536399999984, 9.046723000000156], [-69.478731, 9.043717000000129], [-69.477263, 9.053381000000172], [-69.480245, 9.054942], [-69.481547, 9.048736], [-69.484134, 9.048552000000143], [-69.483532, 9.0555], [-69.48056699999984, 9.057903], [-69.485337, 9.059033000000113], [-69.48660499999983, 9.05303], [-69.487783, 9.054681], [-69.50002799999987, 9.043576], [-69.4955369999999, 9.043106], [-69.49622, 9.037577000000113], [-69.493435, 9.033663000000104], [-69.48811299999988, 9.034158], [-69.49177999999989, 9.028095], [-69.4912829999999, 9.022685], [-69.495755, 9.025310000000161], [-69.50327399999986, 9.016267000000141], [-69.509126, 9.016217], [-69.525577, 9.004475], [-69.52192, 9.002296], [-69.525204, 9.002363000000116], [-69.528043, 8.998962], [-69.52888999999988, 8.991122000000132], [-69.522041, 8.980461000000162], [-69.52454, 8.980505], [-69.542193, 8.9636670000001], [-69.55232599999982, 8.963751000000116], [-69.558469, 8.970112], [-69.557809, 8.964459], [-69.552667, 8.96156000000019], [-69.550757, 8.953035], [-69.541601, 8.947680000000162], [-69.554526, 8.945401], [-69.564636, 8.95033], [-69.574325, 8.944441], [-69.5789999999999, 8.945986000000175], [-69.5812049999999, 8.942406], [-69.590055, 8.939639000000113], [-69.594128, 8.941022000000146], [-69.598448, 8.947321000000102], [-69.60072, 8.945233], [-69.598756, 8.943165], [-69.623239, 8.931354], [-69.617353, 8.922386], [-69.619231, 8.921451000000161], [-69.61792999999989, 8.916880000000106], [-69.606157, 8.917348000000118], [-69.60584399999982, 8.908787000000189], [-69.59730799999983, 8.903528000000108], [-69.595951, 8.895905000000141], [-69.58760699999988, 8.894731], [-69.569743, 8.88030600000019], [-69.555105, 8.880465000000186], [-69.552666, 8.877473], [-69.53967199999988, 8.876878], [-69.525665, 8.880775], [-69.508386, 8.879960000000153], [-69.493131, 8.887178000000176], [-69.482408, 8.885522], [-69.48007899999988, 8.881821000000116], [-69.474691, 8.882587], [-69.47037299999988, 8.879707000000167], [-69.46391199999988, 8.872094000000175], [-69.456471, 8.870743000000118], [-69.44496, 8.855060000000151], [-69.437444, 8.858736], [-69.435235, 8.850948], [-69.414251, 8.850159000000133], [-69.410213, 8.845373000000109], [-69.404136, 8.844898], [-69.396843, 8.837923000000103], [-69.37823699999984, 8.83826100000016], [-69.3707869999999, 8.82961], [-69.35641699999985, 8.826425], [-69.345044, 8.828067000000146], [-69.338691, 8.825593], [-69.33296599999989, 8.835194], [-69.327274, 8.838712], [-69.3158069999999, 8.8404], [-69.3084429999999, 8.835764000000154], [-69.307133, 8.83206500000017], [-69.28956999999986, 8.830727000000138], [-69.288238, 8.826132], [-69.283, 8.821916000000101], [-69.274059, 8.82058], [-69.272702, 8.816881], [-69.250849, 8.800355000000138], [-69.239568, 8.802063], [-69.23634, 8.798564000000113], [-69.222657, 8.79907100000014], [-69.216841, 8.795472], [-69.213674, 8.796104000000128], [-69.210404, 8.790838000000178], [-69.192621, 8.785064], [-69.182126, 8.7977], [-69.181397, 8.803091], [-69.17067, 8.804892], [-69.162926, 8.795547], [-69.1563809999999, 8.797361], [-69.144604, 8.793487000000141], [-69.14433599999984, 8.789424], [-69.139953, 8.78626300000019], [-69.140657, 8.781629], [-69.137016, 8.777118], [-69.139495, 8.774533], [-69.13679999999988, 8.77014], [-69.12743299999988, 8.78358100000014], [-69.119472, 8.77871000000016], [-69.116448, 8.787537], [-69.113285, 8.786172], [-69.114126, 8.782135], [-69.10881299999988, 8.781106], [-69.105216, 8.787406], [-69.100684, 8.788698], [-69.099002, 8.786764], [-69.101574, 8.783605], [-69.089375, 8.782942], [-69.081556, 8.795263], [-69.077769, 8.79403200000013], [-69.073701, 8.794316], [-69.07131, 8.789304], [-69.06458299999986, 8.79045], [-69.060827, 8.785639], [-69.057979, 8.787809], [-69.058008, 8.785652], [-69.056477, 8.787827000000107], [-69.05245999999988, 8.786549], [-69.047779, 8.791605], [-69.045268, 8.788405000000125], [-69.040232, 8.787744000000146], [-69.03936, 8.784963], [-69.03377099999989, 8.78358800000018], [-69.01922799999988, 8.786632000000168], [-69.013027, 8.78045800000018], [-69.0101499999999, 8.784991000000105], [-69.004741, 8.785636000000181], [-69.002165, 8.790112000000136], [-68.997517, 8.788301], [-68.993219, 8.790188], [-68.991596, 8.786675000000173], [-68.974028, 8.786067000000116], [-68.963898, 8.782399], [-68.960241, 8.778588000000184], [-68.957145, 8.779762000000176], [-68.957489, 8.777533000000119], [-68.95075899999989, 8.774345000000153], [-68.947109, 8.776139], [-68.948239, 8.773841000000175], [-68.944655, 8.772948], [-68.940334, 8.77448900000013], [-68.938169, 8.78113000000019], [-68.927046, 8.777507], [-68.92122199999983, 8.779072], [-68.917136, 8.783555], [-68.913412, 8.781397], [-68.910432, 8.783765], [-68.91098499999987, 8.781422], [-68.90592, 8.779173], [-68.9039939999999, 8.771225], [-68.901432, 8.77527], [-68.8925789999999, 8.775596], [-68.89298899999989, 8.769531], [-68.889796, 8.76643200000018], [-68.891803, 8.762663], [-68.88703399999986, 8.754625], [-68.879428, 8.752631000000122], [-68.877759, 8.748772], [-68.87941699999988, 8.742845000000102], [-68.873617, 8.744157], [-68.860691, 8.737363000000187], [-68.855583, 8.737824000000103], [-68.848813, 8.7302150000001], [-68.839072, 8.727172], [-68.835791, 8.728643], [-68.828415, 8.72543000000013], [-68.82536, 8.720446], [-68.820346, 8.720953], [-68.818616, 8.725341], [-68.812259, 8.724125000000186], [-68.80914399999983, 8.731684000000143], [-68.80997999999988, 8.737128], [-68.805547, 8.742481000000168], [-68.794011, 8.738074], [-68.789968, 8.741337], [-68.782087, 8.74228], [-68.781692, 8.739110000000153], [-68.778249, 8.741224], [-68.77779, 8.74531300000018], [-68.77217599999989, 8.749794], [-68.770427, 8.760845000000131], [-68.765574, 8.762063000000182], [-68.76742599999989, 8.766588000000127], [-68.763407, 8.770838], [-68.76650699999988, 8.775478], [-68.764451, 8.777109], [-68.7533069999999, 8.773321000000124], [-68.752171, 8.768244], [-68.749908, 8.77217300000018], [-68.745031, 8.771852], [-68.74063499999988, 8.764111000000128], [-68.740896, 8.77520600000014], [-68.7385149999999, 8.7759870000001], [-68.732383, 8.765559], [-68.7379289999999, 8.762066], [-68.730715, 8.75915], [-68.72639499999985, 8.761723], [-68.720867, 8.754602000000148], [-68.715069, 8.76108], [-68.709265, 8.758714000000168], [-68.70686299999988, 8.762619], [-68.699557, 8.75660100000016], [-68.69024599999989, 8.76549], [-68.684789, 8.762929148000069], [-68.6741765939999, 8.764825725000037], [-68.67297655699991, 8.767904798000188], [-68.66772832099991, 8.764480756000182], [-68.66752133099993, 8.767490823000117], [-68.6635461759999, 8.770039901000189], [-68.66079504699991, 8.768568886000025], [-68.65961701399988, 8.771049942000161], [-68.65483280899997, 8.7719229920001], [-68.65723793399997, 8.775414063000028], [-68.6537487949999, 8.777803130999985], [-68.64882357499988, 8.775000091000038], [-68.64306934399985, 8.777572190000171], [-68.63995023999996, 8.782969324000135], [-68.64115533599994, 8.793307571000128], [-68.6261557489999, 8.803342879000184], [-68.62428266299992, 8.801734851], [-68.62155555999988, 8.804145922000089], [-68.62476970299997, 8.80536393300008], [-68.62375267499993, 8.807845001000032], [-68.61866745599991, 8.807431012000109], [-68.61758141999996, 8.810991102000173], [-68.62054259199982, 8.818962274000171], [-68.61617341699997, 8.820294331000127], [-68.60946810799993, 8.816203267000049], [-68.60933113499988, 8.823278441000127], [-68.60635001599996, 8.82506949000009], [-68.60130877799992, 8.820428412000126], [-68.59633855999994, 8.819645414000036], [-68.59257144599997, 8.827891629000078], [-68.58928380099991, 8.828762416000131], [-68.592409, 8.830765], [-68.597798, 8.829816], [-68.597998, 8.832181000000162], [-68.604718, 8.834082], [-68.60077, 8.8399], [-68.601872, 8.842268], [-68.61149299999988, 8.833549], [-68.620132, 8.835272000000145], [-68.620159, 8.841423000000134], [-68.616408, 8.843593000000112], [-68.617001, 8.84589], [-68.619758, 8.843786], [-68.62006999999988, 8.847551], [-68.62251899999984, 8.84808500000014], [-68.62044999999989, 8.851661], [-68.62443, 8.857915000000105], [-68.6208, 8.857997000000125], [-68.620631, 8.867705000000115], [-68.622457, 8.867618], [-68.621641, 8.862613000000124], [-68.627218, 8.860447], [-68.63413799999984, 8.865538], [-68.636202, 8.863363], [-68.64535099999989, 8.864949], [-68.64771499999983, 8.862798000000168], [-68.64076099999988, 8.861654], [-68.641235, 8.857891], [-68.647486, 8.854855], [-68.653814, 8.856502], [-68.650095, 8.863309000000186], [-68.6499, 8.874142000000177], [-68.653985, 8.876379000000156], [-68.654118, 8.870733], [-68.664386, 8.876865], [-68.668446, 8.87221600000015], [-68.67070599999988, 8.873806], [-68.66791399999988, 8.879766], [-68.67265, 8.880926000000159], [-68.675148, 8.880359000000112], [-68.675886, 8.873108], [-68.671892, 8.871353000000113], [-68.675352, 8.866244], [-68.671775, 8.856525], [-68.676055, 8.855297], [-68.67340899999982, 8.851135000000113], [-68.67794, 8.851055], [-68.68065899999988, 8.854413], [-68.685816, 8.853531], [-68.68949399999985, 8.86044900000013], [-68.688124, 8.862603], [-68.694425, 8.865788000000123], [-68.696524, 8.859205], [-68.70212, 8.858943], [-68.703842, 8.863056], [-68.711402, 8.862386000000186], [-68.714737, 8.86049], [-68.71622699999983, 8.848627], [-68.72431499999988, 8.849381000000108], [-68.72651, 8.849892], [-68.7294409999999, 8.859745], [-68.73387, 8.862992], [-68.73763699999989, 8.846981], [-68.74171399999983, 8.851834], [-68.747531, 8.846431], [-68.751947, 8.85475], [-68.75841799999984, 8.85511], [-68.75988699999988, 8.850752], [-68.756018, 8.845441], [-68.764081, 8.84686], [-68.766038, 8.849619], [-68.773365, 8.841488], [-68.777067, 8.849048], [-68.783988, 8.85393], [-68.786797, 8.849300000000142], [-68.789074, 8.853781], [-68.791693, 8.850872], [-68.78957999999989, 8.845771000000184], [-68.79382399999986, 8.84927000000016], [-68.796095, 8.847118], [-68.793956, 8.843142], [-68.795646, 8.842181000000153], [-68.797606, 8.844252], [-68.806551, 8.844592000000148], [-68.809391, 8.837001], [-68.817829, 8.83624], [-68.81917, 8.827268000000117], [-68.82754, 8.826483000000167], [-68.830835, 8.830622000000119], [-68.834535, 8.82978], [-68.829062, 8.836677], [-68.831756, 8.840746], [-68.83722399999988, 8.835639000000128], [-68.843442, 8.835629], [-68.84950699999985, 8.832291], [-68.84501399999988, 8.84486], [-68.846249, 8.85037100000011], [-68.848647, 8.85239600000017], [-68.853324, 8.849674000000164], [-68.857935, 8.854412], [-68.86170999999985, 8.851276], [-68.87266199999988, 8.853685], [-68.8737119999999, 8.858989000000122], [-68.868722, 8.857923], [-68.866677, 8.862052], [-68.867781, 8.864579000000106], [-68.873925, 8.866313], [-68.87229799999989, 8.870074], [-68.88161699999989, 8.868807000000174], [-68.8900809999999, 8.877294000000177], [-68.903896, 8.861277], [-68.91009, 8.861725], [-68.907414, 8.869479000000183], [-68.908881, 8.874646], [-68.915315, 8.871514000000161], [-68.915509, 8.867726], [-68.919464, 8.867137000000184], [-68.916913, 8.860728000000165], [-68.92564499999986, 8.863224], [-68.92160299999989, 8.871664000000123], [-68.92408, 8.880115], [-68.938796, 8.884618000000103], [-68.945323, 8.891149], [-68.947995, 8.8955610000001], [-68.945064, 8.903222], [-68.945651, 8.909833], [-68.94774, 8.90605], [-68.955844, 8.911022], [-68.958116, 8.90815700000013], [-68.96128, 8.909678], [-68.95699799999983, 8.911759], [-68.960478, 8.916723000000104], [-68.957149, 8.927069], [-68.9682069999999, 8.92426600000016], [-68.977449, 8.927267000000143], [-68.97483299999988, 8.939151], [-68.977253, 8.943012000000124], [-68.97846, 8.940581], [-68.983523, 8.940682], [-68.986501, 8.932332], [-68.989315, 8.935321], [-69.00044, 8.934055000000114], [-69.00298499999985, 8.941527000000178], [-69.010079, 8.942816], [-69.009269, 8.934412000000123], [-69.020003, 8.931721], [-69.02359899999988, 8.936165], [-69.018267, 8.941401], [-69.020084, 8.944667], [-69.023246, 8.943626000000108], [-69.031295, 8.93695], [-69.050059, 8.949323], [-69.051019, 8.944461000000103], [-69.058757, 8.938039], [-69.058329, 8.933561], [-69.051354, 8.930873], [-69.054681, 8.931735000000174], [-69.056885, 8.928736000000185], [-69.062404, 8.93096], [-69.061728, 8.933206], [-69.064774, 8.935467], [-69.066902, 8.934878], [-69.071598, 8.943640000000187], [-69.074059, 8.93921900000015], [-69.081718, 8.936332], [-69.076404, 8.935211], [-69.075882, 8.931215000000122], [-69.085305, 8.934807000000148], [-69.08920199999989, 8.929679], [-69.09215799999987, 8.930814000000169], [-69.09044999999986, 8.93900200000013], [-69.097543, 8.941162000000134], [-69.098811, 8.933087000000114], [-69.101393, 8.936057000000176], [-69.106376, 8.930727], [-69.109357, 8.931472], [-69.110731, 8.93698600000016], [-69.115465, 8.939114000000188], [-69.117902, 8.935243000000185], [-69.117219, 8.930628], [-69.123833, 8.929985000000158], [-69.12242999999984, 8.93682], [-69.130892, 8.946053000000177], [-69.133858, 8.933256], [-69.13855799999988, 8.930426], [-69.140856, 8.936677000000145], [-69.145193, 8.93044900000018], [-69.154019, 8.932453], [-69.154353, 8.928254], [-69.157941, 8.92592500000012], [-69.1603449999999, 8.926163], [-69.161074, 8.930801000000145], [-69.166574, 8.932174], [-69.16491899999988, 8.93832], [-69.169055, 8.939045000000135], [-69.173063, 8.945807], [-69.179439, 8.937359], [-69.17736699999989, 8.93322000000012], [-69.182582, 8.927086], [-69.188708, 8.927106000000151], [-69.186759, 8.930520000000172], [-69.201336, 8.935618], [-69.20335299999988, 8.932847000000152], [-69.1985279999999, 8.929755000000114], [-69.196876, 8.924195000000168], [-69.203422, 8.922495], [-69.212571, 8.924958], [-69.207504, 8.937841], [-69.211547, 8.939392], [-69.211378, 8.931633], [-69.216758, 8.935048], [-69.21804, 8.930140000000165], [-69.223658, 8.929905], [-69.228664, 8.934971], [-69.225746, 8.937441000000149], [-69.2260629999999, 8.940655000000106], [-69.2182279999999, 8.939575000000104], [-69.2218069999999, 8.941766], [-69.22146999999984, 8.947871], [-69.22897099999989, 8.954298000000108], [-69.234201, 8.951974000000178], [-69.234419, 8.958401], [-69.24158299999982, 8.959962000000132], [-69.2452, 8.966446000000133], [-69.247564, 8.9634], [-69.254683, 8.964433], [-69.266734, 8.961877000000129], [-69.272459, 8.965980000000116], [-69.272977, 8.97351], [-69.264024, 8.976282], [-69.268546, 8.981070000000102], [-69.282653, 8.980012000000102], [-69.283707, 8.984789000000148], [-69.287451, 8.985649], [-69.28977599999985, 8.990844], [-69.289674, 8.983659000000102], [-69.29532099999989, 8.980991000000131], [-69.29728299999988, 8.982718], [-69.29581399999984, 8.989049], [-69.298865, 8.989540000000147], [-69.301095, 8.984818], [-69.306204, 8.985109000000136], [-69.31222999999989, 8.989809], [-69.314342, 8.998147000000131], [-69.320935, 8.995871000000136], [-69.32650499999983, 8.997862000000168], [-69.32339699999989, 8.989934], [-69.330816, 8.99209], [-69.331956, 8.987825000000157], [-69.348538, 8.985968000000184], [-69.34900599999986, 8.996159000000148], [-69.354887, 8.991563], [-69.358953, 8.992929], [-69.359297, 9.000157000000172], [-69.3562629999999, 9.00391000000019], [-69.365026, 9.003607000000159], [-69.367492, 9.011309], [-69.37178299999988, 9.00976], [-69.375809, 9.003256], [-69.382836, 9.006577], [-69.389008, 9.001122], [-69.395678, 9.003], [-69.398253, 9.001186], [-69.40214599999985, 9.00268100000011], [-69.398998, 9.005095], [-69.39935799999989, 9.008837], [-69.405174, 9.008903000000146], [-69.407197, 9.005736000000127], [-69.41154, 9.014762000000133], [-69.424974, 9.022115000000156], [-69.427914, 9.020454], [-69.436292, 9.023252], [-69.43038699999988, 9.03014300000018], [-69.439534, 9.035748000000126]]]}}, {"type": "Feature", "properties": {"parroquia": "Caño Delgadito", "municipio": "Papelón", "estado": "Portuguesa", "pcode": "VE180902", "estado_pcode": "VE18", "municipio_pcode": "VE1809", "center_lat": 8.8005805, "center_lon": -69.4481206, "area_sqkm": 983.21175722}, "geometry": {"type": "Polygon", "coordinates": [[[-69.077769, 8.79403200000013], [-69.081556, 8.795263], [-69.089375, 8.782942], [-69.101574, 8.783605], [-69.099002, 8.786764], [-69.100684, 8.788698], [-69.105216, 8.787406], [-69.10881299999988, 8.781106], [-69.114126, 8.782135], [-69.113285, 8.786172], [-69.116448, 8.787537], [-69.119472, 8.77871000000016], [-69.12743299999988, 8.78358100000014], [-69.13679999999988, 8.77014], [-69.139495, 8.774533], [-69.137016, 8.777118], [-69.140657, 8.781629], [-69.139953, 8.78626300000019], [-69.14433599999984, 8.789424], [-69.144604, 8.793487000000141], [-69.1563809999999, 8.797361], [-69.162926, 8.795547], [-69.17067, 8.804892], [-69.181397, 8.803091], [-69.182126, 8.7977], [-69.192621, 8.785064], [-69.210404, 8.790838000000178], [-69.213674, 8.796104000000128], [-69.216841, 8.795472], [-69.222657, 8.79907100000014], [-69.23634, 8.798564000000113], [-69.239568, 8.802063], [-69.250849, 8.800355000000138], [-69.272702, 8.816881], [-69.274059, 8.82058], [-69.283, 8.821916000000101], [-69.288238, 8.826132], [-69.28956999999986, 8.830727000000138], [-69.307133, 8.83206500000017], [-69.3084429999999, 8.835764000000154], [-69.3158069999999, 8.8404], [-69.327274, 8.838712], [-69.33296599999989, 8.835194], [-69.338691, 8.825593], [-69.345044, 8.828067000000146], [-69.35641699999985, 8.826425], [-69.3707869999999, 8.82961], [-69.37823699999984, 8.83826100000016], [-69.396843, 8.837923000000103], [-69.404136, 8.844898], [-69.410213, 8.845373000000109], [-69.414251, 8.850159000000133], [-69.435235, 8.850948], [-69.437444, 8.858736], [-69.44496, 8.855060000000151], [-69.456471, 8.870743000000118], [-69.46391199999988, 8.872094000000175], [-69.47037299999988, 8.879707000000167], [-69.474691, 8.882587], [-69.48007899999988, 8.881821000000116], [-69.482408, 8.885522], [-69.493131, 8.887178000000176], [-69.508386, 8.879960000000153], [-69.525665, 8.880775], [-69.53967199999988, 8.876878], [-69.552666, 8.877473], [-69.555105, 8.880465000000186], [-69.569743, 8.88030600000019], [-69.58760699999988, 8.894731], [-69.595951, 8.895905000000141], [-69.59730799999983, 8.903528000000108], [-69.60584399999982, 8.908787000000189], [-69.606157, 8.917348000000118], [-69.61792999999989, 8.916880000000106], [-69.619231, 8.921451000000161], [-69.617353, 8.922386], [-69.623239, 8.931354], [-69.632435, 8.928997], [-69.641315, 8.920898], [-69.653551, 8.916013000000135], [-69.663985, 8.919013], [-69.668152, 8.924617], [-69.674419, 8.920565000000181], [-69.683803, 8.904281], [-69.692455, 8.903719], [-69.68798399999986, 8.89122], [-69.690043, 8.876161], [-69.694088, 8.867506000000162], [-69.68926, 8.866183], [-69.684387, 8.870758000000137], [-69.682429, 8.86861800000014], [-69.684801, 8.865183000000172], [-69.68959, 8.864486], [-69.689697, 8.860608000000184], [-69.682079, 8.857464000000107], [-69.678185, 8.859815], [-69.682585, 8.852004], [-69.6774539999999, 8.851484], [-69.67561399999988, 8.860910000000104], [-69.66937499999989, 8.859790000000146], [-69.67105, 8.85089100000016], [-69.678391, 8.848137000000179], [-69.677393, 8.843246], [-69.6632489999999, 8.841229], [-69.651152, 8.830338], [-69.643996, 8.83320700000013], [-69.64222199999989, 8.831733], [-69.641654, 8.828977000000123], [-69.64913499999989, 8.825651], [-69.6508869999999, 8.821021000000144], [-69.645944, 8.819835], [-69.645738, 8.813364], [-69.63977, 8.808365000000151], [-69.650453, 8.795938], [-69.646194, 8.791267000000119], [-69.66003099999983, 8.794339], [-69.657306, 8.787424000000158], [-69.6482, 8.778212000000167], [-69.649843, 8.77450400000015], [-69.641894, 8.785356], [-69.64223, 8.788225000000125], [-69.64001499999989, 8.787163], [-69.638705, 8.779288], [-69.644243, 8.77602400000012], [-69.6427159999999, 8.77046600000017], [-69.632773, 8.764974000000166], [-69.634472, 8.756144000000177], [-69.624334, 8.747851], [-69.62422, 8.741632], [-69.613257, 8.742996000000119], [-69.606614, 8.739395], [-69.597137, 8.739295], [-69.59318, 8.734555], [-69.583888, 8.734203], [-69.575812, 8.742093], [-69.569141, 8.728371], [-69.573551, 8.724187000000143], [-69.57393107799999, 8.719780129000128], [-69.56049884999987, 8.715700033000019], [-69.56369888399996, 8.696458579000137], [-69.55590156099998, 8.698450658000013], [-69.55058008299994, 8.693129126000088], [-69.54777218899989, 8.691126539000038], [-69.53835979499996, 8.692562613000177], [-69.53133854799995, 8.702130870000076], [-69.52849539699992, 8.696681762000026], [-69.53497663099989, 8.689062550000074], [-69.53310753099987, 8.682768415], [-69.52964037599997, 8.68275644199997], [-69.52760233299989, 8.68933559800007], [-69.52265212299994, 8.69007563700012], [-69.517202, 8.689779], [-69.519667, 8.686437], [-69.518289, 8.684321000000125], [-69.50698299999988, 8.690546], [-69.508094, 8.679421], [-69.4977439999999, 8.687414], [-69.499071, 8.679912], [-69.487419, 8.686493], [-69.484218, 8.695598], [-69.47953199999989, 8.692900000000122], [-69.4699609999999, 8.69726], [-69.461656, 8.689205000000129], [-69.456683, 8.693186], [-69.447115, 8.694744000000128], [-69.43995, 8.682262], [-69.43233899999984, 8.68862200000018], [-69.42538499999989, 8.688305], [-69.42022299999985, 8.680534000000137], [-69.417738, 8.68853700000011], [-69.414083, 8.691488], [-69.403254, 8.687419000000148], [-69.388438, 8.692083], [-69.386671, 8.698803], [-69.380306, 8.691807], [-69.376837, 8.693748000000141], [-69.3705819999999, 8.704013], [-69.378317, 8.706789000000185], [-69.378566, 8.709958], [-69.374425, 8.713252], [-69.375131, 8.719290000000171], [-69.370434, 8.723362], [-69.35741499999989, 8.716715], [-69.351782, 8.726637], [-69.346831, 8.730639], [-69.33971299999985, 8.731353000000126], [-69.322949, 8.725313], [-69.31884599999984, 8.720527000000175], [-69.31605699999989, 8.729332], [-69.30586199999988, 8.71957], [-69.30639799999989, 8.71723], [-69.303762, 8.717911], [-69.30102199999988, 8.725546000000122], [-69.297213, 8.72399600000017], [-69.293826, 8.730849000000148], [-69.287552, 8.725321000000179], [-69.28361599999988, 8.729280000000188], [-69.27999499999987, 8.726009], [-69.271815, 8.726466], [-69.266649, 8.721722000000113], [-69.2635509999999, 8.722516], [-69.26337799999988, 8.728667], [-69.25996099999986, 8.726889], [-69.253531, 8.730197], [-69.24984199999989, 8.726123], [-69.235934, 8.725229], [-69.230956, 8.719453000000158], [-69.2197359999999, 8.715077], [-69.222315, 8.708384], [-69.218693, 8.705893000000117], [-69.211322, 8.705594], [-69.19952899999987, 8.71042100000011], [-69.197761, 8.705641], [-69.189052, 8.704694], [-69.186132, 8.698189], [-69.16742099999988, 8.696611], [-69.166231, 8.691626], [-69.1496, 8.680277], [-69.143963, 8.669814], [-69.14012799999983, 8.669801], [-69.13268099999988, 8.673287], [-69.127233, 8.671616], [-69.10523399999988, 8.67387900000017], [-69.09782499999989, 8.680509], [-69.090047, 8.677268], [-69.07929, 8.683220000000176], [-69.076092, 8.687548000000163], [-69.063448, 8.689613000000122], [-69.058238, 8.694598], [-69.059148, 8.699972000000116], [-69.054139, 8.70739], [-69.077769, 8.79403200000013]]]}}, {"type": "Feature", "properties": {"parroquia": "Capital San Genaro de Boconoito", "municipio": "San Genaro de Boconoito", "estado": "Portuguesa", "pcode": "VE181001", "estado_pcode": "VE18", "municipio_pcode": "VE1810", "center_lat": 8.96576229, "center_lon": -70.01061121, "area_sqkm": 831.94628859}, "geometry": {"type": "Polygon", "coordinates": [[[-69.994918, 9.175746000000174], [-70.0143149999999, 9.166268], [-70.018569, 9.169260000000179], [-70.018879, 9.177154000000144], [-70.02179699999988, 9.176661], [-70.023918, 9.179752000000178], [-70.029101, 9.177668], [-70.034952, 9.180286000000137], [-70.032027, 9.173411000000101], [-70.035228, 9.174088000000154], [-70.038761, 9.170909], [-70.04083299999985, 9.173196], [-70.045069, 9.171827000000121], [-70.047028, 9.17478], [-70.0511719999999, 9.173778], [-70.05346, 9.177947], [-70.060515, 9.174708000000123], [-70.0636469239999, 9.176176778000126], [-70.04463052199998, 9.157908672000133], [-70.04194338399998, 9.152373558000079], [-70.05393175899997, 9.129663968000102], [-70.07053634499994, 9.110913445000051], [-70.09921243899998, 9.090734813000097], [-70.10876681799988, 9.087076683000078], [-70.1379180159999, 9.084708465000062], [-70.15743980399992, 9.079890244000126], [-70.16036091399985, 9.077708181000162], [-70.16059188099996, 9.069648001000076], [-70.16584309699994, 9.069283955000174], [-70.18012464499998, 9.060994689000154], [-70.20209451599993, 9.052779385000065], [-70.19021797999994, 9.044106249000095], [-70.18658379599998, 9.038338135000117], [-70.18857577599994, 9.018707671000016], [-70.1787732709999, 9.002084343000035], [-70.17849821299995, 8.994078160000072], [-70.16902475699993, 8.982715955000117], [-70.15374707899991, 8.974153841000089], [-70.14487069899991, 8.97273084700015], [-70.13418926099996, 8.975139960999968], [-70.12718794299991, 8.969056865000084], [-70.12102657999998, 8.950485469], [-70.10974907999997, 8.944676399000059], [-70.10415385899995, 8.947039485000175], [-70.10165973299996, 8.94295340500014], [-70.0918142999999, 8.939072367], [-70.0852490229999, 8.93957541400016], [-70.07963477399989, 8.935396345000129], [-70.07443255999988, 8.937484419999976], [-70.06937234299988, 8.93454437700018], [-70.06930532099994, 8.93121630700017], [-70.06590916599998, 8.928621269000189], [-70.05980591499997, 8.929813325000055], [-70.05590372099988, 8.92448622500018], [-70.04973344599995, 8.92200519700009], [-70.04620921999998, 8.90611885800007], [-70.04780826499984, 8.901872748000073], [-70.04409306299993, 8.893561574000046], [-70.03485065799993, 8.88967853500003], [-70.03411956599984, 8.880082316000141], [-70.02391208799992, 8.870575158000065], [-70.02306401599992, 8.86272398400007], [-70.01389360599995, 8.856659890000174], [-70.0138995669999, 8.850323743000047], [-70.00399310099993, 8.841733609000187], [-70.00383507399982, 8.836867497000071], [-70.0019189809999, 8.835305472000073], [-70.00210101599998, 8.838519545000167], [-69.99886383199998, 8.829519358000027], [-69.9848392259999, 8.826665366000157], [-69.97955402699995, 8.83021047], [-69.98337018899997, 8.830608464000079], [-69.98130511599999, 8.833219531000054], [-69.97024087299997, 8.822364337000181], [-69.96510342999994, 8.83153157099997], [-69.95985420899996, 8.831565608000062], [-69.95818709799994, 8.824999468000158], [-69.95145178699994, 8.819729381000116], [-69.9551059069999, 8.812005187000125], [-69.94616651399997, 8.809368173999985], [-69.94539446299984, 8.804984075999982], [-69.93799012399995, 8.799574987000028], [-69.93355093899999, 8.799862021000138], [-69.92884176899992, 8.804830151000147], [-69.92482059999992, 8.804362163000121], [-69.92488456899997, 8.798649042000022], [-69.93022778599993, 8.797720990000187], [-69.93268987099998, 8.794146895000097], [-69.93166280399993, 8.789945806000048], [-69.91052788799993, 8.784295789000055], [-69.90416056699996, 8.773151566000138], [-69.89653723799984, 8.771366558000068], [-69.89074301699992, 8.776055698999983], [-69.89168210899993, 8.786016927000162], [-69.88675191399994, 8.787793984000189], [-69.88358773499988, 8.77970882400001], [-69.88974794799992, 8.769284553000034], [-69.88779683799999, 8.765172466000024], [-69.88483971499983, 8.764614470000083], [-69.87996454399996, 8.770865643000093], [-69.87263124099991, 8.772407709000163], [-69.87404825499982, 8.763370496000164], [-69.87179313999991, 8.760290438000027], [-69.86615689799999, 8.758853435999981], [-69.85861459399996, 8.760921527000107], [-69.85384637199996, 8.755769434000058], [-69.84948420899997, 8.760898575], [-69.84780309599995, 8.751899373000072], [-69.8384472159999, 8.7521603940001], [-69.866753, 8.903387000000123], [-69.907088, 8.994191], [-69.994918, 9.175746000000174]]]}}, {"type": "Feature", "properties": {"parroquia": "Antolín Tovar Aquino", "municipio": "San Genaro de Boconoito", "estado": "Portuguesa", "pcode": "VE181002", "estado_pcode": "VE18", "municipio_pcode": "VE1810", "center_lat": 8.807653, "center_lon": -69.74424327, "area_sqkm": 376.69848362}, "geometry": {"type": "Polygon", "coordinates": [[[-69.690043, 8.876161], [-69.695484, 8.877560000000187], [-69.69805799999983, 8.869651], [-69.700927, 8.869063], [-69.699248, 8.879086000000143], [-69.705918, 8.882341000000167], [-69.709091, 8.880974], [-69.709625, 8.874321], [-69.71384, 8.872589], [-69.716567, 8.87927500000012], [-69.711029, 8.882218], [-69.708629, 8.887214], [-69.72663399999988, 8.896192], [-69.72629599999988, 8.900115000000142], [-69.719095, 8.908905000000175], [-69.72633899999988, 8.907205], [-69.823205, 8.860731], [-69.830747, 8.863639000000148], [-69.842121, 8.88380300000017], [-69.866753, 8.903387000000123], [-69.8384472159999, 8.7521603940001], [-69.82469507799988, 8.742935284999987], [-69.80930046399999, 8.74945551400009], [-69.80530330099998, 8.749009533000049], [-69.80141410599998, 8.744110437000074], [-69.79229970699993, 8.73935837900018], [-69.78087223199998, 8.74182849000016], [-69.77038577999997, 8.739435488000083], [-69.76208646699996, 8.746134691000066], [-69.76094141299995, 8.74333262700003], [-69.76455951499992, 8.733544391000123], [-69.75968630299997, 8.732337387000086], [-69.75190312799998, 8.734677866000027], [-69.74306360499992, 8.7332304950001], [-69.73757832599995, 8.722452271000066], [-69.73294511299991, 8.719066222000095], [-69.72224668099994, 8.724220394000042], [-69.71972152399991, 8.713176157000078], [-69.71658438799989, 8.711583131000111], [-69.70896408099998, 8.715691271000026], [-69.69312387699995, 8.708134681000047], [-69.68902121199994, 8.708334197000056], [-69.68527808199997, 8.714219360000186], [-69.67571470499996, 8.718596499000057], [-69.66699727899999, 8.7075772930001], [-69.66147704599985, 8.70643630000012], [-69.6586599549999, 8.711613432000036], [-69.66475025399996, 8.720833614000128], [-69.65954804099994, 8.721093644000177], [-69.65769493599998, 8.716222539000114], [-69.65259870799986, 8.71297150200013], [-69.65014766399992, 8.72498777900006], [-69.63714316399995, 8.734515068000064], [-69.6342070149999, 8.728746951000062], [-69.62038946099983, 8.733154125], [-69.6102580129999, 8.729060078000089], [-69.59908454599992, 8.73108818300011], [-69.58072075599989, 8.727884208000148], [-69.57393107799999, 8.719780129000128], [-69.573551, 8.724187000000143], [-69.569141, 8.728371], [-69.575812, 8.742093], [-69.583888, 8.734203], [-69.59318, 8.734555], [-69.597137, 8.739295], [-69.606614, 8.739395], [-69.613257, 8.742996000000119], [-69.62422, 8.741632], [-69.624334, 8.747851], [-69.634472, 8.756144000000177], [-69.632773, 8.764974000000166], [-69.6427159999999, 8.77046600000017], [-69.644243, 8.77602400000012], [-69.638705, 8.779288], [-69.64001499999989, 8.787163], [-69.64223, 8.788225000000125], [-69.641894, 8.785356], [-69.649843, 8.77450400000015], [-69.6482, 8.778212000000167], [-69.657306, 8.787424000000158], [-69.66003099999983, 8.794339], [-69.646194, 8.791267000000119], [-69.650453, 8.795938], [-69.63977, 8.808365000000151], [-69.645738, 8.813364], [-69.645944, 8.819835], [-69.6508869999999, 8.821021000000144], [-69.64913499999989, 8.825651], [-69.641654, 8.828977000000123], [-69.64222199999989, 8.831733], [-69.643996, 8.83320700000013], [-69.651152, 8.830338], [-69.6632489999999, 8.841229], [-69.677393, 8.843246], [-69.678391, 8.848137000000179], [-69.67105, 8.85089100000016], [-69.66937499999989, 8.859790000000146], [-69.67561399999988, 8.860910000000104], [-69.6774539999999, 8.851484], [-69.682585, 8.852004], [-69.678185, 8.859815], [-69.682079, 8.857464000000107], [-69.689697, 8.860608000000184], [-69.68959, 8.864486], [-69.684801, 8.865183000000172], [-69.682429, 8.86861800000014], [-69.684387, 8.870758000000137], [-69.68926, 8.866183], [-69.694088, 8.867506000000162], [-69.690043, 8.876161]]]}}, {"type": "Feature", "properties": {"parroquia": "Capital San Rafael de Onoto", "municipio": "San Rafael de Onoto", "estado": "Portuguesa", "pcode": "VE181101", "estado_pcode": "VE18", "municipio_pcode": "VE1811", "center_lat": 9.70289171, "center_lon": -69.02714699, "area_sqkm": 128.75510214}, "geometry": {"type": "Polygon", "coordinates": [[[-68.94612552799987, 9.649176255000043], [-68.95201129899993, 9.66085174799997], [-68.96146272699991, 9.666699834000156], [-68.95997868599989, 9.669092904000081], [-68.96419187199996, 9.670174906000113], [-68.96150276899994, 9.673095993000118], [-68.96638798399994, 9.673741981000092], [-68.96248587999986, 9.684945286000072], [-68.96537602199999, 9.689156363000052], [-68.96277594699995, 9.69511452900008], [-68.96556115699991, 9.710829902], [-68.97002836099989, 9.713062930000035], [-68.96960737299997, 9.717112031000113], [-68.9716214639999, 9.718125046000182], [-68.97027441299991, 9.721023125000102], [-68.97564963899993, 9.719092048000107], [-68.97502957799998, 9.714536936000115], [-68.9781547199999, 9.715296930000136], [-68.98143789099998, 9.720819051999968], [-68.98692712199994, 9.720222009000054], [-68.98546408399994, 9.724501117999978], [-68.98765821299992, 9.730783257000098], [-68.98299804099997, 9.73492339000012], [-68.98098594199996, 9.732760343000109], [-68.97991791199996, 9.73519841700005], [-68.98276404099983, 9.737477454000043], [-68.98352211799994, 9.744241613000042], [-68.97994998999997, 9.748749743000019], [-68.98612331399994, 9.76020899700012], [-68.98408324399998, 9.76138203100004], [-68.98482129499996, 9.765086122000184], [-68.97873002799992, 9.763750124000126], [-68.97650494099992, 9.765867183000069], [-68.9780010639999, 9.775231412999972], [-68.98417918699994, 9.778245550000065], [-68.98609537999994, 9.770099236000021], [-68.99085955799995, 9.766101112000115], [-69.01504454799988, 9.75933380700019], [-69.03165320199997, 9.751755520000131], [-69.04179959599998, 9.744105278000063], [-69.05242203399996, 9.742069173000061], [-69.05576313299991, 9.734476961000041], [-69.05573504899996, 9.720473626000171], [-69.06405535499988, 9.712003370000104], [-69.08911340499992, 9.710732197000027], [-69.09361877499992, 9.706884068000022], [-69.02548, 9.628885], [-69.025127, 9.63165800000013], [-69.020282, 9.63154], [-69.020875, 9.633458], [-69.0160709999999, 9.632633000000169], [-69.017914, 9.63613700000019], [-69.015576, 9.638680000000136], [-69.012934, 9.637435000000153], [-69.007514, 9.640260000000126], [-69.00515599999989, 9.638372], [-69.005116, 9.643275000000187], [-69.008917, 9.6448630000001], [-68.989243, 9.656228], [-68.97115799999983, 9.648487000000102], [-68.94612552799987, 9.649176255000043]]]}}, {"type": "Feature", "properties": {"parroquia": "Santa Fe", "municipio": "San Rafael de Onoto", "estado": "Portuguesa", "pcode": "VE181102", "estado_pcode": "VE18", "municipio_pcode": "VE1811", "center_lat": 9.58726406, "center_lon": -68.95319819, "area_sqkm": 49.65405819}, "geometry": {"type": "Polygon", "coordinates": [[[-68.90988403699998, 9.57022647600013], [-68.92323970799998, 9.598134377000065], [-68.92342377699993, 9.607422599000131], [-68.92599690599991, 9.610315666000133], [-68.92210177299995, 9.616560838000169], [-68.92795502799993, 9.617915830000186], [-68.92397986899994, 9.619447890000117], [-68.9344878679999, 9.625055402999976], [-68.994337, 9.597374000000173], [-68.987628, 9.588230000000124], [-68.997106, 9.57426], [-68.990048, 9.565608000000111], [-68.965478, 9.548274000000106], [-68.958305, 9.55078], [-68.90988403699998, 9.57022647600013]]]}}, {"type": "Feature", "properties": {"parroquia": "Thermo Morles", "municipio": "San Rafael de Onoto", "estado": "Portuguesa", "pcode": "VE181103", "estado_pcode": "VE18", "municipio_pcode": "VE1811", "center_lat": 9.626285, "center_lon": -68.98101358, "area_sqkm": 40.95779246}, "geometry": {"type": "Polygon", "coordinates": [[[-68.94612552799987, 9.649176255000043], [-68.97115799999983, 9.648487000000102], [-68.989243, 9.656228], [-69.008917, 9.6448630000001], [-69.005116, 9.643275000000187], [-69.00515599999989, 9.638372], [-69.007514, 9.640260000000126], [-69.012934, 9.637435000000153], [-69.015576, 9.638680000000136], [-69.017914, 9.63613700000019], [-69.0160709999999, 9.632633000000169], [-69.020875, 9.633458], [-69.020282, 9.63154], [-69.025127, 9.63165800000013], [-69.02548, 9.628885], [-69.03197299999988, 9.618676], [-69.029627, 9.61561200000017], [-69.022083, 9.610458], [-69.002236, 9.607404000000145], [-68.994337, 9.597374000000173], [-68.9344878679999, 9.625055402999976], [-68.93338132399992, 9.629702092000173], [-68.93871957599993, 9.634777182000107], [-68.93681851299993, 9.63784227300016], [-68.94119770099996, 9.638105255000085], [-68.93798558299994, 9.639782312000023], [-68.94222577899995, 9.643009364000022], [-68.94403390399998, 9.652194579000025], [-68.94612552799987, 9.649176255000043]]]}}, {"type": "Feature", "properties": {"parroquia": "Capital Santa Rosalía", "municipio": "Santa Rosalía", "estado": "Portuguesa", "pcode": "VE181201", "estado_pcode": "VE18", "municipio_pcode": "VE1812", "center_lat": 9.113332, "center_lon": -68.99263126, "area_sqkm": 411.18897357}, "geometry": {"type": "Polygon", "coordinates": [[[-68.994434, 9.157144], [-69.029049, 9.172296000000188], [-69.036345, 9.17868], [-69.0389, 9.186305], [-69.051817, 9.197326000000146], [-69.111257, 9.22979], [-69.10673, 9.22453800000011], [-69.107462, 9.213864000000171], [-69.10385799999989, 9.210440000000176], [-69.10493899999989, 9.204431], [-69.10311, 9.200061000000119], [-69.104598, 9.194208], [-69.101688, 9.192070000000115], [-69.104217, 9.185599], [-69.101432, 9.17639], [-69.103798, 9.170906000000116], [-69.099906, 9.160019], [-69.10215199999988, 9.157611], [-69.095898, 9.149890000000141], [-69.091513, 9.127961], [-69.091473, 9.123438000000135], [-69.098959, 9.11031400000013], [-69.09264, 9.099333000000172], [-69.077416, 9.093462], [-69.068815, 9.079219], [-69.07393, 9.074793], [-69.077925, 9.077691], [-69.08469899999989, 9.076481000000115], [-69.089821, 9.06647700000019], [-69.091461, 9.051166], [-69.08929099999989, 9.049212], [-69.09318899999982, 9.038449000000185], [-69.09122, 9.025521], [-69.084895, 9.020463], [-69.086262, 9.018169000000114], [-69.081461, 9.013343000000134], [-69.075986, 8.9966], [-68.94364399999989, 9.019725000000108], [-68.882325, 9.012757], [-68.88932299999988, 9.160511000000156], [-68.994434, 9.157144]]]}}, {"type": "Feature", "properties": {"parroquia": "Florida", "municipio": "Santa Rosalía", "estado": "Portuguesa", "pcode": "VE181202", "estado_pcode": "VE18", "municipio_pcode": "VE1812", "center_lat": 8.956034, "center_lon": -68.83930335, "area_sqkm": 783.41671795}, "geometry": {"type": "Polygon", "coordinates": [[[-68.66363369999993, 8.984509585000012], [-68.66917199999989, 8.982741000000146], [-68.678503, 8.992985], [-68.680333, 8.99555800000013], [-68.679024, 9.002607], [-68.689975, 9.006064], [-68.69478299999986, 9.005136], [-68.71317, 9.015698000000157], [-68.72005899999988, 9.01438800000011], [-68.724906, 9.018759000000102], [-68.72844, 9.024217000000135], [-68.72748, 9.0355330000001], [-68.741021, 9.048055], [-68.738824, 9.058072], [-68.744292, 9.071499], [-68.752421, 9.081352], [-68.758407, 9.083053000000177], [-68.76068, 9.086684], [-68.763314, 9.086023], [-68.762766, 9.090271], [-68.80977199999984, 9.057496000000128], [-68.879362, 9.012414], [-68.882325, 9.012757], [-68.94364399999989, 9.019725000000108], [-69.075986, 8.9966], [-69.077598, 8.988421], [-69.0690039999999, 8.976327], [-69.065008, 8.973821], [-69.05279299999984, 8.974847000000182], [-69.05074999999988, 8.971506000000147], [-69.04557, 8.970099], [-69.038101, 8.971506000000147], [-69.037026, 8.96801100000016], [-69.034057, 8.967440000000124], [-69.035294, 8.963907], [-69.027705, 8.96221700000018], [-69.0316509999999, 8.954739000000131], [-69.02742499999982, 8.955037000000118], [-69.026282, 8.951612], [-69.023466, 8.953265], [-69.0249409999999, 8.950188], [-69.021088, 8.95211], [-69.019738, 8.947403000000179], [-69.023827, 8.945707], [-69.023246, 8.943626000000108], [-69.020084, 8.944667], [-69.018267, 8.941401], [-69.02359899999988, 8.936165], [-69.020003, 8.931721], [-69.009269, 8.934412000000123], [-69.010079, 8.942816], [-69.00298499999985, 8.941527000000178], [-69.00044, 8.934055000000114], [-68.989315, 8.935321], [-68.986501, 8.932332], [-68.983523, 8.940682], [-68.97846, 8.940581], [-68.977253, 8.943012000000124], [-68.97483299999988, 8.939151], [-68.977449, 8.927267000000143], [-68.9682069999999, 8.92426600000016], [-68.957149, 8.927069], [-68.960478, 8.916723000000104], [-68.95699799999983, 8.911759], [-68.96128, 8.909678], [-68.958116, 8.90815700000013], [-68.955844, 8.911022], [-68.94774, 8.90605], [-68.945651, 8.909833], [-68.945064, 8.903222], [-68.947995, 8.8955610000001], [-68.945323, 8.891149], [-68.938796, 8.884618000000103], [-68.92408, 8.880115], [-68.92160299999989, 8.871664000000123], [-68.92564499999986, 8.863224], [-68.916913, 8.860728000000165], [-68.919464, 8.867137000000184], [-68.915509, 8.867726], [-68.915315, 8.871514000000161], [-68.908881, 8.874646], [-68.907414, 8.869479000000183], [-68.91009, 8.861725], [-68.903896, 8.861277], [-68.8900809999999, 8.877294000000177], [-68.88161699999989, 8.868807000000174], [-68.87229799999989, 8.870074], [-68.873925, 8.866313], [-68.867781, 8.864579000000106], [-68.866677, 8.862052], [-68.868722, 8.857923], [-68.8737119999999, 8.858989000000122], [-68.87266199999988, 8.853685], [-68.86170999999985, 8.851276], [-68.857935, 8.854412], [-68.853324, 8.849674000000164], [-68.848647, 8.85239600000017], [-68.846249, 8.85037100000011], [-68.84501399999988, 8.84486], [-68.84950699999985, 8.832291], [-68.843442, 8.835629], [-68.83722399999988, 8.835639000000128], [-68.831756, 8.840746], [-68.829062, 8.836677], [-68.834535, 8.82978], [-68.830835, 8.830622000000119], [-68.82754, 8.826483000000167], [-68.81917, 8.827268000000117], [-68.817829, 8.83624], [-68.809391, 8.837001], [-68.806551, 8.844592000000148], [-68.797606, 8.844252], [-68.795646, 8.842181000000153], [-68.793956, 8.843142], [-68.796095, 8.847118], [-68.79382399999986, 8.84927000000016], [-68.78957999999989, 8.845771000000184], [-68.791693, 8.850872], [-68.789074, 8.853781], [-68.786797, 8.849300000000142], [-68.783988, 8.85393], [-68.777067, 8.849048], [-68.773365, 8.841488], [-68.766038, 8.849619], [-68.764081, 8.84686], [-68.756018, 8.845441], [-68.75988699999988, 8.850752], [-68.75841799999984, 8.85511], [-68.751947, 8.85475], [-68.747531, 8.846431], [-68.74171399999983, 8.851834], [-68.73763699999989, 8.846981], [-68.73387, 8.862992], [-68.7294409999999, 8.859745], [-68.72651, 8.849892], [-68.72431499999988, 8.849381000000108], [-68.71622699999983, 8.848627], [-68.714737, 8.86049], [-68.711402, 8.862386000000186], [-68.703842, 8.863056], [-68.70212, 8.858943], [-68.696524, 8.859205], [-68.694425, 8.865788000000123], [-68.688124, 8.862603], [-68.68949399999985, 8.86044900000013], [-68.685816, 8.853531], [-68.68065899999988, 8.854413], [-68.67794, 8.851055], [-68.67340899999982, 8.851135000000113], [-68.676055, 8.855297], [-68.671775, 8.856525], [-68.675352, 8.866244], [-68.671892, 8.871353000000113], [-68.675886, 8.873108], [-68.675148, 8.880359000000112], [-68.67265, 8.880926000000159], [-68.66791399999988, 8.879766], [-68.67070599999988, 8.873806], [-68.668446, 8.87221600000015], [-68.664386, 8.876865], [-68.654118, 8.870733], [-68.653985, 8.876379000000156], [-68.6499, 8.874142000000177], [-68.650095, 8.863309000000186], [-68.653814, 8.856502], [-68.647486, 8.854855], [-68.641235, 8.857891], [-68.64076099999988, 8.861654], [-68.64771499999983, 8.862798000000168], [-68.64535099999989, 8.864949], [-68.636202, 8.863363], [-68.63413799999984, 8.865538], [-68.627218, 8.860447], [-68.621641, 8.862613000000124], [-68.622457, 8.867618], [-68.620631, 8.867705000000115], [-68.6208, 8.857997000000125], [-68.62443, 8.857915000000105], [-68.62044999999989, 8.851661], [-68.62251899999984, 8.84808500000014], [-68.62006999999988, 8.847551], [-68.619758, 8.843786], [-68.617001, 8.84589], [-68.616408, 8.843593000000112], [-68.620159, 8.841423000000134], [-68.620132, 8.835272000000145], [-68.61149299999988, 8.833549], [-68.601872, 8.842268], [-68.60077, 8.8399], [-68.604718, 8.834082], [-68.597998, 8.832181000000162], [-68.597798, 8.829816], [-68.592409, 8.830765], [-68.58928380099991, 8.828762416000131], [-68.58817823099992, 8.82279053200017], [-68.58602813899995, 8.822307527000078], [-68.58415812599992, 8.834159818000103], [-68.57329267999995, 8.83801596800015], [-68.56090012499988, 8.833071916000165], [-68.55574492699992, 8.838032058000067], [-68.55095972599986, 8.838535095], [-68.55438332499989, 8.841650905000051], [-68.56765247699991, 8.846398196000052], [-68.56784851199996, 8.851691322000136], [-68.57177167099985, 8.849337243000093], [-68.57336975399983, 8.852966320000064], [-68.5785019729999, 8.852257285000121], [-68.57575690199997, 8.860522487000082], [-68.57966507599997, 8.862315511000133], [-68.58001510699995, 8.86617360200006], [-68.58424427899996, 8.864521541000045], [-68.58723043199996, 8.869046636000064], [-68.58556938599997, 8.873638758000084], [-68.59151566499992, 8.878142824000065], [-68.59438077199985, 8.875686757000153], [-68.59815094199996, 8.877433781000093], [-68.59524385999993, 8.885491983000179], [-68.59949703899997, 8.884046922999971], [-68.60128013199994, 8.887814012000035], [-68.60444625699989, 8.885288930000172], [-68.60163016099995, 8.89121308100016], [-68.60406028599994, 8.894727153000133], [-68.60792245199997, 8.895280154000147], [-68.61072359299999, 8.899184234000018], [-68.61576279799993, 8.897166152000011], [-68.61782490799993, 8.902172257000075], [-68.61604685099996, 8.90481233200012], [-68.61930798899988, 8.906054349000101], [-68.61910401099988, 8.910462448999965], [-68.62167112099985, 8.91145146700012], [-68.62024007299993, 8.914481538000075], [-68.62218517299993, 8.917697604000068], [-68.62005909699997, 8.919372654000142], [-68.62168017299996, 8.921623707000151], [-68.61893107699996, 8.924607785000092], [-68.62143220899998, 8.929316884000116], [-68.62434733299995, 8.930534909000073], [-68.62747551299998, 8.937608056999977], [-68.63214771899999, 8.938988067000139], [-68.63032466199996, 8.943350175000091], [-68.63365882899996, 8.947944270000164], [-68.64679940799994, 8.953207328000076], [-68.65814094899997, 8.962900503000185], [-68.65458583599997, 8.969880679000028], [-68.65873004099996, 8.975002780000068], [-68.65679499099997, 8.98262597200005], [-68.65959612499995, 8.985244017000014], [-68.66363369999993, 8.984509585000012]]]}}, {"type": "Feature", "properties": {"parroquia": "Capital Sucre", "municipio": "Sucre", "estado": "Portuguesa", "pcode": "VE181301", "estado_pcode": "VE18", "municipio_pcode": "VE1813", "center_lat": 9.319462, "center_lon": -70.00311246, "area_sqkm": 102.82187577}, "geometry": {"type": "Polygon", "coordinates": [[[-69.978136, 9.360285000000147], [-70.006253, 9.386978], [-70.020043, 9.393379], [-70.03846459199997, 9.393705216000114], [-70.03604364899996, 9.377942714000085], [-70.0236819999999, 9.365582], [-70.021996, 9.35315], [-70.015662, 9.344685], [-70.02451, 9.342495], [-70.026647, 9.333936000000165], [-70.03608899999989, 9.317635], [-70.029504, 9.305978], [-70.03230599999989, 9.299679], [-70.016699, 9.28640700000011], [-70.0151479999999, 9.275397], [-70.021207, 9.260411000000147], [-70.020288, 9.251005000000134], [-70.017184, 9.245714], [-70.012857, 9.247451], [-70.00187, 9.259562], [-69.99889099999984, 9.245898000000182], [-69.99110199999984, 9.247782], [-69.985209, 9.245012], [-69.973894, 9.2503], [-69.95062399999989, 9.251725], [-69.944451, 9.256118], [-69.933887, 9.255178], [-69.931749, 9.252918000000136], [-69.929779, 9.268161000000134], [-69.950789, 9.289205000000152], [-69.957823, 9.307527000000164], [-69.970474, 9.318889], [-69.984412, 9.345627], [-69.978136, 9.360285000000147]]]}}, {"type": "Feature", "properties": {"parroquia": "Concepción", "municipio": "Sucre", "estado": "Portuguesa", "pcode": "VE181302", "estado_pcode": "VE18", "municipio_pcode": "VE1813", "center_lat": 9.234553, "center_lon": -70.05195623, "area_sqkm": 94.95037803}, "geometry": {"type": "Polygon", "coordinates": [[[-70.016699, 9.28640700000011], [-70.034778, 9.274109], [-70.036863, 9.284980000000132], [-70.043756, 9.292666000000168], [-70.051812, 9.295069], [-70.060775, 9.293108000000132], [-70.066851, 9.28806], [-70.077975, 9.287077000000124], [-70.082631, 9.291626], [-70.11252272599995, 9.30323221499998], [-70.11454136899994, 9.296558091000065], [-70.0916391859999, 9.281108285000187], [-70.08077772799999, 9.281424352000101], [-70.07761461699994, 9.285061447000032], [-70.07211838299997, 9.284623469000053], [-70.06761418299982, 9.282872454000028], [-70.06329897699999, 9.276623338000093], [-70.06226885199993, 9.263063024000019], [-70.06696297699995, 9.249183667000125], [-70.07065410499996, 9.245038555], [-70.0757723029999, 9.243757493999965], [-70.08318655299996, 9.232117179999989], [-70.09333293299989, 9.225123962000112], [-70.09697106399989, 9.219533813000055], [-70.09431589599996, 9.21093763000016], [-70.08750659599991, 9.206602568000108], [-70.07835521599998, 9.207646637000096], [-70.07281694999995, 9.202205548999984], [-70.06908376099989, 9.196320424000078], [-70.0686746699999, 9.181450091000102], [-70.06552152999996, 9.181324099000108], [-70.0636469239999, 9.176176778000126], [-70.060515, 9.174708000000123], [-70.05346, 9.177947], [-70.0511719999999, 9.173778], [-70.047028, 9.17478], [-70.045069, 9.171827000000121], [-70.04083299999985, 9.173196], [-70.038761, 9.170909], [-70.035228, 9.174088000000154], [-70.032027, 9.173411000000101], [-70.034952, 9.180286000000137], [-70.029101, 9.177668], [-70.023918, 9.179752000000178], [-70.02179699999988, 9.176661], [-70.018879, 9.177154000000144], [-70.018569, 9.169260000000179], [-70.0143149999999, 9.166268], [-69.994918, 9.175746000000174], [-70.001344, 9.181786], [-69.993004, 9.194015], [-69.99430699999988, 9.204412], [-69.996605, 9.206877], [-69.99398699999989, 9.213304], [-69.997446, 9.215224], [-69.996296, 9.220628], [-70.001818, 9.223217], [-70.004702, 9.219824000000187], [-70.00911, 9.219749], [-70.011705, 9.226111], [-70.015994, 9.226531], [-70.022237, 9.234243], [-70.017184, 9.245714], [-70.020288, 9.251005000000134], [-70.021207, 9.260411000000147], [-70.0151479999999, 9.275397], [-70.016699, 9.28640700000011]]]}}, {"type": "Feature", "properties": {"parroquia": "San Rafael de Palo Alzado", "municipio": "Sucre", "estado": "Portuguesa", "pcode": "VE181303", "estado_pcode": "VE18", "municipio_pcode": "VE1813", "center_lat": 9.3258315, "center_lon": -70.06501588, "area_sqkm": 59.14332048}, "geometry": {"type": "Polygon", "coordinates": [[[-70.016699, 9.28640700000011], [-70.03230599999989, 9.299679], [-70.029504, 9.305978], [-70.03608899999989, 9.317635], [-70.026647, 9.333936000000165], [-70.02451, 9.342495], [-70.015662, 9.344685], [-70.021996, 9.35315], [-70.0236819999999, 9.365582], [-70.03604364899996, 9.377942714000085], [-70.04033557999998, 9.376039796000043], [-70.05165118799994, 9.361662852000109], [-70.05841623999993, 9.360171314000183], [-70.07124272699991, 9.351179038000055], [-70.0753258439999, 9.342263806000176], [-70.0797830059999, 9.338560694000023], [-70.08533222199998, 9.33535658000011], [-70.09052754999993, 9.337311948000035], [-70.09171747699997, 9.332353479000062], [-70.10424390899993, 9.315999022000028], [-70.10397587299997, 9.311798933000034], [-70.11252272599995, 9.30323221499998], [-70.082631, 9.291626], [-70.077975, 9.287077000000124], [-70.066851, 9.28806], [-70.060775, 9.293108000000132], [-70.051812, 9.295069], [-70.043756, 9.292666000000168], [-70.036863, 9.284980000000132], [-70.034778, 9.274109], [-70.016699, 9.28640700000011]]]}}, {"type": "Feature", "properties": {"parroquia": "Uvencio Antonio Velásquez", "municipio": "Sucre", "estado": "Portuguesa", "pcode": "VE181304", "estado_pcode": "VE18", "municipio_pcode": "VE1813", "center_lat": 9.2257725, "center_lon": -69.93885656, "area_sqkm": 104.78187439}, "geometry": {"type": "Polygon", "coordinates": [[[-69.869219, 9.246405], [-69.869623, 9.249041000000148], [-69.873114, 9.247956000000102], [-69.879303, 9.251618], [-69.884184, 9.259714], [-69.889839, 9.262023000000113], [-69.898709, 9.280908], [-69.901252, 9.275826000000166], [-69.899879, 9.267276], [-69.903778, 9.266737], [-69.906029, 9.262816], [-69.915655, 9.264497], [-69.931749, 9.252918000000136], [-69.933887, 9.255178], [-69.944451, 9.256118], [-69.95062399999989, 9.251725], [-69.973894, 9.2503], [-69.985209, 9.245012], [-69.99110199999984, 9.247782], [-69.99889099999984, 9.245898000000182], [-70.00187, 9.259562], [-70.012857, 9.247451], [-70.017184, 9.245714], [-70.022237, 9.234243], [-70.015994, 9.226531], [-70.011705, 9.226111], [-70.00911, 9.219749], [-70.004702, 9.219824000000187], [-70.001818, 9.223217], [-69.996296, 9.220628], [-69.997446, 9.215224], [-69.99398699999989, 9.213304], [-69.996605, 9.206877], [-69.99430699999988, 9.204412], [-69.983883, 9.209116], [-69.968677, 9.199918], [-69.959348, 9.206914], [-69.953067, 9.203506], [-69.949629, 9.184734000000105], [-69.945894, 9.185365000000104], [-69.940312, 9.181305], [-69.926597, 9.184067000000141], [-69.923115, 9.187081000000148], [-69.9191469999999, 9.185074000000157], [-69.91272199999986, 9.187104], [-69.911746, 9.183922], [-69.909401, 9.185136000000114], [-69.90655599999985, 9.182109000000139], [-69.903247, 9.183974], [-69.895292, 9.170225], [-69.894247, 9.182821000000104], [-69.885244, 9.185066], [-69.884989, 9.192437], [-69.88173099999989, 9.19663], [-69.876788, 9.19724900000017], [-69.872895, 9.203465], [-69.873316, 9.216366], [-69.87164799999982, 9.219634], [-69.86790799999989, 9.220454], [-69.865867, 9.227397], [-69.870515, 9.239612], [-69.869219, 9.246405]]]}}, {"type": "Feature", "properties": {"parroquia": "San José de Saguaz", "municipio": "Sucre", "estado": "Portuguesa", "pcode": "VE181305", "estado_pcode": "VE18", "municipio_pcode": "VE1813", "center_lat": 9.393138, "center_lon": -69.99611055, "area_sqkm": 27.64769308}, "geometry": {"type": "Polygon", "coordinates": [[[-69.970163, 9.386973000000125], [-69.97361299999989, 9.399148000000139], [-69.985335, 9.413124], [-70.00160099999988, 9.424037000000112], [-70.02503903099989, 9.426098608000189], [-70.02472318399998, 9.422579971000118], [-70.0349245729999, 9.415077742000108], [-70.03814166099994, 9.408246566000116], [-70.03846459199997, 9.393705216000114], [-70.020043, 9.393379], [-70.006253, 9.386978], [-69.978136, 9.360285000000147], [-69.977607, 9.37963], [-69.970163, 9.386973000000125]]]}}, {"type": "Feature", "properties": {"parroquia": "Villa Rosa", "municipio": "Sucre", "estado": "Portuguesa", "pcode": "VE181306", "estado_pcode": "VE18", "municipio_pcode": "VE1813", "center_lat": 9.321465, "center_lon": -69.94041274, "area_sqkm": 66.51572655}, "geometry": {"type": "Polygon", "coordinates": [[[-69.93532713299999, 9.356540579000068], [-69.940769, 9.360920000000135], [-69.948118, 9.375500000000159], [-69.96091599999988, 9.386780000000158], [-69.970163, 9.386973000000125], [-69.977607, 9.37963], [-69.978136, 9.360285000000147], [-69.984412, 9.345627], [-69.970474, 9.318889], [-69.957823, 9.307527000000164], [-69.950789, 9.289205000000152], [-69.929779, 9.268161000000134], [-69.931749, 9.252918000000136], [-69.915655, 9.264497], [-69.906029, 9.262816], [-69.903778, 9.266737], [-69.899879, 9.267276], [-69.901252, 9.275826000000166], [-69.898709, 9.280908], [-69.91010299999988, 9.322439000000145], [-69.915481, 9.32949], [-69.92009099999984, 9.330128], [-69.931832, 9.341531], [-69.93532713299999, 9.356540579000068]]]}}, {"type": "Feature", "properties": {"parroquia": "Capital Turén", "municipio": "Turen", "estado": "Portuguesa", "pcode": "VE181401", "estado_pcode": "VE18", "municipio_pcode": "VE1814", "center_lat": 9.1878735, "center_lon": -68.89056995, "area_sqkm": 897.31479594}, "geometry": {"type": "Polygon", "coordinates": [[[-69.044117, 9.395231], [-69.16166, 9.343317], [-69.160059, 9.332665000000134], [-69.148455, 9.3263740000001], [-69.151744, 9.321993], [-69.14650199999988, 9.316317], [-69.148072, 9.299559000000102], [-69.146068, 9.293703000000164], [-69.137839, 9.289310000000114], [-69.134855, 9.289996], [-69.132239, 9.285614], [-69.040923, 9.282571000000132], [-69.036572, 9.28447100000011], [-69.03243199999986, 9.270185], [-69.028039, 9.269284000000141], [-69.014511, 9.254941], [-69.0080329999999, 9.256953], [-69.002458, 9.252592000000163], [-68.99844599999989, 9.242645000000152], [-68.997291, 9.221232000000157], [-69.001169, 9.218266], [-69.00167, 9.211687000000154], [-68.99948999999987, 9.212442000000124], [-69.00098, 9.197573000000148], [-68.99545299999988, 9.182540000000131], [-68.994434, 9.157144], [-68.88932299999988, 9.160511000000156], [-68.882325, 9.012757], [-68.879362, 9.012414], [-68.80977199999984, 9.057496000000128], [-68.762766, 9.090271], [-68.763314, 9.086023], [-68.76068, 9.086684], [-68.758407, 9.083053000000177], [-68.752421, 9.081352], [-68.744292, 9.071499], [-68.738824, 9.058072], [-68.741021, 9.048055], [-68.72748, 9.0355330000001], [-68.72844, 9.024217000000135], [-68.724906, 9.018759000000102], [-68.72005899999988, 9.01438800000011], [-68.71317, 9.015698000000157], [-68.69478299999986, 9.005136], [-68.689975, 9.006064], [-68.679024, 9.002607], [-68.680333, 8.99555800000013], [-68.678503, 8.992985], [-68.66917199999989, 8.982741000000146], [-68.66363369999993, 8.984509585000012], [-68.62856405299988, 9.219530803000168], [-68.63274422999996, 9.217736742000113], [-68.63336529199995, 9.223856882000064], [-68.63543035299989, 9.22097580400009], [-68.63859650399996, 9.22336284000005], [-68.64131860899994, 9.221784788000036], [-68.64165760899994, 9.217102670000088], [-68.64507774099985, 9.216047635000109], [-68.64383170899987, 9.220046729000046], [-68.64795490399996, 9.223459793000188], [-68.64959300399994, 9.22920692200006], [-68.6543961939999, 9.226925845000096], [-68.65977645699991, 9.231247924], [-68.66256556299993, 9.229164849000085], [-68.66466260699991, 9.22096064200008], [-68.66684470099989, 9.22174865500017], [-68.66645371099997, 9.225490746000105], [-68.66930382399988, 9.225539735000154], [-68.66767334399998, 9.227494038000088], [-68.77724099999983, 9.159892], [-68.775405, 9.165055], [-68.767757, 9.169512], [-68.770438, 9.175014], [-68.76857699999982, 9.179498000000137], [-68.77491, 9.183082000000184], [-68.780067, 9.180951000000107], [-68.783602, 9.185555], [-68.790853, 9.213611000000185], [-68.788172, 9.222093000000143], [-68.78964999999982, 9.227645000000166], [-68.802667, 9.22838], [-68.815252, 9.238119], [-68.81769899999989, 9.24764], [-68.82929999999982, 9.248470000000168], [-68.830609, 9.252048000000116], [-68.835634, 9.251869], [-68.84167999999988, 9.261354], [-68.9119409999999, 9.256929000000184], [-68.91863699999982, 9.260891], [-68.940394, 9.287295], [-68.950887, 9.2910940000001], [-68.94979199999983, 9.295530000000156], [-68.963341, 9.301218], [-68.9643789999999, 9.305898], [-68.96033299999988, 9.307843], [-68.964979, 9.311246], [-68.969636, 9.329482], [-68.98032299999988, 9.329741000000183], [-68.997476, 9.343896], [-68.997475, 9.354673000000162], [-69.005026, 9.365807000000189], [-69.003799, 9.368296], [-69.006026, 9.371240000000114], [-69.019101, 9.37352], [-69.02859399999988, 9.388241], [-69.044117, 9.395231]]]}}, {"type": "Feature", "properties": {"parroquia": "Canelones", "municipio": "Turen", "estado": "Portuguesa", "pcode": "VE181402", "estado_pcode": "VE18", "municipio_pcode": "VE1814", "center_lat": 9.403269, "center_lon": -69.10660537, "area_sqkm": 142.18357865}, "geometry": {"type": "Polygon", "coordinates": [[[-69.193307, 9.431465000000117], [-69.18270499999988, 9.410518000000138], [-69.178264, 9.409772], [-69.17153999999988, 9.402070000000151], [-69.175387, 9.383854], [-69.17153, 9.37399900000014], [-69.1714209999999, 9.364826], [-69.1610859999999, 9.358458000000155], [-69.16166, 9.343317], [-69.044117, 9.395231], [-69.027004, 9.437061], [-69.034678, 9.439759000000151], [-69.033128, 9.444586], [-69.038454, 9.44613100000015], [-69.039611, 9.45662700000014], [-69.055668, 9.459586000000172], [-69.076779, 9.462118], [-69.082644, 9.459438], [-69.091394, 9.460114], [-69.119289, 9.451334], [-69.193307, 9.431465000000117]]]}}, {"type": "Feature", "properties": {"parroquia": "Santa Cruz", "municipio": "Turen", "estado": "Portuguesa", "pcode": "VE181403", "estado_pcode": "VE18", "municipio_pcode": "VE1814", "center_lat": 9.29873999, "center_lon": -68.86046845, "area_sqkm": 361.07968606}, "geometry": {"type": "Polygon", "coordinates": [[[-68.82625017499998, 9.355891854000106], [-68.8510189999999, 9.355192000000102], [-68.8570079999999, 9.346330000000137], [-68.860404, 9.346127], [-68.866263, 9.352181], [-68.886139, 9.353265], [-68.909878, 9.363225], [-68.91939899999988, 9.361132], [-68.924551, 9.36249], [-68.938679, 9.380027], [-68.960111, 9.397104000000127], [-69.003772, 9.399826], [-69.010933, 9.41722300000015], [-69.019133, 9.427143], [-69.019865, 9.433369], [-69.027004, 9.437061], [-69.044117, 9.395231], [-69.02859399999988, 9.388241], [-69.019101, 9.37352], [-69.006026, 9.371240000000114], [-69.003799, 9.368296], [-69.005026, 9.365807000000189], [-68.997475, 9.354673000000162], [-68.997476, 9.343896], [-68.98032299999988, 9.329741000000183], [-68.969636, 9.329482], [-68.964979, 9.311246], [-68.96033299999988, 9.307843], [-68.9643789999999, 9.305898], [-68.963341, 9.301218], [-68.94979199999983, 9.295530000000156], [-68.950887, 9.2910940000001], [-68.940394, 9.287295], [-68.91863699999982, 9.260891], [-68.9119409999999, 9.256929000000184], [-68.84167999999988, 9.261354], [-68.835634, 9.251869], [-68.830609, 9.252048000000116], [-68.82929999999982, 9.248470000000168], [-68.81769899999989, 9.24764], [-68.815252, 9.238119], [-68.802667, 9.22838], [-68.78964999999982, 9.227645000000166], [-68.788172, 9.222093000000143], [-68.790853, 9.213611000000185], [-68.783602, 9.185555], [-68.780067, 9.180951000000107], [-68.77491, 9.183082000000184], [-68.76857699999982, 9.179498000000137], [-68.770438, 9.175014], [-68.767757, 9.169512], [-68.775405, 9.165055], [-68.77724099999983, 9.159892], [-68.66767334399998, 9.227494038000088], [-68.66815580599985, 9.230364849000068], [-68.67292700799999, 9.230217824000079], [-68.67809924799991, 9.234517897000103], [-68.68304045299993, 9.232258813999977], [-68.69335993199996, 9.24035396100004], [-68.69539705199986, 9.246786103000034], [-68.69857619099992, 9.24763610000008], [-68.70580755699996, 9.257908311000108], [-68.70758763599997, 9.25743728800012], [-68.7036234279999, 9.250491147000162], [-68.70511147699995, 9.248003074000053], [-68.70879364999996, 9.25112013000006], [-68.71241879699994, 9.249375076000092], [-68.71341685399995, 9.25292315400003], [-68.72091516499995, 9.251816088999988], [-68.72771649299995, 9.257044178000115], [-68.7285405579999, 9.262200295000127], [-68.73860096499993, 9.259835183], [-68.7414410959999, 9.26174220900009], [-68.74325616899989, 9.259550157000092], [-68.74759937399989, 9.264429248000113], [-68.74771939899995, 9.268121339000118], [-68.76086297199998, 9.269336293000094], [-68.76058997799993, 9.273191386000121], [-68.76528717099995, 9.272378348000188], [-68.7679663159999, 9.27761245500011], [-68.76912533499996, 9.271364297000048], [-68.77207147899992, 9.275014369000075], [-68.77883376299997, 9.274667320000049], [-68.77873376699989, 9.276847383000018], [-68.7742245899999, 9.278049436000117], [-68.77656568599991, 9.27819342000015], [-68.77894782399994, 9.283980550000024], [-68.76426224299996, 9.294040876000054], [-68.76574032699995, 9.296553919000075], [-68.76099113899994, 9.299868028999981], [-68.7634533019999, 9.31021927100005], [-68.77029157599992, 9.307556166999973], [-68.76882153899999, 9.312544295000066], [-68.77295074299997, 9.316300363000153], [-68.77857097399993, 9.314975297000103], [-68.77858500299993, 9.320090420000156], [-68.78158810099995, 9.315619298000058], [-68.78201215699988, 9.322933473000091], [-68.78875046399992, 9.325523494000095], [-68.78616739899996, 9.332700690000081], [-68.78882752899989, 9.336009747000048], [-68.79516379599994, 9.337117742000146], [-68.79582881499994, 9.33505369300019], [-68.79852296399997, 9.339833791999979], [-68.79647386699997, 9.338299766999967], [-68.79629086999995, 9.34091883300016], [-68.8017251099999, 9.341858820000027], [-68.8005270679999, 9.344032881999965], [-68.80271215599993, 9.342969847000063], [-68.80299118199991, 9.345753909000166], [-68.81236558399985, 9.346356877000176], [-68.82625017499998, 9.355891854000106]]]}}, {"type": "Feature", "properties": {"parroquia": "San Isidro Labrador", "municipio": "Turen", "estado": "Portuguesa", "pcode": "VE181404", "estado_pcode": "VE18", "municipio_pcode": "VE1814", "center_lat": 9.2220915, "center_lon": -69.04674658, "area_sqkm": 121.91444355}, "geometry": {"type": "Polygon", "coordinates": [[[-69.132239, 9.285614], [-69.131421, 9.280672], [-69.125441, 9.273687000000109], [-69.132231, 9.262537], [-69.133377, 9.252964], [-69.124988, 9.248502000000144], [-69.111257, 9.22979], [-69.051817, 9.197326000000146], [-69.0389, 9.186305], [-69.036345, 9.17868], [-69.029049, 9.172296000000188], [-68.994434, 9.157144], [-68.99545299999988, 9.182540000000131], [-69.00098, 9.197573000000148], [-68.99948999999987, 9.212442000000124], [-69.00167, 9.211687000000154], [-69.001169, 9.218266], [-68.997291, 9.221232000000157], [-68.99844599999989, 9.242645000000152], [-69.002458, 9.252592000000163], [-69.0080329999999, 9.256953], [-69.014511, 9.254941], [-69.028039, 9.269284000000141], [-69.03243199999986, 9.270185], [-69.036572, 9.28447100000011], [-69.040923, 9.282571000000132], [-69.132239, 9.285614]]]}}, {"type": "Feature", "properties": {"parroquia": "Divina Pastora", "municipio": "Guanarito", "estado": "Portuguesa", "pcode": "VE180503", "estado_pcode": "VE18", "municipio_pcode": "VE1805", "center_lat": 8.67881891, "center_lon": -69.40047213, "area_sqkm": 150.31070857}, "geometry": {"type": "Polygon", "coordinates": [[[-69.28361599999988, 8.729280000000188], [-69.287552, 8.725321000000179], [-69.293826, 8.730849000000148], [-69.297213, 8.72399600000017], [-69.30102199999988, 8.725546000000122], [-69.303762, 8.717911], [-69.30639799999989, 8.71723], [-69.30586199999988, 8.71957], [-69.31605699999989, 8.729332], [-69.31884599999984, 8.720527000000175], [-69.322949, 8.725313], [-69.33971299999985, 8.731353000000126], [-69.346831, 8.730639], [-69.351782, 8.726637], [-69.35741499999989, 8.716715], [-69.370434, 8.723362], [-69.375131, 8.719290000000171], [-69.374425, 8.713252], [-69.378566, 8.709958], [-69.378317, 8.706789000000185], [-69.3705819999999, 8.704013], [-69.376837, 8.693748000000141], [-69.380306, 8.691807], [-69.386671, 8.698803], [-69.388438, 8.692083], [-69.403254, 8.687419000000148], [-69.414083, 8.691488], [-69.417738, 8.68853700000011], [-69.42022299999985, 8.680534000000137], [-69.42538499999989, 8.688305], [-69.43233899999984, 8.68862200000018], [-69.43995, 8.682262], [-69.447115, 8.694744000000128], [-69.456683, 8.693186], [-69.461656, 8.689205000000129], [-69.4699609999999, 8.69726], [-69.47953199999989, 8.692900000000122], [-69.484218, 8.695598], [-69.487419, 8.686493], [-69.499071, 8.679912], [-69.4977439999999, 8.687414], [-69.508094, 8.679421], [-69.50698299999988, 8.690546], [-69.518289, 8.684321000000125], [-69.519667, 8.686437], [-69.517202, 8.689779], [-69.52265212299994, 8.69007563700012], [-69.52476817699988, 8.683072474000028], [-69.51419769299997, 8.676341369000056], [-69.50141012699999, 8.671534330000156], [-69.49750497399992, 8.672643372000095], [-69.48771453099988, 8.667386295000028], [-69.45007696399995, 8.66981755200004], [-69.42775599699996, 8.664948550000076], [-69.41534243399997, 8.657473443000185], [-69.40257082599999, 8.642390156000147], [-69.39077629399998, 8.637672109000164], [-69.3888211819999, 8.630408952000039], [-69.38487301999993, 8.631734006000045], [-69.37704966299992, 8.625688906000107], [-69.37115944699991, 8.631909077999978], [-69.35727189899995, 8.639149316000044], [-69.34609841499997, 8.638349358000141], [-69.34421432999994, 8.636223313000187], [-69.33494794399985, 8.637617395000063], [-69.32679358299998, 8.634738372000129], [-69.31983630199989, 8.635685434000152], [-69.31607912699997, 8.633453397000153], [-69.30364565999997, 8.644192702999987], [-69.29970748899984, 8.642855698000119], [-69.29602329099998, 8.636425569000039], [-69.29143010899992, 8.63816563500012], [-69.28560085999999, 8.636189614000159], [-69.280738, 8.642311000000177], [-69.283626, 8.652001], [-69.28361599999988, 8.729280000000188]]]}}]}