{"type": "FeatureCollection", "features": [{"type": "Feature", "properties": {"parroquia": "San Lorenzo", "municipio": "Montes", "estado": "Sucre", "pcode": "VE191206", "estado_pcode": "VE19", "municipio_pcode": "VE1912", "center_lat": 10.1649285, "center_lon": -63.93852096, "area_sqkm": 153.78927412}, "geometry": {"type": "Polygon", "coordinates": [[[-63.895277, 10.187624], [-63.910274, 10.230508], [-63.94689199999988, 10.228821], [-63.948623, 10.222758000000113], [-63.962451, 10.216772], [-63.965929, 10.207238], [-63.97179299999988, 10.201635000000124], [-63.981075, 10.199978000000158], [-63.982072, 10.194551], [-63.991639, 10.1910850000001], [-64.009474, 10.176855000000103], [-64.003074, 10.17381], [-63.9884679999999, 10.173301], [-63.9877082459999, 10.109099288000152], [-63.96002021399988, 10.10106646100013], [-63.961519239999916, 10.091681184000095], [-63.95641296699995, 10.084034999000096], [-63.94492546999999, 10.08823217600019], [-63.93255285399988, 10.084065239000154], [-63.9151781299999, 10.092023439000116], [-63.87782133699994, 10.102236455000138], [-63.874209999999835, 10.116652000000101], [-63.895277, 10.187624]]]}}, {"type": "Feature", "properties": {"parroquia": "Cariaco", "municipio": "Ribero", "estado": "Sucre", "pcode": "VE191301", "estado_pcode": "VE19", "municipio_pcode": "VE1913", "center_lat": 10.52263633, "center_lon": -63.60774308, "area_sqkm": 654.28067408}, "geometry": {"type": "Polygon", "coordinates": [[[-63.49706847599998, 10.654336054000169], [-63.50173536099993, 10.653121471000134], [-63.501722352999934, 10.651038413000094], [-63.493030945999976, 10.649131411000042], [-63.492493886999966, 10.644525278], [-63.498755126999924, 10.634829965000108], [-63.53413970099996, 10.627052552000123], [-63.55822082899988, 10.63219056800017], [-63.570925381999984, 10.62885940600006], [-63.58205892699988, 10.634637503000022], [-63.58750816999992, 10.634161468000173], [-63.58792416999995, 10.62998133700006], [-63.59213935599996, 10.62911729600006], [-63.61002219799997, 10.634670355000083], [-63.63361227399997, 10.634221218000107], [-63.64362575099989, 10.637991271000033], [-63.68274554899989, 10.640696128000116], [-63.69027690499996, 10.642614145000096], [-63.71393656899994, 10.656572297000025], [-63.725639, 10.600858], [-63.76952033499998, 10.524134379000031], [-63.7625365319999, 10.522190329000125], [-63.748453818999906, 10.510416069000087], [-63.741870486999915, 10.503002894000133], [-63.73864126699988, 10.491064570000049], [-63.734661115999984, 10.496655754000074], [-63.723631602999944, 10.495327769000085], [-63.71870036899986, 10.492088705000128], [-63.71092401299984, 10.492422754000131], [-63.704999725999926, 10.488527684000076], [-63.70371161099985, 10.47881641600003], [-63.68948598299983, 10.481631573000186], [-63.675919386999965, 10.487658809000038], [-63.66868008599988, 10.492044973000077], [-63.672385247999955, 10.49095993100019], [-63.67307729899994, 10.494747027000187], [-63.668442076999895, 10.492692991000013], [-63.6651689549999, 10.496760133000123], [-63.66244082399993, 10.49643713800009], [-63.66786905699985, 10.492344986000091], [-63.65367041999991, 10.496114177000152], [-63.64536022599998, 10.492680858000028], [-63.637579, 10.494979], [-63.622855, 10.486996], [-63.620399, 10.483147], [-63.611256, 10.482789], [-63.610479, 10.441856], [-63.62007199999988, 10.399437], [-63.61778399999986, 10.398012000000108], [-63.610186, 10.396956000000102], [-63.611629, 10.400536], [-63.607464, 10.403186], [-63.548704, 10.388538], [-63.545135, 10.393052], [-63.527332, 10.421326], [-63.454105, 10.442141], [-63.407855, 10.429198], [-63.407308, 10.442253], [-63.43935799999986, 10.492858], [-63.488895, 10.61216800000011], [-63.482529, 10.633884], [-63.488944, 10.642918], [-63.488956, 10.650153000000103], [-63.49706847599998, 10.654336054000169]]]}}, {"type": "Feature", "properties": {"parroquia": "Catuaro", "municipio": "Ribero", "estado": "Sucre", "pcode": "VE191302", "estado_pcode": "VE19", "municipio_pcode": "VE1913", "center_lat": 10.3777895, "center_lon": -63.44235553, "area_sqkm": 230.88788266}, "geometry": {"type": "Polygon", "coordinates": [[[-63.459065904999875, 10.320522537999977], [-63.45251599999989, 10.325433], [-63.441261, 10.324544], [-63.430781, 10.328302], [-63.42173899999989, 10.334514000000183], [-63.411972, 10.336361], [-63.397697, 10.345968], [-63.37966499999982, 10.347446000000105], [-63.37666, 10.35114], [-63.363511999999844, 10.348185000000115], [-63.357126, 10.352988000000153], [-63.34397799999988, 10.357792], [-63.33947, 10.356314], [-63.3300789999999, 10.362225], [-63.320311, 10.364812], [-63.38808, 10.409718000000169], [-63.391291, 10.420567], [-63.407855, 10.429198], [-63.454105, 10.442141], [-63.527332, 10.421326], [-63.545135, 10.393052], [-63.54430999999988, 10.356411], [-63.522318, 10.314672000000144], [-63.51684218699995, 10.292002514000103], [-63.513791960999924, 10.296114253000042], [-63.493953053999974, 10.296620375000032], [-63.477804392999985, 10.310857859000123], [-63.47728438299998, 10.314307964000022], [-63.459065904999875, 10.320522537999977]]]}}, {"type": "Feature", "properties": {"parroquia": "Rendón", "municipio": "Ribero", "estado": "Sucre", "pcode": "VE191303", "estado_pcode": "VE19", "municipio_pcode": "VE1913", "center_lat": 10.4275125, "center_lon": -63.64421864, "area_sqkm": 95.77717314}, "geometry": {"type": "Polygon", "coordinates": [[[-63.61778399999986, 10.398012000000108], [-63.62007199999988, 10.399437], [-63.610479, 10.441856], [-63.611256, 10.482789], [-63.620399, 10.483147], [-63.622855, 10.486996], [-63.637579, 10.494979], [-63.64536022599998, 10.492680858000028], [-63.64157984299999, 10.489504054000065], [-63.659107626999855, 10.487475902000085], [-63.66016666399997, 10.485419837000052], [-63.65665348199991, 10.482838774000129], [-63.66220871499985, 10.47760159700016], [-63.65502340099988, 10.480421719000049], [-63.65933857699997, 10.47605556800005], [-63.6733915609999, 10.472177593000083], [-63.67516499999982, 10.465697], [-63.667284, 10.441112], [-63.6751799999999, 10.428602000000183], [-63.70042199999989, 10.362159000000133], [-63.657495, 10.361424], [-63.619739, 10.373591], [-63.619591, 10.382561000000123], [-63.615722, 10.3918460000001], [-63.61778399999986, 10.398012000000108]]]}}, {"type": "Feature", "properties": {"parroquia": "Santa Cruz", "municipio": "Ribero", "estado": "Sucre", "pcode": "VE191304", "estado_pcode": "VE19", "municipio_pcode": "VE1913", "center_lat": 10.3299515, "center_lon": -63.67816643, "area_sqkm": 179.77893677}, "geometry": {"type": "Polygon", "coordinates": [[[-63.545135, 10.393052], [-63.548704, 10.388538], [-63.607464, 10.403186], [-63.611629, 10.400536], [-63.610186, 10.396956000000102], [-63.61778399999986, 10.398012000000108], [-63.615722, 10.3918460000001], [-63.619591, 10.382561000000123], [-63.619739, 10.373591], [-63.657495, 10.361424], [-63.70042199999989, 10.362159000000133], [-63.71041799999989, 10.339527], [-63.733234999999866, 10.332241], [-63.7487, 10.305978], [-63.72027599999984, 10.256302000000176], [-63.710708999999895, 10.255864000000145], [-63.702636, 10.261689], [-63.70025099999987, 10.267656], [-63.68558599999989, 10.274439000000143], [-63.680012, 10.274581000000182], [-63.66865, 10.289152000000172], [-63.670746, 10.293409000000167], [-63.666711, 10.304659000000186], [-63.658065, 10.305846000000145], [-63.643454, 10.318656], [-63.626872, 10.323989], [-63.625809, 10.328727], [-63.618665, 10.330882], [-63.61491599999988, 10.324405], [-63.619624, 10.31935900000019], [-63.620521, 10.313182000000154], [-63.618914, 10.311715000000106], [-63.610779, 10.314956], [-63.601197, 10.30765600000018], [-63.55968699999988, 10.309147], [-63.550763, 10.32378100000011], [-63.522318, 10.314672000000144], [-63.54430999999988, 10.356411], [-63.545135, 10.393052]]]}}, {"type": "Feature", "properties": {"parroquia": "Santa María", "municipio": "Ribero", "estado": "Sucre", "pcode": "VE191305", "estado_pcode": "VE19", "municipio_pcode": "VE1913", "center_lat": 10.2628675, "center_lon": -63.62535229, "area_sqkm": 192.94554832}, "geometry": {"type": "Polygon", "coordinates": [[[-63.522318, 10.314672000000144], [-63.550763, 10.32378100000011], [-63.55968699999988, 10.309147], [-63.601197, 10.30765600000018], [-63.610779, 10.314956], [-63.618914, 10.311715000000106], [-63.620521, 10.313182000000154], [-63.619624, 10.31935900000019], [-63.61491599999988, 10.324405], [-63.618665, 10.330882], [-63.625809, 10.328727], [-63.626872, 10.323989], [-63.643454, 10.318656], [-63.658065, 10.305846000000145], [-63.666711, 10.304659000000186], [-63.670746, 10.293409000000167], [-63.66865, 10.289152000000172], [-63.680012, 10.274581000000182], [-63.68558599999989, 10.274439000000143], [-63.70025099999987, 10.267656], [-63.702636, 10.261689], [-63.710708999999895, 10.255864000000145], [-63.72027599999984, 10.256302000000176], [-63.708366999999896, 10.23914400000018], [-63.701926, 10.21654800000016], [-63.708264, 10.21435200000019], [-63.710863, 10.208639000000176], [-63.71247, 10.200385], [-63.709128321999856, 10.195060572000045], [-63.69902586699993, 10.197084497000105], [-63.69462269699994, 10.20153665200013], [-63.6686265809999, 10.21425114100009], [-63.64197140399989, 10.222522512000126], [-63.62731769299995, 10.214579369000091], [-63.615918193999846, 10.21768352000015], [-63.60333761099997, 10.217038560999981], [-63.591077963999965, 10.199244133000093], [-63.5865247399999, 10.197024092000163], [-63.581449533999944, 10.199823196000125], [-63.568405939999934, 10.201688312000101], [-63.562415943999895, 10.207351124000013], [-63.55881357699991, 10.214275722000082], [-63.55743158299998, 10.227310088000138], [-63.54888322599993, 10.233383306000121], [-63.542381013999886, 10.24949479300011], [-63.54981045299991, 10.268294284000149], [-63.52867958799993, 10.287521943000058], [-63.51684218699995, 10.292002514000103], [-63.522318, 10.314672000000144]]]}}, {"type": "Feature", "properties": {"parroquia": "Altagracia", "municipio": "Sucre", "estado": "Sucre", "pcode": "VE191401", "estado_pcode": "VE19", "municipio_pcode": "VE1914", "center_lat": 10.4293965, "center_lon": -64.17515051, "area_sqkm": 40.83682828}, "geometry": {"type": "Polygon", "coordinates": [[[-64.1489, 10.390689000000123], [-64.15035299999988, 10.393322000000182], [-64.148398, 10.396188000000166], [-64.1468579999999, 10.395097000000135], [-64.145954, 10.398047000000133], [-64.143667, 10.396818], [-64.14147999999989, 10.398921], [-64.146374, 10.40565], [-64.14085299999988, 10.405975000000126], [-64.1396, 10.41053], [-64.141997, 10.416462], [-64.13976899999989, 10.418139], [-64.140745, 10.420750000000112], [-64.137537, 10.421652000000108], [-64.139114, 10.424587000000145], [-64.146736, 10.427005000000179], [-64.141644, 10.430816], [-64.142493, 10.435476000000108], [-64.148961, 10.435956], [-64.15305799999987, 10.442641], [-64.161902, 10.449709], [-64.171502, 10.45324200000016], [-64.17624, 10.464675], [-64.18216699999988, 10.471021], [-64.186569, 10.468652000000134], [-64.1838029999999, 10.467514000000108], [-64.18241899999987, 10.452009], [-64.203893, 10.433130000000176], [-64.21394399999986, 10.416694], [-64.2011, 10.402274000000148], [-64.18095099999982, 10.387881000000107], [-64.156333, 10.399727], [-64.1489, 10.390689000000123]]]}}, {"type": "Feature", "properties": {"parroquia": "Santa Inés", "municipio": "Sucre", "estado": "Sucre", "pcode": "VE191403", "estado_pcode": "VE19", "municipio_pcode": "VE1914", "center_lat": 10.4076135, "center_lon": -64.09970145, "area_sqkm": 88.9991606}, "geometry": {"type": "Polygon", "coordinates": [[[-64.17690818699998, 10.4791927980001], [-64.18278737399999, 10.477433776], [-64.1858095199999, 10.479469810000069], [-64.18415942899998, 10.476999755000065], [-64.18947266799995, 10.477050729000041], [-64.19233238399994, 10.47175749400003], [-64.186569, 10.468652000000134], [-64.18216699999988, 10.471021], [-64.17624, 10.464675], [-64.171502, 10.45324200000016], [-64.161902, 10.449709], [-64.15305799999987, 10.442641], [-64.148961, 10.435956], [-64.142493, 10.435476000000108], [-64.141644, 10.430816], [-64.146736, 10.427005000000179], [-64.139114, 10.424587000000145], [-64.137537, 10.421652000000108], [-64.140745, 10.420750000000112], [-64.13976899999989, 10.418139], [-64.141997, 10.416462], [-64.1396, 10.41053], [-64.14085299999988, 10.405975000000126], [-64.146374, 10.40565], [-64.14147999999989, 10.398921], [-64.143667, 10.396818], [-64.145954, 10.398047000000133], [-64.1468579999999, 10.395097000000135], [-64.148398, 10.396188000000166], [-64.15035299999988, 10.393322000000182], [-64.1489, 10.390689000000123], [-64.08866199999989, 10.377356], [-64.079818, 10.342898], [-64.078979, 10.344594], [-64.07542099999989, 10.340649], [-64.067113, 10.341962], [-64.058836, 10.337843], [-64.045416, 10.338859000000127], [-64.039667, 10.336428], [-64.035119, 10.347715000000164], [-64.02758, 10.351063], [-64.028869, 10.363083000000188], [-64.0263159999999, 10.366137], [-64.06871599999988, 10.420830000000137], [-64.11968, 10.436670000000163], [-64.14068999999989, 10.452280000000144], [-64.14301499999988, 10.457086], [-64.158765, 10.466431], [-64.168668, 10.464208000000156], [-64.17690818699998, 10.4791927980001]]]}}, {"type": "Feature", "properties": {"parroquia": "Valentín Valiente", "municipio": "Sucre", "estado": "Sucre", "pcode": "VE191404", "estado_pcode": "VE19", "municipio_pcode": "VE1914", "center_lat": 10.42514213, "center_lon": -64.06360575, "area_sqkm": 51.64807599}, "geometry": {"type": "Polygon", "coordinates": [[[-64.05509652699993, 10.440802348000148], [-64.08907296199988, 10.449590504000184], [-64.09819744999999, 10.461711789999981], [-64.10106258799993, 10.463616837000131], [-64.10165060399999, 10.461906783000074], [-64.10535280099998, 10.46595886800003], [-64.11420926999983, 10.47931520600008], [-64.11882247599988, 10.477802129000054], [-64.11448828099998, 10.479162197000107], [-64.11360622799992, 10.47734514400014], [-64.11726537399994, 10.471879974000046], [-64.12928993799989, 10.476141026000164], [-64.13226105599995, 10.47369695000009], [-64.13858435399993, 10.474644941000122], [-64.13865633799992, 10.472735882000165], [-64.14267153299988, 10.474728914000025], [-64.15044187299986, 10.473030824000034], [-64.15983633399992, 10.47802791200013], [-64.17690818699998, 10.4791927980001], [-64.168668, 10.464208000000156], [-64.158765, 10.466431], [-64.14301499999988, 10.457086], [-64.14068999999989, 10.452280000000144], [-64.11968, 10.436670000000163], [-64.06871599999988, 10.420830000000137], [-64.0263159999999, 10.366137], [-64.009181, 10.37219000000016], [-64.05509652699993, 10.440802348000148]]]}}, {"type": "Feature", "properties": {"parroquia": "San Juan", "municipio": "Sucre", "estado": "Sucre", "pcode": "VE191405", "estado_pcode": "VE19", "municipio_pcode": "VE1914", "center_lat": 10.233031, "center_lon": -64.17927022, "area_sqkm": 700.26984782}, "geometry": {"type": "Polygon", "coordinates": [[[-64.1489, 10.390689000000123], [-64.156333, 10.399727], [-64.18095099999982, 10.387881000000107], [-64.2011, 10.402274000000148], [-64.200886, 10.393358000000148], [-64.204689, 10.385080000000187], [-64.209215, 10.357000000000141], [-64.261173, 10.34456], [-64.264437, 10.340750000000128], [-64.264113, 10.334032], [-64.26924999999989, 10.329026000000113], [-64.289735, 10.319995], [-64.310262, 10.318334000000107], [-64.308602, 10.308018], [-64.312874, 10.301218], [-64.318494, 10.297626], [-64.315712, 10.287892], [-64.34219, 10.287783], [-64.273765, 10.253178000000105], [-64.2731079639999, 10.078855218000058], [-64.27210614599989, 10.06270575800005], [-64.26271371799999, 10.061524776000056], [-64.22954822199989, 10.062867988000164], [-64.18778502499993, 10.070426143000134], [-64.17811892599997, 10.068457417000161], [-64.16006515299995, 10.076129715000093], [-64.11236087399993, 10.08612770500008], [-64.10706643799989, 10.09024421100014], [-64.09958508299997, 10.091188046000184], [-64.11319499999985, 10.209592000000157], [-64.101915, 10.22467], [-64.086327, 10.22905800000018], [-64.083436, 10.237004000000184], [-64.088598, 10.24690500000014], [-64.083368, 10.268188], [-64.0746309999999, 10.276910000000157], [-64.074079, 10.287734], [-64.06930299999988, 10.291231], [-64.06658899999985, 10.298666], [-64.070783, 10.302810000000136], [-64.06650899999988, 10.308704], [-64.048757, 10.321690000000103], [-64.047492, 10.328844000000174], [-64.039667, 10.336428], [-64.045416, 10.338859000000127], [-64.058836, 10.337843], [-64.067113, 10.341962], [-64.07542099999989, 10.340649], [-64.078979, 10.344594], [-64.079818, 10.342898], [-64.08866199999989, 10.377356], [-64.1489, 10.390689000000123]]]}}, {"type": "Feature", "properties": {"parroquia": "Raúl Leoni los Puertos de Santa Fé", "municipio": "Sucre", "estado": "Sucre", "pcode": "VE191406", "estado_pcode": "VE19", "municipio_pcode": "VE1914", "center_lat": 10.24731245, "center_lon": -64.37690383, "area_sqkm": 151.53897257}, "geometry": {"type": "MultiPolygon", "coordinates": [[[[-64.37821966099995, 10.306371278000086], [-64.38151440699994, 10.305093886000066], [-64.37948430099993, 10.302082813000084], [-64.38128035399995, 10.298144684000135], [-64.39345287499992, 10.291394434999972], [-64.40022117099994, 10.290841386000125], [-64.40036614399992, 10.28510122800003], [-64.40312426399998, 10.283456167000054], [-64.41377176199995, 10.287107204999984], [-64.42213313699989, 10.28677914900004], [-64.42654132099995, 10.282976027000132], [-64.42891943099988, 10.28404303800005], [-64.43120651699996, 10.280301928000142], [-64.43735179999993, 10.282622959000037], [-64.43995388899992, 10.27786781400016], [-64.45086139299997, 10.279009786000131], [-64.44422406099994, 10.272530640000184], [-64.44865823099991, 10.267393468000023], [-64.44723914999992, 10.264336391000143], [-64.45803262699991, 10.262447283000142], [-64.4561285019999, 10.256001116000107], [-64.47362501999993, 10.249031782000088], [-64.4685439999999, 10.244327], [-64.455388, 10.238824000000136], [-64.451765, 10.232676], [-64.416258, 10.210149], [-64.404278, 10.206887000000165], [-64.396175, 10.192911], [-64.361455, 10.187199], [-64.273765, 10.253178000000105], [-64.34219, 10.287783], [-64.37325299999986, 10.292173], [-64.37821966099995, 10.306371278000086]]], [[[-64.472859, 10.262013], [-64.47399899999988, 10.264074000000164], [-64.47850399999987, 10.261594000000116], [-64.469525, 10.26030400000019], [-64.472859, 10.262013]]], [[[-64.488418, 10.267504], [-64.49107499999985, 10.267101], [-64.47969, 10.262024], [-64.483809, 10.267079000000138], [-64.488418, 10.267504]]]]}}, {"type": "Feature", "properties": {"parroquia": "Gran Mariscal los Altos de Sucre", "municipio": "Sucre", "estado": "Sucre", "pcode": "VE191407", "estado_pcode": "VE19", "municipio_pcode": "VE1914", "center_lat": 10.16242852, "center_lon": -64.35804823, "area_sqkm": 261.12737486}, "geometry": {"type": "Polygon", "coordinates": [[[-64.47362501999993, 10.249031782000088], [-64.48336266399997, 10.242424591000088], [-64.4941641389999, 10.24133251100011], [-64.49948939099988, 10.243469533000052], [-64.50142550399994, 10.247888648000185], [-64.53070585899997, 10.253310640999985], [-64.51258994099999, 10.236196269000061], [-64.51067379699998, 10.224441948000162], [-64.51423592499987, 10.218778779000104], [-64.49696911099994, 10.213669726000035], [-64.48815734999994, 10.197840235000115], [-64.48418943399997, 10.194682276000037], [-64.47748314399996, 10.196079344000168], [-64.4714778419999, 10.192143268000109], [-64.45462709299994, 10.192626376000078], [-64.44217350399998, 10.18871333400017], [-64.44368023599998, 10.126415609000162], [-64.42948862399999, 10.131279821000135], [-64.42046224899985, 10.137658037999984], [-64.39922027599988, 10.133747041000163], [-64.39917019299992, 10.12034967599999], [-64.39598303299994, 10.115911576000144], [-64.38467251199995, 10.114310581000097], [-64.39269683299989, 10.106884337999986], [-64.38572548999997, 10.102699261000055], [-64.38434840599996, 10.09824715000019], [-64.36537654799997, 10.097036219000074], [-64.36537944299988, 10.094820949000109], [-64.3688716659999, 10.090056004000132], [-64.3678055989999, 10.086624914000083], [-64.35233888699986, 10.08498794500008], [-64.34993775299995, 10.079530816000045], [-64.33238096999992, 10.08203597500011], [-64.32049049599993, 10.092695330000026], [-64.29329827899988, 10.095712553000169], [-64.28601994099995, 10.093033526999989], [-64.2731079639999, 10.078855218000058], [-64.273765, 10.253178000000105], [-64.361455, 10.187199], [-64.396175, 10.192911], [-64.404278, 10.206887000000165], [-64.416258, 10.210149], [-64.451765, 10.232676], [-64.455388, 10.238824000000136], [-64.4685439999999, 10.244327], [-64.47362501999993, 10.249031782000088]]]}}, {"type": "Feature", "properties": {"parroquia": "Guiria", "municipio": "Valdez", "estado": "Sucre", "pcode": "VE191501", "estado_pcode": "VE19", "municipio_pcode": "VE1915", "center_lat": 10.61647599, "center_lon": -62.32384953, "area_sqkm": 160.79031916}, "geometry": {"type": "Polygon", "coordinates": [[[-62.297765, 10.68672000000015], [-62.302359, 10.684633000000133], [-62.313824, 10.686005], [-62.316771, 10.690682], [-62.335634, 10.699422], [-62.347693999999876, 10.69249], [-62.357172, 10.691340000000139], [-62.367001, 10.696351000000163], [-62.37509399999982, 10.691345], [-62.385652, 10.656025000000113], [-62.384326, 10.625353000000189], [-62.357266911999886, 10.532432675000052], [-62.349856742999975, 10.533885178000105], [-62.346449580999945, 10.532223143000124], [-62.337294172999975, 10.535431290000133], [-62.33231996899997, 10.539969446999976], [-62.32168647399982, 10.538626461999968], [-62.313535146999925, 10.547844777000023], [-62.30826796699995, 10.559498141], [-62.298926552999944, 10.5645263400001], [-62.29672147499991, 10.56838846300019], [-62.29095420899995, 10.567640469000139], [-62.295835440999895, 10.569610499000078], [-62.29421439699996, 10.574637652000092], [-62.2880830659999, 10.566497446000142], [-62.29249531499994, 10.574292657000058], [-62.28680012899997, 10.58963513100008], [-62.282653971999935, 10.596260351000069], [-62.27354156699994, 10.60020951000007], [-62.26518178699996, 10.614803931000154], [-62.290292, 10.646113000000128], [-62.297765, 10.68672000000015]]]}}, {"type": "Feature", "properties": {"parroquia": "Bideau", "municipio": "Valdez", "estado": "Sucre", "pcode": "VE191502", "estado_pcode": "VE19", "municipio_pcode": "VE1915", "center_lat": 10.65386018, "center_lon": -62.21474664, "area_sqkm": 94.87503366}, "geometry": {"type": "Polygon", "coordinates": [[[-62.145811, 10.688709], [-62.161322, 10.678337], [-62.170035, 10.677542000000187], [-62.18155, 10.680482], [-62.1946099999999, 10.679804000000104], [-62.202628, 10.686163], [-62.214913, 10.683372], [-62.2361, 10.686682], [-62.24098999999984, 10.682567], [-62.246581999999876, 10.686428000000149], [-62.252598, 10.685251000000108], [-62.264389, 10.69308500000011], [-62.274123, 10.685752], [-62.297765, 10.68672000000015], [-62.290292, 10.646113000000128], [-62.26518178699996, 10.614803931000154], [-62.249563649999914, 10.63491165500011], [-62.246332486999904, 10.633277622000037], [-62.22736562199992, 10.63472676400005], [-62.22081429799994, 10.631802709000112], [-62.20839975099989, 10.636088896000103], [-62.18826979599993, 10.633170919000179], [-62.18094646199995, 10.634161993000077], [-62.17778833399984, 10.637204093000094], [-62.16905991899989, 10.635149082000169], [-62.16196059699996, 10.636361158000057], [-62.160549536999895, 10.63868423200006], [-62.156494352999914, 10.638460246000022], [-62.15440327999994, 10.643495396000105], [-62.15182112299988, 10.636961230000168], [-62.14579783199997, 10.633801161000065], [-62.139260537999974, 10.636120265000102], [-62.138250479999954, 10.633628196000075], [-62.13281079799992, 10.633423553000114], [-62.135929, 10.638687000000118], [-62.139376, 10.658717], [-62.1380089999999, 10.667185000000131], [-62.145811, 10.688709]]]}}, {"type": "Feature", "properties": {"parroquia": "Cristóbal Colon", "municipio": "Valdez", "estado": "Sucre", "pcode": "VE191503", "estado_pcode": "VE19", "municipio_pcode": "VE1915", "center_lat": 10.68353294, "center_lon": -61.97668851, "area_sqkm": 161.08959093}, "geometry": {"type": "Polygon", "coordinates": [[[-61.85763044299995, 10.728171962000147], [-61.86040799999989, 10.734142], [-61.866017, 10.736967], [-61.878324, 10.727646000000107], [-61.897292, 10.725452000000132], [-61.912406, 10.720374000000106], [-61.918966999999896, 10.70782800000012], [-61.9282189999999, 10.701761000000147], [-61.946475, 10.697831], [-61.956626, 10.701264], [-61.970866999999885, 10.697372], [-61.985935, 10.698772], [-62.01355199999989, 10.694697], [-62.022396, 10.690663], [-62.028957999999875, 10.693214000000125], [-62.05086099999983, 10.680874000000188], [-62.083955, 10.687666], [-62.102681, 10.685154], [-62.133551999999895, 10.693375000000117], [-62.1415889999999, 10.692169], [-62.145811, 10.688709], [-62.1380089999999, 10.667185000000131], [-62.139376, 10.658717], [-62.135929, 10.638687000000118], [-62.13281079799992, 10.633423553000114], [-62.13317826999997, 10.639054379000072], [-62.12850707099983, 10.641323475000036], [-62.1271769679999, 10.634740286000067], [-62.11991461899987, 10.631501231000016], [-62.11735251199997, 10.634651340000175], [-62.11301528899992, 10.630178222999973], [-62.107691071999966, 10.634761390000051], [-62.10266281499992, 10.63104630500004], [-62.09271136999996, 10.634346457999982], [-62.08589803299998, 10.630270378000091], [-62.072906437999904, 10.631174470000076], [-62.077889699999844, 10.637323627000058], [-62.07540760899991, 10.641309752000097], [-62.06911431299994, 10.64186180500019], [-62.06461308699994, 10.638425724], [-62.06245600899996, 10.64241285300011], [-62.05908984099989, 10.63997480300003], [-62.06424906799998, 10.63758769900005], [-62.06381102299997, 10.632599555000127], [-62.05897580699997, 10.6355466710001], [-62.054592602999946, 10.634863673000098], [-62.05543666599988, 10.63973181100016], [-62.05081144899998, 10.638528795000127], [-62.05198451999996, 10.640644853000026], [-62.04962841399998, 10.641639897000118], [-62.04658725999997, 10.639401847000045], [-62.04590919399993, 10.63261865200002], [-62.034138635999966, 10.631447673000025], [-62.025851271999954, 10.635027828999966], [-62.027466372999925, 10.639856963000057], [-62.02376522099985, 10.643842102000178], [-62.01541784099999, 10.645085179000091], [-62.013448707999885, 10.638081979999981], [-62.00690342499985, 10.641725121000093], [-61.9976789939999, 10.641069146000063], [-61.99165074299992, 10.645902329000023], [-61.99215678199988, 10.650257450000026], [-61.987551578999955, 10.652273530000059], [-61.98296136599987, 10.651098528000148], [-61.981613267999876, 10.645037357000035], [-61.97799909199989, 10.64222029299998], [-61.96676557699982, 10.64509843000019], [-61.961135296999885, 10.642139378000138], [-61.95497301799992, 10.643108438000013], [-61.95113187599998, 10.649477640000157], [-61.94488458899991, 10.649262664000162], [-61.942454520999945, 10.658379952000075], [-61.93897337899995, 10.66157405700011], [-61.935704224999824, 10.660774053000011], [-61.93363513899993, 10.664374174000102], [-61.931334037999875, 10.664055174000168], [-61.93055897499988, 10.658884022000052], [-61.92717479499993, 10.65618896000018], [-61.902438691999976, 10.664754345], [-61.909080034999874, 10.670213472000057], [-61.91014511399999, 10.676705656000081], [-61.90565391699988, 10.677836715000126], [-61.90651798399989, 10.68395389400007], [-61.89796564999989, 10.695257272999982], [-61.89558253499996, 10.694244255], [-61.900814725999965, 10.685053954000182], [-61.901077701999895, 10.678210751000165], [-61.89360732799997, 10.672709625000095], [-61.891282229999945, 10.673910679000187], [-61.89103222699998, 10.676448755000024], [-61.88798708999991, 10.676908777000108], [-61.888015123999935, 10.68273194700015], [-61.883499917999984, 10.685383049000109], [-61.883200963999855, 10.695709363000105], [-61.877618740999935, 10.701362549000123], [-61.881034915999976, 10.70526165800004], [-61.877075755999954, 10.709669803], [-61.879662925999924, 10.71833804500011], [-61.876507818999926, 10.726650303999975], [-61.868892448999986, 10.722925239000062], [-61.86325622299995, 10.731365520000054], [-61.85763044299995, 10.728171962000147]]]}}, {"type": "Feature", "properties": {"parroquia": "Punta de Piedras", "municipio": "Valdez", "estado": "Sucre", "pcode": "VE191504", "estado_pcode": "VE19", "municipio_pcode": "VE1915", "center_lat": 10.614901, "center_lon": -62.41674378, "area_sqkm": 141.87353494}, "geometry": {"type": "Polygon", "coordinates": [[[-62.37509399999982, 10.691345], [-62.384756, 10.689665000000105], [-62.394526, 10.696837], [-62.407369, 10.694267], [-62.416107, 10.699121], [-62.425916999999856, 10.694059], [-62.44177, 10.69926700000019], [-62.476716, 10.697126], [-62.470996, 10.677717], [-62.474438, 10.66807800000015], [-62.471666, 10.65078300000016], [-62.467554, 10.640485], [-62.45799099999988, 10.632301], [-62.449451999999894, 10.603022], [-62.43215, 10.566815000000133], [-62.43032038899986, 10.534426695000036], [-62.407473509999875, 10.551619398000128], [-62.4035673169999, 10.549156340000081], [-62.40376131299996, 10.54647925800009], [-62.39108575999995, 10.554421559000104], [-62.375544996999906, 10.545050372], [-62.365753532999975, 10.542284344000109], [-62.357266911999886, 10.532432675000052], [-62.384326, 10.625353000000189], [-62.385652, 10.656025000000113], [-62.37509399999982, 10.691345]]]}}, {"type": "Feature", "properties": {"parroquia": "Mariño", "municipio": "Andrés Eloy Blanco", "estado": "Sucre", "pcode": "VE190101", "estado_pcode": "VE19", "municipio_pcode": "VE1901", "center_lat": 10.5042005, "center_lon": -63.41786851, "area_sqkm": 155.91745943}, "geometry": {"type": "Polygon", "coordinates": [[[-63.44115482199993, 10.652586221000035], [-63.44455875299991, 10.65403080800013], [-63.44272669399987, 10.658570958000098], [-63.44702090999982, 10.661704023000027], [-63.453597214999945, 10.66204499500003], [-63.45588130599998, 10.659633913], [-63.45717237399998, 10.662214977000076], [-63.45977948199993, 10.660431914000071], [-63.46402069499993, 10.66348797300003], [-63.47132794799995, 10.648623513000075], [-63.480262375999985, 10.651625552000041], [-63.48563260699996, 10.650057471000082], [-63.4910258889999, 10.655456597000068], [-63.49706847599998, 10.654336054000169], [-63.488956, 10.650153000000103], [-63.488944, 10.642918], [-63.482529, 10.633884], [-63.488895, 10.61216800000011], [-63.43935799999986, 10.492858], [-63.407308, 10.442253], [-63.407855, 10.429198], [-63.391291, 10.420567], [-63.38808, 10.409718000000169], [-63.320311, 10.364812], [-63.313174, 10.371093], [-63.306412, 10.367768], [-63.304533999999876, 10.369984000000102], [-63.301639, 10.365556], [-63.295518, 10.367029000000173], [-63.292137, 10.364073], [-63.27372999999989, 10.373310000000117], [-63.25231699999989, 10.370354000000134], [-63.270197, 10.379088], [-63.372554, 10.414258000000132], [-63.37716599999982, 10.451334], [-63.40462799999989, 10.489287], [-63.381814, 10.51554300000015], [-63.39845499999984, 10.532314], [-63.43755, 10.583512], [-63.441048, 10.645817000000136], [-63.44115482199993, 10.652586221000035]]]}}, {"type": "Feature", "properties": {"parroquia": "Rómulo Gallegos", "municipio": "Andrés Eloy Blanco", "estado": "Sucre", "pcode": "VE190102", "estado_pcode": "VE19", "municipio_pcode": "VE1901", "center_lat": 10.2582385, "center_lon": -63.27296936, "area_sqkm": 487.3766625}, "geometry": {"type": "Polygon", "coordinates": [[[-63.25231699999989, 10.370354000000134], [-63.27372999999989, 10.373310000000117], [-63.292137, 10.364073], [-63.295518, 10.367029000000173], [-63.301639, 10.365556], [-63.304533999999876, 10.369984000000102], [-63.306412, 10.367768], [-63.313174, 10.371093], [-63.320311, 10.364812], [-63.3300789999999, 10.362225], [-63.33947, 10.356314], [-63.34397799999988, 10.357792], [-63.357126, 10.352988000000153], [-63.363511999999844, 10.348185000000115], [-63.37666, 10.35114], [-63.37966499999982, 10.347446000000105], [-63.397697, 10.345968], [-63.411972, 10.336361], [-63.42173899999989, 10.334514000000183], [-63.430781, 10.328302], [-63.441261, 10.324544], [-63.45251599999989, 10.325433], [-63.459065904999875, 10.320522537999977], [-63.45718287599988, 10.307519969000168], [-63.448717010999985, 10.300262723000117], [-63.446042826999985, 10.288762406999979], [-63.41145323699993, 10.287965561000135], [-63.427390566999975, 10.255469803000153], [-63.40123562399998, 10.259160807000171], [-63.3883289289999, 10.239016306000053], [-63.35462541199996, 10.24449663900009], [-63.33567537599993, 10.21260383800012], [-63.287144152999986, 10.211737069000094], [-63.25651669999991, 10.202397955000094], [-63.25534458899995, 10.191508657999975], [-63.223507136999956, 10.191638831000034], [-63.21212546499987, 10.16275007500019], [-63.19578488899998, 10.161637682000105], [-63.18838427299988, 10.144038660000035], [-63.17224460199998, 10.157238125000106], [-63.157408944999986, 10.161346312000148], [-63.14645754799989, 10.18015290000011], [-63.146868633999986, 10.192560244000163], [-63.13922832299994, 10.200927526000044], [-63.13828333999999, 10.211379829], [-63.13220508799998, 10.217362027000092], [-63.13105806899995, 10.223940220000031], [-63.11829447199989, 10.221409215000108], [-63.118160790999866, 10.218837636999979], [-63.111187, 10.22811], [-63.09687599999984, 10.227550000000122], [-63.094032, 10.231169], [-63.094391, 10.237566000000129], [-63.098819, 10.242829], [-63.111857, 10.247949], [-63.115885, 10.261499], [-63.126856, 10.26077400000014], [-63.137877, 10.253187], [-63.15321, 10.265019], [-63.161911, 10.275934], [-63.173442, 10.275405000000148], [-63.177041, 10.286689000000138], [-63.171453, 10.295694], [-63.178752, 10.301787], [-63.181916, 10.303509], [-63.195736, 10.295261], [-63.208478, 10.304650000000152], [-63.221889, 10.333036000000106], [-63.223479, 10.33200200000016], [-63.226021, 10.335254000000134], [-63.223016, 10.343013], [-63.223392, 10.353358], [-63.218884, 10.356314], [-63.21919670599988, 10.359079288000032], [-63.230903999999896, 10.365181], [-63.239921, 10.365181], [-63.25231699999989, 10.370354000000134]]]}}, {"type": "Feature", "properties": {"parroquia": "San José de Aerocuar", "municipio": "Andrés Mata", "estado": "Sucre", "pcode": "VE190201", "estado_pcode": "VE19", "municipio_pcode": "VE1902", "center_lat": 10.5968805, "center_lon": -63.35376341, "area_sqkm": 201.48010763}, "geometry": {"type": "Polygon", "coordinates": [[[-63.27772199999987, 10.621469000000161], [-63.330749, 10.622323000000108], [-63.351806, 10.648528000000113], [-63.38317799999987, 10.653039000000149], [-63.3905529999999, 10.663391000000104], [-63.397844, 10.66763], [-63.417632, 10.654941000000122], [-63.432856, 10.64152700000011], [-63.441048, 10.645817000000136], [-63.43755, 10.583512], [-63.39845499999984, 10.532314], [-63.381814, 10.51554300000015], [-63.323971, 10.548256], [-63.285105, 10.556429], [-63.25810799999988, 10.532200000000103], [-63.263975, 10.582591], [-63.27772199999987, 10.621469000000161]]]}}, {"type": "Feature", "properties": {"parroquia": "Tavera Acosta", "municipio": "Andrés Mata", "estado": "Sucre", "pcode": "VE190202", "estado_pcode": "VE19", "municipio_pcode": "VE1902", "center_lat": 10.4616745, "center_lon": -63.33521234, "area_sqkm": 214.83267416}, "geometry": {"type": "Polygon", "coordinates": [[[-63.21919670599988, 10.359079288000032], [-63.213244, 10.362828], [-63.20075199999985, 10.393949], [-63.228193, 10.404444], [-63.30474, 10.424252000000138], [-63.287488, 10.457519], [-63.25810799999988, 10.532200000000103], [-63.285105, 10.556429], [-63.323971, 10.548256], [-63.381814, 10.51554300000015], [-63.40462799999989, 10.489287], [-63.37716599999982, 10.451334], [-63.372554, 10.414258000000132], [-63.270197, 10.379088], [-63.25231699999989, 10.370354000000134], [-63.239921, 10.365181], [-63.230903999999896, 10.365181], [-63.21919670599988, 10.359079288000032]]]}}, {"type": "Feature", "properties": {"parroquia": "Rio Caribe", "municipio": "Arismendi", "estado": "Sucre", "pcode": "VE190301", "estado_pcode": "VE19", "municipio_pcode": "VE1903", "center_lat": 10.6681495, "center_lon": -63.01888858, "area_sqkm": 260.76512549}, "geometry": {"type": "Polygon", "coordinates": [[[-62.88999386499984, 10.702275237000151], [-62.893481735999956, 10.701799174000087], [-62.89760589599996, 10.695286957000121], [-62.903656155999954, 10.691549820000091], [-62.92055396599994, 10.698110916000132], [-62.93175348699992, 10.69920289100014], [-62.941256909999936, 10.69684077400018], [-62.958346719999895, 10.701494819000061], [-62.962777918999905, 10.699518732000058], [-62.980587795999895, 10.710160951000148], [-62.98778111899992, 10.70964688800018], [-62.99376141899995, 10.714342996000084], [-62.99480849099996, 10.718973122000023], [-63.00267888399998, 10.72447523600016], [-63.01371035299991, 10.717334973000106], [-63.01179825199989, 10.714358899000047], [-63.01508338199994, 10.710864775000118], [-63.03161512499997, 10.707906611000169], [-63.04217862899998, 10.710593627000094], [-63.051970117999986, 10.718184796000116], [-63.06106450499993, 10.713551611000014], [-63.068488859999945, 10.714391595999984], [-63.07573616299999, 10.71106246200003], [-63.07394806899998, 10.70886340700008], [-63.08436655699995, 10.709437364000053], [-63.08814174699995, 10.712053418000153], [-63.106018546999906, 10.708349221], [-63.11361888299996, 10.705904100000112], [-63.11473690499997, 10.701438974000155], [-63.117327025999884, 10.700622928000143], [-63.13095966499998, 10.704152955999973], [-63.13388279199995, 10.702942912000083], [-63.14283598299994, 10.70880178200008], [-63.1428312569999, 10.707969064000054], [-63.12963, 10.658647000000144], [-63.11133199999989, 10.628808], [-63.097298, 10.614434000000188], [-63.080642999999895, 10.614599000000169], [-63.063098, 10.608956], [-63.05414499999989, 10.601277], [-63.049493, 10.604765], [-63.031356, 10.601816000000156], [-63.023979, 10.60572], [-63.015666999999894, 10.603103], [-63.003021, 10.604906], [-62.99719, 10.602810000000147], [-62.991564, 10.594459], [-62.985814, 10.599887], [-62.975469, 10.599728], [-62.97313899999989, 10.606326], [-62.968801, 10.609877], [-62.960112, 10.608335], [-62.952302, 10.601661], [-62.941781999999876, 10.605284], [-62.93718899999982, 10.605159000000128], [-62.936141, 10.601865], [-62.908298999999886, 10.656823], [-62.9017199999999, 10.679714000000104], [-62.88999386499984, 10.702275237000151]]]}}, {"type": "Feature", "properties": {"parroquia": "Antonio José de Sucre", "municipio": "Arismendi", "estado": "Sucre", "pcode": "VE190302", "estado_pcode": "VE19", "municipio_pcode": "VE1903", "center_lat": 10.7110224, "center_lon": -62.66967474, "area_sqkm": 311.56012797}, "geometry": {"type": "Polygon", "coordinates": [[[-61.85763044299995, 10.728171962000147], [-61.85667492999994, 10.732570581000175], [-61.84737450899996, 10.734516693000103], [-61.86415133599991, 10.742590838000126], [-61.8629683069999, 10.749148037999987], [-61.87437077499993, 10.73764064400018], [-61.87693985699997, 10.729557387000114], [-61.88163008299989, 10.731420423000031], [-61.90964937699982, 10.730045236000024], [-61.917027737999945, 10.733681304000129], [-61.91970980399998, 10.721833942000103], [-61.92282593899989, 10.720900893000078], [-61.92677908999997, 10.71391466700004], [-61.934285444999944, 10.714283638000097], [-61.93578152099991, 10.716869704000032], [-61.93935367599988, 10.714291617000185], [-61.945778006999944, 10.719584741000062], [-61.94520198599997, 10.722082814000089], [-61.949452177999945, 10.720835749], [-61.963293857999986, 10.727516882000089], [-61.95927162399988, 10.719318659000066], [-61.96025566099996, 10.716523565999978], [-61.96700596599999, 10.715668510000114], [-61.96762898299994, 10.71341543400007], [-61.97357226399998, 10.714545446000102], [-61.979116501999954, 10.711089315000038], [-61.9821666709999, 10.716196444000104], [-61.979262552999955, 10.718554529000073], [-61.98046362599996, 10.720525585000132], [-61.9912381229999, 10.720452518], [-62.00087960799988, 10.727853694999965], [-62.00296670099982, 10.726040621000095], [-62.000474564999934, 10.722458534000054], [-62.0024556329999, 10.718757413], [-61.999592476999965, 10.714279297000019], [-62.007772823999915, 10.709366104000026], [-62.01417113799988, 10.712360167000043], [-62.01854329899999, 10.704488906000051], [-62.02332654299988, 10.708449994999967], [-62.03098089799994, 10.707315928000014], [-62.03147093899997, 10.71202306500004], [-62.02747078099992, 10.716626223000048], [-62.04001535599997, 10.715171107000117], [-62.048361761999956, 10.717829142000028], [-62.05276093899988, 10.713454992000152], [-62.05014876499996, 10.7039727290001], [-62.055176984999946, 10.70070960300012], [-62.061893307999924, 10.703103634000058], [-62.06921763399998, 10.699516493000147], [-62.083912346999966, 10.70548159600014], [-62.09583186699996, 10.699186343000179], [-62.10067413999997, 10.708964606000052], [-62.106731414999956, 10.707205529000078], [-62.11183261399998, 10.700314291000097], [-62.13767981199999, 10.701286186000118], [-62.14033695899997, 10.704394265000133], [-62.13931487699995, 10.697921073000145], [-62.15039836599993, 10.6938779030001], [-62.15493552999993, 10.684304596000175], [-62.162555871999984, 10.68274250900015], [-62.185770960999946, 10.685800482000104], [-62.19237733099982, 10.697114777000024], [-62.20019270999995, 10.699572800999988], [-62.21331129299995, 10.695572617000153], [-62.24206464999992, 10.700108599000089], [-62.252008072999956, 10.693872365000175], [-62.25666930599988, 10.696695418000047], [-62.25751836899997, 10.701049543000181], [-62.264965711999935, 10.701196516000152], [-62.28322650399997, 10.690338099000144], [-62.290102844999865, 10.693823158999976], [-62.29054089599987, 10.699938341000063], [-62.294906118999904, 10.703865434000022], [-62.29972329999998, 10.696562190000066], [-62.30223242199992, 10.696501182000134], [-62.307216669999946, 10.699245228000166], [-62.31004583599997, 10.707403451000062], [-62.320343297999955, 10.704617321000114], [-62.32928173799996, 10.709586415000047], [-62.34323138799988, 10.710527367000111], [-62.34362442299988, 10.71285343500017], [-62.35546495299991, 10.709886286000085], [-62.35569097599995, 10.712365363000117], [-62.366122470999926, 10.714363366000157], [-62.37443283399989, 10.710701212000174], [-62.38442433899996, 10.717702357000121], [-62.40150011299994, 10.715254194000124], [-62.40406925099995, 10.717744256000117], [-62.42382016399989, 10.719224200000156], [-62.427928350999935, 10.717550122000034], [-62.44148000899986, 10.724527255000112], [-62.444487138999875, 10.722092175000057], [-62.44895135199994, 10.723699192000083], [-62.458676787999934, 10.721045059000119], [-62.46726421499994, 10.726794191000067], [-62.471149381999965, 10.724632106000172], [-62.474394546999974, 10.726430133000179], [-62.47733866699997, 10.723515038000073], [-62.482591930999945, 10.727701137000167], [-62.48556605999988, 10.726062067999976], [-62.48983527399997, 10.728537115000051], [-62.4932544159999, 10.725879018000114], [-62.506172033999974, 10.730518093000171], [-62.51885861199992, 10.7278059410001], [-62.52487791699997, 10.733297068000184], [-62.53031917599998, 10.734021058], [-62.535005379999916, 10.731526961000156], [-62.53864055899999, 10.73458903300002], [-62.55072410499986, 10.732155902000045], [-62.55568035699997, 10.736236993000148], [-62.56344870399994, 10.734229894000066], [-62.57286216199998, 10.738720969000155], [-62.574928248999925, 10.736250891000054], [-62.58492969999986, 10.734867792000102], [-62.59547321599996, 10.740895908000084], [-62.60389759699996, 10.739010808000046], [-62.61113294499995, 10.741908855000133], [-62.62061438199993, 10.740915782000116], [-62.635052057999985, 10.74387478500006], [-62.64032929199993, 10.74169570000015], [-62.648336675999985, 10.743360700999972], [-62.671622733999925, 10.741588524000178], [-62.67730101799992, 10.745596613000089], [-62.69229571999989, 10.745773534000023], [-62.704670342999975, 10.756875791000027], [-62.702944281999976, 10.760374909000177], [-62.708784559999856, 10.761478904000114], [-62.7088165749999, 10.764186979999977], [-62.71171071799995, 10.76525599900009], [-62.729511505999824, 10.759082728000067], [-62.73708480699992, 10.751784472], [-62.74088798899999, 10.752263461000098], [-62.74079597399992, 10.750071397000113], [-62.74673824599989, 10.748722329000032], [-62.75019436799988, 10.742110120000177], [-62.75700765399995, 10.73701192700014], [-62.77097026999991, 10.733066739000037], [-62.77903765399992, 10.734276736000027], [-62.790212281999914, 10.731519439000067], [-62.764472, 10.673783000000185], [-62.754183, 10.668602000000135], [-62.730725, 10.67619800000017], [-62.706373, 10.662947000000145], [-62.70888799999989, 10.659959000000185], [-62.706538, 10.656797], [-62.699882999999886, 10.657626], [-62.66348399999987, 10.673731000000146], [-62.654195, 10.67110300000013], [-62.647982, 10.674721], [-62.64145699999989, 10.694462], [-62.6308269999999, 10.702556000000186], [-62.610439, 10.692178], [-62.602164, 10.692914], [-62.596062, 10.688913], [-62.582352, 10.695683000000145], [-62.58365, 10.701854], [-62.573922, 10.70989400000019], [-62.564512, 10.708482], [-62.556289, 10.71113400000013], [-62.532751, 10.703602], [-62.528964, 10.708217000000161], [-62.509298999999885, 10.70445500000011], [-62.506003, 10.699863000000107], [-62.494295, 10.702283], [-62.476716, 10.697126], [-62.44177, 10.69926700000019], [-62.425916999999856, 10.694059], [-62.416107, 10.699121], [-62.407369, 10.694267], [-62.394526, 10.696837], [-62.384756, 10.689665000000105], [-62.37509399999982, 10.691345], [-62.367001, 10.696351000000163], [-62.357172, 10.691340000000139], [-62.347693999999876, 10.69249], [-62.335634, 10.699422], [-62.316771, 10.690682], [-62.313824, 10.686005], [-62.302359, 10.684633000000133], [-62.297765, 10.68672000000015], [-62.274123, 10.685752], [-62.264389, 10.69308500000011], [-62.252598, 10.685251000000108], [-62.246581999999876, 10.686428000000149], [-62.24098999999984, 10.682567], [-62.2361, 10.686682], [-62.214913, 10.683372], [-62.202628, 10.686163], [-62.1946099999999, 10.679804000000104], [-62.18155, 10.680482], [-62.170035, 10.677542000000187], [-62.161322, 10.678337], [-62.145811, 10.688709], [-62.1415889999999, 10.692169], [-62.133551999999895, 10.693375000000117], [-62.102681, 10.685154], [-62.083955, 10.687666], [-62.05086099999983, 10.680874000000188], [-62.028957999999875, 10.693214000000125], [-62.022396, 10.690663], [-62.01355199999989, 10.694697], [-61.985935, 10.698772], [-61.970866999999885, 10.697372], [-61.956626, 10.701264], [-61.946475, 10.697831], [-61.9282189999999, 10.701761000000147], [-61.918966999999896, 10.70782800000012], [-61.912406, 10.720374000000106], [-61.897292, 10.725452000000132], [-61.878324, 10.727646000000107], [-61.866017, 10.736967], [-61.86040799999989, 10.734142], [-61.85763044299995, 10.728171962000147]]]}}, {"type": "Feature", "properties": {"parroquia": "Puerto Santo", "municipio": "Arismendi", "estado": "Sucre", "pcode": "VE190304", "estado_pcode": "VE19", "municipio_pcode": "VE1903", "center_lat": 10.666508, "center_lon": -63.16368586, "area_sqkm": 58.16870593}, "geometry": {"type": "Polygon", "coordinates": [[[-63.1428312569999, 10.707969064000054], [-63.154338, 10.697527], [-63.16636717999995, 10.712507334000065], [-63.186605233999956, 10.706235712000023], [-63.21566948999998, 10.692996182000059], [-63.189993, 10.683036000000186], [-63.189587999999844, 10.67531], [-63.196384, 10.667657000000133], [-63.188566, 10.663230000000112], [-63.187074, 10.648971000000188], [-63.175736, 10.639457], [-63.170753, 10.628204000000153], [-63.170535, 10.627894], [-63.154247, 10.628476], [-63.138531999999884, 10.622258], [-63.12386599999985, 10.622849], [-63.11133199999989, 10.628808], [-63.12963, 10.658647000000144], [-63.1428312569999, 10.707969064000054]]]}}, {"type": "Feature", "properties": {"parroquia": "San Juan de las Galdonas", "municipio": "Arismendi", "estado": "Sucre", "pcode": "VE190305", "estado_pcode": "VE19", "municipio_pcode": "VE1903", "center_lat": 10.6920478, "center_lon": -62.83427383, "area_sqkm": 56.27019866}, "geometry": {"type": "Polygon", "coordinates": [[[-62.764472, 10.673783000000185], [-62.790212281999914, 10.731519439000067], [-62.79938854499994, 10.727410427000109], [-62.80409877499994, 10.728737442000181], [-62.80662884599997, 10.721358211000052], [-62.82306159599989, 10.719915075000017], [-62.8311139299999, 10.713286842000059], [-62.83804324299996, 10.711652754000056], [-62.84768570199998, 10.714015773000085], [-62.84659062799989, 10.711112692000142], [-62.851239827999905, 10.708525600000144], [-62.85860017599998, 10.710153603000094], [-62.86922863699988, 10.70397036800017], [-62.87359180899995, 10.698556192000183], [-62.88999386499984, 10.702275237000151], [-62.9017199999999, 10.679714000000104], [-62.891659, 10.682184], [-62.868118, 10.681187000000136], [-62.858663, 10.685652], [-62.840558, 10.685983000000135], [-62.82781, 10.690604000000178], [-62.810932, 10.668845], [-62.810506, 10.652435], [-62.810522, 10.652286000000174], [-62.790226, 10.653794], [-62.764472, 10.673783000000185]]]}}, {"type": "Feature", "properties": {"parroquia": "El Pilar", "municipio": "Benítez", "estado": "Sucre", "pcode": "VE190401", "estado_pcode": "VE19", "municipio_pcode": "VE1904", "center_lat": 10.4009475, "center_lon": -63.12717819, "area_sqkm": 696.67609391}, "geometry": {"type": "Polygon", "coordinates": [[[-63.011568, 10.449532000000147], [-63.015701, 10.462841], [-63.117695, 10.53112700000014], [-63.140282, 10.556585000000155], [-63.150625, 10.587188], [-63.184408, 10.615171], [-63.184458, 10.615125000000148], [-63.181263999999885, 10.560962], [-63.18808, 10.545564], [-63.203789, 10.54410700000011], [-63.207305, 10.541756], [-63.25810799999988, 10.532200000000103], [-63.287488, 10.457519], [-63.30474, 10.424252000000138], [-63.228193, 10.404444], [-63.20075199999985, 10.393949], [-63.213244, 10.362828], [-63.21919670599988, 10.359079288000032], [-63.218884, 10.356314], [-63.223392, 10.353358], [-63.223016, 10.343013], [-63.226021, 10.335254000000134], [-63.223479, 10.33200200000016], [-63.221889, 10.333036000000106], [-63.208478, 10.304650000000152], [-63.195736, 10.295261], [-63.181916, 10.303509], [-63.178752, 10.301787], [-63.171453, 10.295694], [-63.177041, 10.286689000000138], [-63.173442, 10.275405000000148], [-63.161911, 10.275934], [-63.15321, 10.265019], [-63.137877, 10.253187], [-63.126856, 10.26077400000014], [-63.115885, 10.261499], [-63.111857, 10.247949], [-63.098819, 10.242829], [-63.094391, 10.237566000000129], [-63.094032, 10.231169], [-63.09687599999984, 10.227550000000122], [-63.111187, 10.22811], [-63.118160790999866, 10.218837636999979], [-63.11955647999997, 10.21191593300017], [-63.112988105999875, 10.197665571000073], [-63.10547670699992, 10.188270343], [-63.09884638699998, 10.18450727100003], [-63.08736187699998, 10.18638637600003], [-63.08236370999998, 10.198890763000179], [-63.07337162099992, 10.201008367000043], [-63.03004, 10.426325], [-63.035755, 10.445207], [-63.03154099999989, 10.453316], [-63.026226, 10.45656], [-63.01603099999983, 10.455132], [-63.015049, 10.450793], [-63.011568, 10.449532000000147]]]}}, {"type": "Feature", "properties": {"parroquia": "El Rincón", "municipio": "Benítez", "estado": "Sucre", "pcode": "VE190402", "estado_pcode": "VE19", "municipio_pcode": "VE1904", "center_lat": 10.5760265, "center_lon": -63.20271067, "area_sqkm": 30.88385911}, "geometry": {"type": "Polygon", "coordinates": [[[-63.184458, 10.615125000000148], [-63.205923, 10.616069], [-63.208499, 10.610175], [-63.21165, 10.610264000000143], [-63.231078, 10.597088], [-63.236554, 10.58532600000018], [-63.2082, 10.56364], [-63.207305, 10.541756], [-63.203789, 10.54410700000011], [-63.18808, 10.545564], [-63.181263999999885, 10.560962], [-63.184458, 10.615125000000148]]]}}, {"type": "Feature", "properties": {"parroquia": "General Francisco Antonio Vásquez", "municipio": "Benítez", "estado": "Sucre", "pcode": "VE190403", "estado_pcode": "VE19", "municipio_pcode": "VE1904", "center_lat": 10.5722765, "center_lon": -63.13277105, "area_sqkm": 5.45519586}, "geometry": {"type": "Polygon", "coordinates": [[[-63.150625, 10.587188], [-63.140282, 10.556585000000155], [-63.118623, 10.569113000000186], [-63.12319799999989, 10.579964], [-63.129595, 10.57544], [-63.150625, 10.587188]]]}}, {"type": "Feature", "properties": {"parroquia": "Guaraunos", "municipio": "Benítez", "estado": "Sucre", "pcode": "VE190404", "estado_pcode": "VE19", "municipio_pcode": "VE1904", "center_lat": 10.507841, "center_lon": -63.04990084, "area_sqkm": 78.56857596}, "geometry": {"type": "Polygon", "coordinates": [[[-63.140282, 10.556585000000155], [-63.117695, 10.53112700000014], [-63.015701, 10.462841], [-63.011568, 10.449532000000147], [-63.006071, 10.444306], [-62.99944, 10.44512500000019], [-62.975251, 10.466548000000103], [-62.960051, 10.471619000000146], [-62.960497, 10.474166], [-63.118623, 10.569113000000186], [-63.140282, 10.556585000000155]]]}}, {"type": "Feature", "properties": {"parroquia": "Tunapuicito", "municipio": "Benítez", "estado": "Sucre", "pcode": "VE190405", "estado_pcode": "VE19", "municipio_pcode": "VE1904", "center_lat": 10.6002765, "center_lon": -63.13707314, "area_sqkm": 32.57298486}, "geometry": {"type": "Polygon", "coordinates": [[[-63.11133199999989, 10.628808], [-63.12386599999985, 10.622849], [-63.138531999999884, 10.622258], [-63.154247, 10.628476], [-63.170535, 10.627894], [-63.184408, 10.615171], [-63.150625, 10.587188], [-63.129595, 10.57544], [-63.12319799999989, 10.579964], [-63.097298, 10.614434000000188], [-63.11133199999989, 10.628808]]]}}, {"type": "Feature", "properties": {"parroquia": "Unión", "municipio": "Benítez", "estado": "Sucre", "pcode": "VE190406", "estado_pcode": "VE19", "municipio_pcode": "VE1904", "center_lat": 10.28362035, "center_lon": -62.85338222, "area_sqkm": 1956.30575602}, "geometry": {"type": "Polygon", "coordinates": [[[-62.63140233899992, 10.26742903200011], [-62.664520024999945, 10.296937702000093], [-62.64707539099999, 10.33090377100018], [-62.653579823999905, 10.35623646], [-62.74244644299989, 10.45401181699998], [-62.75418008099996, 10.471218247000081], [-62.76078250399985, 10.494552880000185], [-62.76895492299997, 10.502394070000037], [-62.80783065899993, 10.492054564000057], [-62.81145868999988, 10.467882856000074], [-62.79992392499986, 10.422304601], [-62.81745353599996, 10.386586486000112], [-62.82841410299983, 10.397475737000036], [-62.82301495199994, 10.415923300000088], [-62.83826996299996, 10.474672910000038], [-62.837714010999946, 10.488271302000044], [-62.83251387699994, 10.507591884000078], [-62.8390412679999, 10.524273331000131], [-62.84964978999989, 10.531006472000115], [-62.85527038299995, 10.531518563000134], [-62.867362, 10.529735], [-62.89017999999987, 10.528078000000107], [-62.919017, 10.517327], [-62.93786399999988, 10.487627], [-62.94520199999988, 10.479730000000131], [-62.960051, 10.471619000000146], [-62.975251, 10.466548000000103], [-62.99944, 10.44512500000019], [-63.006071, 10.444306], [-63.011568, 10.449532000000147], [-63.015049, 10.450793], [-63.01603099999983, 10.455132], [-63.026226, 10.45656], [-63.03154099999989, 10.453316], [-63.035755, 10.445207], [-63.03004, 10.426325], [-63.07337162099992, 10.201008367000043], [-63.06709301299992, 10.200637894000067], [-63.06300879499992, 10.194979751000062], [-63.06533882399998, 10.17817525900017], [-63.059820541999954, 10.174189179000052], [-63.05482731099988, 10.174074203000146], [-63.05326322299999, 10.170631110000102], [-63.056662323999944, 10.159639784000149], [-63.05286910099994, 10.15035253700006], [-63.044476662999955, 10.140807310000184], [-63.04504760099991, 10.122810798000046], [-63.020592081999894, 10.099625495999987], [-63.000320373999955, 10.089315084000077], [-62.985340575999885, 10.068868585000075], [-62.97386005799996, 10.070056676000036], [-62.97056894899998, 10.076786882000022], [-62.971056019999935, 10.088302204000115], [-62.96687486299993, 10.09306336600008], [-62.95797145399996, 10.094938461000083], [-62.95112514699997, 10.094638487000111], [-62.940683633999924, 10.089026377000096], [-62.93577151099993, 10.075069834000033], [-62.92938204799992, 10.076590081000177], [-62.91597150599995, 10.089222507000159], [-62.907423132999895, 10.092813658000011], [-62.896886639999934, 10.092465703000073], [-62.892280355999844, 10.07696428200012], [-62.898611546999916, 10.057552709000106], [-62.87071822499996, 10.050097638000125], [-62.86151681499996, 10.052656758000126], [-62.85798567599994, 10.058011927000052], [-62.85445461099988, 10.075753441000018], [-62.84487417299988, 10.076617519000138], [-62.83558469899998, 10.067820319000191], [-62.83416352599994, 10.046664726000074], [-62.8301723109999, 10.040091561000054], [-62.821241862999955, 10.034064433000026], [-62.80049590899995, 10.032721498000171], [-62.78681629299996, 10.034917627000084], [-62.789969482999936, 10.044575885000029], [-62.78646641199998, 10.062858419000179], [-62.78331330499992, 10.069412629000112], [-62.768950709999956, 10.081830052000043], [-62.75283597899994, 10.084590203000062], [-62.7486317769999, 10.083210195000106], [-62.73952328399997, 10.068032808999988], [-62.728313716999935, 10.058718603000102], [-62.704841632999944, 10.058029694000027], [-62.689077941999926, 10.062858910000102], [-62.67471427899994, 10.063203999000166], [-62.656497479999985, 10.071827329000087], [-62.62707125299994, 10.095974170000034], [-62.61551074199997, 10.101148370000033], [-62.60920451399994, 10.111496698000053], [-62.60920455299993, 10.119085917000177], [-62.63302707199995, 10.20118413400013], [-62.63547938899984, 10.240853258000186], [-62.63140233899992, 10.26742903200011]]]}}, {"type": "Feature", "properties": {"parroquia": "Bolívar", "municipio": "Bermúdez", "estado": "Sucre", "pcode": "VE190501", "estado_pcode": "VE19", "municipio_pcode": "VE1905", "center_lat": 10.65722767, "center_lon": -63.32933445, "area_sqkm": 64.4113736}, "geometry": {"type": "Polygon", "coordinates": [[[-63.26763715999988, 10.675261807000084], [-63.27337404299993, 10.676871397000184], [-63.272712, 10.674434326999972], [-63.27539710899998, 10.672559262], [-63.27383201299989, 10.666632101000118], [-63.27841620299995, 10.663282985000137], [-63.284238460999916, 10.663028945000065], [-63.314859934999845, 10.67463810900017], [-63.314477935999946, 10.679037233000145], [-63.323879385999874, 10.68119224500009], [-63.32621950099997, 10.684326327000065], [-63.32554643699996, 10.67768214300014], [-63.32829354699999, 10.675652071], [-63.32833852199997, 10.669702894000125], [-63.33920700999994, 10.668930817000103], [-63.356827862999864, 10.677211951000118], [-63.361512115999915, 10.683741123000175], [-63.36218317899994, 10.689860285], [-63.36346720499995, 10.682941081000024], [-63.37199857199994, 10.679559944000175], [-63.38550923599985, 10.686379061000082], [-63.38707433499985, 10.692842241], [-63.3901794759999, 10.690984167000124], [-63.3967606949999, 10.677467740000054], [-63.40050887599995, 10.678053736000038], [-63.39959287999994, 10.686457989000075], [-63.40286800699994, 10.683461879000163], [-63.40291797799989, 10.678387742000155], [-63.4074351729999, 10.674682612000026], [-63.403497976999915, 10.672784572000182], [-63.40462800599988, 10.669015462000061], [-63.408271163999984, 10.667591399000116], [-63.40694709499991, 10.665690352000126], [-63.41378140099988, 10.664413272000104], [-63.412235314999975, 10.661959215000024], [-63.42019866899983, 10.659201087000099], [-63.41574848599993, 10.662382212000125], [-63.41850061699995, 10.663693225000145], [-63.41950864799992, 10.661288158], [-63.42576092999997, 10.660875112000099], [-63.42993714799991, 10.66571322700014], [-63.43472737099995, 10.666191217000062], [-63.436997445999964, 10.661318063000067], [-63.43380229899998, 10.66070406199998], [-63.433393250999984, 10.656096934], [-63.44115482199993, 10.652586221000035], [-63.441048, 10.645817000000136], [-63.432856, 10.64152700000011], [-63.417632, 10.654941000000122], [-63.397844, 10.66763], [-63.3905529999999, 10.663391000000104], [-63.38317799999987, 10.653039000000149], [-63.351806, 10.648528000000113], [-63.330749, 10.622323000000108], [-63.27772199999987, 10.621469000000161], [-63.272262999999896, 10.650416000000178], [-63.27425, 10.663142000000107], [-63.26763715999988, 10.675261807000084]]]}}, {"type": "Feature", "properties": {"parroquia": "Macarapana", "municipio": "Bermúdez", "estado": "Sucre", "pcode": "VE190502", "estado_pcode": "VE19", "municipio_pcode": "VE1905", "center_lat": 10.6499715, "center_lon": -63.19902773, "area_sqkm": 11.21817164}, "geometry": {"type": "Polygon", "coordinates": [[[-63.170753, 10.628204000000153], [-63.175736, 10.639457], [-63.187074, 10.648971000000188], [-63.188566, 10.663230000000112], [-63.196384, 10.667657000000133], [-63.224733, 10.671255], [-63.230211, 10.660399000000155], [-63.170753, 10.628204000000153]]]}}, {"type": "Feature", "properties": {"parroquia": "Santa Catalina", "municipio": "Bermúdez", "estado": "Sucre", "pcode": "VE190503", "estado_pcode": "VE19", "municipio_pcode": "VE1905", "center_lat": 10.6034735, "center_lon": -63.24590231, "area_sqkm": 67.61008745}, "geometry": {"type": "Polygon", "coordinates": [[[-63.25957927499991, 10.671457263000036], [-63.265963686999896, 10.673367339000151], [-63.26494862299984, 10.67004525100009], [-63.26721273099986, 10.670123238000087], [-63.26763715999988, 10.675261807000084], [-63.27425, 10.663142000000107], [-63.272262999999896, 10.650416000000178], [-63.27772199999987, 10.621469000000161], [-63.263975, 10.582591], [-63.25810799999988, 10.532200000000103], [-63.207305, 10.541756], [-63.2082, 10.56364], [-63.236554, 10.58532600000018], [-63.231078, 10.597088], [-63.21165, 10.610264000000143], [-63.208499, 10.610175], [-63.205923, 10.616069], [-63.2098299999999, 10.616479], [-63.242084, 10.644110000000126], [-63.256772999999896, 10.64056], [-63.257347, 10.655795], [-63.25164699999988, 10.663011], [-63.25276, 10.666642000000138], [-63.25957927499991, 10.671457263000036]]]}}, {"type": "Feature", "properties": {"parroquia": "Santa Rosa", "municipio": "Bermúdez", "estado": "Sucre", "pcode": "VE190504", "estado_pcode": "VE19", "municipio_pcode": "VE1905", "center_lat": 10.6445945, "center_lon": -63.22885032, "area_sqkm": 25.60214453}, "geometry": {"type": "Polygon", "coordinates": [[[-63.24399966399989, 10.671268400000145], [-63.251319016999844, 10.673807428000089], [-63.25255504799998, 10.669729309000047], [-63.25957927499991, 10.671457263000036], [-63.25276, 10.666642000000138], [-63.25164699999988, 10.663011], [-63.257347, 10.655795], [-63.256772999999896, 10.64056], [-63.242084, 10.644110000000126], [-63.2098299999999, 10.616479], [-63.205923, 10.616069], [-63.184458, 10.615125000000148], [-63.184408, 10.615171], [-63.170535, 10.627894], [-63.170753, 10.628204000000153], [-63.230211, 10.660399000000155], [-63.237526999999886, 10.66220200000015], [-63.24399966399989, 10.671268400000145]]]}}, {"type": "Feature", "properties": {"parroquia": "Santa Teresa", "municipio": "Bermúdez", "estado": "Sucre", "pcode": "VE190505", "estado_pcode": "VE19", "municipio_pcode": "VE1905", "center_lat": 10.67674959, "center_lon": -63.21067271, "area_sqkm": 11.48436759}, "geometry": {"type": "Polygon", "coordinates": [[[-63.196384, 10.667657000000133], [-63.189587999999844, 10.67531], [-63.189993, 10.683036000000186], [-63.21566948999998, 10.692996182000059], [-63.23178419899983, 10.686886909], [-63.228401023999936, 10.684044847000052], [-63.23313319399989, 10.675633584000025], [-63.239669483999876, 10.674035495], [-63.24509475499997, 10.677236563], [-63.24399966399989, 10.671268400000145], [-63.237526999999886, 10.66220200000015], [-63.230211, 10.660399000000155], [-63.224733, 10.671255], [-63.196384, 10.667657000000133]]]}}, {"type": "Feature", "properties": {"parroquia": "Capital Bolívar", "municipio": "Bolívar", "estado": "Sucre", "pcode": "VE190601", "estado_pcode": "VE19", "municipio_pcode": "VE1906", "center_lat": 10.3983595, "center_lon": -63.94419695, "area_sqkm": 194.24258994}, "geometry": {"type": "Polygon", "coordinates": [[[-63.839135941999984, 10.447306585000149], [-63.84558589399995, 10.44742576300007], [-63.85517929499997, 10.44127853499998], [-63.87522821699997, 10.44222645200017], [-63.888270831999876, 10.446638509000081], [-63.89256502199993, 10.44538545000006], [-63.9061966939999, 10.454660639000053], [-63.91492404899992, 10.448220406000189], [-63.92375845899994, 10.4499524040001], [-63.935359977999894, 10.447932290000153], [-63.93683005999992, 10.450326345000065], [-63.94156424999994, 10.446191200000158], [-63.94113325899991, 10.450983337000082], [-63.950284678999935, 10.450952294000047], [-63.95411186299998, 10.45337734200018], [-63.97094558699996, 10.446141043000182], [-63.971286585999906, 10.443597968000176], [-63.97920897399996, 10.447378034999986], [-63.98346714299993, 10.44394691499997], [-63.98596326599994, 10.445993961000056], [-63.99504966599994, 10.443526840000118], [-64.00245301099989, 10.445845866000184], [-64.01306246299993, 10.43985063499997], [-64.02028379199999, 10.440604627000027], [-64.02414894199995, 10.435436461000165], [-64.03171334199993, 10.444736680000062], [-64.03344840999995, 10.442721610000092], [-64.03420745499994, 10.44472066700007], [-64.0367605589999, 10.443634614000189], [-64.03592250099985, 10.440367527000092], [-64.03806659199995, 10.438750471000105], [-64.05509652699993, 10.440802348000148], [-64.009181, 10.37219000000016], [-63.992697, 10.358676], [-63.91502799999989, 10.347150000000113], [-63.897656, 10.340868000000114], [-63.871081, 10.348099000000104], [-63.868812, 10.35107900000014], [-63.872067, 10.36314700000014], [-63.867455, 10.368654000000163], [-63.863472999999885, 10.380748], [-63.86434199999985, 10.389271000000178], [-63.86115, 10.389982], [-63.862751, 10.394499], [-63.859072, 10.409931], [-63.846529, 10.417519], [-63.844099, 10.430749000000162], [-63.84539499999988, 10.436592], [-63.839135941999984, 10.447306585000149]]]}}, {"type": "Feature", "properties": {"parroquia": "Yaguaraparo", "municipio": "Cajigal", "estado": "Sucre", "pcode": "VE190701", "estado_pcode": "VE19", "municipio_pcode": "VE1907", "center_lat": 10.593069, "center_lon": -62.81141332, "area_sqkm": 105.93529209}, "geometry": {"type": "Polygon", "coordinates": [[[-62.75327104899998, 10.561228808000124], [-62.779455, 10.624228000000187], [-62.810522, 10.652286000000174], [-62.810506, 10.652435], [-62.84161399999988, 10.643259], [-62.840719, 10.606176000000119], [-62.871813, 10.579962], [-62.875488, 10.532933000000185], [-62.867362, 10.529735], [-62.85527038299995, 10.531518563000134], [-62.851631925999925, 10.539213688000075], [-62.817844380999986, 10.540736913000046], [-62.786910039999896, 10.55662953600006], [-62.76802218499995, 10.559815727], [-62.755281594999985, 10.558960775000173], [-62.75653467299992, 10.562572867000029], [-62.75327104899998, 10.561228808000124]]]}}, {"type": "Feature", "properties": {"parroquia": "El Paujil", "municipio": "Cajigal", "estado": "Sucre", "pcode": "VE190702", "estado_pcode": "VE19", "municipio_pcode": "VE1907", "center_lat": 10.6120975, "center_lon": -62.73588105, "area_sqkm": 89.36198469}, "geometry": {"type": "Polygon", "coordinates": [[[-62.699882999999886, 10.657626], [-62.706538, 10.656797], [-62.70888799999989, 10.659959000000185], [-62.706373, 10.662947000000145], [-62.730725, 10.67619800000017], [-62.754183, 10.668602000000135], [-62.764472, 10.673783000000185], [-62.790226, 10.653794], [-62.810522, 10.652286000000174], [-62.779455, 10.624228000000187], [-62.75327104899998, 10.561228808000124], [-62.75315395099989, 10.56224400900004], [-62.74727499999989, 10.571252], [-62.732277, 10.577393000000143], [-62.722174, 10.586230000000171], [-62.711624, 10.585096000000135], [-62.709786, 10.591042], [-62.699872, 10.59071200000011], [-62.695338999999876, 10.628679], [-62.699882999999886, 10.657626]]]}}, {"type": "Feature", "properties": {"parroquia": "Libertad", "municipio": "Cajigal", "estado": "Sucre", "pcode": "VE190703", "estado_pcode": "VE19", "municipio_pcode": "VE1907", "center_lat": 10.6110565, "center_lon": -62.8854313, "area_sqkm": 134.8368298}, "geometry": {"type": "Polygon", "coordinates": [[[-62.875488, 10.532933000000185], [-62.871813, 10.579962], [-62.840719, 10.606176000000119], [-62.84161399999988, 10.643259], [-62.810506, 10.652435], [-62.810932, 10.668845], [-62.82781, 10.690604000000178], [-62.840558, 10.685983000000135], [-62.858663, 10.685652], [-62.868118, 10.681187000000136], [-62.891659, 10.682184], [-62.9017199999999, 10.679714000000104], [-62.908298999999886, 10.656823], [-62.936141, 10.601865], [-62.94128399999988, 10.58993100000015], [-62.934893, 10.556466], [-62.875488, 10.532933000000185]]]}}, {"type": "Feature", "properties": {"parroquia": "Araya", "municipio": "Cruz Salmerón Acosta", "estado": "Sucre", "pcode": "VE190801", "estado_pcode": "VE19", "municipio_pcode": "VE1908", "center_lat": 10.60052884, "center_lon": -64.17139597, "area_sqkm": 168.56194303}, "geometry": {"type": "Polygon", "coordinates": [[[-63.98811691899988, 10.633208308000178], [-63.98926147099991, 10.63521829500013], [-63.991912567999975, 10.63098515200005], [-63.99581573699999, 10.630178110000088], [-64.00210104699983, 10.634291189000123], [-64.01239347999984, 10.628522968000084], [-64.02219795699989, 10.633414064000135], [-64.02790820799993, 10.632069988000126], [-64.03594360099999, 10.635758054000064], [-64.04469806799995, 10.64961039700006], [-64.05660861999996, 10.651314374000094], [-64.06271086999988, 10.64696122000015], [-64.06835013099999, 10.647623207000095], [-64.06830510899982, 10.643107074999989], [-64.07212325899997, 10.639304947000028], [-64.08271872799992, 10.63679782200012], [-64.08278871299996, 10.63504177100009], [-64.10884889099998, 10.63262755500017], [-64.11668618399995, 10.621886214000028], [-64.1263325999999, 10.618494062000025], [-64.13139584699996, 10.620468085000027], [-64.13712106799994, 10.614982906000137], [-64.14546348899995, 10.621179029000075], [-64.15396584999985, 10.618844921], [-64.16344033299987, 10.627681116000076], [-64.16913760499989, 10.62959613900017], [-64.17865801999989, 10.626138984000022], [-64.19217070699989, 10.640265316000182], [-64.19742495799989, 10.641988332999972], [-64.21771885599998, 10.638967131000129], [-64.23431961599988, 10.640503091000028], [-64.24003586099997, 10.637147961999972], [-64.26231702599995, 10.664803614999983], [-64.26810026899989, 10.660445461], [-64.26602514199988, 10.655479326999966], [-64.26952727199995, 10.650669173999972], [-64.27879266799988, 10.647020024000028], [-64.28775803299988, 10.63835072400019], [-64.29333428599995, 10.63888271500008], [-64.29664839499998, 10.63294252300011], [-64.28952401099997, 10.621615249000058], [-64.2830075839999, 10.598688640000034], [-64.27694128799993, 10.593262512000138], [-64.27184898799999, 10.581067200000064], [-64.26578367399998, 10.575640078000049], [-64.26159949299989, 10.576056116000188], [-64.25749627699997, 10.571455007000111], [-64.25337609499985, 10.571746039000175], [-64.24751687399998, 10.580556326000021], [-64.24762291199988, 10.586515491000057], [-64.24527481499996, 10.587505533000126], [-64.24242568399984, 10.586799529000132], [-64.2426306669999, 10.582536399], [-64.2377474569999, 10.583387448000167], [-64.23541632599995, 10.57954835400011], [-64.24076452699995, 10.57211511900016], [-64.25085994499995, 10.56633890600017], [-64.25010789799995, 10.563950843000043], [-64.25547118399999, 10.570565989000045], [-64.2583823189999, 10.571774014000084], [-64.26048540099993, 10.568398910000099], [-64.26328140599998, 10.546965281999974], [-64.25872761499994, 10.53586273400009], [-64.248357, 10.55803200000014], [-64.19670999999988, 10.59713], [-64.17912399999989, 10.589214], [-64.157729, 10.588992], [-64.14609999999988, 10.593289], [-64.109662, 10.584625], [-64.105785, 10.581270000000131], [-64.085068, 10.589617], [-64.06700699999988, 10.59163800000016], [-64.059511, 10.600675], [-64.06209599999988, 10.612578], [-64.06004599999983, 10.616699], [-64.046788, 10.617942], [-64.036398, 10.616453], [-64.036006, 10.60761100000019], [-64.032962, 10.604818], [-64.02423599999986, 10.604727000000139], [-64.008628, 10.610917000000143], [-64.00386499999985, 10.606230000000153], [-64.002097, 10.599249], [-63.987261, 10.594676], [-63.984245, 10.590502000000129], [-63.984777, 10.583050000000128], [-63.971478, 10.583918], [-63.985345, 10.613166], [-63.98811691899988, 10.633208308000178]]]}}, {"type": "Feature", "properties": {"parroquia": "Manicuare", "municipio": "Cruz Salmerón Acosta", "estado": "Sucre", "pcode": "VE190803", "estado_pcode": "VE19", "municipio_pcode": "VE1908", "center_lat": 10.56040763, "center_lon": -64.21207691, "area_sqkm": 94.52608287}, "geometry": {"type": "Polygon", "coordinates": [[[-63.971478, 10.583918], [-63.984777, 10.583050000000128], [-63.984245, 10.590502000000129], [-63.987261, 10.594676], [-64.002097, 10.599249], [-64.00386499999985, 10.606230000000153], [-64.008628, 10.610917000000143], [-64.02423599999986, 10.604727000000139], [-64.032962, 10.604818], [-64.036006, 10.60761100000019], [-64.036398, 10.616453], [-64.046788, 10.617942], [-64.06004599999983, 10.616699], [-64.06209599999988, 10.612578], [-64.059511, 10.600675], [-64.06700699999988, 10.59163800000016], [-64.085068, 10.589617], [-64.105785, 10.581270000000131], [-64.109662, 10.584625], [-64.14609999999988, 10.593289], [-64.157729, 10.588992], [-64.17912399999989, 10.589214], [-64.19670999999988, 10.59713], [-64.248357, 10.55803200000014], [-64.25872761499994, 10.53586273400009], [-64.25319485799997, 10.531856922000145], [-64.24431936399992, 10.51493648700017], [-64.23584495699998, 10.510436414000083], [-64.23099269599993, 10.503071231000035], [-64.21478005399985, 10.519160777000081], [-64.21248306899986, 10.54160041800003], [-64.20708784699985, 10.54414051900011], [-64.20261569799993, 10.554463838000117], [-64.18112273999998, 10.557852045000061], [-64.16561211799996, 10.57124651200013], [-64.12350425299991, 10.579089958000054], [-64.12529930399995, 10.573580796000044], [-64.12386220999997, 10.568115653000177], [-64.12061807999993, 10.57135776400014], [-64.11993102499986, 10.568656684000075], [-64.11307872899988, 10.570936788000097], [-64.11864295499993, 10.565036588000055], [-64.0851754659999, 10.570593935999966], [-64.07981823599994, 10.572656020000068], [-64.0799242569999, 10.575682100000165], [-64.07367899699994, 10.579308244000174], [-64.07221292099996, 10.578485232000105], [-64.07463801099988, 10.57477711200005], [-64.07100183499995, 10.572718069000132], [-64.05464710699994, 10.575992252000049], [-64.05193699799997, 10.577546317000156], [-64.05322305899989, 10.579415352000126], [-64.06285052099997, 10.582558391000077], [-64.05634824599991, 10.586420535000059], [-64.05538017999993, 10.58361746300011], [-64.0496109369999, 10.585850556000025], [-64.04953894999989, 10.58922465600017], [-64.05330211899997, 10.588956626000027], [-64.04984602699989, 10.60033796600004], [-64.0457797709999, 10.58827064400009], [-64.04287966699985, 10.593138809000095], [-64.04041055399995, 10.59323982300009], [-64.04203161699985, 10.590199719999987], [-64.03329623999997, 10.593544873000099], [-64.03143312499998, 10.589228753000043], [-64.02988408999983, 10.594163901000172], [-64.02770898299997, 10.59426692300002], [-64.02837100299996, 10.590546810000149], [-64.02406482399988, 10.594126931000119], [-64.02101167599989, 10.593118921000041], [-64.02944701999996, 10.586132677000023], [-64.03373222499988, 10.587555690999977], [-64.0347412619999, 10.585234620000051], [-64.04291562599997, 10.584296554000048], [-64.04758479999987, 10.578159355000025], [-64.04647673399995, 10.575941294000131], [-64.03935740899993, 10.574691300000097], [-64.03138705799984, 10.577497426000093], [-64.02026055099998, 10.575835436000034], [-64.00866103999994, 10.579329603000076], [-64.00374480499994, 10.576664554000104], [-63.999828634999915, 10.578856638000104], [-63.997857530999966, 10.576878589000103], [-63.995019409999884, 10.578357647000132], [-63.993172315999914, 10.57558357500011], [-63.99089722499997, 10.577925654000182], [-63.98772307199988, 10.575762616000077], [-63.980483466999885, 10.576110215000142], [-63.979508999999894, 10.580592], [-63.971478, 10.583918]]]}}, {"type": "Feature", "properties": {"parroquia": "Tunapuy", "municipio": "Libertador", "estado": "Sucre", "pcode": "VE190901", "estado_pcode": "VE19", "municipio_pcode": "VE1909", "center_lat": 10.515057, "center_lon": -63.00022724, "area_sqkm": 132.82594247}, "geometry": {"type": "Polygon", "coordinates": [[[-62.991564, 10.594459], [-62.99719, 10.602810000000147], [-63.003021, 10.604906], [-63.015666999999894, 10.603103], [-63.023979, 10.60572], [-63.031356, 10.601816000000156], [-63.049493, 10.604765], [-63.05414499999989, 10.601277], [-63.063098, 10.608956], [-63.080642999999895, 10.614599000000169], [-63.097298, 10.614434000000188], [-63.12319799999989, 10.579964], [-63.118623, 10.569113000000186], [-62.960497, 10.474166], [-62.990649, 10.582702], [-62.991564, 10.594459]]]}}, {"type": "Feature", "properties": {"parroquia": "Campo Elías", "municipio": "Libertador", "estado": "Sucre", "pcode": "VE190902", "estado_pcode": "VE19", "municipio_pcode": "VE1909", "center_lat": 10.5446995, "center_lon": -62.94264102, "area_sqkm": 82.31993473}, "geometry": {"type": "Polygon", "coordinates": [[[-62.960051, 10.471619000000146], [-62.94520199999988, 10.479730000000131], [-62.93786399999988, 10.487627], [-62.919017, 10.517327], [-62.89017999999987, 10.528078000000107], [-62.867362, 10.529735], [-62.875488, 10.532933000000185], [-62.934893, 10.556466], [-62.94128399999988, 10.58993100000015], [-62.936141, 10.601865], [-62.93718899999982, 10.605159000000128], [-62.941781999999876, 10.605284], [-62.952302, 10.601661], [-62.960112, 10.608335], [-62.968801, 10.609877], [-62.97313899999989, 10.606326], [-62.975469, 10.599728], [-62.985814, 10.599887], [-62.991564, 10.594459], [-62.990649, 10.582702], [-62.960497, 10.474166], [-62.960051, 10.471619000000146]]]}}, {"type": "Feature", "properties": {"parroquia": "Irapa", "municipio": "Mariño", "estado": "Sucre", "pcode": "VE191001", "estado_pcode": "VE19", "municipio_pcode": "VE1910", "center_lat": 10.6268215, "center_lon": -62.64414122, "area_sqkm": 176.78725788}, "geometry": {"type": "Polygon", "coordinates": [[[-62.596062, 10.688913], [-62.602164, 10.692914], [-62.610439, 10.692178], [-62.6308269999999, 10.702556000000186], [-62.64145699999989, 10.694462], [-62.647982, 10.674721], [-62.654195, 10.67110300000013], [-62.66348399999987, 10.673731000000146], [-62.699882999999886, 10.657626], [-62.695338999999876, 10.628679], [-62.699872, 10.59071200000011], [-62.709786, 10.591042], [-62.711624, 10.585096000000135], [-62.722174, 10.586230000000171], [-62.732277, 10.577393000000143], [-62.74727499999989, 10.571252], [-62.75315395099989, 10.56224400900004], [-62.74788824299992, 10.555523718000074], [-62.737953796999875, 10.559111864000101], [-62.721019012999875, 10.557809924000026], [-62.69613689799991, 10.564062235], [-62.677729110999906, 10.57577066600004], [-62.65585812299997, 10.577646838000021], [-62.639713352999934, 10.573596813], [-62.63243399399994, 10.56914971700013], [-62.62411961999999, 10.57203584299998], [-62.604035680999914, 10.568700858], [-62.58938297799989, 10.562985769000136], [-62.57809145899989, 10.565130888000056], [-62.546715742999936, 10.550013617000047], [-62.555507, 10.59505], [-62.566459, 10.607727000000182], [-62.58292299999982, 10.601418], [-62.5906829999999, 10.610805000000141], [-62.593317, 10.624653], [-62.58744, 10.65293], [-62.594248, 10.671134], [-62.592384, 10.686245], [-62.587586, 10.692979], [-62.596062, 10.688913]]]}}, {"type": "Feature", "properties": {"parroquia": "Campo Claro", "municipio": "Mariño", "estado": "Sucre", "pcode": "VE191002", "estado_pcode": "VE19", "municipio_pcode": "VE1910", "center_lat": 10.6013885, "center_lon": -62.54308868, "area_sqkm": 35.94339771}, "geometry": {"type": "Polygon", "coordinates": [[[-62.51038605799994, 10.5468881810001], [-62.53986599999985, 10.661953000000153], [-62.555423, 10.652932], [-62.543597, 10.612217], [-62.566459, 10.607727000000182], [-62.555507, 10.59505], [-62.546715742999936, 10.550013617000047], [-62.53847656099998, 10.551123689000065], [-62.53186624299997, 10.548721653000086], [-62.52649196199985, 10.543170520999979], [-62.51424942299997, 10.548218731000077], [-62.51038605799994, 10.5468881810001]]]}}, {"type": "Feature", "properties": {"parroquia": "Marabal", "municipio": "Mariño", "estado": "Sucre", "pcode": "VE191003", "estado_pcode": "VE19", "municipio_pcode": "VE1910", "center_lat": 10.6552335, "center_lon": -62.5698089, "area_sqkm": 67.29921549}, "geometry": {"type": "Polygon", "coordinates": [[[-62.596062, 10.688913], [-62.587586, 10.692979], [-62.592384, 10.686245], [-62.594248, 10.671134], [-62.58744, 10.65293], [-62.593317, 10.624653], [-62.5906829999999, 10.610805000000141], [-62.58292299999982, 10.601418], [-62.566459, 10.607727000000182], [-62.543597, 10.612217], [-62.555423, 10.652932], [-62.53986599999985, 10.661953000000153], [-62.520664999999894, 10.66192500000011], [-62.516971999999896, 10.689372], [-62.509298999999885, 10.70445500000011], [-62.528964, 10.708217000000161], [-62.532751, 10.703602], [-62.556289, 10.71113400000013], [-62.564512, 10.708482], [-62.573922, 10.70989400000019], [-62.58365, 10.701854], [-62.582352, 10.695683000000145], [-62.596062, 10.688913]]]}}, {"type": "Feature", "properties": {"parroquia": "San Antonio de Irapa", "municipio": "Mariño", "estado": "Sucre", "pcode": "VE191004", "estado_pcode": "VE19", "municipio_pcode": "VE1910", "center_lat": 10.6258695, "center_lon": -62.50598073, "area_sqkm": 74.85808597}, "geometry": {"type": "Polygon", "coordinates": [[[-62.476716, 10.697126], [-62.494295, 10.702283], [-62.506003, 10.699863000000107], [-62.509298999999885, 10.70445500000011], [-62.516971999999896, 10.689372], [-62.520664999999894, 10.66192500000011], [-62.53986599999985, 10.661953000000153], [-62.51038605799994, 10.5468881810001], [-62.501371848999895, 10.552620926000031], [-62.495211017999964, 10.552530521000108], [-62.474619, 10.605620000000101], [-62.481026, 10.626219], [-62.479449, 10.634225], [-62.48718699999989, 10.656812], [-62.476716, 10.697126]]]}}, {"type": "Feature", "properties": {"parroquia": "Soro", "municipio": "Mariño", "estado": "Sucre", "pcode": "VE191005", "estado_pcode": "VE19", "municipio_pcode": "VE1910", "center_lat": 10.614129, "center_lon": -62.46545138, "area_sqkm": 51.83808611}, "geometry": {"type": "Polygon", "coordinates": [[[-62.43032038899986, 10.534426695000036], [-62.43215, 10.566815000000133], [-62.449451999999894, 10.603022], [-62.45799099999988, 10.632301], [-62.467554, 10.640485], [-62.471666, 10.65078300000016], [-62.474438, 10.66807800000015], [-62.470996, 10.677717], [-62.476716, 10.697126], [-62.48718699999989, 10.656812], [-62.479449, 10.634225], [-62.481026, 10.626219], [-62.474619, 10.605620000000101], [-62.495211017999964, 10.552530521000108], [-62.486715185999856, 10.553733035000164], [-62.47892779199998, 10.547702906000097], [-62.46870133999994, 10.552011087000153], [-62.457130778999954, 10.546758991000047], [-62.453337568999984, 10.540247821000094], [-62.4407389459999, 10.533391692000123], [-62.43621775399993, 10.535575775000098], [-62.43032038899986, 10.534426695000036]]]}}, {"type": "Feature", "properties": {"parroquia": "Capital Mejía", "municipio": "Mejía", "estado": "Sucre", "pcode": "VE191101", "estado_pcode": "VE19", "municipio_pcode": "VE1911", "center_lat": 10.3835115, "center_lon": -63.77825638, "area_sqkm": 273.45478764}, "geometry": {"type": "Polygon", "coordinates": [[[-63.70042199999989, 10.362159000000133], [-63.6751799999999, 10.428602000000183], [-63.667284, 10.441112], [-63.67516499999982, 10.465697], [-63.6733915609999, 10.472177593000083], [-63.68027348099997, 10.468231244000151], [-63.68471269699995, 10.470770285000128], [-63.68996191499997, 10.466666143000054], [-63.69560517599996, 10.467736141000103], [-63.69950034099992, 10.46510005100015], [-63.70690969899994, 10.46810109200004], [-63.709626796999885, 10.464276963999964], [-63.72215535099991, 10.461251810000135], [-63.73460794499994, 10.465907875000028], [-63.73524395899989, 10.461774762000061], [-63.74073221399988, 10.463432775], [-63.742716275999896, 10.458421624000096], [-63.75550485899987, 10.4592385790001], [-63.75645587199995, 10.453334407000057], [-63.776980781999896, 10.449407185000041], [-63.78434709399994, 10.443862989000138], [-63.797079647999965, 10.440377815999966], [-63.80877318499989, 10.441171777000022], [-63.813450420999914, 10.445110866999983], [-63.81657756199991, 10.44416082600003], [-63.81924665399998, 10.439031666000176], [-63.8265409899999, 10.441134680000062], [-63.83248626099993, 10.439616606000072], [-63.839135941999984, 10.447306585000149], [-63.84539499999988, 10.436592], [-63.844099, 10.430749000000162], [-63.846529, 10.417519], [-63.859072, 10.409931], [-63.862751, 10.394499], [-63.86115, 10.389982], [-63.86434199999985, 10.389271000000178], [-63.863472999999885, 10.380748], [-63.867455, 10.368654000000163], [-63.872067, 10.36314700000014], [-63.868812, 10.35107900000014], [-63.871081, 10.348099000000104], [-63.865737, 10.344899], [-63.834673, 10.354603], [-63.848339, 10.341907000000106], [-63.82364, 10.326596000000166], [-63.800869, 10.29579200000012], [-63.7487, 10.305978], [-63.733234999999866, 10.332241], [-63.71041799999989, 10.339527], [-63.70042199999989, 10.362159000000133]]]}}, {"type": "Feature", "properties": {"parroquia": "Cumanacoa", "municipio": "Montes", "estado": "Sucre", "pcode": "VE191201", "estado_pcode": "VE19", "municipio_pcode": "VE1912", "center_lat": 10.211688, "center_lon": -64.01358277, "area_sqkm": 199.25641692}, "geometry": {"type": "Polygon", "coordinates": [[[-63.910274, 10.230508], [-63.908349, 10.247691], [-63.890116, 10.259109], [-63.873332, 10.260725], [-63.856261999999845, 10.271093], [-63.830939999999885, 10.273873], [-63.800869, 10.29579200000012], [-63.82364, 10.326596000000166], [-63.862828, 10.295746], [-63.881979, 10.286651000000177], [-63.88558399999988, 10.269458000000157], [-63.93396, 10.262992000000168], [-63.964124, 10.273756000000105], [-64.062584, 10.227328], [-64.06211078599995, 10.095773138000084], [-64.05330443399998, 10.098563898000066], [-64.04822528699992, 10.114872381000055], [-64.03794985199988, 10.11954156000013], [-64.02381821499995, 10.119778638000184], [-64.01564282499993, 10.116824606000023], [-64.01134159299994, 10.110341450000078], [-63.9877082459999, 10.109099288000152], [-63.9884679999999, 10.173301], [-64.003074, 10.17381], [-64.009474, 10.176855000000103], [-63.991639, 10.1910850000001], [-63.982072, 10.194551], [-63.981075, 10.199978000000158], [-63.97179299999988, 10.201635000000124], [-63.965929, 10.207238], [-63.962451, 10.216772], [-63.948623, 10.222758000000113], [-63.94689199999988, 10.228821], [-63.910274, 10.230508]]]}}, {"type": "Feature", "properties": {"parroquia": "Arenas", "municipio": "Montes", "estado": "Sucre", "pcode": "VE191202", "estado_pcode": "VE19", "municipio_pcode": "VE1912", "center_lat": 10.266225, "center_lon": -64.0090768, "area_sqkm": 60.98649957}, "geometry": {"type": "Polygon", "coordinates": [[[-64.062584, 10.227328], [-63.964124, 10.273756000000105], [-63.93396, 10.262992000000168], [-63.88558399999988, 10.269458000000157], [-63.881979, 10.286651000000177], [-63.91761799999989, 10.295595], [-63.97516, 10.299044], [-64.02716, 10.28351], [-64.062584, 10.227328]]]}}, {"type": "Feature", "properties": {"parroquia": "Aricagua", "municipio": "Montes", "estado": "Sucre", "pcode": "VE191203", "estado_pcode": "VE19", "municipio_pcode": "VE1912", "center_lat": 10.2434175, "center_lon": -63.81008045, "area_sqkm": 185.3321429}, "geometry": {"type": "Polygon", "coordinates": [[[-63.7487, 10.305978], [-63.800869, 10.29579200000012], [-63.830939999999885, 10.273873], [-63.856261999999845, 10.271093], [-63.873332, 10.260725], [-63.890116, 10.259109], [-63.908349, 10.247691], [-63.910274, 10.230508], [-63.895277, 10.187624], [-63.777661, 10.198289], [-63.725631, 10.226802], [-63.708366999999896, 10.23914400000018], [-63.72027599999984, 10.256302000000176], [-63.7487, 10.305978]]]}}, {"type": "Feature", "properties": {"parroquia": "Cocollar", "municipio": "Montes", "estado": "Sucre", "pcode": "VE191204", "estado_pcode": "VE19", "municipio_pcode": "VE1912", "center_lat": 10.1673903, "center_lon": -63.83060807, "area_sqkm": 127.29604383}, "geometry": {"type": "Polygon", "coordinates": [[[-63.709128321999856, 10.195060572000045], [-63.71247, 10.200385], [-63.710863, 10.208639000000176], [-63.708264, 10.21435200000019], [-63.701926, 10.21654800000016], [-63.708366999999896, 10.23914400000018], [-63.725631, 10.226802], [-63.777661, 10.198289], [-63.895277, 10.187624], [-63.874209999999835, 10.116652000000101], [-63.87782133699994, 10.102236455000138], [-63.870320170999946, 10.106442076000178], [-63.836474629999884, 10.10582423700015], [-63.82585717799998, 10.110945430000129], [-63.814232611999955, 10.104259306000074], [-63.793974086999924, 10.138852315000122], [-63.79383993399995, 10.149913689000186], [-63.78437653599997, 10.157252942000184], [-63.77415006699988, 10.156966987999965], [-63.768694963999906, 10.182755729000064], [-63.75555033799998, 10.177527652000151], [-63.709128321999856, 10.195060572000045]]]}}, {"type": "Feature", "properties": {"parroquia": "San Fernando", "municipio": "Montes", "estado": "Sucre", "pcode": "VE191205", "estado_pcode": "VE19", "municipio_pcode": "VE1912", "center_lat": 10.233031, "center_lon": -64.07193482, "area_sqkm": 253.22010313}, "geometry": {"type": "Polygon", "coordinates": [[[-63.871081, 10.348099000000104], [-63.897656, 10.340868000000114], [-63.91502799999989, 10.347150000000113], [-63.992697, 10.358676], [-64.009181, 10.37219000000016], [-64.0263159999999, 10.366137], [-64.028869, 10.363083000000188], [-64.02758, 10.351063], [-64.035119, 10.347715000000164], [-64.039667, 10.336428], [-64.047492, 10.328844000000174], [-64.048757, 10.321690000000103], [-64.06650899999988, 10.308704], [-64.070783, 10.302810000000136], [-64.06658899999985, 10.298666], [-64.06930299999988, 10.291231], [-64.074079, 10.287734], [-64.0746309999999, 10.276910000000157], [-64.083368, 10.268188], [-64.088598, 10.24690500000014], [-64.083436, 10.237004000000184], [-64.086327, 10.22905800000018], [-64.101915, 10.22467], [-64.11319499999985, 10.209592000000157], [-64.09958508299997, 10.091188046000184], [-64.0841428249999, 10.097905715000081], [-64.06211078599995, 10.095773138000084], [-64.062584, 10.227328], [-64.02716, 10.28351], [-63.97516, 10.299044], [-63.91761799999989, 10.295595], [-63.881979, 10.286651000000177], [-63.862828, 10.295746], [-63.82364, 10.326596000000166], [-63.848339, 10.341907000000106], [-63.834673, 10.354603], [-63.865737, 10.344899], [-63.871081, 10.348099000000104]]]}}, {"type": "Feature", "properties": {"parroquia": "El Morro de Puerto Santo", "municipio": "Arismendi", "estado": "Sucre", "pcode": "VE190303", "estado_pcode": "VE19", "municipio_pcode": "VE1903", "center_lat": 10.71274818, "center_lon": -63.15945816, "area_sqkm": 3.39836288}, "geometry": {"type": "Polygon", "coordinates": [[[-63.14283598299994, 10.70880178200008], [-63.14691841599995, 10.70809298], [-63.15627089599997, 10.716410180000025], [-63.15672895299997, 10.72396639600015], [-63.150635680999926, 10.725056454000082], [-63.15498790299995, 10.728440525000053], [-63.15851504799997, 10.72605344100009], [-63.16708045299998, 10.727430432000062], [-63.166967427999964, 10.723873334000075], [-63.16361028699998, 10.726257424000153], [-63.15928906299996, 10.721260305000158], [-63.16178513799997, 10.714495094000029], [-63.16636717999995, 10.712507334000065], [-63.154338, 10.697527], [-63.1428312569999, 10.707969064000054], [-63.14283598299994, 10.70880178200008]]]}}, {"type": "Feature", "properties": {"parroquia": "Ayacucho", "municipio": "Sucre", "estado": "Sucre", "pcode": "VE191402", "estado_pcode": "VE19", "municipio_pcode": "VE1914", "center_lat": 10.37978666, "center_lon": -64.27066706, "area_sqkm": 200.54629641}, "geometry": {"type": "MultiPolygon", "coordinates": [[[[-64.186569, 10.468652000000134], [-64.19233238399994, 10.47175749400003], [-64.19364780199999, 10.465870395000081], [-64.1915387059999, 10.466022409000061], [-64.19321076599988, 10.463887336000084], [-64.19101066299993, 10.46234130300013], [-64.19434879999989, 10.4602722300001], [-64.19141266799988, 10.46155528300011], [-64.19068660099992, 10.454743090000022], [-64.19525775799997, 10.445180803000085], [-64.20805424999998, 10.429179281000074], [-64.22249483399992, 10.41707685900002], [-64.23282528499988, 10.413447702000042], [-64.2790003739999, 10.413657457000056], [-64.28451959999995, 10.409300312000084], [-64.28942182499998, 10.410503312000117], [-64.29685511399992, 10.402661053000088], [-64.29873120899998, 10.404308099000104], [-64.29515307299988, 10.408499230000075], [-64.2974171869999, 10.409989257000177], [-64.31003975599998, 10.410216199000104], [-64.31365989999983, 10.406489071000067], [-64.31743106699992, 10.407043067000075], [-64.31774406299996, 10.402410940000095], [-64.32128919899992, 10.398991826000156], [-64.32834253499993, 10.402109869000128], [-64.33728392299997, 10.398501721], [-64.33177767299992, 10.399424778000082], [-64.33510078799998, 10.392496569000173], [-64.34082503099995, 10.389719452000179], [-64.33904192799992, 10.385216340000056], [-64.32809643699989, 10.385750419000146], [-64.32842343299995, 10.382893334000073], [-64.33450969999984, 10.381734265000034], [-64.33623376499992, 10.37879017300014], [-64.34216706099994, 10.382803256999978], [-64.34510818399997, 10.381549212000039], [-64.33715176799996, 10.372185991000094], [-64.3394998689999, 10.36966290200013], [-64.33656371199999, 10.366556828], [-64.33876880299988, 10.365538797000056], [-64.34136094599995, 10.369302881000124], [-64.34469006199998, 10.363223696000091], [-64.3396448119999, 10.358548589000065], [-64.34384497299988, 10.35458546000018], [-64.33983879499988, 10.35372445600018], [-64.33672661299994, 10.347995311000147], [-64.34548000399997, 10.345468202000063], [-64.34774410599994, 10.346958229000165], [-64.35169925799994, 10.341530061000071], [-64.35531142799994, 10.341738037000084], [-64.35591346799993, 10.344165100000055], [-64.36417877699984, 10.333961780000152], [-64.36905901799997, 10.337363843000162], [-64.36742897699997, 10.342236989000128], [-64.37105415299993, 10.344065023000041], [-64.37084715299994, 10.347268105000012], [-64.35826461599999, 10.351751299000057], [-64.36326285299998, 10.355306381000048], [-64.35883568199995, 10.360004527000115], [-64.35069232699993, 10.36117760899998], [-64.35201240299995, 10.366030730000034], [-64.34929829099997, 10.366511764], [-64.34612117899991, 10.372242941000025], [-64.34898432699993, 10.375774029000127], [-64.3467222939999, 10.389140405000148], [-64.35158449699998, 10.385365282000123], [-64.35813383199996, 10.393463472000178], [-64.35318863399993, 10.396544577999975], [-64.36465616299989, 10.398127561000138], [-64.36755127899988, 10.395986486000027], [-64.36271304599995, 10.393163438000045], [-64.37191742699991, 10.388510249000035], [-64.37241942899982, 10.38341311400012], [-64.37600159199991, 10.384663127000067], [-64.37579063099997, 10.39214933300002], [-64.37894277999982, 10.393016337], [-64.38418896399992, 10.383913061000158], [-64.39502742499991, 10.379904888000056], [-64.39254329199997, 10.37525276800011], [-64.37789259699997, 10.368752675000053], [-64.37751155599994, 10.36489656600014], [-64.39006310399992, 10.361494409000102], [-64.38672392399997, 10.356654282000136], [-64.38034662899997, 10.355385281], [-64.38353074799988, 10.350695136000184], [-64.37454033099988, 10.347900114000026], [-64.37876046199983, 10.336835776999976], [-64.38868689299994, 10.33541968700007], [-64.3902239809999, 10.338264759000083], [-64.39286210299997, 10.338053734000141], [-64.39905734699994, 10.331259515000113], [-64.40351156099996, 10.33470259000012], [-64.40882180199986, 10.333779535000076], [-64.41077286599989, 10.33017742200019], [-64.42160434799996, 10.330147362], [-64.42174532299998, 10.324084193999965], [-64.42656051799992, 10.320115054000041], [-64.43800802899995, 10.318138932000124], [-64.44192221899988, 10.321655020000094], [-64.4404281869999, 10.327166176999981], [-64.44790251199998, 10.323816043000079], [-64.45786002099999, 10.335433314000056], [-64.46349925899995, 10.332182192000175], [-64.45676990899995, 10.324897020000094], [-64.45790191899994, 10.316115770000067], [-64.45304069799994, 10.315640785000085], [-64.4477704759999, 10.318967906000125], [-64.44473132699989, 10.317180878000102], [-64.44546933899994, 10.313535775], [-64.44295021199997, 10.310692707000157], [-64.4416731639999, 10.31353479], [-64.4339778339999, 10.31514887200018], [-64.43187272299991, 10.312947822000126], [-64.43203475299998, 10.316744935000145], [-64.42238633299996, 10.318985048000116], [-64.41966919099997, 10.316709999000125], [-64.42033118099994, 10.30971180000006], [-64.41824208899993, 10.308964792999973], [-64.415461, 10.31626701000016], [-64.40756861699998, 10.310729900000126], [-64.40672760299998, 10.316195052000069], [-64.40046431499997, 10.31435903800002], [-64.39936328499994, 10.318411159000163], [-64.39253994699988, 10.313631053999984], [-64.39046188099996, 10.317895186000044], [-64.38599266799986, 10.315879156], [-64.38406959399998, 10.319374262], [-64.37363213199995, 10.320408349000047], [-64.36796585999991, 10.317030284000055], [-64.36966990399998, 10.31208313500008], [-64.36459866999985, 10.311042131000079], [-64.36439462399994, 10.303001912000184], [-64.37482908199996, 10.301806823000163], [-64.37821966099995, 10.306371278000086], [-64.37325299999986, 10.292173], [-64.34219, 10.287783], [-64.315712, 10.287892], [-64.318494, 10.297626], [-64.312874, 10.301218], [-64.308602, 10.308018], [-64.310262, 10.318334000000107], [-64.289735, 10.319995], [-64.26924999999989, 10.329026000000113], [-64.264113, 10.334032], [-64.264437, 10.340750000000128], [-64.261173, 10.34456], [-64.209215, 10.357000000000141], [-64.204689, 10.385080000000187], [-64.200886, 10.393358000000148], [-64.2011, 10.402274000000148], [-64.21394399999986, 10.416694], [-64.203893, 10.433130000000176], [-64.18241899999987, 10.452009], [-64.1838029999999, 10.467514000000108], [-64.186569, 10.468652000000134]]], [[[-64.496216, 10.363101], [-64.50540499999988, 10.355609000000129], [-64.508767, 10.347158], [-64.499809, 10.350192000000106], [-64.50315399999988, 10.35099300000013], [-64.501276, 10.354394000000127], [-64.493207, 10.358072000000163], [-64.492715, 10.362196000000154], [-64.496216, 10.363101]]], [[[-64.402832, 10.373001000000102], [-64.402465, 10.359715], [-64.408425, 10.35815300000013], [-64.413588, 10.348144000000104], [-64.399218, 10.353674], [-64.394031, 10.358569000000102], [-64.3993349999999, 10.359914000000174], [-64.39523, 10.369992], [-64.402832, 10.373001000000102]]], [[[-64.45442299999985, 10.371003], [-64.45920799999988, 10.37634], [-64.46384399999988, 10.366538], [-64.470402, 10.36412200000018], [-64.447143, 10.358085000000187], [-64.446655, 10.354789000000153], [-64.43959799999988, 10.349841], [-64.426999, 10.350599], [-64.42809, 10.3533240000001], [-64.441965, 10.353759], [-64.442305, 10.358225], [-64.43896599999982, 10.361165000000142], [-64.444294, 10.361180000000104], [-64.44296699999984, 10.368888], [-64.446692, 10.364292], [-64.45442299999985, 10.371003]]], [[[-64.425393, 10.381748000000186], [-64.42802599999987, 10.38083], [-64.428253, 10.372933], [-64.436576, 10.371704], [-64.43664699999988, 10.364334000000156], [-64.43313, 10.362766], [-64.43394199999989, 10.359414000000186], [-64.431347, 10.356748], [-64.42789599999986, 10.357313], [-64.42756899999989, 10.360458], [-64.421618, 10.359403000000157], [-64.413325, 10.363047], [-64.411167, 10.366134], [-64.417453, 10.36791], [-64.411936, 10.375669], [-64.413059, 10.37771], [-64.425393, 10.381748000000186]]]]}}, {"type": "Feature", "properties": {"parroquia": "Chacopata", "municipio": "Cruz Salmerón Acosta", "estado": "Sucre", "pcode": "VE190802", "estado_pcode": "VE19", "municipio_pcode": "VE1908", "center_lat": 10.61803735, "center_lon": -63.85402604, "area_sqkm": 286.59191433}, "geometry": {"type": "Polygon", "coordinates": [[[-63.71393656899994, 10.656572297000025], [-63.72262743899989, 10.653081264000093], [-63.73701209799992, 10.65268217400012], [-63.755052958999954, 10.659436272000107], [-63.76343933699991, 10.659253217000128], [-63.79343186199992, 10.687507860000153], [-63.81040675099996, 10.708008356000107], [-63.815423963999876, 10.70626327400015], [-63.81259582699988, 10.704311234000102], [-63.81557192899993, 10.698615056999984], [-63.81555485799987, 10.686909719000141], [-63.82485521799987, 10.673801288999982], [-63.82228907399997, 10.669408189000137], [-63.82483815799998, 10.664092022000034], [-63.80205617499996, 10.673596410000187], [-63.79847605899994, 10.681263650000062], [-63.79289782099988, 10.685505809000176], [-63.78507839999986, 10.674097520000089], [-63.806824340999924, 10.66545515700011], [-63.81327356499992, 10.652662752000083], [-63.81742975599991, 10.652243722000037], [-63.81764681599992, 10.66107496800015], [-63.82324208199998, 10.662890990000108], [-63.8270422409999, 10.660345896000024], [-63.8232810639999, 10.659682905000182], [-63.82569411799989, 10.6499126060001], [-63.827787240999896, 10.654549725000152], [-63.84018072999993, 10.642178305000073], [-63.87148511799995, 10.634330920000139], [-63.87696636599998, 10.634866897000165], [-63.89029994299983, 10.62979568000003], [-63.90184648199994, 10.631488662000152], [-63.904638588999944, 10.62768054500009], [-63.915962082999954, 10.624422388000085], [-63.928067632999955, 10.625034342000106], [-63.94507045399996, 10.633307481000088], [-63.95455088199998, 10.633000419000098], [-63.96752244099997, 10.62744719200009], [-63.9814380869999, 10.62956917300005], [-63.98811691899988, 10.633208308000178], [-63.985345, 10.613166], [-63.971478, 10.583918], [-63.979508999999894, 10.580592], [-63.980483466999885, 10.576110215000142], [-63.96876122799995, 10.579396824000014], [-63.958301750999965, 10.579667883000184], [-63.95640365299994, 10.576773819000152], [-63.95400155799996, 10.579600904000017], [-63.95111440399995, 10.57612082900016], [-63.94682422899996, 10.578458911000155], [-63.94640618399984, 10.574211795999986], [-63.938845830999924, 10.571981779000168], [-63.934360595999976, 10.566284640000106], [-63.93174047299982, 10.56671366500018], [-63.912178506999965, 10.55366739600015], [-63.887944405999974, 10.552387495], [-63.88286915299989, 10.549801451000121], [-63.86124319399994, 10.55407168700009], [-63.85519190699995, 10.551310645000115], [-63.846938541999975, 10.553293752000116], [-63.833932933999904, 10.549861719000091], [-63.81972228599989, 10.549835793000113], [-63.81034081999991, 10.542712650000055], [-63.80567459899993, 10.54203665600005], [-63.80257142599993, 10.536156500000061], [-63.793334976999915, 10.531364414000052], [-63.78978879099998, 10.52673531000005], [-63.76952033499998, 10.524134379000031], [-63.725639, 10.600858], [-63.71393656899994, 10.656572297000025]]]}}]}