{"type": "FeatureCollection", "features": [{"type": "Feature", "properties": {"parroquia": "Capital Andrés Bello", "municipio": "Andrés Bello", "estado": "Táchira", "pcode": "VE200101", "estado_pcode": "VE20", "municipio_pcode": "VE2001", "center_lat": 7.882487, "center_lon": -72.14788837, "area_sqkm": 90.27316621}, "geometry": {"type": "Polygon", "coordinates": [[[-72.12053999999989, 7.842885], [-72.124757, 7.854527], [-72.118799, 7.870791], [-72.11172, 7.874312], [-72.108177, 7.872776000000101], [-72.10154299999988, 7.878056000000186], [-72.09912999999989, 7.900688000000116], [-72.078563, 7.920258], [-72.078568, 7.925091], [-72.08720199999982, 7.927722000000131], [-72.121516, 7.929236000000174], [-72.142553, 7.93779], [-72.150516, 7.930752], [-72.159149, 7.930085], [-72.172412, 7.912935], [-72.183479, 7.912266000000102], [-72.18891599999989, 7.898901], [-72.194328, 7.884836], [-72.194884, 7.879878000000133], [-72.202301, 7.877355], [-72.20363, 7.873169000000132], [-72.195554, 7.863236], [-72.19137399999988, 7.850952], [-72.180526, 7.848106000000143], [-72.16658799999988, 7.85405100000014], [-72.16371, 7.853175000000135], [-72.154406, 7.846372], [-72.149529, 7.839345], [-72.125834, 7.827499], [-72.119428, 7.838271000000134], [-72.12053999999989, 7.842885]]]}}, {"type": "Feature", "properties": {"parroquia": "Antonio Rómulo Acosta", "municipio": "Antonio Rómulo Costa", "estado": "Táchira", "pcode": "VE200201", "estado_pcode": "VE20", "municipio_pcode": "VE2002", "center_lat": 8.168134, "center_lon": -72.16474605, "area_sqkm": 120.14804719}, "geometry": {"type": "Polygon", "coordinates": [[[-72.139849, 8.242276000000174], [-72.210556, 8.17017600000014], [-72.217628, 8.166073], [-72.217971, 8.160319], [-72.21512399999989, 8.15522], [-72.207297, 8.149635], [-72.20533399999988, 8.144873000000189], [-72.205404, 8.134505000000104], [-72.198935, 8.124520000000132], [-72.187689, 8.116588], [-72.184918, 8.100458000000174], [-72.19031, 8.089033], [-72.1345659999999, 8.130603], [-72.093572, 8.211471], [-72.10145799999987, 8.22006], [-72.103465, 8.225239], [-72.101485, 8.2306430000001], [-72.10250599999989, 8.240122], [-72.10894799999988, 8.246287], [-72.121143, 8.24946800000015], [-72.132205, 8.242618], [-72.139849, 8.242276000000174]]]}}, {"type": "Feature", "properties": {"parroquia": "Ayacucho", "municipio": "Ayacucho", "estado": "Táchira", "pcode": "VE200301", "estado_pcode": "VE20", "municipio_pcode": "VE2003", "center_lat": 8.0404195, "center_lon": -72.2346423, "area_sqkm": 137.8378949}, "geometry": {"type": "Polygon", "coordinates": [[[-72.265074, 8.00413900000018], [-72.262352, 7.996648000000107], [-72.250301, 7.996367000000134], [-72.24698199999989, 7.989637000000187], [-72.242001, 7.987204000000133], [-72.205741, 7.999595], [-72.177944, 8.016781], [-72.168953, 8.036667], [-72.170075, 8.051018000000113], [-72.16410499999989, 8.06607700000012], [-72.166282, 8.088159], [-72.19031, 8.089033], [-72.213897, 8.093066], [-72.235586, 8.091719], [-72.25246, 8.09461], [-72.256483, 8.082438], [-72.282354, 8.080948], [-72.326193, 8.083574000000112], [-72.328699, 8.07832], [-72.327495, 8.06832900000012], [-72.32162, 8.063760000000116], [-72.31693, 8.063394000000187], [-72.31578, 8.065622000000133], [-72.314006, 8.05941], [-72.308059, 8.055761000000132], [-72.305019, 8.045808000000136], [-72.294943, 8.03287], [-72.295645, 8.02174], [-72.28449599999988, 8.022997000000146], [-72.285222, 8.017357000000118], [-72.2695169999999, 8.025433], [-72.2672, 8.022146], [-72.268695, 8.018717], [-72.261046, 8.01253], [-72.265074, 8.00413900000018]]]}}, {"type": "Feature", "properties": {"parroquia": "Rivas Berti", "municipio": "Ayacucho", "estado": "Táchira", "pcode": "VE200302", "estado_pcode": "VE20", "municipio_pcode": "VE2003", "center_lat": 8.19832958, "center_lon": -72.33474356, "area_sqkm": 263.86086727}, "geometry": {"type": "Polygon", "coordinates": [[[-72.34210499999989, 8.288176], [-72.346105, 8.286216000000138], [-72.3595519999999, 8.300181], [-72.361077, 8.305039], [-72.363873, 8.300427000000184], [-72.365292, 8.304513], [-72.36995, 8.303769000000102], [-72.3812357139999, 8.315029732000141], [-72.38003508299994, 8.309616661000177], [-72.38239667299996, 8.305239556000117], [-72.37993830599993, 8.30409311000011], [-72.38622716599997, 8.303351109000062], [-72.38472031499992, 8.30004744700011], [-72.38719481299995, 8.291362851000088], [-72.38442905499988, 8.28983492500015], [-72.38807566999998, 8.289343804000112], [-72.38903601399994, 8.286488394000116], [-72.38609939299988, 8.282408324000187], [-72.38830415599989, 8.279124561000174], [-72.38447524799989, 8.277532872000052], [-72.38990394799993, 8.259317931000055], [-72.39270905699993, 8.258823990000167], [-72.39048416699995, 8.255417503000103], [-72.39366583299994, 8.252608889000044], [-72.38591833299995, 8.252787501000114], [-72.38764777799992, 8.250974724000116], [-72.38562333299996, 8.24618194500016], [-72.38061666699986, 8.246753334000061], [-72.38644111099995, 8.241743057000065], [-72.38146333299983, 8.234750282000107], [-72.38350666699995, 8.232079722000094], [-72.38048055599995, 8.22478555900011], [-72.37751583299996, 8.223417778], [-72.37951555599994, 8.218895004000046], [-72.37485583299997, 8.214847781000117], [-72.37666944399984, 8.209618891000048], [-72.37489777799988, 8.205211389000056], [-72.37323249999997, 8.202816111000118], [-72.37129749999997, 8.20376166699998], [-72.37156666699997, 8.200688334000176], [-72.368815, 8.200817502], [-72.37405638899997, 8.195179445000065], [-72.37226694399999, 8.193885556000055], [-72.36860888899992, 8.19616278000018], [-72.36669527799995, 8.192724167000165], [-72.36931777799998, 8.190548057000058], [-72.36220472199994, 8.191232222000053], [-72.3670467209999, 8.184095044000173], [-72.36114449999997, 8.181884051000111], [-72.35317653399989, 8.158454102000121], [-72.35611035099998, 8.153631211000175], [-72.36610964199991, 8.149134952], [-72.36586898299998, 8.141067390000046], [-72.36307140499997, 8.139294548000123], [-72.36444415699987, 8.135678837000171], [-72.36138154799994, 8.133313799000064], [-72.36362697699991, 8.13046085700006], [-72.3587405639999, 8.120535480000171], [-72.36664793799997, 8.117695621999985], [-72.37039120799994, 8.113196544000061], [-72.37351588299992, 8.105136549000122], [-72.37211061499994, 8.101402049000058], [-72.362431, 8.093715], [-72.352856, 8.09241100000014], [-72.340074, 8.086027], [-72.328932, 8.086461], [-72.326193, 8.083574000000112], [-72.282354, 8.080948], [-72.256483, 8.082438], [-72.25246, 8.09461], [-72.235586, 8.091719], [-72.213897, 8.093066], [-72.19031, 8.089033], [-72.184918, 8.100458000000174], [-72.187689, 8.116588], [-72.198935, 8.124520000000132], [-72.205404, 8.134505000000104], [-72.20533399999988, 8.144873000000189], [-72.207297, 8.149635], [-72.21512399999989, 8.15522], [-72.217971, 8.160319], [-72.217628, 8.166073], [-72.266775, 8.162756000000115], [-72.28566299999989, 8.173008000000152], [-72.29050299999989, 8.179538], [-72.291137, 8.185162], [-72.294015, 8.18573], [-72.296072, 8.194559], [-72.301805, 8.19966200000016], [-72.30144, 8.205721], [-72.30628499999989, 8.21126], [-72.310052, 8.211503], [-72.311673, 8.219006], [-72.31810699999988, 8.217612000000145], [-72.314746, 8.224425], [-72.320259, 8.229527000000132], [-72.31636, 8.233251], [-72.321666, 8.235707], [-72.31686099999985, 8.24306200000018], [-72.32327599999985, 8.245194], [-72.321557, 8.255763000000172], [-72.318674, 8.256187], [-72.316978, 8.262238], [-72.320624, 8.264243], [-72.31994, 8.267766000000165], [-72.32652799999988, 8.279267000000175], [-72.331719, 8.28238400000015], [-72.32981899999987, 8.28545800000012], [-72.335703, 8.283399], [-72.34210499999989, 8.288176]]]}}, {"type": "Feature", "properties": {"parroquia": "San Pedro del Rio", "municipio": "Ayacucho", "estado": "Táchira", "pcode": "VE200303", "estado_pcode": "VE20", "municipio_pcode": "VE2003", "center_lat": 8.04013808, "center_lon": -72.32285809, "area_sqkm": 55.6494078}, "geometry": {"type": "Polygon", "coordinates": [[[-72.326193, 8.083574000000112], [-72.328932, 8.086461], [-72.340074, 8.086027], [-72.352856, 8.09241100000014], [-72.362431, 8.093715], [-72.37211061499994, 8.101402049000058], [-72.37045426899994, 8.093683704000114], [-72.35236849799992, 8.086637424000116], [-72.34641232299987, 8.03759526400006], [-72.35353764499985, 8.031957836000117], [-72.35497788999999, 8.027430922000178], [-72.34756804299991, 8.018831269000145], [-72.345001, 8.012908], [-72.343571, 8.014024], [-72.339774, 8.010518], [-72.296182, 8.002794], [-72.303669, 7.979258000000129], [-72.2792, 7.984841000000188], [-72.27654199999984, 7.989356], [-72.26857, 7.991217000000177], [-72.265074, 8.00413900000018], [-72.261046, 8.01253], [-72.268695, 8.018717], [-72.2672, 8.022146], [-72.2695169999999, 8.025433], [-72.285222, 8.017357000000118], [-72.28449599999988, 8.022997000000146], [-72.295645, 8.02174], [-72.294943, 8.03287], [-72.305019, 8.045808000000136], [-72.308059, 8.055761000000132], [-72.314006, 8.05941], [-72.31578, 8.065622000000133], [-72.31693, 8.063394000000187], [-72.32162, 8.063760000000116], [-72.327495, 8.06832900000012], [-72.328699, 8.07832], [-72.326193, 8.083574000000112]]]}}, {"type": "Feature", "properties": {"parroquia": "Bolívar", "municipio": "Bolívar", "estado": "Táchira", "pcode": "VE200401", "estado_pcode": "VE20", "municipio_pcode": "VE2004", "center_lat": 7.78370849, "center_lon": -72.4396602, "area_sqkm": 54.66447386}, "geometry": {"type": "Polygon", "coordinates": [[[-72.417126, 7.820336000000168], [-72.41886399999987, 7.823289], [-72.433512, 7.826924], [-72.442753, 7.835517], [-72.44318499999986, 7.841271], [-72.4481996539999, 7.845646805000115], [-72.45147035299988, 7.83934754], [-72.44729470099998, 7.826199895000116], [-72.44941217799993, 7.825907196000173], [-72.45825335999996, 7.803014943000051], [-72.46706374199994, 7.798080803], [-72.46884574299992, 7.793783802], [-72.47061706199992, 7.762387166], [-72.441634, 7.753147000000183], [-72.408728, 7.721744000000172], [-72.409307, 7.73296], [-72.389931, 7.752673], [-72.403892, 7.753703], [-72.411043, 7.75941], [-72.40761399999985, 7.771162], [-72.417126, 7.820336000000168]]]}}, {"type": "Feature", "properties": {"parroquia": "Palotal", "municipio": "Bolívar", "estado": "Táchira", "pcode": "VE200402", "estado_pcode": "VE20", "municipio_pcode": "VE2004", "center_lat": 7.84511172, "center_lon": -72.42645566, "area_sqkm": 22.61367195}, "geometry": {"type": "Polygon", "coordinates": [[[-72.401198, 7.859129], [-72.416254, 7.8651], [-72.44871831099994, 7.871214879000036], [-72.44876960099998, 7.865773961000116], [-72.44531152999986, 7.863622808000059], [-72.44459144099994, 7.859838389000174], [-72.44625511599986, 7.853343397000117], [-72.45057905699997, 7.851609033000159], [-72.4481996539999, 7.845646805000115], [-72.44318499999986, 7.841271], [-72.442753, 7.835517], [-72.433512, 7.826924], [-72.41886399999987, 7.823289], [-72.417126, 7.820336000000168], [-72.412846, 7.818875], [-72.400368, 7.824522000000115], [-72.389572, 7.824279000000104], [-72.406399, 7.845465000000104], [-72.401198, 7.859129]]]}}, {"type": "Feature", "properties": {"parroquia": "Juan Vicente Gómez", "municipio": "Bolívar", "estado": "Táchira", "pcode": "VE200403", "estado_pcode": "VE20", "municipio_pcode": "VE2004", "center_lat": 7.787699, "center_lon": -72.38224942, "area_sqkm": 38.43668407}, "geometry": {"type": "Polygon", "coordinates": [[[-72.417126, 7.820336000000168], [-72.40761399999985, 7.771162], [-72.411043, 7.75941], [-72.403892, 7.753703], [-72.389931, 7.752673], [-72.379701, 7.760941], [-72.37162599999988, 7.762499], [-72.366882, 7.770897000000161], [-72.362017, 7.773775], [-72.36048, 7.780953000000125], [-72.3512, 7.790021], [-72.353086, 7.792889], [-72.350668, 7.80305], [-72.352222, 7.80569800000012], [-72.357319, 7.809334], [-72.363308, 7.809699], [-72.375025, 7.80820400000016], [-72.389572, 7.824279000000104], [-72.400368, 7.824522000000115], [-72.412846, 7.818875], [-72.417126, 7.820336000000168]]]}}, {"type": "Feature", "properties": {"parroquia": "Isaías Medina Angarita", "municipio": "Bolívar", "estado": "Táchira", "pcode": "VE200404", "estado_pcode": "VE20", "municipio_pcode": "VE2004", "center_lat": 7.69919685, "center_lon": -72.43778032, "area_sqkm": 67.85848503}, "geometry": {"type": "Polygon", "coordinates": [[[-72.408728, 7.721744000000172], [-72.441634, 7.753147000000183], [-72.47061706199992, 7.762387166], [-72.47365711799995, 7.758533140000168], [-72.47405621999991, 7.750890975000118], [-72.47106975399998, 7.743980809], [-72.47296727699995, 7.721488755000109], [-72.47105660299997, 7.703331587000037], [-72.464008, 7.695215000000189], [-72.4522659999999, 7.68839], [-72.444708, 7.671509], [-72.449996, 7.661767000000111], [-72.44739, 7.636036], [-72.42409, 7.639724], [-72.420305, 7.647284], [-72.424137, 7.660097000000121], [-72.420957, 7.663056000000154], [-72.40154399999989, 7.663743000000181], [-72.394377, 7.679273], [-72.400705, 7.688477], [-72.407796, 7.693765000000155], [-72.408728, 7.721744000000172]]]}}, {"type": "Feature", "properties": {"parroquia": "Cárdenas", "municipio": "Cárdenas", "estado": "Táchira", "pcode": "VE200501", "estado_pcode": "VE20", "municipio_pcode": "VE2005", "center_lat": 7.8241675, "center_lon": -72.20266528, "area_sqkm": 52.64172157}, "geometry": {"type": "Polygon", "coordinates": [[[-72.245783, 7.774024], [-72.244464, 7.779947], [-72.24042999999983, 7.780248], [-72.23781, 7.785369000000117], [-72.232585, 7.808781000000124], [-72.23037, 7.811565], [-72.226104, 7.811679], [-72.209194, 7.823457], [-72.195765, 7.815756], [-72.1886229999999, 7.817862000000105], [-72.177831, 7.813779000000125], [-72.164197, 7.813486], [-72.13842, 7.806831], [-72.134516, 7.817318], [-72.125834, 7.827499], [-72.149529, 7.839345], [-72.154406, 7.846372], [-72.16371, 7.853175000000135], [-72.16658799999988, 7.85405100000014], [-72.180526, 7.848106000000143], [-72.19137399999988, 7.850952], [-72.195554, 7.863236], [-72.20363, 7.873169000000132], [-72.206848, 7.859313000000157], [-72.19940899999989, 7.852529000000175], [-72.20062599999989, 7.845518], [-72.209571, 7.844099], [-72.212474, 7.836161000000175], [-72.219304, 7.834968], [-72.22345299999989, 7.830885], [-72.22362, 7.826233000000116], [-72.254125, 7.82549100000017], [-72.267811, 7.829955], [-72.276684, 7.828646000000106], [-72.27712799999989, 7.818947000000151], [-72.274915, 7.815966], [-72.27082, 7.817945], [-72.266173, 7.81397], [-72.26058499999982, 7.801733000000127], [-72.25227299999989, 7.793795], [-72.25259899999986, 7.78937800000017], [-72.245783, 7.774024]]]}}, {"type": "Feature", "properties": {"parroquia": "Amenodoro Rangel Lamus", "municipio": "Cárdenas", "estado": "Táchira", "pcode": "VE200502", "estado_pcode": "VE20", "municipio_pcode": "VE2005", "center_lat": 7.8042925, "center_lon": -72.15428447, "area_sqkm": 13.06453177}, "geometry": {"type": "Polygon", "coordinates": [[[-72.13842, 7.806831], [-72.164197, 7.813486], [-72.177831, 7.813779000000125], [-72.1886229999999, 7.817862000000105], [-72.195765, 7.815756], [-72.209194, 7.823457], [-72.226104, 7.811679], [-72.219037, 7.807284], [-72.184153, 7.80653500000011], [-72.176063, 7.808366], [-72.165163, 7.798783000000128], [-72.158644, 7.796750000000145], [-72.155358, 7.791087000000175], [-72.142093, 7.788459000000159], [-72.141221, 7.786241000000132], [-72.13842, 7.806831]]]}}, {"type": "Feature", "properties": {"parroquia": "La Florida", "municipio": "Cárdenas", "estado": "Táchira", "pcode": "VE200503", "estado_pcode": "VE20", "municipio_pcode": "VE2005", "center_lat": 7.774225, "center_lon": -72.05248913, "area_sqkm": 183.98006622}, "geometry": {"type": "Polygon", "coordinates": [[[-72.002727, 7.725358], [-71.984178, 7.747219], [-71.983732, 7.75418500000012], [-71.978148, 7.75976100000014], [-71.976285, 7.768684000000178], [-71.96925899999985, 7.773555000000158], [-71.977445, 7.785765], [-71.981998, 7.785861000000125], [-71.986816, 7.792641000000174], [-72.001761, 7.79425300000014], [-72.0137529999999, 7.800685000000101], [-72.013705, 7.808429000000103], [-72.01599299999987, 7.813976], [-72.027123, 7.815486000000135], [-72.037543, 7.836352000000147], [-72.04589599999986, 7.83954000000017], [-72.071176, 7.831716], [-72.078921, 7.831711], [-72.08800099999985, 7.836758], [-72.093101, 7.847520000000145], [-72.10969199999982, 7.854065], [-72.117173, 7.850758], [-72.12053999999989, 7.842885], [-72.119428, 7.838271000000134], [-72.125834, 7.827499], [-72.134516, 7.817318], [-72.13842, 7.806831], [-72.141221, 7.786241000000132], [-72.140803, 7.785331], [-72.140048, 7.783686000000159], [-72.12215, 7.755362000000162], [-72.114085, 7.753098], [-72.110361, 7.746768000000145], [-72.09554899999989, 7.74413], [-72.09158999999988, 7.740011], [-72.07911, 7.73617], [-72.078573, 7.733511], [-72.083031, 7.728119], [-72.082403, 7.722251], [-72.074961, 7.708816], [-72.073923, 7.697635], [-72.073723, 7.694094000000177], [-72.053231, 7.697945000000118], [-72.047783, 7.702004], [-72.04439999999988, 7.712492000000111], [-72.03626, 7.722728], [-72.027843, 7.72716000000014], [-72.014941, 7.734758000000113], [-72.002727, 7.725358]]]}}, {"type": "Feature", "properties": {"parroquia": "Capital Córdoba", "municipio": "Córdoba", "estado": "Táchira", "pcode": "VE200601", "estado_pcode": "VE20", "municipio_pcode": "VE2006", "center_lat": 7.5526945, "center_lon": -72.20649003, "area_sqkm": 595.60128992}, "geometry": {"type": "Polygon", "coordinates": [[[-72.237718, 7.67679], [-72.264147, 7.669138000000146], [-72.270019, 7.674871], [-72.266703, 7.676752], [-72.269583, 7.679398000000162], [-72.268039, 7.682491], [-72.27602, 7.691754000000174], [-72.278126, 7.694070000000124], [-72.284317, 7.691633000000138], [-72.292924, 7.677821], [-72.307529, 7.678463], [-72.310393, 7.671281], [-72.323957, 7.663437], [-72.327037, 7.652195000000177], [-72.289733, 7.646972], [-72.303109, 7.640803000000119], [-72.319374, 7.640459], [-72.33163, 7.627802], [-72.332905, 7.60283800000019], [-72.335225, 7.601077000000146], [-72.333887, 7.596239], [-72.34014199999984, 7.572480000000155], [-72.33326, 7.561930000000132], [-72.329687, 7.546319], [-72.331332, 7.544829], [-72.330535, 7.529054], [-72.33460699999989, 7.519702000000109], [-72.334261, 7.513324000000125], [-72.341199, 7.49946100000011], [-72.350356, 7.488345000000152], [-72.34901799999989, 7.483508000000143], [-72.352317, 7.474926], [-72.363913, 7.462794], [-72.372626, 7.457929], [-72.379108, 7.449007000000108], [-72.378798, 7.431211], [-72.38353399999983, 7.427458], [-72.38930501299984, 7.411898936000057], [-72.36532278499982, 7.421947599000021], [-72.34877310199988, 7.417806596000162], [-72.34319188599994, 7.419500658000175], [-72.34002980799988, 7.428629851000153], [-72.32807130299994, 7.425926858000025], [-72.32070705199999, 7.435070071000098], [-72.31007461999991, 7.432142062000025], [-72.30521642399987, 7.433697115000029], [-72.29522899399996, 7.426701020000166], [-72.28815071099996, 7.426726052000106], [-72.28197347399998, 7.429933144000074], [-72.2744301439999, 7.425235095000119], [-72.26358270499998, 7.423186104000138], [-72.25763348199996, 7.427929223000092], [-72.24456893699988, 7.424788217000071], [-72.23596561499994, 7.429540359000157], [-72.22943834899996, 7.428903375], [-72.22205208399998, 7.433980505000022], [-72.21262667699995, 7.428409443000021], [-72.20972452399997, 7.422707338000123], [-72.20037187499992, 7.4201598410001], [-72.1940929999999, 7.428336], [-72.192812, 7.438445000000172], [-72.182743, 7.442136], [-72.179722, 7.445858000000158], [-72.168867, 7.447730000000149], [-72.156758, 7.465596000000119], [-72.14456399999989, 7.468669], [-72.141959, 7.475264000000152], [-72.135071, 7.478613000000109], [-72.1315709999999, 7.486304000000189], [-72.123762, 7.493507], [-72.114163, 7.490976], [-72.111459, 7.496245000000101], [-72.112173, 7.502655], [-72.096647, 7.515633], [-72.090015, 7.519580000000133], [-72.077187, 7.520109], [-72.07542299999989, 7.523955], [-72.06105299999984, 7.53052700000012], [-72.055752, 7.536456], [-72.06128, 7.535036000000161], [-72.079324, 7.548152000000186], [-72.084322, 7.564875], [-72.078686, 7.569484], [-72.08012999999988, 7.574105000000145], [-72.085438, 7.573234000000184], [-72.093964, 7.579847], [-72.12638, 7.585069], [-72.139005, 7.595427], [-72.15527, 7.598862], [-72.156827, 7.604802000000177], [-72.165249, 7.614713], [-72.170454, 7.61923], [-72.19004699999988, 7.626628], [-72.196351, 7.625648000000126], [-72.202776, 7.631486000000166], [-72.206534, 7.628303], [-72.210703, 7.629877], [-72.209933, 7.632517], [-72.21601, 7.628444], [-72.229847, 7.631953], [-72.2334039999999, 7.641187000000116], [-72.225124, 7.651529000000153], [-72.22568599999983, 7.656477000000109], [-72.2334, 7.673814000000164], [-72.237718, 7.67679]]]}}, {"type": "Feature", "properties": {"parroquia": "Fernández Feo", "municipio": "Fernández Feo", "estado": "Táchira", "pcode": "VE200701", "estado_pcode": "VE20", "municipio_pcode": "VE2007", "center_lat": 7.5958545, "center_lon": -71.91889076, "area_sqkm": 361.76958182}, "geometry": {"type": "Polygon", "coordinates": [[[-72.002727, 7.725358], [-72.014941, 7.734758000000113], [-72.027843, 7.72716000000014], [-72.011989, 7.721301], [-72.008206, 7.700905], [-72.014578, 7.692055], [-72.014511, 7.67866800000013], [-72.017372, 7.674612], [-72.010693, 7.666063], [-72.01174199999986, 7.662762000000157], [-72.005794, 7.663575], [-72.002676, 7.667269], [-71.989227, 7.669645000000173], [-71.984473, 7.663747000000114], [-71.987853, 7.659197], [-71.98478, 7.653276], [-71.995531, 7.619535], [-72.001381, 7.61166500000013], [-72.007574, 7.585655], [-71.999483, 7.575057000000186], [-71.998474, 7.569716], [-71.992554, 7.564564000000132], [-71.988981, 7.554633], [-71.981118, 7.550604], [-71.983432, 7.534573], [-71.96525999999989, 7.510882], [-71.954752, 7.510451000000103], [-71.93916, 7.497291000000132], [-71.923773, 7.488615], [-71.91482299999984, 7.489379], [-71.906317, 7.479438000000187], [-71.89146099999988, 7.472827000000109], [-71.88981, 7.457996], [-71.885159, 7.457862], [-71.881832, 7.474977], [-71.878741, 7.476211], [-71.866617, 7.466124], [-71.86009799999988, 7.469802000000129], [-71.856554, 7.480532], [-71.85215578999998, 7.48250118600015], [-71.84060492599997, 7.488802379000049], [-71.84198300599996, 7.495804512000063], [-71.84867330899988, 7.501031592000174], [-71.85225044599991, 7.500971574], [-71.85472051199991, 7.49213337700013], [-71.85875370299993, 7.498057485000061], [-71.86663802099991, 7.497178431000123], [-71.86971016899992, 7.50361153700004], [-71.87459337099995, 7.503271515000165], [-71.8751513709999, 7.498866421000173], [-71.88328872499989, 7.504499490000057], [-71.86721210399992, 7.510615699000141], [-71.85931977199988, 7.509590712000147], [-71.85457362399995, 7.516534871000147], [-71.85510868599988, 7.525476052000158], [-71.85270358699995, 7.526173078000113], [-71.84508724299991, 7.518542959], [-71.84143810499995, 7.519722994000062], [-71.83926106599995, 7.531728250000015], [-71.83161257099994, 7.53420222699998], [-71.827602, 7.54755200000011], [-71.834001, 7.555704000000105], [-71.835075, 7.564291], [-71.838562, 7.56499], [-71.836338, 7.570115], [-71.83877999999987, 7.585037000000113], [-71.833211, 7.59652], [-71.81853299999989, 7.60999100000015], [-71.81515, 7.609803], [-71.81190899999984, 7.616467], [-71.804438, 7.618242], [-71.804435, 7.622072], [-71.814977, 7.633125], [-71.810395, 7.638364000000138], [-71.80117399999989, 7.63892], [-71.803324, 7.656401000000187], [-71.798352, 7.669371], [-71.801257, 7.673342000000162], [-71.798193, 7.685859], [-71.79005199999989, 7.692374000000143], [-71.789737, 7.702924000000166], [-71.814767, 7.693818], [-71.815663, 7.690841000000148], [-71.812057, 7.688822], [-71.814359, 7.68266], [-71.821421, 7.68158], [-71.831356, 7.669520000000148], [-71.842685, 7.664310000000171], [-71.84365799999989, 7.648531], [-71.855338, 7.648166], [-71.860202, 7.638528000000179], [-71.875363, 7.637736], [-71.881223, 7.64098], [-71.883037, 7.635652000000107], [-71.890587, 7.630091], [-71.90370399999989, 7.630229], [-71.95197799999988, 7.680013], [-71.964139, 7.67643100000015], [-71.966616, 7.678254000000152], [-71.971821, 7.686914000000115], [-71.974834, 7.702043000000117], [-71.983328, 7.711596], [-71.978908, 7.7210520000001], [-71.981341, 7.729018], [-71.98923, 7.728747000000169], [-71.996362, 7.724285000000123], [-72.002727, 7.725358]]]}}, {"type": "Feature", "properties": {"parroquia": "Alberto Adriani", "municipio": "Fernández Feo", "estado": "Táchira", "pcode": "VE200702", "estado_pcode": "VE20", "municipio_pcode": "VE2007", "center_lat": 7.45236308, "center_lon": -72.01029931, "area_sqkm": 455.48450473}, "geometry": {"type": "Polygon", "coordinates": [[[-71.983432, 7.534573], [-72.003153, 7.542709000000173], [-72.009195, 7.543015], [-72.043905, 7.535109000000148], [-72.055752, 7.536456], [-72.06105299999984, 7.53052700000012], [-72.07542299999989, 7.523955], [-72.077187, 7.520109], [-72.090015, 7.519580000000133], [-72.096647, 7.515633], [-72.112173, 7.502655], [-72.111459, 7.496245000000101], [-72.114163, 7.490976], [-72.123762, 7.493507], [-72.1315709999999, 7.486304000000189], [-72.135071, 7.478613000000109], [-72.141959, 7.475264000000152], [-72.14456399999989, 7.468669], [-72.156758, 7.465596000000119], [-72.168867, 7.447730000000149], [-72.179722, 7.445858000000158], [-72.182743, 7.442136], [-72.192812, 7.438445000000172], [-72.1940929999999, 7.428336], [-72.20037187499992, 7.4201598410001], [-72.19344484599998, 7.417488310000124], [-72.18051326099993, 7.403055087000041], [-72.17080185899994, 7.400856087000022], [-72.16621359499999, 7.38270375400009], [-72.16278945399995, 7.382336761000033], [-72.15741925399993, 7.387263878000113], [-72.13480634599989, 7.387401995000062], [-72.12890014499999, 7.395035166000071], [-72.12220086899998, 7.395155200000033], [-72.10326414999992, 7.403441456000166], [-72.08996359599996, 7.401330476000112], [-72.07612000499995, 7.394332400000167], [-72.07100974899998, 7.383130197000128], [-72.05864418299984, 7.369530982000128], [-72.03604324399998, 7.362775954000085], [-72.03281212099989, 7.36539002100011], [-72.0164904419999, 7.361130018000154], [-72.00441097499998, 7.364200130000143], [-71.99421356099992, 7.362960147000138], [-71.97817893399997, 7.369099353000024], [-71.95586310599998, 7.385205774000156], [-71.94393463299997, 7.387195863000045], [-71.94300561199992, 7.389933930000041], [-71.9377764009999, 7.391151978000096], [-71.93719039599989, 7.395148060000167], [-71.92971109599995, 7.394784078000043], [-71.91755261599991, 7.399055221000026], [-71.9062512139999, 7.40884847600006], [-71.8876234629999, 7.410804599000187], [-71.88060020899991, 7.417295754000179], [-71.87506598699997, 7.416715775000057], [-71.87438098199993, 7.42142887], [-71.8703968189999, 7.423089920000166], [-71.86614468199997, 7.430486096000152], [-71.86326155699999, 7.427659049000113], [-71.86183651199985, 7.429489094000076], [-71.86155552799994, 7.437435255000025], [-71.85779437799988, 7.438275289999979], [-71.85748137999991, 7.440661330000069], [-71.86102852999988, 7.44091932800012], [-71.85375826199999, 7.446837469000116], [-71.85630839699996, 7.453072588000055], [-71.85345329199998, 7.45645466700006], [-71.85390034499994, 7.464601830000106], [-71.84999019299988, 7.465184857000111], [-71.84838014999997, 7.469595951000031], [-71.85215578999998, 7.48250118600015], [-71.856554, 7.480532], [-71.86009799999988, 7.469802000000129], [-71.866617, 7.466124], [-71.878741, 7.476211], [-71.881832, 7.474977], [-71.885159, 7.457862], [-71.88981, 7.457996], [-71.89146099999988, 7.472827000000109], [-71.906317, 7.479438000000187], [-71.91482299999984, 7.489379], [-71.923773, 7.488615], [-71.93916, 7.497291000000132], [-71.954752, 7.510451000000103], [-71.96525999999989, 7.510882], [-71.983432, 7.534573]]]}}, {"type": "Feature", "properties": {"parroquia": "Santo Domingo", "municipio": "Fernández Feo", "estado": "Táchira", "pcode": "VE200703", "estado_pcode": "VE20", "municipio_pcode": "VE2007", "center_lat": 7.630854, "center_lon": -72.07015634, "area_sqkm": 211.82846707}, "geometry": {"type": "Polygon", "coordinates": [[[-72.055752, 7.536456], [-72.043905, 7.535109000000148], [-72.009195, 7.543015], [-72.003153, 7.542709000000173], [-71.983432, 7.534573], [-71.981118, 7.550604], [-71.988981, 7.554633], [-71.992554, 7.564564000000132], [-71.998474, 7.569716], [-71.999483, 7.575057000000186], [-72.007574, 7.585655], [-72.001381, 7.61166500000013], [-71.995531, 7.619535], [-71.98478, 7.653276], [-71.987853, 7.659197], [-71.984473, 7.663747000000114], [-71.989227, 7.669645000000173], [-72.002676, 7.667269], [-72.005794, 7.663575], [-72.01174199999986, 7.662762000000157], [-72.010693, 7.666063], [-72.017372, 7.674612], [-72.014511, 7.67866800000013], [-72.014578, 7.692055], [-72.008206, 7.700905], [-72.011989, 7.721301], [-72.027843, 7.72716000000014], [-72.03626, 7.722728], [-72.04439999999988, 7.712492000000111], [-72.047783, 7.702004], [-72.053231, 7.697945000000118], [-72.073723, 7.694094000000177], [-72.082101, 7.680871], [-72.078518, 7.669563000000153], [-72.067948, 7.65677200000016], [-72.071484, 7.653259000000105], [-72.070812, 7.645781], [-72.076556, 7.638315000000148], [-72.08816399999984, 7.631188], [-72.104095, 7.633086], [-72.1090789999999, 7.636613000000182], [-72.130425, 7.632691], [-72.136402, 7.63534], [-72.15166, 7.628547], [-72.152209, 7.625908000000152], [-72.1607259999999, 7.624273], [-72.16126999999989, 7.617346000000111], [-72.165249, 7.614713], [-72.156827, 7.604802000000177], [-72.15527, 7.598862], [-72.139005, 7.595427], [-72.12638, 7.585069], [-72.093964, 7.579847], [-72.085438, 7.573234000000184], [-72.08012999999988, 7.574105000000145], [-72.078686, 7.569484], [-72.084322, 7.564875], [-72.079324, 7.548152000000186], [-72.06128, 7.535036000000161], [-72.055752, 7.536456]]]}}, {"type": "Feature", "properties": {"parroquia": "San José de Bolívar", "municipio": "Francisco de Miranda", "estado": "Táchira", "pcode": "VE200801", "estado_pcode": "VE20", "municipio_pcode": "VE2008", "center_lat": 7.926837, "center_lon": -71.89509269, "area_sqkm": 258.99594624}, "geometry": {"type": "Polygon", "coordinates": [[[-71.875065, 7.937975000000108], [-71.887795, 7.946519], [-71.898133, 7.943993], [-71.902774, 7.94723], [-71.905276, 7.952016000000128], [-71.904952, 7.96234], [-71.91424799999987, 7.970245], [-71.91620099999989, 7.982905], [-71.921895, 7.98930200000018], [-71.917207, 7.997933], [-71.917694, 8.003688000000125], [-71.92540999999989, 8.014104], [-71.922745, 8.026734], [-71.928633, 8.032977], [-71.93264099999982, 8.030178], [-71.958323, 8.03163000000012], [-71.96780799999988, 8.019145], [-71.98767, 8.004976000000113], [-71.983898, 7.996106], [-71.98734, 7.990868], [-71.978735, 7.979996], [-71.978489, 7.975195], [-71.967031, 7.978447000000131], [-71.965966, 7.973856], [-71.95894, 7.967776], [-71.96418399999988, 7.95731300000017], [-71.962976, 7.947920000000124], [-71.965241, 7.93686600000018], [-71.970207, 7.929982000000109], [-71.969412, 7.920893], [-71.978565, 7.912037000000169], [-71.97912, 7.90488], [-71.976607, 7.898766], [-71.98373, 7.892378000000178], [-71.98746099999988, 7.885095000000149], [-71.984773, 7.882355], [-71.994516, 7.870736], [-71.984636, 7.866312000000164], [-71.971322, 7.868043], [-71.964435, 7.865845], [-71.958026, 7.871818], [-71.940643, 7.865198], [-71.932451, 7.866381], [-71.932999, 7.870567000000165], [-71.92187399999989, 7.864514], [-71.91345799999988, 7.863348], [-71.9107479999999, 7.858053000000154], [-71.906324, 7.856142000000148], [-71.906402, 7.853280000000154], [-71.89846399999988, 7.848021], [-71.869876, 7.837593], [-71.859376, 7.832555], [-71.8550249999999, 7.826964], [-71.84579, 7.826006000000177], [-71.836713, 7.819221], [-71.833972, 7.822715000000187], [-71.827505, 7.821635000000185], [-71.820551, 7.823931], [-71.822463, 7.832196000000181], [-71.818519, 7.838867], [-71.81411999999989, 7.840124000000174], [-71.811165, 7.855169000000103], [-71.80149, 7.863515000000177], [-71.80224699999985, 7.868313000000171], [-71.796239, 7.860791], [-71.793191, 7.864287000000104], [-71.79383599999989, 7.867646], [-71.796733, 7.871213000000125], [-71.795125, 7.875312000000179], [-71.778553, 7.893005000000187], [-71.78921, 7.90479], [-71.801985, 7.912062000000105], [-71.810188, 7.912005], [-71.816127, 7.923514000000125], [-71.825628, 7.931523], [-71.847816, 7.936069000000145], [-71.85709899999989, 7.930077000000153], [-71.86454, 7.937076000000161], [-71.871591, 7.934063], [-71.875065, 7.937975000000108]]]}}, {"type": "Feature", "properties": {"parroquia": "García de Hevia", "municipio": "García de Hevia", "estado": "Táchira", "pcode": "VE200901", "estado_pcode": "VE20", "municipio_pcode": "VE2009", "center_lat": 8.2508915, "center_lon": -72.23418152, "area_sqkm": 339.29476652}, "geometry": {"type": "Polygon", "coordinates": [[[-72.34210499999989, 8.288176], [-72.335703, 8.283399], [-72.32981899999987, 8.28545800000012], [-72.331719, 8.28238400000015], [-72.32652799999988, 8.279267000000175], [-72.31994, 8.267766000000165], [-72.320624, 8.264243], [-72.316978, 8.262238], [-72.318674, 8.256187], [-72.321557, 8.255763000000172], [-72.32327599999985, 8.245194], [-72.31686099999985, 8.24306200000018], [-72.321666, 8.235707], [-72.31636, 8.233251], [-72.320259, 8.229527000000132], [-72.314746, 8.224425], [-72.31810699999988, 8.217612000000145], [-72.311673, 8.219006], [-72.310052, 8.211503], [-72.30628499999989, 8.21126], [-72.30144, 8.205721], [-72.301805, 8.19966200000016], [-72.296072, 8.194559], [-72.294015, 8.18573], [-72.291137, 8.185162], [-72.29050299999989, 8.179538], [-72.28566299999989, 8.173008000000152], [-72.266775, 8.162756000000115], [-72.217628, 8.166073], [-72.210556, 8.17017600000014], [-72.139849, 8.242276000000174], [-72.14451, 8.245357000000183], [-72.151307, 8.26012], [-72.15796399999982, 8.263528000000179], [-72.159872, 8.272565], [-72.159027, 8.27584700000017], [-72.128867, 8.297396], [-72.134241, 8.302478], [-72.130932, 8.308325000000139], [-72.13439099999982, 8.317691], [-72.129633, 8.320453000000157], [-72.127764, 8.32663], [-72.1305349999999, 8.339621], [-72.351072, 8.331547], [-72.35399, 8.313015], [-72.352002, 8.307294], [-72.338006, 8.296868], [-72.34210499999989, 8.288176]]]}}, {"type": "Feature", "properties": {"parroquia": "Boca de Grita", "municipio": "García de Hevia", "estado": "Táchira", "pcode": "VE200902", "estado_pcode": "VE20", "municipio_pcode": "VE2009", "center_lat": 8.35879642, "center_lon": -72.37053524, "area_sqkm": 70.98729911}, "geometry": {"type": "Polygon", "coordinates": [[[-72.351072, 8.331547], [-72.344128, 8.353201], [-72.34665199999989, 8.365590000000168], [-72.34474, 8.370414], [-72.34805199999988, 8.375061], [-72.341934, 8.388968], [-72.346582, 8.39188], [-72.349324, 8.399283000000139], [-72.347053, 8.409643], [-72.354626, 8.416968], [-72.35467099999983, 8.42185], [-72.361778, 8.426055000000133], [-72.36118271899994, 8.431273936000139], [-72.36864797399994, 8.43114209100014], [-72.36808592599994, 8.425387974000046], [-72.37015299599994, 8.423066915000106], [-72.37407618999993, 8.429078024000148], [-72.38031344099988, 8.430555012000127], [-72.38305349199993, 8.418133742], [-72.39296587699994, 8.41508262200017], [-72.39299982699993, 8.406158436000055], [-72.40415326799996, 8.404493346000095], [-72.39544488999991, 8.399966296000173], [-72.39372380099996, 8.396170221999967], [-72.40589426999992, 8.392485090999969], [-72.40206502899991, 8.375345747000097], [-72.40646475799997, 8.366895081000052], [-72.40289872299996, 8.363836907000177], [-72.40796466599983, 8.360287384], [-72.40406637299986, 8.360857346000103], [-72.40280309899998, 8.355649465000056], [-72.3992074759999, 8.360559130000127], [-72.39182078199997, 8.356823760000168], [-72.39366967299992, 8.350564003000102], [-72.38896633099995, 8.34933942500004], [-72.38792260499986, 8.345341970000106], [-72.39508452299992, 8.34332760600006], [-72.39224775099996, 8.33836011000011], [-72.39503198999995, 8.331258327000057], [-72.3914668189999, 8.328086294000059], [-72.39536213899999, 8.325822807000065], [-72.39260223199989, 8.320587489000161], [-72.3812357139999, 8.315029732000141], [-72.36995, 8.303769000000102], [-72.365292, 8.304513], [-72.363873, 8.300427000000184], [-72.361077, 8.305039], [-72.3595519999999, 8.300181], [-72.346105, 8.286216000000138], [-72.34210499999989, 8.288176], [-72.338006, 8.296868], [-72.352002, 8.307294], [-72.35399, 8.313015], [-72.351072, 8.331547]]]}}, {"type": "Feature", "properties": {"parroquia": "Capital Guasimos", "municipio": "Guasimos", "estado": "Táchira", "pcode": "VE201001", "estado_pcode": "VE20", "municipio_pcode": "VE2010", "center_lat": 7.8550805, "center_lon": -72.23202801, "area_sqkm": 33.74047737}, "geometry": {"type": "Polygon", "coordinates": [[[-72.20363, 7.873169000000132], [-72.202301, 7.877355], [-72.194884, 7.879878000000133], [-72.194328, 7.884836], [-72.215426, 7.883543000000145], [-72.223543, 7.875826], [-72.238744, 7.868935000000135], [-72.259079, 7.874363000000187], [-72.259525, 7.859923], [-72.263621, 7.851001], [-72.265837, 7.835684000000128], [-72.27321599999988, 7.829383000000121], [-72.276122, 7.829556], [-72.276684, 7.828646000000106], [-72.267811, 7.829955], [-72.254125, 7.82549100000017], [-72.22362, 7.826233000000116], [-72.22345299999989, 7.830885], [-72.219304, 7.834968], [-72.212474, 7.836161000000175], [-72.209571, 7.844099], [-72.20062599999989, 7.845518], [-72.19940899999989, 7.852529000000175], [-72.206848, 7.859313000000157], [-72.20363, 7.873169000000132]]]}}, {"type": "Feature", "properties": {"parroquia": "Independencia", "municipio": "Independencia", "estado": "Táchira", "pcode": "VE201101", "estado_pcode": "VE20", "municipio_pcode": "VE2011", "center_lat": 7.829101, "center_lon": -72.29634866, "area_sqkm": 24.90298748}, "geometry": {"type": "Polygon", "coordinates": [[[-72.306132, 7.798723000000166], [-72.30295799999988, 7.794835000000148], [-72.290576, 7.789757000000122], [-72.26723, 7.796125000000131], [-72.26058499999982, 7.801733000000127], [-72.266173, 7.81397], [-72.27082, 7.817945], [-72.274915, 7.815966], [-72.27712799999989, 7.818947000000151], [-72.276684, 7.828646000000106], [-72.276122, 7.829556], [-72.296224, 7.831696], [-72.299009, 7.8425170000001], [-72.308208, 7.856132], [-72.31060899999983, 7.868466], [-72.316312, 7.854212000000132], [-72.315973, 7.824623000000145], [-72.306132, 7.798723000000166]]]}}, {"type": "Feature", "properties": {"parroquia": "Juan Germán Roscio", "municipio": "Independencia", "estado": "Táchira", "pcode": "VE201102", "estado_pcode": "VE20", "municipio_pcode": "VE2011", "center_lat": 7.773559, "center_lon": -72.27222728, "area_sqkm": 7.73531365}, "geometry": {"type": "Polygon", "coordinates": [[[-72.264937, 7.752048], [-72.266516, 7.771698000000185], [-72.26155599999987, 7.784952], [-72.262125, 7.795328], [-72.26723, 7.796125000000131], [-72.290576, 7.789757000000122], [-72.30295799999988, 7.794835000000148], [-72.286893, 7.78216], [-72.288437, 7.778956000000107], [-72.28666, 7.775094000000138], [-72.281682, 7.775874], [-72.276475, 7.771795], [-72.264937, 7.752048]]]}}, {"type": "Feature", "properties": {"parroquia": "Román Cárdenas", "municipio": "Independencia", "estado": "Táchira", "pcode": "VE201103", "estado_pcode": "VE20", "municipio_pcode": "VE2011", "center_lat": 7.854389, "center_lon": -72.28431634, "area_sqkm": 21.17185628}, "geometry": {"type": "Polygon", "coordinates": [[[-72.276122, 7.829556], [-72.27321599999988, 7.829383000000121], [-72.265837, 7.835684000000128], [-72.263621, 7.851001], [-72.259525, 7.859923], [-72.259079, 7.874363000000187], [-72.267158, 7.875257], [-72.272251, 7.867549], [-72.283319, 7.871975000000134], [-72.294387, 7.872212], [-72.306551, 7.879506000000106], [-72.31060899999983, 7.868466], [-72.308208, 7.856132], [-72.299009, 7.8425170000001], [-72.296224, 7.831696], [-72.276122, 7.829556]]]}}, {"type": "Feature", "properties": {"parroquia": "Jáuregui", "municipio": "Jáuregui", "estado": "Táchira", "pcode": "VE201201", "estado_pcode": "VE20", "municipio_pcode": "VE2012", "center_lat": 8.096288, "center_lon": -71.96884414, "area_sqkm": 204.80538183}, "geometry": {"type": "Polygon", "coordinates": [[[-71.89836830899986, 8.155665679000094], [-71.90360578399998, 8.163827919000084], [-71.90249279799997, 8.17617917399997], [-71.91169562299996, 8.1892125440001], [-71.91581, 8.1846910000001], [-71.966055, 8.168172], [-71.968644, 8.163003000000117], [-71.994337, 8.160287], [-71.998028, 8.163206], [-71.997783, 8.166375], [-72.0135, 8.154556], [-72.0197419999999, 8.153227000000186], [-72.02091, 8.14463400000011], [-72.035499, 8.133409], [-72.045952, 8.111667000000182], [-72.033006, 8.110114000000124], [-72.03217, 8.103047000000174], [-72.019834, 8.093447], [-72.027922, 8.014219], [-72.02440099999984, 8.011099000000115], [-71.999436, 8.018874], [-71.98767, 8.004976000000113], [-71.96780799999988, 8.019145], [-71.958323, 8.03163000000012], [-71.93264099999982, 8.030178], [-71.928633, 8.032977], [-71.92546, 8.042506000000117], [-71.929766, 8.047054], [-71.928276, 8.056685000000186], [-71.919726, 8.062453000000119], [-71.92240599999985, 8.071323], [-71.91671, 8.074638], [-71.912479, 8.083363], [-71.916253, 8.088172], [-71.91428799999989, 8.101869], [-71.91602499999982, 8.106484000000137], [-71.909889, 8.121032000000184], [-71.903555, 8.12673100000012], [-71.904567, 8.133464000000117], [-71.902405, 8.138047], [-71.904307, 8.144433000000163], [-71.89836830899986, 8.155665679000094]]]}}, {"type": "Feature", "properties": {"parroquia": "Emilio Constantino Guerrero", "municipio": "Jáuregui", "estado": "Táchira", "pcode": "VE201202", "estado_pcode": "VE20", "municipio_pcode": "VE2012", "center_lat": 8.2969595, "center_lon": -71.93168419, "area_sqkm": 166.04457352}, "geometry": {"type": "Polygon", "coordinates": [[[-71.8975109999999, 8.354955], [-71.899755, 8.360534], [-71.920302, 8.366961000000117], [-71.93010899999985, 8.376753000000122], [-71.97247099999987, 8.383601], [-72.01896, 8.344546], [-71.993074, 8.321591000000126], [-71.987398, 8.320532000000128], [-71.982603, 8.315765], [-71.975558, 8.292454], [-71.96588499999984, 8.286009], [-71.962785, 8.287688], [-71.953383, 8.284245000000112], [-71.952296, 8.270645000000172], [-71.955919, 8.263139000000137], [-71.95289099999985, 8.255015000000128], [-71.951566, 8.233843], [-71.944917, 8.236207], [-71.923683, 8.232066], [-71.911865, 8.235033], [-71.90785784299999, 8.210584372000085], [-71.90033190999998, 8.214239986000052], [-71.8909686429999, 8.236581506000107], [-71.86379005399994, 8.26421238100005], [-71.866932, 8.273202], [-71.878565, 8.286185], [-71.887363, 8.3009330000001], [-71.886577, 8.308616], [-71.875071, 8.321598], [-71.8783519999999, 8.322128], [-71.883488, 8.318331], [-71.89545799999985, 8.319215], [-71.899316, 8.324385], [-71.893701, 8.324639000000104], [-71.88959199999988, 8.329691000000139], [-71.88600299999985, 8.34611], [-71.8975109999999, 8.354955]]]}}, {"type": "Feature", "properties": {"parroquia": "Monseñor Miguel Antonio Salas", "municipio": "Jáuregui", "estado": "Táchira", "pcode": "VE201203", "estado_pcode": "VE20", "municipio_pcode": "VE2012", "center_lat": 8.194379, "center_lon": -71.95403891, "area_sqkm": 69.17761092}, "geometry": {"type": "Polygon", "coordinates": [[[-71.90785784299999, 8.210584372000085], [-71.911865, 8.235033], [-71.923683, 8.232066], [-71.944917, 8.236207], [-71.951566, 8.233843], [-71.9607309999999, 8.22428500000018], [-71.961964, 8.219252], [-71.976577, 8.212628], [-71.980023, 8.2068000000001], [-71.987643, 8.204769000000113], [-71.98967299999987, 8.199912], [-72.001001, 8.190462000000139], [-72.010885, 8.191509], [-72.0166559999999, 8.195691], [-72.03536, 8.189276], [-72.035897, 8.182220000000143], [-72.031759, 8.17639], [-72.03086, 8.162706], [-72.037022, 8.152946], [-72.025941, 8.153616], [-72.021491, 8.156332], [-72.0197419999999, 8.153227000000186], [-72.0135, 8.154556], [-71.997783, 8.166375], [-71.998028, 8.163206], [-71.994337, 8.160287], [-71.968644, 8.163003000000117], [-71.966055, 8.168172], [-71.91581, 8.1846910000001], [-71.91169562299996, 8.1892125440001], [-71.9120103059999, 8.200111625000147], [-71.90785784299999, 8.210584372000085]]]}}, {"type": "Feature", "properties": {"parroquia": "Vargas", "municipio": "José María Vargas", "estado": "Táchira", "pcode": "VE201301", "estado_pcode": "VE20", "municipio_pcode": "VE2013", "center_lat": 8.0196915, "center_lon": -72.078126, "area_sqkm": 184.90377644}, "geometry": {"type": "Polygon", "coordinates": [[[-72.045952, 8.111667000000182], [-72.050454, 8.101561000000117], [-72.05922, 8.099215000000186], [-72.068774, 8.079007], [-72.08474599999983, 8.075513000000171], [-72.09419999999983, 8.08552600000013], [-72.099396, 8.086786000000131], [-72.108957, 8.081689], [-72.127458, 8.080863], [-72.13681, 8.07355500000017], [-72.136787, 8.060649], [-72.128088, 8.053181000000166], [-72.125919, 8.04643300000015], [-72.131882, 8.032588], [-72.129293, 8.022416], [-72.13013, 8.013268], [-72.13436599999989, 8.009114], [-72.136639, 8.000531], [-72.146046, 8.001166000000183], [-72.15235699999988, 7.99732900000015], [-72.14747299999988, 7.985028], [-72.125548, 7.977792000000136], [-72.114479, 7.97780100000017], [-72.121116, 7.972962], [-72.132626, 7.971196], [-72.139253, 7.957128000000125], [-72.142553, 7.93779], [-72.121516, 7.929236000000174], [-72.08720199999982, 7.927722000000131], [-72.078568, 7.925091], [-72.08080299999989, 7.950137], [-72.079034, 7.952116], [-72.071064, 7.950802], [-72.061329, 7.95696], [-72.05159699999984, 7.967293], [-72.048734, 7.986189], [-72.03611199999989, 7.998852], [-72.032722, 8.008749], [-72.027922, 8.014219], [-72.019834, 8.093447], [-72.03217, 8.103047000000174], [-72.033006, 8.110114000000124], [-72.045952, 8.111667000000182]]]}}, {"type": "Feature", "properties": {"parroquia": "Junín", "municipio": "Junín", "estado": "Táchira", "pcode": "VE201401", "estado_pcode": "VE20", "municipio_pcode": "VE2014", "center_lat": 7.6780835, "center_lon": -72.35021335, "area_sqkm": 153.83913947}, "geometry": {"type": "Polygon", "coordinates": [[[-72.327037, 7.652195000000177], [-72.323957, 7.663437], [-72.310393, 7.671281], [-72.307529, 7.678463], [-72.292924, 7.677821], [-72.284317, 7.691633000000138], [-72.286646, 7.695383], [-72.2842169999999, 7.698367], [-72.290537, 7.70686], [-72.305589, 7.70982], [-72.3098, 7.713899], [-72.312471, 7.72361], [-72.317014, 7.727690000000109], [-72.31859, 7.743365000000153], [-72.33784799999984, 7.746981000000176], [-72.33706099999989, 7.764809000000184], [-72.34622599999989, 7.754729000000168], [-72.352586, 7.759036], [-72.349525, 7.78119], [-72.3512, 7.790021], [-72.36048, 7.780953000000125], [-72.362017, 7.773775], [-72.366882, 7.770897000000161], [-72.37162599999988, 7.762499], [-72.379701, 7.760941], [-72.389931, 7.752673], [-72.409307, 7.73296], [-72.408728, 7.721744000000172], [-72.407796, 7.693765000000155], [-72.400705, 7.688477], [-72.394377, 7.679273], [-72.387492, 7.666915], [-72.3838879999999, 7.650171], [-72.387523, 7.643087], [-72.38562899999988, 7.630211], [-72.398647, 7.615477], [-72.40544099999983, 7.612066], [-72.414416, 7.584507000000144], [-72.406093, 7.577798000000143], [-72.4052, 7.57417], [-72.398007, 7.573408], [-72.391096, 7.566392000000178], [-72.389433, 7.583391000000177], [-72.362284, 7.595624000000157], [-72.356495, 7.602703], [-72.34760499999987, 7.603021], [-72.35774, 7.634015], [-72.35671899999988, 7.640184], [-72.351623, 7.642872], [-72.34684, 7.650813], [-72.349636, 7.656674], [-72.349986, 7.664788000000101], [-72.347652, 7.668715000000134], [-72.327037, 7.652195000000177]]]}}, {"type": "Feature", "properties": {"parroquia": "La Petrolea", "municipio": "Junín", "estado": "Táchira", "pcode": "VE201402", "estado_pcode": "VE20", "municipio_pcode": "VE2014", "center_lat": 7.5971175, "center_lon": -72.34779147, "area_sqkm": 58.56967248}, "geometry": {"type": "Polygon", "coordinates": [[[-72.331332, 7.544829], [-72.329687, 7.546319], [-72.33326, 7.561930000000132], [-72.34014199999984, 7.572480000000155], [-72.333887, 7.596239], [-72.335225, 7.601077000000146], [-72.332905, 7.60283800000019], [-72.33163, 7.627802], [-72.319374, 7.640459], [-72.303109, 7.640803000000119], [-72.289733, 7.646972], [-72.327037, 7.652195000000177], [-72.347652, 7.668715000000134], [-72.349986, 7.664788000000101], [-72.349636, 7.656674], [-72.34684, 7.650813], [-72.351623, 7.642872], [-72.35671899999988, 7.640184], [-72.35774, 7.634015], [-72.34760499999987, 7.603021], [-72.356495, 7.602703], [-72.362284, 7.595624000000157], [-72.389433, 7.583391000000177], [-72.391096, 7.566392000000178], [-72.396753, 7.557244], [-72.385882, 7.544940000000167], [-72.386972, 7.537460000000181], [-72.3834169999999, 7.530975], [-72.384258, 7.525821000000121], [-72.35219099999989, 7.543605], [-72.331332, 7.544829]]]}}, {"type": "Feature", "properties": {"parroquia": "Quinimari", "municipio": "Junín", "estado": "Táchira", "pcode": "VE201403", "estado_pcode": "VE20", "municipio_pcode": "VE2014", "center_lat": 7.479136, "center_lon": -72.373019, "area_sqkm": 51.95550847}, "geometry": {"type": "Polygon", "coordinates": [[[-72.38930501299984, 7.411898936000057], [-72.38353399999983, 7.427458], [-72.378798, 7.431211], [-72.379108, 7.449007000000108], [-72.372626, 7.457929], [-72.363913, 7.462794], [-72.352317, 7.474926], [-72.34901799999989, 7.483508000000143], [-72.350356, 7.488345000000152], [-72.341199, 7.49946100000011], [-72.334261, 7.513324000000125], [-72.33460699999989, 7.519702000000109], [-72.330535, 7.529054], [-72.331332, 7.544829], [-72.35219099999989, 7.543605], [-72.384258, 7.525821000000121], [-72.383504, 7.520858], [-72.388026, 7.514915000000144], [-72.395792, 7.477185000000134], [-72.39358299999986, 7.468179000000134], [-72.39640699999984, 7.457952], [-72.39112699999987, 7.441712000000109], [-72.393434, 7.438628], [-72.393675, 7.420720000000188], [-72.38932123799992, 7.411891282000113], [-72.38930501299984, 7.411898936000057]]]}}, {"type": "Feature", "properties": {"parroquia": "Bramon", "municipio": "Junín", "estado": "Táchira", "pcode": "VE201404", "estado_pcode": "VE20", "municipio_pcode": "VE2014", "center_lat": 7.6311575, "center_lon": -72.41320394, "area_sqkm": 33.15334393}, "geometry": {"type": "Polygon", "coordinates": [[[-72.414416, 7.584507000000144], [-72.40544099999983, 7.612066], [-72.398647, 7.615477], [-72.38562899999988, 7.630211], [-72.387523, 7.643087], [-72.3838879999999, 7.650171], [-72.387492, 7.666915], [-72.394377, 7.679273], [-72.40154399999989, 7.663743000000181], [-72.420957, 7.663056000000154], [-72.424137, 7.660097000000121], [-72.420305, 7.647284], [-72.42409, 7.639724], [-72.44739, 7.636036], [-72.439787, 7.629995], [-72.44039, 7.623507], [-72.4340279999999, 7.599979], [-72.427943, 7.600427], [-72.41498499999989, 7.595053000000178], [-72.414416, 7.584507000000144]]]}}, {"type": "Feature", "properties": {"parroquia": "Libertad", "municipio": "Libertad", "estado": "Táchira", "pcode": "VE201501", "estado_pcode": "VE20", "municipio_pcode": "VE2015", "center_lat": 7.8039905, "center_lon": -72.32965641, "area_sqkm": 29.81782614}, "geometry": {"type": "Polygon", "coordinates": [[[-72.306132, 7.798723000000166], [-72.315973, 7.824623000000145], [-72.316312, 7.854212000000132], [-72.326166, 7.850103000000161], [-72.330949, 7.840034000000173], [-72.344507, 7.837674000000106], [-72.339163, 7.830174], [-72.33785399999988, 7.822735], [-72.34061, 7.825621], [-72.3468069999999, 7.824417000000153], [-72.3532249999999, 7.818583], [-72.361317, 7.815678], [-72.363308, 7.809699], [-72.357319, 7.809334], [-72.352222, 7.80569800000012], [-72.350668, 7.80305], [-72.353086, 7.792889], [-72.3512, 7.790021], [-72.349525, 7.78119], [-72.352586, 7.759036], [-72.34622599999989, 7.754729000000168], [-72.33706099999989, 7.764809000000184], [-72.33109999999988, 7.776772], [-72.333843, 7.793152], [-72.306132, 7.798723000000166]]]}}, {"type": "Feature", "properties": {"parroquia": "Cipriano Castro", "municipio": "Libertad", "estado": "Táchira", "pcode": "VE201502", "estado_pcode": "VE20", "municipio_pcode": "VE2015", "center_lat": 7.8565215, "center_lon": -72.3590525, "area_sqkm": 73.70553873}, "geometry": {"type": "Polygon", "coordinates": [[[-72.389572, 7.824279000000104], [-72.375025, 7.80820400000016], [-72.363308, 7.809699], [-72.361317, 7.815678], [-72.3532249999999, 7.818583], [-72.3468069999999, 7.824417000000153], [-72.34061, 7.825621], [-72.33785399999988, 7.822735], [-72.339163, 7.830174], [-72.344507, 7.837674000000106], [-72.330949, 7.840034000000173], [-72.326166, 7.850103000000161], [-72.316312, 7.854212000000132], [-72.31060899999983, 7.868466], [-72.306551, 7.879506000000106], [-72.321503, 7.887574], [-72.328014, 7.896037], [-72.34264499999989, 7.905571], [-72.36367699999988, 7.902293], [-72.37685, 7.895697], [-72.383382, 7.900114], [-72.38758799999988, 7.895821000000126], [-72.401198, 7.859129], [-72.406399, 7.845465000000104], [-72.389572, 7.824279000000104]]]}}, {"type": "Feature", "properties": {"parroquia": "Libertador", "municipio": "Libertador", "estado": "Táchira", "pcode": "VE201601", "estado_pcode": "VE20", "municipio_pcode": "VE2016", "center_lat": 7.68377, "center_lon": -71.5657685, "area_sqkm": 324.04367423}, "geometry": {"type": "Polygon", "coordinates": [[[-71.49254459599996, 7.662249539000129], [-71.49806202199994, 7.706282416000022], [-71.49954710599991, 7.709478478000165], [-71.50662640299998, 7.710779469000045], [-71.50950055399994, 7.718632614000114], [-71.51475377199995, 7.719791617], [-71.5137347939999, 7.732278882000173], [-71.52048812099991, 7.743240074000084], [-71.53396171399999, 7.753225213000178], [-71.52466741099994, 7.76971560100003], [-71.52239241299992, 7.787061973000107], [-71.51444412999996, 7.797569229000146], [-71.52301153399998, 7.808572416000118], [-71.52318359599991, 7.818445611000129], [-71.51427429299997, 7.83186493400018], [-71.51413067599998, 7.840744540000173], [-71.522859, 7.831111000000135], [-71.530259, 7.827576], [-71.53203699999989, 7.819807], [-71.545645, 7.80413], [-71.546193, 7.796149000000128], [-71.55341, 7.787391], [-71.557158, 7.77472100000017], [-71.56177799999989, 7.773522], [-71.569039, 7.777664000000129], [-71.58258699999988, 7.774679], [-71.583284, 7.769256], [-71.600673, 7.767126], [-71.618285, 7.755258], [-71.616177, 7.743118000000152], [-71.612801, 7.737703], [-71.61416899999989, 7.735027000000173], [-71.646647, 7.714576], [-71.658733, 7.698852], [-71.666467, 7.694688], [-71.66451699999988, 7.678757], [-71.65057399999989, 7.680100000000152], [-71.644996, 7.68529], [-71.636642, 7.684459], [-71.642348, 7.666], [-71.639147, 7.661445], [-71.641956, 7.652131], [-71.63781299999988, 7.64870000000019], [-71.63544099999984, 7.63501], [-71.639465, 7.628103], [-71.627122, 7.618498], [-71.628715, 7.605568000000119], [-71.62353099999984, 7.599814], [-71.62066, 7.590433000000189], [-71.522343, 7.604367], [-71.407181, 7.528832], [-71.39920463999988, 7.526863225000113], [-71.39931016299988, 7.530025267000099], [-71.40726149899984, 7.531848269000079], [-71.40818155299985, 7.536090347000084], [-71.40565847199997, 7.539725439000108], [-71.39641407999983, 7.535572396000134], [-71.39433200899992, 7.539524486000118], [-71.39438602999996, 7.542580543000099], [-71.40182134299994, 7.54574157400009], [-71.40245039899992, 7.553204732000097], [-71.40649457699988, 7.553988727000046], [-71.41027570699993, 7.549305616000083], [-71.41126777899996, 7.556143749], [-71.41389485999997, 7.551381640000102], [-71.41860804199996, 7.549882579000098], [-71.43046354099988, 7.552260580000166], [-71.43588579499988, 7.55918869400017], [-71.43504577699991, 7.562828768999964], [-71.43187264799985, 7.563689804000091], [-71.42642440999998, 7.558715729000028], [-71.41779604999988, 7.558509761000039], [-71.42186424299996, 7.563866851000057], [-71.42109425299986, 7.572034031000101], [-71.41663209899997, 7.577828162000174], [-71.42548344999994, 7.574975067000082], [-71.43977004699985, 7.578130058999989], [-71.4430501899999, 7.58092110900003], [-71.44247119799996, 7.587431241000047], [-71.43630896799993, 7.591497357000037], [-71.44621035699998, 7.589873278000084], [-71.45407670299983, 7.594453325000018], [-71.4619180069999, 7.592161248000025], [-71.47309650099993, 7.598038319000182], [-71.48075983999996, 7.605239420000146], [-71.47742675599994, 7.615295649000018], [-71.48411399899999, 7.610649526000088], [-71.49414439899994, 7.608126420000076], [-71.49089724499999, 7.601911310999981], [-71.49411834099988, 7.596728184000028], [-71.50520483099996, 7.604833298000074], [-71.50463183799997, 7.609574408000128], [-71.49842761699995, 7.616329573000144], [-71.50128177199991, 7.624548721000053], [-71.49289643199995, 7.62565178400007], [-71.49225342099993, 7.628117835000126], [-71.49923071099994, 7.629143832000182], [-71.5009877999999, 7.633973916000173], [-71.48947339699998, 7.646855235000032], [-71.4938865879999, 7.64977127200018], [-71.50020983099995, 7.647817203000045], [-71.50352398799998, 7.651526271000023], [-71.49865482699988, 7.660175468000034], [-71.49254459599996, 7.662249539000129]]]}}, {"type": "Feature", "properties": {"parroquia": "Emeterio Ochoa", "municipio": "Libertador", "estado": "Táchira", "pcode": "VE201602", "estado_pcode": "VE20", "municipio_pcode": "VE2016", "center_lat": 7.54184804, "center_lon": -71.52348498, "area_sqkm": 219.12674425}, "geometry": {"type": "Polygon", "coordinates": [[[-71.39920463999988, 7.526863225000113], [-71.407181, 7.528832], [-71.522343, 7.604367], [-71.62066, 7.590433000000189], [-71.621263, 7.590603], [-71.61927621299998, 7.521267957000077], [-71.60951168499992, 7.521164107000175], [-71.60470247099983, 7.515606016000106], [-71.60124533799996, 7.518094087000179], [-71.60121936599995, 7.525090233000128], [-71.59824325499989, 7.526866280000093], [-71.59338903599996, 7.52199620600004], [-71.59256296299992, 7.513604035000128], [-71.58179851999995, 7.511000037000144], [-71.57622231799996, 7.518473215000085], [-71.57514531699996, 7.527032390000159], [-71.56164273899998, 7.521570337000014], [-71.55581946899997, 7.514041220000138], [-71.54803417199992, 7.519043358000147], [-71.53924081099996, 7.51618033], [-71.52980945199988, 7.52338952700012], [-71.52345715399991, 7.51515138200017], [-71.51244170499996, 7.513120400000162], [-71.51075761999994, 7.509524328000168], [-71.50245227099992, 7.508769360000031], [-71.50024716699994, 7.505011284000147], [-71.48811864599998, 7.498410217000071], [-71.47170636599992, 7.497094138000023], [-71.45604735099988, 7.501124413000127], [-71.44699401999998, 7.508898619000149], [-71.44075374099998, 7.505265566000048], [-71.43201638699992, 7.505520618000162], [-71.42296198699995, 7.499595538000051], [-71.41572066599997, 7.492709424000111], [-71.4146595819999, 7.48362025], [-71.41254647899996, 7.482149235000065], [-71.4016170129999, 7.477646184999969], [-71.39811689399994, 7.482808311000042], [-71.39552979499985, 7.482353311000054], [-71.39242864099992, 7.476663206000126], [-71.37686302399999, 7.481310375000135], [-71.36591454499995, 7.474876298000027], [-71.34785282399997, 7.478951467000172], [-71.33716637699996, 7.475753449000081], [-71.3291440619999, 7.478343534000032], [-71.31865787199996, 7.488972070000159], [-71.31677261599992, 7.49127485200006], [-71.32174284799993, 7.497129957000027], [-71.33349133199988, 7.498086920000105], [-71.3336834509999, 7.512998452000033], [-71.34348677799994, 7.505980035999983], [-71.35073407799996, 7.506570011000065], [-71.35716631599996, 7.501767879000113], [-71.36458362299999, 7.503205878000131], [-71.36732071299997, 7.497821759999965], [-71.37143786999997, 7.496789716000023], [-71.37616709299994, 7.501497798000059], [-71.36831981099994, 7.510084003000031], [-71.37637920899994, 7.524915271000054], [-71.38620458199983, 7.52039813500005], [-71.39124881999993, 7.526595238000027], [-71.39570798099993, 7.520549088], [-71.39787907099998, 7.520848091000119], [-71.39920463999988, 7.526863225000113]]]}}, {"type": "Feature", "properties": {"parroquia": "Doradas", "municipio": "Libertador", "estado": "Táchira", "pcode": "VE201603", "estado_pcode": "VE20", "municipio_pcode": "VE2016", "center_lat": 7.571137, "center_lon": -71.72864253, "area_sqkm": 160.59676343}, "geometry": {"type": "Polygon", "coordinates": [[[-71.621263, 7.590603], [-71.626269, 7.594721], [-71.630816, 7.590397], [-71.642703, 7.592767], [-71.64785899999987, 7.589992000000109], [-71.649993, 7.584901], [-71.660327, 7.586415000000102], [-71.66813999999988, 7.580357000000163], [-71.669442, 7.583712000000105], [-71.676855, 7.5867], [-71.68308799999988, 7.597188], [-71.689985, 7.60035], [-71.73779, 7.588060000000155], [-71.7765629999999, 7.597482], [-71.78978699999982, 7.612377], [-71.804435, 7.622072], [-71.804438, 7.618242], [-71.81190899999984, 7.616467], [-71.81515, 7.609803], [-71.81853299999989, 7.60999100000015], [-71.833211, 7.59652], [-71.83877999999987, 7.585037000000113], [-71.836338, 7.570115], [-71.838562, 7.56499], [-71.835075, 7.564291], [-71.834001, 7.555704000000105], [-71.827602, 7.54755200000011], [-71.83161257099994, 7.53420222699998], [-71.82299143199992, 7.535734411000135], [-71.80960285399988, 7.530280364000134], [-71.80577770699995, 7.531671409000012], [-71.80404365399983, 7.53426947000014], [-71.80826586099994, 7.541959606000148], [-71.8048337269999, 7.544334663000086], [-71.80200661199996, 7.542578640000045], [-71.80118755499996, 7.537398549000159], [-71.79744439199993, 7.535876528000074], [-71.78764202099995, 7.54022366300012], [-71.78458588099988, 7.538354639000033], [-71.78987404799989, 7.528267410000012], [-71.78107968199993, 7.525180389000127], [-71.76547506499998, 7.529342545000077], [-71.77035332399998, 7.541456774000096], [-71.76935429699995, 7.544487837000133], [-71.76452109999997, 7.546248898000101], [-71.75303858399991, 7.534570708000047], [-71.74360222199994, 7.53870983600018], [-71.7337818129999, 7.537299852000046], [-71.72456140199995, 7.52999375100012], [-71.7221113089999, 7.531171782000172], [-71.72283039199988, 7.541008985000076], [-71.72045831499992, 7.545398077000129], [-71.70970685399993, 7.539679014000114], [-71.70441564599992, 7.541807086000119], [-71.69777736099991, 7.538941056000112], [-71.69126813499992, 7.547633268000084], [-71.66230689799988, 7.535094151000067], [-71.65960776699995, 7.530104053], [-71.65075640599997, 7.530592110000157], [-71.64703320999985, 7.520259916000043], [-71.63836790599998, 7.529601142000047], [-71.62751442099983, 7.52037101000019], [-71.61927621299998, 7.521267957000077], [-71.621263, 7.590603]]]}}, {"type": "Feature", "properties": {"parroquia": "San Joaquín de Navay", "municipio": "Libertador", "estado": "Táchira", "pcode": "VE201604", "estado_pcode": "VE20", "municipio_pcode": "VE2016", "center_lat": 7.711638, "center_lon": -71.71756699, "area_sqkm": 397.58161805}, "geometry": {"type": "Polygon", "coordinates": [[[-71.58258699999988, 7.774679], [-71.583648, 7.789837000000148], [-71.588165, 7.788432], [-71.59522, 7.793288], [-71.597184, 7.789616], [-71.603017, 7.792314], [-71.606067, 7.798066000000119], [-71.611896, 7.801685], [-71.6210339999999, 7.798979], [-71.62687199999988, 7.800551], [-71.632626, 7.797619000000111], [-71.647616, 7.817059], [-71.653866, 7.818223000000103], [-71.651291, 7.820972], [-71.653126, 7.823440000000119], [-71.650562, 7.823527], [-71.65260399999988, 7.825791000000152], [-71.65599, 7.825096], [-71.665811, 7.830786], [-71.670271, 7.842994], [-71.673157, 7.839634000000103], [-71.675573, 7.82562600000017], [-71.681746, 7.820545], [-71.688147, 7.810041000000126], [-71.68530099999987, 7.804086000000154], [-71.687196, 7.792122], [-71.69929699999989, 7.791684], [-71.71349399999986, 7.786265000000185], [-71.718142, 7.778547], [-71.725937, 7.778896], [-71.738277, 7.771632], [-71.74515699999989, 7.772704], [-71.753128, 7.769877000000122], [-71.763489, 7.759249], [-71.78144, 7.749071], [-71.779862, 7.744578000000161], [-71.786512, 7.731725], [-71.782665, 7.725714], [-71.789234, 7.715320000000133], [-71.78591399999982, 7.710942000000102], [-71.789737, 7.702924000000166], [-71.79005199999989, 7.692374000000143], [-71.798193, 7.685859], [-71.801257, 7.673342000000162], [-71.798352, 7.669371], [-71.803324, 7.656401000000187], [-71.80117399999989, 7.63892], [-71.810395, 7.638364000000138], [-71.814977, 7.633125], [-71.804435, 7.622072], [-71.78978699999982, 7.612377], [-71.7765629999999, 7.597482], [-71.73779, 7.588060000000155], [-71.689985, 7.60035], [-71.68308799999988, 7.597188], [-71.676855, 7.5867], [-71.669442, 7.583712000000105], [-71.66813999999988, 7.580357000000163], [-71.660327, 7.586415000000102], [-71.649993, 7.584901], [-71.64785899999987, 7.589992000000109], [-71.642703, 7.592767], [-71.630816, 7.590397], [-71.626269, 7.594721], [-71.621263, 7.590603], [-71.62066, 7.590433000000189], [-71.62353099999984, 7.599814], [-71.628715, 7.605568000000119], [-71.627122, 7.618498], [-71.639465, 7.628103], [-71.63544099999984, 7.63501], [-71.63781299999988, 7.64870000000019], [-71.641956, 7.652131], [-71.639147, 7.661445], [-71.642348, 7.666], [-71.636642, 7.684459], [-71.644996, 7.68529], [-71.65057399999989, 7.680100000000152], [-71.66451699999988, 7.678757], [-71.666467, 7.694688], [-71.658733, 7.698852], [-71.646647, 7.714576], [-71.61416899999989, 7.735027000000173], [-71.612801, 7.737703], [-71.616177, 7.743118000000152], [-71.618285, 7.755258], [-71.600673, 7.767126], [-71.583284, 7.769256], [-71.58258699999988, 7.774679]]]}}, {"type": "Feature", "properties": {"parroquia": "Lobatera", "municipio": "Lobatera", "estado": "Táchira", "pcode": "VE201701", "estado_pcode": "VE20", "municipio_pcode": "VE2017", "center_lat": 7.956705, "center_lon": -72.31709089, "area_sqkm": 132.71954204}, "geometry": {"type": "Polygon", "coordinates": [[[-72.26857, 7.991217000000177], [-72.27654199999984, 7.989356], [-72.2792, 7.984841000000188], [-72.303669, 7.979258000000129], [-72.296182, 8.002794], [-72.339774, 8.010518], [-72.343571, 8.014024], [-72.345001, 8.012908], [-72.34756804299991, 8.018831269000145], [-72.34902245899991, 8.00556809200009], [-72.34550799999982, 8.007711000000143], [-72.3532689999999, 7.975363], [-72.371649, 7.962712000000124], [-72.372645, 7.949376], [-72.36367699999988, 7.902293], [-72.34264499999989, 7.905571], [-72.328014, 7.896037], [-72.31928299999987, 7.911971], [-72.28846199999987, 7.91617], [-72.285629, 7.918416], [-72.27913299999989, 7.917608000000143], [-72.272523, 7.924105], [-72.26342799999986, 7.922358], [-72.25452, 7.935078], [-72.252104, 7.929443000000106], [-72.24401, 7.922921], [-72.23514299999988, 7.921949000000154], [-72.22631, 7.924396000000115], [-72.21535399999982, 7.914955], [-72.18891599999989, 7.898901], [-72.183479, 7.912266000000102], [-72.172412, 7.912935], [-72.159149, 7.930085], [-72.150516, 7.930752], [-72.142553, 7.93779], [-72.16514099999989, 7.944364], [-72.198849, 7.930696000000182], [-72.215118, 7.937227], [-72.224307, 7.932944], [-72.23061499999989, 7.937364000000173], [-72.24068899999986, 7.935617], [-72.24401, 7.937827], [-72.25198099999989, 7.933101], [-72.25386, 7.94225200000011], [-72.258065, 7.946999000000119], [-72.2571789999999, 7.949643], [-72.26237999999984, 7.955163], [-72.260827, 7.967947], [-72.265366, 7.969718000000171], [-72.27278, 7.979209000000139], [-72.26857, 7.991217000000177]]]}}, {"type": "Feature", "properties": {"parroquia": "Constitución", "municipio": "Lobatera", "estado": "Táchira", "pcode": "VE201702", "estado_pcode": "VE20", "municipio_pcode": "VE2017", "center_lat": 7.901522, "center_lon": -72.26004055, "area_sqkm": 66.8102949}, "geometry": {"type": "Polygon", "coordinates": [[[-72.306551, 7.879506000000106], [-72.294387, 7.872212], [-72.283319, 7.871975000000134], [-72.272251, 7.867549], [-72.267158, 7.875257], [-72.259079, 7.874363000000187], [-72.238744, 7.868935000000135], [-72.223543, 7.875826], [-72.215426, 7.883543000000145], [-72.194328, 7.884836], [-72.18891599999989, 7.898901], [-72.21535399999982, 7.914955], [-72.22631, 7.924396000000115], [-72.23514299999988, 7.921949000000154], [-72.24401, 7.922921], [-72.252104, 7.929443000000106], [-72.25452, 7.935078], [-72.26342799999986, 7.922358], [-72.272523, 7.924105], [-72.27913299999989, 7.917608000000143], [-72.285629, 7.918416], [-72.28846199999987, 7.91617], [-72.31928299999987, 7.911971], [-72.328014, 7.896037], [-72.321503, 7.887574], [-72.306551, 7.879506000000106]]]}}, {"type": "Feature", "properties": {"parroquia": "Capital Michelena", "municipio": "Michelena", "estado": "Táchira", "pcode": "VE201801", "estado_pcode": "VE20", "municipio_pcode": "VE2018", "center_lat": 8.0097655, "center_lon": -72.16202718, "area_sqkm": 132.09180988}, "geometry": {"type": "Polygon", "coordinates": [[[-72.265074, 8.00413900000018], [-72.26857, 7.991217000000177], [-72.27278, 7.979209000000139], [-72.265366, 7.969718000000171], [-72.260827, 7.967947], [-72.26237999999984, 7.955163], [-72.2571789999999, 7.949643], [-72.258065, 7.946999000000119], [-72.25386, 7.94225200000011], [-72.25198099999989, 7.933101], [-72.24401, 7.937827], [-72.24068899999986, 7.935617], [-72.23061499999989, 7.937364000000173], [-72.224307, 7.932944], [-72.215118, 7.937227], [-72.198849, 7.930696000000182], [-72.16514099999989, 7.944364], [-72.142553, 7.93779], [-72.139253, 7.957128000000125], [-72.132626, 7.971196], [-72.121116, 7.972962], [-72.114479, 7.97780100000017], [-72.125548, 7.977792000000136], [-72.14747299999988, 7.985028], [-72.15235699999988, 7.99732900000015], [-72.146046, 8.001166000000183], [-72.136639, 8.000531], [-72.13436599999989, 8.009114], [-72.13013, 8.013268], [-72.129293, 8.022416], [-72.131882, 8.032588], [-72.125919, 8.04643300000015], [-72.128088, 8.053181000000166], [-72.136787, 8.060649], [-72.13681, 8.07355500000017], [-72.14987, 8.074775], [-72.156338, 8.084650000000124], [-72.166282, 8.088159], [-72.16410499999989, 8.06607700000012], [-72.170075, 8.051018000000113], [-72.168953, 8.036667], [-72.177944, 8.016781], [-72.205741, 7.999595], [-72.242001, 7.987204000000133], [-72.24698199999989, 7.989637000000187], [-72.250301, 7.996367000000134], [-72.262352, 7.996648000000107], [-72.265074, 8.00413900000018]]]}}, {"type": "Feature", "properties": {"parroquia": "Panamericano", "municipio": "Panamericano", "estado": "Táchira", "pcode": "VE201901", "estado_pcode": "VE20", "municipio_pcode": "VE2019", "center_lat": 8.3600725, "center_lon": -72.09915173, "area_sqkm": 129.05198014}, "geometry": {"type": "Polygon", "coordinates": [[[-72.01896, 8.344546], [-72.04360799999989, 8.356789000000106], [-72.053927, 8.365349000000151], [-72.06409699999989, 8.365720000000124], [-72.071572, 8.371524], [-72.072039, 8.390245000000164], [-72.084114, 8.406975000000102], [-72.08428190299998, 8.42821723700007], [-72.15841565799997, 8.42398548300008], [-72.17258954699997, 8.423474585000065], [-72.17175999999989, 8.416328], [-72.160154, 8.414756000000182], [-72.15751099999989, 8.404844], [-72.152782, 8.404825], [-72.154731, 8.395322000000135], [-72.147173, 8.383074000000136], [-72.150608, 8.381739], [-72.149997, 8.372237], [-72.15372999999988, 8.369548000000123], [-72.149276, 8.349356], [-72.1305349999999, 8.339621], [-72.127764, 8.32663], [-72.129633, 8.320453000000157], [-72.13439099999982, 8.317691], [-72.130932, 8.308325000000139], [-72.134241, 8.302478], [-72.128867, 8.297396], [-72.11985999999985, 8.30348400000014], [-72.106869, 8.291377000000125], [-72.065489, 8.329706000000101], [-72.055878, 8.32896], [-72.054399, 8.325368], [-72.031386, 8.317422], [-72.02646, 8.312081], [-72.01896, 8.344546]]]}}, {"type": "Feature", "properties": {"parroquia": "Pedro María Ureña", "municipio": "Pedro María Ureña", "estado": "Táchira", "pcode": "VE202001", "estado_pcode": "VE20", "municipio_pcode": "VE2020", "center_lat": 7.94724041, "center_lon": -72.45079127, "area_sqkm": 109.96896313}, "geometry": {"type": "Polygon", "coordinates": [[[-72.34902245899991, 8.00556809200009], [-72.35134609099998, 8.00440086400016], [-72.3619962649999, 8.010380527000109], [-72.36530140999992, 8.017803786000115], [-72.38338548099995, 8.034464872000058], [-72.38991890499983, 8.035229657000173], [-72.39810852299985, 8.032101868000098], [-72.40374352999999, 8.034957249], [-72.41599819399988, 8.033352364], [-72.41664273599991, 8.030167813000048], [-72.41335395099998, 8.028110120000065], [-72.41159186399989, 8.02182705600012], [-72.4182921339999, 8.013994804000106], [-72.41663996999995, 8.011126757000056], [-72.42176184599992, 8.008482207000043], [-72.41874571099993, 7.995463524000172], [-72.4246880369999, 7.989910169000154], [-72.43706793099989, 7.991215028], [-72.44269795999998, 7.983693157000175], [-72.44005748299998, 7.978705353000123], [-72.44402177899997, 7.976183603000038], [-72.44056893399994, 7.972673686000121], [-72.44484625399997, 7.973709417000123], [-72.44876000799997, 7.969936051], [-72.44847531799996, 7.963729258000114], [-72.45834758099994, 7.965999143000033], [-72.45985853899998, 7.963583990000132], [-72.47469209899998, 7.959676915000102], [-72.47459728499985, 7.956090683000184], [-72.48767369599989, 7.94451763100011], [-72.48977775399999, 7.931735722000042], [-72.48661573699985, 7.926934657000118], [-72.48426816299985, 7.926304548000132], [-72.48231684099994, 7.930915884000115], [-72.47996279499995, 7.930458711000028], [-72.47986599599994, 7.927108747000148], [-72.47681909599999, 7.927547757000013], [-72.47757444999996, 7.921397169000045], [-72.47226518499997, 7.917048705000127], [-72.46771373799999, 7.920030948999965], [-72.45708754599997, 7.911201730000187], [-72.45740276799995, 7.908792388000109], [-72.46216253899996, 7.907903278000106], [-72.46003396899994, 7.90571404700006], [-72.46225338599999, 7.903972102000068], [-72.45860916299984, 7.896111981000161], [-72.45494285299998, 7.895868807000113], [-72.45880869599989, 7.890884341000174], [-72.45671452499994, 7.889456671000175], [-72.45701892499989, 7.880998992000173], [-72.45317987599992, 7.879816145000063], [-72.44871831099994, 7.871214879000036], [-72.416254, 7.8651], [-72.401198, 7.859129], [-72.443586, 7.906518], [-72.440822, 7.913730000000101], [-72.429387, 7.928245], [-72.42894499999989, 7.934858000000133], [-72.42374299999989, 7.943560000000161], [-72.418098, 7.947521000000165], [-72.41831999999988, 7.953034000000173], [-72.413559, 7.956445], [-72.396844, 7.962045], [-72.37558799999988, 7.95904], [-72.3732629999999, 7.947904], [-72.372645, 7.949376], [-72.371649, 7.962712000000124], [-72.3532689999999, 7.975363], [-72.34550799999982, 8.007711000000143], [-72.34902245899991, 8.00556809200009]]]}}, {"type": "Feature", "properties": {"parroquia": "Nueva Arcadia", "municipio": "Pedro María Ureña", "estado": "Táchira", "pcode": "VE202002", "estado_pcode": "VE20", "municipio_pcode": "VE2020", "center_lat": 7.910124, "center_lon": -72.4037748, "area_sqkm": 57.3070144}, "geometry": {"type": "Polygon", "coordinates": [[[-72.401198, 7.859129], [-72.38758799999988, 7.895821000000126], [-72.383382, 7.900114], [-72.37685, 7.895697], [-72.36367699999988, 7.902293], [-72.372645, 7.949376], [-72.3732629999999, 7.947904], [-72.37558799999988, 7.95904], [-72.396844, 7.962045], [-72.413559, 7.956445], [-72.41831999999988, 7.953034000000173], [-72.418098, 7.947521000000165], [-72.42374299999989, 7.943560000000161], [-72.42894499999989, 7.934858000000133], [-72.429387, 7.928245], [-72.440822, 7.913730000000101], [-72.443586, 7.906518], [-72.401198, 7.859129]]]}}, {"type": "Feature", "properties": {"parroquia": "Delicias", "municipio": "Rafael Urdaneta", "estado": "Táchira", "pcode": "VE202101", "estado_pcode": "VE20", "municipio_pcode": "VE2021", "center_lat": 7.55187572, "center_lon": -72.4236352, "area_sqkm": 181.24211585}, "geometry": {"type": "Polygon", "coordinates": [[[-72.44739, 7.636036], [-72.449996, 7.661767000000111], [-72.444708, 7.671509], [-72.4522659999999, 7.68839], [-72.464008, 7.695215000000189], [-72.47105660299997, 7.703331587000037], [-72.47506863799993, 7.691882421000059], [-72.47553640899991, 7.680828996000059], [-72.47222895599998, 7.669859674000179], [-72.47579815099988, 7.656368129000043], [-72.47296658599998, 7.651799569000048], [-72.47696408399992, 7.646493373000112], [-72.4736566279999, 7.640401953000094], [-72.47575055499988, 7.629218481000066], [-72.47001605499997, 7.618035013000053], [-72.46527238999994, 7.592440323000119], [-72.46006418599995, 7.588900458000012], [-72.45647084399991, 7.582173641000054], [-72.4525032009999, 7.564527765000037], [-72.45679527999994, 7.545008592000158], [-72.46516145999993, 7.536499645], [-72.47397236099994, 7.519702027000164], [-72.47287059499996, 7.509215219000055], [-72.47792870399996, 7.498097400000063], [-72.47277689299995, 7.484346717000165], [-72.46069829699985, 7.4810442590001], [-72.45525690599993, 7.46965786300018], [-72.44711537699999, 7.461875292000116], [-72.44467267799985, 7.447405910000157], [-72.44175711899993, 7.445273482000118], [-72.44064822299993, 7.425692631000118], [-72.44249435199998, 7.422577823000154], [-72.43725994099998, 7.412077415000169], [-72.42859298499997, 7.40238509600016], [-72.41377955399992, 7.400668600000074], [-72.41346664999998, 7.406608080000126], [-72.4074074269999, 7.411355195000056], [-72.3926198229999, 7.409637235000048], [-72.38932123799992, 7.411891282000113], [-72.393675, 7.420720000000188], [-72.393434, 7.438628], [-72.39112699999987, 7.441712000000109], [-72.39640699999984, 7.457952], [-72.39358299999986, 7.468179000000134], [-72.395792, 7.477185000000134], [-72.388026, 7.514915000000144], [-72.383504, 7.520858], [-72.384258, 7.525821000000121], [-72.3834169999999, 7.530975], [-72.386972, 7.537460000000181], [-72.385882, 7.544940000000167], [-72.396753, 7.557244], [-72.391096, 7.566392000000178], [-72.398007, 7.573408], [-72.4052, 7.57417], [-72.406093, 7.577798000000143], [-72.414416, 7.584507000000144], [-72.41498499999989, 7.595053000000178], [-72.427943, 7.600427], [-72.4340279999999, 7.599979], [-72.44039, 7.623507], [-72.439787, 7.629995], [-72.44739, 7.636036]]]}}, {"type": "Feature", "properties": {"parroquia": "Samuel Darío Maldonado", "municipio": "Samuel Darío Maldonado", "estado": "Táchira", "pcode": "VE202201", "estado_pcode": "VE20", "municipio_pcode": "VE2022", "center_lat": 8.5283636, "center_lon": -71.86246511, "area_sqkm": 305.3607702}, "geometry": {"type": "Polygon", "coordinates": [[[-71.91505770999999, 8.632341774999986], [-71.92385305699992, 8.630435685], [-71.93353238299994, 8.617586356000118], [-71.9392106219999, 8.61919036300003], [-71.94262974199995, 8.615884274000166], [-71.94937903199997, 8.618511290000072], [-71.95315116999996, 8.616003216000024], [-71.95844940699993, 8.619307258000049], [-71.95917542299998, 8.617513221000024], [-71.95869444399995, 8.623844360000078], [-71.96479369699995, 8.626110377000089], [-71.96408569199991, 8.630105462000131], [-71.95744743599982, 8.632819559000097], [-71.95891152199988, 8.636544626000045], [-71.9627136819999, 8.637842640000144], [-71.96461674599988, 8.635809584000128], [-71.97487023099995, 8.648494802000073], [-71.98505919499996, 8.645649913000113], [-71.9874516669999, 8.634956435000163], [-71.9822344129999, 8.627592308000033], [-71.98654653199998, 8.617375074000051], [-71.98464142099994, 8.610419928999988], [-71.9817022869999, 8.607370884999966], [-71.97939719799996, 8.608328909000022], [-71.97339591499991, 8.600970793000158], [-71.97594900399997, 8.599321736000036], [-71.97582294199992, 8.591755858], [-71.973316, 8.580654], [-71.962156, 8.578132], [-71.95542499999982, 8.579550000000154], [-71.946316, 8.575005000000147], [-71.942731, 8.57047], [-71.940485, 8.561409], [-71.933424, 8.555319], [-71.93497799999983, 8.527437], [-71.9177509999999, 8.511316], [-71.920897, 8.505483], [-71.918174, 8.496183], [-71.896428, 8.488098], [-71.896319, 8.485357], [-71.89248, 8.484635], [-71.887708, 8.477236], [-71.88242999999989, 8.476034], [-71.878903, 8.45827], [-71.881116, 8.445999], [-71.870826, 8.437755], [-71.87013199999984, 8.431676], [-71.862947, 8.427251000000183], [-71.857712, 8.416157], [-71.84368199999983, 8.42270800000017], [-71.84084899999982, 8.414246], [-71.835028, 8.409666000000186], [-71.81384741999989, 8.41010556600014], [-71.8098712819999, 8.415214700000092], [-71.80176197499998, 8.418830811000078], [-71.79863477399994, 8.427651259000129], [-71.79908893099986, 8.432403120000117], [-71.78128730999998, 8.450700596000047], [-71.77429111099985, 8.46744699300001], [-71.7751012789999, 8.492664525], [-71.78462602799993, 8.513745199000027], [-71.78401377999995, 8.519195044000014], [-71.78904602899996, 8.527502201], [-71.79650937499991, 8.536112344], [-71.80063355399994, 8.537249344000145], [-71.80860802699993, 8.564588894], [-71.81144217199994, 8.569380981000108], [-71.81542333099992, 8.570014970999978], [-71.81933954899995, 8.580234172000075], [-71.82244367099992, 8.580966162999971], [-71.82332974599996, 8.588113320000105], [-71.83805737699993, 8.593844364000176], [-71.8418485649999, 8.599775467000029], [-71.84912886199993, 8.599236421000171], [-71.85858927199996, 8.60567250400004], [-71.86488153199991, 8.60608148200015], [-71.88439837099986, 8.61502756300007], [-71.88938157399997, 8.613519508000081], [-71.88952960399996, 8.617691600000114], [-71.89661892899989, 8.625337726], [-71.90492428099998, 8.628801749], [-71.9099365159999, 8.633942836000017], [-71.91505770999999, 8.632341774999986]]]}}, {"type": "Feature", "properties": {"parroquia": "Boconó", "municipio": "Samuel Darío Maldonado", "estado": "Táchira", "pcode": "VE202202", "estado_pcode": "VE20", "municipio_pcode": "VE2022", "center_lat": 8.4728325, "center_lon": -71.9212506, "area_sqkm": 155.68790118}, "geometry": {"type": "Polygon", "coordinates": [[[-71.857712, 8.416157], [-71.862947, 8.427251000000183], [-71.87013199999984, 8.431676], [-71.870826, 8.437755], [-71.881116, 8.445999], [-71.878903, 8.45827], [-71.88242999999989, 8.476034], [-71.887708, 8.477236], [-71.89248, 8.484635], [-71.896319, 8.485357], [-71.896428, 8.488098], [-71.918174, 8.496183], [-71.920897, 8.505483], [-71.9177509999999, 8.511316], [-71.93497799999983, 8.527437], [-71.933424, 8.555319], [-71.940485, 8.561409], [-71.942731, 8.57047], [-71.946316, 8.575005000000147], [-71.95542499999982, 8.579550000000154], [-71.962156, 8.578132], [-71.973316, 8.580654], [-71.97582294199992, 8.591755858], [-71.977862, 8.583919400000184], [-71.98469422399995, 8.57366015000008], [-71.98533615599996, 8.55558475800018], [-71.98034589999997, 8.547392602000059], [-71.97591761099994, 8.525367165000091], [-71.9775596589999, 8.522533092000174], [-71.97270943299998, 8.517344007000077], [-71.97205058399999, 8.512902289000124], [-71.97082, 8.508308], [-71.957792, 8.502625], [-71.959541, 8.494840000000181], [-71.95459099999982, 8.487732], [-71.965241, 8.465681000000188], [-71.96455999999989, 8.453367], [-71.959549, 8.445752], [-71.947168, 8.440403000000174], [-71.94051799999988, 8.43213900000012], [-71.941468, 8.415693], [-71.947008, 8.400625000000161], [-71.941497, 8.388310000000104], [-71.93010899999985, 8.376753000000122], [-71.920302, 8.366961000000117], [-71.899755, 8.360534], [-71.8975109999999, 8.354955], [-71.884986, 8.360297000000116], [-71.882767, 8.372997], [-71.878632, 8.380106], [-71.885858, 8.40425], [-71.865085, 8.417051000000129], [-71.857712, 8.416157]]]}}, {"type": "Feature", "properties": {"parroquia": "Hernández", "municipio": "Samuel Darío Maldonado", "estado": "Táchira", "pcode": "VE202203", "estado_pcode": "VE20", "municipio_pcode": "VE2022", "center_lat": 8.38515406, "center_lon": -71.84099259, "area_sqkm": 44.8149909}, "geometry": {"type": "Polygon", "coordinates": [[[-71.81384741999989, 8.41010556600014], [-71.835028, 8.409666000000186], [-71.84084899999982, 8.414246], [-71.84368199999983, 8.42270800000017], [-71.857712, 8.416157], [-71.865085, 8.417051000000129], [-71.885858, 8.40425], [-71.878632, 8.380106], [-71.882767, 8.372997], [-71.884986, 8.360297000000116], [-71.8975109999999, 8.354955], [-71.88600299999985, 8.34611], [-71.879941, 8.347792], [-71.86209, 8.361995], [-71.844435, 8.366409], [-71.838808, 8.374722], [-71.81811840899996, 8.370826149000095], [-71.80387787699988, 8.383571059000133], [-71.80207682299988, 8.388518164000118], [-71.80347091599987, 8.395045295000045], [-71.81221131899997, 8.403786442000069], [-71.81384741999989, 8.41010556600014]]]}}, {"type": "Feature", "properties": {"parroquia": "La Concordia", "municipio": "San Cristóbal", "estado": "Táchira", "pcode": "VE202301", "estado_pcode": "VE20", "municipio_pcode": "VE2023", "center_lat": 7.7229875, "center_lon": -72.19404613, "area_sqkm": 79.61977101}, "geometry": {"type": "Polygon", "coordinates": [[[-72.228961, 7.762709], [-72.240041, 7.764452000000119], [-72.24525, 7.762833000000114], [-72.243756, 7.743836], [-72.238732, 7.731574000000137], [-72.244712, 7.726865], [-72.243258, 7.723669], [-72.25051199999984, 7.713199000000145], [-72.24727399999989, 7.703935000000115], [-72.228688, 7.704622000000143], [-72.214958, 7.696799000000169], [-72.211742, 7.691394], [-72.199349, 7.687020000000189], [-72.153792, 7.681651], [-72.138365, 7.689633000000185], [-72.130626, 7.710861000000136], [-72.136945, 7.723297], [-72.144484, 7.723054], [-72.149237, 7.729312], [-72.150971, 7.735377], [-72.147795, 7.742106], [-72.149055, 7.745386], [-72.1636069999999, 7.736534000000177], [-72.175653, 7.734181], [-72.168598, 7.750045], [-72.182426, 7.747283000000152], [-72.20190999999988, 7.760788], [-72.228961, 7.762709]]]}}, {"type": "Feature", "properties": {"parroquia": "Pedro María Morantes", "municipio": "San Cristóbal", "estado": "Táchira", "pcode": "VE202302", "estado_pcode": "VE20", "municipio_pcode": "VE2023", "center_lat": 7.759702, "center_lon": -72.17284887, "area_sqkm": 25.69438237}, "geometry": {"type": "Polygon", "coordinates": [[[-72.149055, 7.745386], [-72.149377, 7.755734000000189], [-72.1439, 7.761481000000174], [-72.140048, 7.783686000000159], [-72.140803, 7.785331], [-72.171364, 7.770581000000107], [-72.180691, 7.770264000000168], [-72.19199, 7.77812], [-72.19987099999986, 7.777079], [-72.207224, 7.779767], [-72.220807, 7.775923000000148], [-72.227881, 7.776771000000167], [-72.228978, 7.768024], [-72.228961, 7.762709], [-72.20190999999988, 7.760788], [-72.182426, 7.747283000000152], [-72.168598, 7.750045], [-72.175653, 7.734181], [-72.1636069999999, 7.736534000000177], [-72.149055, 7.745386]]]}}, {"type": "Feature", "properties": {"parroquia": "San Juan Bautista", "municipio": "San Cristóbal", "estado": "Táchira", "pcode": "VE202303", "estado_pcode": "VE20", "municipio_pcode": "VE2023", "center_lat": 7.790205, "center_lon": -72.19307259, "area_sqkm": 33.56918211}, "geometry": {"type": "Polygon", "coordinates": [[[-72.228978, 7.768024], [-72.227881, 7.776771000000167], [-72.220807, 7.775923000000148], [-72.207224, 7.779767], [-72.19987099999986, 7.777079], [-72.19199, 7.77812], [-72.180691, 7.770264000000168], [-72.171364, 7.770581000000107], [-72.140803, 7.785331], [-72.141221, 7.786241000000132], [-72.142093, 7.788459000000159], [-72.155358, 7.791087000000175], [-72.158644, 7.796750000000145], [-72.165163, 7.798783000000128], [-72.176063, 7.808366], [-72.184153, 7.80653500000011], [-72.219037, 7.807284], [-72.226104, 7.811679], [-72.23037, 7.811565], [-72.232585, 7.808781000000124], [-72.23781, 7.785369000000117], [-72.24042999999983, 7.780248], [-72.244464, 7.779947], [-72.245783, 7.774024], [-72.246675, 7.769828000000132], [-72.228978, 7.768024]]]}}, {"type": "Feature", "properties": {"parroquia": "San Sebastián", "municipio": "San Cristóbal", "estado": "Táchira", "pcode": "VE202304", "estado_pcode": "VE20", "municipio_pcode": "VE2023", "center_lat": 7.735439, "center_lon": -72.25722539, "area_sqkm": 35.11919176}, "geometry": {"type": "Polygon", "coordinates": [[[-72.228978, 7.768024], [-72.246675, 7.769828000000132], [-72.245783, 7.774024], [-72.25259899999986, 7.78937800000017], [-72.25227299999989, 7.793795], [-72.26058499999982, 7.801733000000127], [-72.26723, 7.796125000000131], [-72.262125, 7.795328], [-72.26155599999987, 7.784952], [-72.266516, 7.771698000000185], [-72.264937, 7.752048], [-72.2730059999999, 7.74585500000012], [-72.275536, 7.736137], [-72.26955, 7.729079], [-72.26213099999984, 7.725224], [-72.26267799999988, 7.72147], [-72.264778, 7.720032000000117], [-72.26355599999988, 7.716943000000128], [-72.267093, 7.714509], [-72.272375, 7.695292000000165], [-72.27602, 7.691754000000174], [-72.268039, 7.682491], [-72.269583, 7.679398000000162], [-72.266703, 7.676752], [-72.270019, 7.674871], [-72.264147, 7.669138000000146], [-72.237718, 7.67679], [-72.24347999999986, 7.682634000000178], [-72.247256, 7.692896000000189], [-72.24727399999989, 7.703935000000115], [-72.25051199999984, 7.713199000000145], [-72.243258, 7.723669], [-72.244712, 7.726865], [-72.238732, 7.731574000000137], [-72.243756, 7.743836], [-72.24525, 7.762833000000114], [-72.240041, 7.764452000000119], [-72.228961, 7.762709], [-72.228978, 7.768024]]]}}, {"type": "Feature", "properties": {"parroquia": "Dr. Francisco Romero Lobo", "municipio": "San Cristóbal", "estado": "Táchira", "pcode": "VE202305", "estado_pcode": "VE20", "municipio_pcode": "VE2023", "center_lat": 7.7248865, "center_lon": -72.11394662, "area_sqkm": 52.9140795}, "geometry": {"type": "Polygon", "coordinates": [[[-72.138365, 7.689633000000185], [-72.13539999999989, 7.685964], [-72.138428, 7.679011000000116], [-72.134717, 7.670469000000139], [-72.12556399999988, 7.665212], [-72.122628, 7.675262], [-72.105763, 7.683233], [-72.097941, 7.696018], [-72.073923, 7.697635], [-72.074961, 7.708816], [-72.082403, 7.722251], [-72.083031, 7.728119], [-72.078573, 7.733511], [-72.07911, 7.73617], [-72.09158999999988, 7.740011], [-72.09554899999989, 7.74413], [-72.110361, 7.746768000000145], [-72.114085, 7.753098], [-72.12215, 7.755362000000162], [-72.140048, 7.783686000000159], [-72.1439, 7.761481000000174], [-72.149377, 7.755734000000189], [-72.149055, 7.745386], [-72.147795, 7.742106], [-72.150971, 7.735377], [-72.149237, 7.729312], [-72.144484, 7.723054], [-72.136945, 7.723297], [-72.130626, 7.710861000000136], [-72.138365, 7.689633000000185]]]}}, {"type": "Feature", "properties": {"parroquia": "Capital Seboruco", "municipio": "Seboruco", "estado": "Táchira", "pcode": "VE202401", "estado_pcode": "VE20", "municipio_pcode": "VE2024", "center_lat": 8.141976, "center_lon": -72.07721837, "area_sqkm": 136.13862563}, "geometry": {"type": "Polygon", "coordinates": [[[-72.166282, 8.088159], [-72.156338, 8.084650000000124], [-72.14987, 8.074775], [-72.13681, 8.07355500000017], [-72.127458, 8.080863], [-72.108957, 8.081689], [-72.099396, 8.086786000000131], [-72.09419999999983, 8.08552600000013], [-72.08474599999983, 8.075513000000171], [-72.068774, 8.079007], [-72.05922, 8.099215000000186], [-72.050454, 8.101561000000117], [-72.045952, 8.111667000000182], [-72.035499, 8.133409], [-72.02091, 8.14463400000011], [-72.0197419999999, 8.153227000000186], [-72.021491, 8.156332], [-72.025941, 8.153616], [-72.037022, 8.152946], [-72.03086, 8.162706], [-72.031759, 8.17639], [-72.035897, 8.182220000000143], [-72.03536, 8.189276], [-72.04023299999989, 8.188609], [-72.0449789999999, 8.181548000000134], [-72.06360099999989, 8.187147], [-72.073695, 8.192536000000132], [-72.079479, 8.202009], [-72.093572, 8.211471], [-72.1345659999999, 8.130603], [-72.19031, 8.089033], [-72.166282, 8.088159]]]}}, {"type": "Feature", "properties": {"parroquia": "Simón Rodríguez", "municipio": "Simón Rodríguez", "estado": "Táchira", "pcode": "VE202501", "estado_pcode": "VE20", "municipio_pcode": "VE2025", "center_lat": 8.3194795, "center_lon": -71.84419877, "area_sqkm": 63.16399585}, "geometry": {"type": "Polygon", "coordinates": [[[-71.81811840899996, 8.370826149000095], [-71.838808, 8.374722], [-71.844435, 8.366409], [-71.86209, 8.361995], [-71.879941, 8.347792], [-71.88600299999985, 8.34611], [-71.88959199999988, 8.329691000000139], [-71.893701, 8.324639000000104], [-71.899316, 8.324385], [-71.89545799999985, 8.319215], [-71.883488, 8.318331], [-71.8783519999999, 8.322128], [-71.875071, 8.321598], [-71.886577, 8.308616], [-71.887363, 8.3009330000001], [-71.878565, 8.286185], [-71.866932, 8.273202], [-71.86379005399994, 8.26421238100005], [-71.8591115509999, 8.276227495000114], [-71.85043123599996, 8.28161365799997], [-71.84548409899998, 8.294328952000114], [-71.83945987099997, 8.297507044000156], [-71.83264764699999, 8.308721321000121], [-71.82768947099999, 8.313489443000151], [-71.82242325399989, 8.311563432000014], [-71.80653288899998, 8.323273266000058], [-71.80609029999988, 8.332091098000092], [-71.81988732899998, 8.346210173000088], [-71.81811840899996, 8.370826149000095]]]}}, {"type": "Feature", "properties": {"parroquia": "Sucre", "municipio": "Sucre", "estado": "Táchira", "pcode": "VE202601", "estado_pcode": "VE20", "municipio_pcode": "VE2026", "center_lat": 7.913578, "center_lon": -72.01704491, "area_sqkm": 161.90594163}, "geometry": {"type": "Polygon", "coordinates": [[[-71.98767, 8.004976000000113], [-71.999436, 8.018874], [-72.02440099999984, 8.011099000000115], [-72.027922, 8.014219], [-72.032722, 8.008749], [-72.03611199999989, 7.998852], [-72.048734, 7.986189], [-72.05159699999984, 7.967293], [-72.061329, 7.95696], [-72.071064, 7.950802], [-72.079034, 7.952116], [-72.08080299999989, 7.950137], [-72.078568, 7.925091], [-72.078563, 7.920258], [-72.071317, 7.921043000000168], [-72.059359, 7.917647], [-72.051609, 7.90627000000012], [-72.038652, 7.894028000000105], [-72.038839, 7.881048000000135], [-72.04360899999989, 7.867567], [-72.041536, 7.858273], [-72.04589599999986, 7.83954000000017], [-72.037543, 7.836352000000147], [-72.027123, 7.815486000000135], [-72.01599299999987, 7.813976], [-72.013705, 7.808429000000103], [-72.009247, 7.819852], [-71.997313, 7.831786], [-71.99578699999984, 7.847217000000114], [-72.000597, 7.858537], [-71.996654, 7.87013], [-71.994516, 7.870736], [-71.984773, 7.882355], [-71.98746099999988, 7.885095000000149], [-71.98373, 7.892378000000178], [-71.976607, 7.898766], [-71.97912, 7.90488], [-71.978565, 7.912037000000169], [-71.969412, 7.920893], [-71.970207, 7.929982000000109], [-71.965241, 7.93686600000018], [-71.962976, 7.947920000000124], [-71.96418399999988, 7.95731300000017], [-71.95894, 7.967776], [-71.965966, 7.973856], [-71.967031, 7.978447000000131], [-71.978489, 7.975195], [-71.978735, 7.979996], [-71.98734, 7.990868], [-71.983898, 7.996106], [-71.98767, 8.004976000000113]]]}}, {"type": "Feature", "properties": {"parroquia": "Eleazar López Contreras", "municipio": "Sucre", "estado": "Táchira", "pcode": "VE202602", "estado_pcode": "VE20", "municipio_pcode": "VE2026", "center_lat": 7.876485, "center_lon": -72.07217961, "area_sqkm": 59.55326096}, "geometry": {"type": "Polygon", "coordinates": [[[-72.04589599999986, 7.83954000000017], [-72.041536, 7.858273], [-72.04360899999989, 7.867567], [-72.038839, 7.881048000000135], [-72.038652, 7.894028000000105], [-72.051609, 7.90627000000012], [-72.059359, 7.917647], [-72.071317, 7.921043000000168], [-72.078563, 7.920258], [-72.09912999999989, 7.900688000000116], [-72.10154299999988, 7.878056000000186], [-72.108177, 7.872776000000101], [-72.11172, 7.874312], [-72.118799, 7.870791], [-72.124757, 7.854527], [-72.12053999999989, 7.842885], [-72.117173, 7.850758], [-72.10969199999982, 7.854065], [-72.093101, 7.847520000000145], [-72.08800099999985, 7.836758], [-72.078921, 7.831711], [-72.071176, 7.831716], [-72.04589599999986, 7.83954000000017]]]}}, {"type": "Feature", "properties": {"parroquia": "San Pablo", "municipio": "Sucre", "estado": "Táchira", "pcode": "VE202603", "estado_pcode": "VE20", "municipio_pcode": "VE2026", "center_lat": 7.809273, "center_lon": -71.92842156, "area_sqkm": 155.47526429}, "geometry": {"type": "Polygon", "coordinates": [[[-71.994516, 7.870736], [-71.996654, 7.87013], [-72.000597, 7.858537], [-71.99578699999984, 7.847217000000114], [-71.997313, 7.831786], [-72.009247, 7.819852], [-72.013705, 7.808429000000103], [-72.0137529999999, 7.800685000000101], [-72.001761, 7.79425300000014], [-71.986816, 7.792641000000174], [-71.981998, 7.785861000000125], [-71.977445, 7.785765], [-71.96925899999985, 7.773555000000158], [-71.9659769999999, 7.762627000000123], [-71.958825, 7.75418800000017], [-71.93991, 7.748406000000159], [-71.929665, 7.759856000000184], [-71.92523099999983, 7.757026000000167], [-71.92072999999982, 7.757984], [-71.920022, 7.769867], [-71.915774, 7.765192], [-71.908555, 7.771497], [-71.90242299999989, 7.773390000000177], [-71.898286, 7.78049], [-71.895727, 7.780818000000181], [-71.896394, 7.775488], [-71.882902, 7.779694], [-71.879777, 7.785454], [-71.871292, 7.787980000000175], [-71.863151, 7.794497], [-71.854529, 7.793338000000119], [-71.853951, 7.797337], [-71.842338, 7.805417000000148], [-71.843851, 7.813801000000183], [-71.841722, 7.81638], [-71.83751599999982, 7.816106000000104], [-71.836713, 7.819221], [-71.84579, 7.826006000000177], [-71.8550249999999, 7.826964], [-71.859376, 7.832555], [-71.869876, 7.837593], [-71.89846399999988, 7.848021], [-71.906402, 7.853280000000154], [-71.906324, 7.856142000000148], [-71.9107479999999, 7.858053000000154], [-71.91345799999988, 7.863348], [-71.92187399999989, 7.864514], [-71.932999, 7.870567000000165], [-71.932451, 7.866381], [-71.940643, 7.865198], [-71.958026, 7.871818], [-71.964435, 7.865845], [-71.971322, 7.868043], [-71.984636, 7.866312000000164], [-71.994516, 7.870736]]]}}, {"type": "Feature", "properties": {"parroquia": "Torbes", "municipio": "Torbes", "estado": "Táchira", "pcode": "VE202701", "estado_pcode": "VE20", "municipio_pcode": "VE2027", "center_lat": 7.6600365, "center_lon": -72.14912718, "area_sqkm": 113.02737377}, "geometry": {"type": "Polygon", "coordinates": [[[-72.165249, 7.614713], [-72.16126999999989, 7.617346000000111], [-72.1607259999999, 7.624273], [-72.152209, 7.625908000000152], [-72.15166, 7.628547], [-72.136402, 7.63534], [-72.130425, 7.632691], [-72.1090789999999, 7.636613000000182], [-72.104095, 7.633086], [-72.08816399999984, 7.631188], [-72.076556, 7.638315000000148], [-72.070812, 7.645781], [-72.071484, 7.653259000000105], [-72.067948, 7.65677200000016], [-72.078518, 7.669563000000153], [-72.082101, 7.680871], [-72.073723, 7.694094000000177], [-72.073923, 7.697635], [-72.097941, 7.696018], [-72.105763, 7.683233], [-72.122628, 7.675262], [-72.12556399999988, 7.665212], [-72.134717, 7.670469000000139], [-72.138428, 7.679011000000116], [-72.13539999999989, 7.685964], [-72.138365, 7.689633000000185], [-72.153792, 7.681651], [-72.199349, 7.687020000000189], [-72.211742, 7.691394], [-72.214958, 7.696799000000169], [-72.228688, 7.704622000000143], [-72.24727399999989, 7.703935000000115], [-72.247256, 7.692896000000189], [-72.24347999999986, 7.682634000000178], [-72.237718, 7.67679], [-72.2334, 7.673814000000164], [-72.22568599999983, 7.656477000000109], [-72.225124, 7.651529000000153], [-72.2334039999999, 7.641187000000116], [-72.229847, 7.631953], [-72.21601, 7.628444], [-72.209933, 7.632517], [-72.210703, 7.629877], [-72.206534, 7.628303], [-72.202776, 7.631486000000166], [-72.196351, 7.625648000000126], [-72.19004699999988, 7.626628], [-72.170454, 7.61923], [-72.165249, 7.614713]]]}}, {"type": "Feature", "properties": {"parroquia": "Uribante", "municipio": "Uribante", "estado": "Táchira", "pcode": "VE202801", "estado_pcode": "VE20", "municipio_pcode": "VE2028", "center_lat": 8.01306792, "center_lon": -71.75388447, "area_sqkm": 352.27478608}, "geometry": {"type": "Polygon", "coordinates": [[[-71.71437234399997, 8.042493763000095], [-71.72167175999994, 8.038658215000169], [-71.73853848499994, 8.045885287000033], [-71.75474920199997, 8.057619449000128], [-71.75910542599996, 8.06694962000006], [-71.75807741099999, 8.073665764999987], [-71.76558373699999, 8.076916796000148], [-71.76617483799993, 8.091788098000109], [-71.77214311299986, 8.09900723000004], [-71.77895839399991, 8.100128218000066], [-71.78341961899991, 8.107510344000161], [-71.7831196279999, 8.11184444200012], [-71.78927990599993, 8.117383524000104], [-71.80557256999992, 8.119292475000066], [-71.80871272999997, 8.125690594], [-71.81348094199996, 8.127943622999965], [-71.81591113499996, 8.145926980000127], [-71.82136937699994, 8.15066306000017], [-71.82408645499993, 8.158406147000164], [-71.82804468899997, 8.15842318100016], [-71.846576, 8.150031], [-71.847496, 8.145233000000133], [-71.863771, 8.136631], [-71.852009, 8.126033], [-71.85073299999988, 8.107723], [-71.836145, 8.095072], [-71.829956, 8.084184000000164], [-71.82877899999988, 8.07891], [-71.842725, 8.051779000000181], [-71.82698099999988, 8.03874900000011], [-71.82310699999982, 8.009645], [-71.828297, 8.005259], [-71.827306, 8.000261], [-71.839339, 7.994888000000174], [-71.855807, 7.965556], [-71.857292, 7.958024], [-71.875065, 7.937975000000108], [-71.871591, 7.934063], [-71.86454, 7.937076000000161], [-71.85709899999989, 7.930077000000153], [-71.847816, 7.936069000000145], [-71.825628, 7.931523], [-71.816127, 7.923514000000125], [-71.810188, 7.912005], [-71.801985, 7.912062000000105], [-71.78921, 7.90479], [-71.778553, 7.893005000000187], [-71.795125, 7.875312000000179], [-71.796733, 7.871213000000125], [-71.79383599999989, 7.867646], [-71.76956497299994, 7.879199206000123], [-71.763378, 7.885985], [-71.764612, 7.891892], [-71.75231799999989, 7.895219], [-71.75011199999989, 7.900481], [-71.731798, 7.913667], [-71.728685, 7.919394000000125], [-71.720934, 7.920848], [-71.72237499999989, 7.925386000000117], [-71.719854, 7.924959000000172], [-71.718303, 7.928164000000152], [-71.721798, 7.932451], [-71.72073499999988, 7.937701000000175], [-71.702804, 7.931072], [-71.689939, 7.941919], [-71.677537, 7.968017000000145], [-71.6693499999999, 7.970842000000118], [-71.663779, 7.980242], [-71.653131, 7.98651], [-71.651161, 7.992224], [-71.6392, 8.002378000000135], [-71.631141, 8.02842900000013], [-71.63469666599997, 8.039000821000116], [-71.63816436199994, 8.038860642000145], [-71.64681565999996, 8.028942383000071], [-71.65150684499997, 8.027166325000053], [-71.6675744079999, 8.009277870000062], [-71.66694036399991, 8.005123793], [-71.67039450399989, 8.004763768000146], [-71.68735023799996, 8.01410587900017], [-71.6958116479999, 8.026646101000154], [-71.7034309579999, 8.026019041000154], [-71.70589506799996, 8.028076079000186], [-71.70618511599997, 8.036043244999973], [-71.70322001899996, 8.040972355000179], [-71.70896026299988, 8.043412383999964], [-71.71437234399997, 8.042493763000095]]]}}, {"type": "Feature", "properties": {"parroquia": "Cárdenas", "municipio": "Uribante", "estado": "Táchira", "pcode": "VE202802", "estado_pcode": "VE20", "municipio_pcode": "VE2028", "center_lat": 7.755205, "center_lon": -71.85194596, "area_sqkm": 426.26904531}, "geometry": {"type": "Polygon", "coordinates": [[[-71.670271, 7.842994], [-71.685414, 7.864604], [-71.704144, 7.863075], [-71.71253599999989, 7.849303], [-71.726461, 7.858721], [-71.731412, 7.854734000000178], [-71.741119, 7.853886], [-71.74536399999988, 7.85686], [-71.746525, 7.865144000000157], [-71.75164199999989, 7.862482000000171], [-71.757073, 7.867111], [-71.75688999999988, 7.870758000000137], [-71.76130399999988, 7.874229], [-71.761463, 7.877212000000156], [-71.76956497299994, 7.879199206000123], [-71.79383599999989, 7.867646], [-71.793191, 7.864287000000104], [-71.796239, 7.860791], [-71.80224699999985, 7.868313000000171], [-71.80149, 7.863515000000177], [-71.811165, 7.855169000000103], [-71.81411999999989, 7.840124000000174], [-71.818519, 7.838867], [-71.822463, 7.832196000000181], [-71.820551, 7.823931], [-71.827505, 7.821635000000185], [-71.833972, 7.822715000000187], [-71.836713, 7.819221], [-71.83751599999982, 7.816106000000104], [-71.841722, 7.81638], [-71.843851, 7.813801000000183], [-71.842338, 7.805417000000148], [-71.853951, 7.797337], [-71.854529, 7.793338000000119], [-71.863151, 7.794497], [-71.871292, 7.787980000000175], [-71.879777, 7.785454], [-71.882902, 7.779694], [-71.896394, 7.775488], [-71.895727, 7.780818000000181], [-71.898286, 7.78049], [-71.90242299999989, 7.773390000000177], [-71.908555, 7.771497], [-71.915774, 7.765192], [-71.920022, 7.769867], [-71.92072999999982, 7.757984], [-71.92523099999983, 7.757026000000167], [-71.929665, 7.759856000000184], [-71.93991, 7.748406000000159], [-71.958825, 7.75418800000017], [-71.9659769999999, 7.762627000000123], [-71.96925899999985, 7.773555000000158], [-71.976285, 7.768684000000178], [-71.978148, 7.75976100000014], [-71.983732, 7.75418500000012], [-71.984178, 7.747219], [-72.002727, 7.725358], [-71.996362, 7.724285000000123], [-71.98923, 7.728747000000169], [-71.981341, 7.729018], [-71.978908, 7.7210520000001], [-71.983328, 7.711596], [-71.974834, 7.702043000000117], [-71.971821, 7.686914000000115], [-71.966616, 7.678254000000152], [-71.964139, 7.67643100000015], [-71.95197799999988, 7.680013], [-71.90370399999989, 7.630229], [-71.890587, 7.630091], [-71.883037, 7.635652000000107], [-71.881223, 7.64098], [-71.875363, 7.637736], [-71.860202, 7.638528000000179], [-71.855338, 7.648166], [-71.84365799999989, 7.648531], [-71.842685, 7.664310000000171], [-71.831356, 7.669520000000148], [-71.821421, 7.68158], [-71.814359, 7.68266], [-71.812057, 7.688822], [-71.815663, 7.690841000000148], [-71.814767, 7.693818], [-71.789737, 7.702924000000166], [-71.78591399999982, 7.710942000000102], [-71.789234, 7.715320000000133], [-71.782665, 7.725714], [-71.786512, 7.731725], [-71.779862, 7.744578000000161], [-71.78144, 7.749071], [-71.763489, 7.759249], [-71.753128, 7.769877000000122], [-71.74515699999989, 7.772704], [-71.738277, 7.771632], [-71.725937, 7.778896], [-71.718142, 7.778547], [-71.71349399999986, 7.786265000000185], [-71.69929699999989, 7.791684], [-71.687196, 7.792122], [-71.68530099999987, 7.804086000000154], [-71.688147, 7.810041000000126], [-71.681746, 7.820545], [-71.675573, 7.82562600000017], [-71.673157, 7.839634000000103], [-71.670271, 7.842994]]]}}, {"type": "Feature", "properties": {"parroquia": "Juan Pablo Peñaloza", "municipio": "Uribante", "estado": "Táchira", "pcode": "VE202803", "estado_pcode": "VE20", "municipio_pcode": "VE2028", "center_lat": 8.0586445, "center_lon": -71.88110346, "area_sqkm": 200.64429807}, "geometry": {"type": "Polygon", "coordinates": [[[-71.82804468899997, 8.15842318100016], [-71.84131424799995, 8.161803185000053], [-71.84526443299995, 8.166703265000137], [-71.84986962299996, 8.167273254000122], [-71.85010665399994, 8.172105358000067], [-71.85658695099983, 8.179702481000106], [-71.87120753899984, 8.176968350000095], [-71.87635175699995, 8.179706390000149], [-71.87612966499995, 8.163953051000135], [-71.89102826599998, 8.162838954000051], [-71.89836830899986, 8.155665679000094], [-71.904307, 8.144433000000163], [-71.902405, 8.138047], [-71.904567, 8.133464000000117], [-71.903555, 8.12673100000012], [-71.909889, 8.121032000000184], [-71.91602499999982, 8.106484000000137], [-71.91428799999989, 8.101869], [-71.916253, 8.088172], [-71.912479, 8.083363], [-71.91671, 8.074638], [-71.92240599999985, 8.071323], [-71.919726, 8.062453000000119], [-71.928276, 8.056685000000186], [-71.929766, 8.047054], [-71.92546, 8.042506000000117], [-71.928633, 8.032977], [-71.922745, 8.026734], [-71.92540999999989, 8.014104], [-71.917694, 8.003688000000125], [-71.917207, 7.997933], [-71.921895, 7.98930200000018], [-71.91620099999989, 7.982905], [-71.91424799999987, 7.970245], [-71.904952, 7.96234], [-71.905276, 7.952016000000128], [-71.902774, 7.94723], [-71.898133, 7.943993], [-71.887795, 7.946519], [-71.875065, 7.937975000000108], [-71.857292, 7.958024], [-71.855807, 7.965556], [-71.839339, 7.994888000000174], [-71.827306, 8.000261], [-71.828297, 8.005259], [-71.82310699999982, 8.009645], [-71.82698099999988, 8.03874900000011], [-71.842725, 8.051779000000181], [-71.82877899999988, 8.07891], [-71.829956, 8.084184000000164], [-71.836145, 8.095072], [-71.85073299999988, 8.107723], [-71.852009, 8.126033], [-71.863771, 8.136631], [-71.847496, 8.145233000000133], [-71.846576, 8.150031], [-71.82804468899997, 8.15842318100016]]]}}, {"type": "Feature", "properties": {"parroquia": "Potosí", "municipio": "Uribante", "estado": "Táchira", "pcode": "VE202804", "estado_pcode": "VE20", "municipio_pcode": "VE2028", "center_lat": 7.915268, "center_lon": -71.62018159, "area_sqkm": 472.19145661}, "geometry": {"type": "Polygon", "coordinates": [[[-71.53451717099995, 7.977641599000037], [-71.5493854419999, 7.97725579400003], [-71.55614375199991, 7.983924894999973], [-71.55851088799994, 7.99218106100011], [-71.57052743799994, 8.004042248000133], [-71.56678138199999, 8.024915703000147], [-71.57169460599988, 8.039405060000036], [-71.58394717699997, 8.044431019000172], [-71.6018899799999, 8.057400203000157], [-71.6113503339999, 8.050577022000027], [-71.61931964799999, 8.048441933], [-71.62700191299996, 8.039851713000132], [-71.63469666599997, 8.039000821000116], [-71.631141, 8.02842900000013], [-71.6392, 8.002378000000135], [-71.651161, 7.992224], [-71.653131, 7.98651], [-71.663779, 7.980242], [-71.6693499999999, 7.970842000000118], [-71.677537, 7.968017000000145], [-71.689939, 7.941919], [-71.702804, 7.931072], [-71.72073499999988, 7.937701000000175], [-71.721798, 7.932451], [-71.718303, 7.928164000000152], [-71.719854, 7.924959000000172], [-71.72237499999989, 7.925386000000117], [-71.720934, 7.920848], [-71.728685, 7.919394000000125], [-71.731798, 7.913667], [-71.75011199999989, 7.900481], [-71.75231799999989, 7.895219], [-71.764612, 7.891892], [-71.763378, 7.885985], [-71.76956497299994, 7.879199206000123], [-71.761463, 7.877212000000156], [-71.76130399999988, 7.874229], [-71.75688999999988, 7.870758000000137], [-71.757073, 7.867111], [-71.75164199999989, 7.862482000000171], [-71.746525, 7.865144000000157], [-71.74536399999988, 7.85686], [-71.741119, 7.853886], [-71.731412, 7.854734000000178], [-71.726461, 7.858721], [-71.71253599999989, 7.849303], [-71.704144, 7.863075], [-71.685414, 7.864604], [-71.670271, 7.842994], [-71.665811, 7.830786], [-71.65599, 7.825096], [-71.65260399999988, 7.825791000000152], [-71.650562, 7.823527], [-71.653126, 7.823440000000119], [-71.651291, 7.820972], [-71.653866, 7.818223000000103], [-71.647616, 7.817059], [-71.632626, 7.797619000000111], [-71.62687199999988, 7.800551], [-71.6210339999999, 7.798979], [-71.611896, 7.801685], [-71.606067, 7.798066000000119], [-71.603017, 7.792314], [-71.597184, 7.789616], [-71.59522, 7.793288], [-71.588165, 7.788432], [-71.583648, 7.789837000000148], [-71.58258699999988, 7.774679], [-71.569039, 7.777664000000129], [-71.56177799999989, 7.773522], [-71.557158, 7.77472100000017], [-71.55341, 7.787391], [-71.546193, 7.796149000000128], [-71.545645, 7.80413], [-71.53203699999989, 7.819807], [-71.530259, 7.827576], [-71.522859, 7.831111000000135], [-71.51413067599998, 7.840744540000173], [-71.51966259199992, 7.847400235000066], [-71.51642947499994, 7.851120320000121], [-71.51860865499992, 7.868688680000162], [-71.5103523439999, 7.874873846000128], [-71.51157245199994, 7.887389105000125], [-71.50979635699991, 7.889738865000027], [-71.51103953699999, 7.909182558000055], [-71.50864851299997, 7.922406841000111], [-71.51122565999987, 7.931070019000117], [-71.51181677999995, 7.952543464000087], [-71.52788150299995, 7.964830637000034], [-71.52881358199988, 7.973206812], [-71.53451717099995, 7.977641599000037]]]}}, {"type": "Feature", "properties": {"parroquia": "San Judas Tadeo", "municipio": "San Judas Tadeo", "estado": "Táchira", "pcode": "VE202901", "estado_pcode": "VE20", "municipio_pcode": "VE2029", "center_lat": 8.262705, "center_lon": -72.05548113, "area_sqkm": 241.10479479}, "geometry": {"type": "Polygon", "coordinates": [[[-72.03536, 8.189276], [-72.0166559999999, 8.195691], [-72.010885, 8.191509], [-72.001001, 8.190462000000139], [-71.98967299999987, 8.199912], [-71.987643, 8.204769000000113], [-71.980023, 8.2068000000001], [-71.976577, 8.212628], [-71.961964, 8.219252], [-71.9607309999999, 8.22428500000018], [-71.951566, 8.233843], [-71.95289099999985, 8.255015000000128], [-71.955919, 8.263139000000137], [-71.952296, 8.270645000000172], [-71.953383, 8.284245000000112], [-71.962785, 8.287688], [-71.96588499999984, 8.286009], [-71.975558, 8.292454], [-71.982603, 8.315765], [-71.987398, 8.320532000000128], [-71.993074, 8.321591000000126], [-72.01896, 8.344546], [-72.02646, 8.312081], [-72.031386, 8.317422], [-72.054399, 8.325368], [-72.055878, 8.32896], [-72.065489, 8.329706000000101], [-72.106869, 8.291377000000125], [-72.11985999999985, 8.30348400000014], [-72.128867, 8.297396], [-72.159027, 8.27584700000017], [-72.159872, 8.272565], [-72.15796399999982, 8.263528000000179], [-72.151307, 8.26012], [-72.14451, 8.245357000000183], [-72.139849, 8.242276000000174], [-72.132205, 8.242618], [-72.121143, 8.24946800000015], [-72.10894799999988, 8.246287], [-72.10250599999989, 8.240122], [-72.101485, 8.2306430000001], [-72.103465, 8.225239], [-72.10145799999987, 8.22006], [-72.093572, 8.211471], [-72.079479, 8.202009], [-72.073695, 8.192536000000132], [-72.06360099999989, 8.187147], [-72.0449789999999, 8.181548000000134], [-72.04023299999989, 8.188609], [-72.03536, 8.189276]]]}}, {"type": "Feature", "properties": {"parroquia": "La Palmita", "municipio": "Panamericano", "estado": "Táchira", "pcode": "VE201902", "estado_pcode": "VE20", "municipio_pcode": "VE2019", "center_lat": 8.42859643, "center_lon": -72.00894578, "area_sqkm": 168.98131328}, "geometry": {"type": "Polygon", "coordinates": [[[-71.93010899999985, 8.376753000000122], [-71.941497, 8.388310000000104], [-71.947008, 8.400625000000161], [-71.941468, 8.415693], [-71.94051799999988, 8.43213900000012], [-71.947168, 8.440403000000174], [-71.959549, 8.445752], [-71.96455999999989, 8.453367], [-71.965241, 8.465681000000188], [-71.95459099999982, 8.487732], [-71.959541, 8.494840000000181], [-71.957792, 8.502625], [-71.97082, 8.508308], [-71.97205058399999, 8.512902289000124], [-72.07100094299994, 8.42897562100012], [-72.08428190299998, 8.42821723700007], [-72.084114, 8.406975000000102], [-72.072039, 8.390245000000164], [-72.071572, 8.371524], [-72.06409699999989, 8.365720000000124], [-72.053927, 8.365349000000151], [-72.04360799999989, 8.356789000000106], [-72.01896, 8.344546], [-71.97247099999987, 8.383601], [-71.93010899999985, 8.376753000000122]]]}}, {"type": "Feature", "properties": {"parroquia": "José Antonio Páez", "municipio": "García de Hevia", "estado": "Táchira", "pcode": "VE200903", "estado_pcode": "VE20", "municipio_pcode": "VE2009", "center_lat": 8.416031, "center_lon": -72.19858256, "area_sqkm": 199.44794983}, "geometry": {"type": "Polygon", "coordinates": [[[-72.17258954699997, 8.423474585000065], [-72.21622677399989, 8.42190169900016], [-72.30865526799982, 8.375672249000104], [-72.3091663639999, 8.391121570000053], [-72.31911783699996, 8.404491796000173], [-72.32544038699996, 8.459421913000028], [-72.3347078299999, 8.47337715100008], [-72.34421436199989, 8.50061768], [-72.34854154199991, 8.500640657000076], [-72.35247865199989, 8.492969477000031], [-72.34866844599992, 8.481815257000108], [-72.3574307799999, 8.478841148000186], [-72.36211494299988, 8.473578010999972], [-72.35947180399995, 8.468814931000054], [-72.35221150899997, 8.467705939000155], [-72.34960837799997, 8.46328586300018], [-72.35347047599998, 8.452647621000153], [-72.35281938499992, 8.438778331000094], [-72.35649249999989, 8.432645192000052], [-72.36118271899994, 8.431273936000139], [-72.361778, 8.426055000000133], [-72.35467099999983, 8.42185], [-72.354626, 8.416968], [-72.347053, 8.409643], [-72.349324, 8.399283000000139], [-72.346582, 8.39188], [-72.341934, 8.388968], [-72.34805199999988, 8.375061], [-72.34474, 8.370414], [-72.34665199999989, 8.365590000000168], [-72.344128, 8.353201], [-72.351072, 8.331547], [-72.1305349999999, 8.339621], [-72.149276, 8.349356], [-72.15372999999988, 8.369548000000123], [-72.149997, 8.372237], [-72.150608, 8.381739], [-72.147173, 8.383074000000136], [-72.154731, 8.395322000000135], [-72.152782, 8.404825], [-72.15751099999989, 8.404844], [-72.160154, 8.414756000000182], [-72.17175999999989, 8.416328], [-72.17258954699997, 8.423474585000065]]]}}, {"type": "Feature", "properties": {"parroquia": "Manuel Felipe Rugeles", "municipio": "Libertad", "estado": "Táchira", "pcode": "VE201503", "estado_pcode": "VE20", "municipio_pcode": "VE2015", "center_lat": 7.7453895, "center_lon": -72.30016399, "area_sqkm": 57.58458597}, "geometry": {"type": "Polygon", "coordinates": [[[-72.33706099999989, 7.764809000000184], [-72.33784799999984, 7.746981000000176], [-72.31859, 7.743365000000153], [-72.317014, 7.727690000000109], [-72.312471, 7.72361], [-72.3098, 7.713899], [-72.305589, 7.70982], [-72.290537, 7.70686], [-72.2842169999999, 7.698367], [-72.286646, 7.695383], [-72.284317, 7.691633000000138], [-72.278126, 7.694070000000124], [-72.27602, 7.691754000000174], [-72.272375, 7.695292000000165], [-72.267093, 7.714509], [-72.26355599999988, 7.716943000000128], [-72.264778, 7.720032000000117], [-72.26267799999988, 7.72147], [-72.26213099999984, 7.725224], [-72.26955, 7.729079], [-72.275536, 7.736137], [-72.2730059999999, 7.74585500000012], [-72.264937, 7.752048], [-72.276475, 7.771795], [-72.281682, 7.775874], [-72.28666, 7.775094000000138], [-72.288437, 7.778956000000107], [-72.286893, 7.78216], [-72.30295799999988, 7.794835000000148], [-72.306132, 7.798723000000166], [-72.333843, 7.793152], [-72.33109999999988, 7.776772], [-72.33706099999989, 7.764809000000184]]]}}]}