{"type": "FeatureCollection", "features": [{"type": "Feature", "properties": {"parroquia": "Araguaney", "municipio": "Andrés Bello", "estado": "Trujillo", "pcode": "VE210102", "estado_pcode": "VE21", "municipio_pcode": "VE2101", "center_lat": 9.6005005, "center_lon": -70.68767132, "area_sqkm": 50.10269682}, "geometry": {"type": "Polygon", "coordinates": [[[-70.72529199999985, 9.60975100000013], [-70.7075119999999, 9.560044000000175], [-70.662408, 9.556647000000112], [-70.64861599999989, 9.624523], [-70.651236, 9.62363500000015], [-70.651415, 9.613653], [-70.655314, 9.60634], [-70.65906399999983, 9.603287], [-70.664361, 9.60394], [-70.671425, 9.606531000000189], [-70.67501, 9.619169000000113], [-70.68478, 9.629998000000114], [-70.696915, 9.62700100000012], [-70.720268, 9.640800000000183], [-70.72973, 9.62204800000012], [-70.72529199999985, 9.60975100000013]]]}}, {"type": "Feature", "properties": {"parroquia": "El Jaguito", "municipio": "Andrés Bello", "estado": "Trujillo", "pcode": "VE210103", "estado_pcode": "VE21", "municipio_pcode": "VE2101", "center_lat": 9.592179, "center_lon": -70.7705158, "area_sqkm": 62.87605254}, "geometry": {"type": "Polygon", "coordinates": [[[-70.7075119999999, 9.560044000000175], [-70.72529199999985, 9.60975100000013], [-70.746052, 9.605890000000102], [-70.744452, 9.612942], [-70.74973, 9.62208], [-70.749289, 9.628890000000126], [-70.822062, 9.604665000000182], [-70.820023, 9.579463], [-70.816186, 9.577704000000153], [-70.815666, 9.574104], [-70.806146, 9.569703000000175], [-70.805424, 9.565426000000173], [-70.7075119999999, 9.560044000000175]]]}}, {"type": "Feature", "properties": {"parroquia": "La Esperanza", "municipio": "Andrés Bello", "estado": "Trujillo", "pcode": "VE210104", "estado_pcode": "VE21", "municipio_pcode": "VE2101", "center_lat": 9.68744893, "center_lon": -70.70267875, "area_sqkm": 186.74720621}, "geometry": {"type": "Polygon", "coordinates": [[[-70.63346399999989, 9.694213], [-70.642071, 9.706975000000114], [-70.658878, 9.720039], [-70.655478, 9.728356], [-70.658693, 9.736454], [-70.663837, 9.73707], [-70.682919, 9.755118000000152], [-70.685654, 9.769036000000142], [-70.69159257899997, 9.771634777000145], [-70.69428406299994, 9.760442063000028], [-70.71771797999997, 9.750139691000129], [-70.72761442899997, 9.756066772000167], [-70.72982951499995, 9.754992727], [-70.73525076799996, 9.760423823000167], [-70.74320008599989, 9.757860716999971], [-70.74666414799998, 9.745471407000025], [-70.74687207499989, 9.731544074000112], [-70.75611339299996, 9.720077753], [-70.76401960499999, 9.701451269000017], [-70.76199747899994, 9.695238136000114], [-70.75866034699993, 9.694987152000124], [-70.75982637799996, 9.69320909600009], [-70.77499396199994, 9.684272796000016], [-70.7857504459999, 9.690651892000062], [-70.78902888199997, 9.689697964], [-70.787381, 9.6874830000001], [-70.783338, 9.687872], [-70.783081, 9.681292000000155], [-70.778023, 9.680247000000179], [-70.7807279999999, 9.677012], [-70.77414, 9.666773], [-70.7699889999999, 9.651022], [-70.759878, 9.637903000000108], [-70.758854, 9.632727000000159], [-70.749289, 9.628890000000126], [-70.74973, 9.62208], [-70.744452, 9.612942], [-70.746052, 9.605890000000102], [-70.72529199999985, 9.60975100000013], [-70.72973, 9.62204800000012], [-70.720268, 9.640800000000183], [-70.696915, 9.62700100000012], [-70.68478, 9.629998000000114], [-70.67501, 9.619169000000113], [-70.671425, 9.606531000000189], [-70.664361, 9.60394], [-70.65906399999983, 9.603287], [-70.655314, 9.60634], [-70.651415, 9.613653], [-70.651236, 9.62363500000015], [-70.64861599999989, 9.624523], [-70.63346399999989, 9.694213]]]}}, {"type": "Feature", "properties": {"parroquia": "Bocono", "municipio": "Bocono", "estado": "Trujillo", "pcode": "VE210201", "estado_pcode": "VE21", "municipio_pcode": "VE2102", "center_lat": 9.220453, "center_lon": -70.27609381, "area_sqkm": 171.03717913}, "geometry": {"type": "Polygon", "coordinates": [[[-70.384761, 9.239991], [-70.300864, 9.219084], [-70.296467, 9.212521], [-70.291434, 9.210289000000103], [-70.290787, 9.205246000000159], [-70.296865, 9.197259], [-70.30934599999989, 9.190182], [-70.326272, 9.17013], [-70.325535, 9.159727], [-70.312267, 9.147209000000146], [-70.311336, 9.136633000000131], [-70.306273, 9.12961], [-70.306008, 9.122589], [-70.301108, 9.120270000000176], [-70.20026799999988, 9.220298000000128], [-70.2042239999999, 9.221952], [-70.216671, 9.216914], [-70.2295, 9.218713], [-70.233329, 9.216581], [-70.25086, 9.223094], [-70.260282, 9.231301000000144], [-70.27643499999988, 9.228489], [-70.27464699999985, 9.236664000000133], [-70.269083, 9.239996000000133], [-70.26985599999983, 9.246951], [-70.275252, 9.247862000000111], [-70.276417, 9.258873000000108], [-70.27285399999988, 9.265062], [-70.27377599999988, 9.273664000000167], [-70.264268, 9.297296], [-70.264821, 9.32049400000011], [-70.32130399999988, 9.316652], [-70.331642, 9.313661], [-70.334599, 9.309872], [-70.33875399999988, 9.294244000000162], [-70.34582, 9.280052], [-70.351299, 9.277084000000173], [-70.356577, 9.269146], [-70.36707499999989, 9.265833], [-70.37402299999985, 9.26035], [-70.377868, 9.249081000000103], [-70.384761, 9.239991]]]}}, {"type": "Feature", "properties": {"parroquia": "El Carmen", "municipio": "Bocono", "estado": "Trujillo", "pcode": "VE210202", "estado_pcode": "VE21", "municipio_pcode": "VE2102", "center_lat": 9.2611515, "center_lon": -70.23029265, "area_sqkm": 70.74052019}, "geometry": {"type": "Polygon", "coordinates": [[[-70.222434, 9.304427], [-70.224437, 9.306301000000133], [-70.236776, 9.302715], [-70.251852, 9.304188000000124], [-70.264268, 9.297296], [-70.27377599999988, 9.273664000000167], [-70.27285399999988, 9.265062], [-70.276417, 9.258873000000108], [-70.275252, 9.247862000000111], [-70.26985599999983, 9.246951], [-70.269083, 9.239996000000133], [-70.27464699999985, 9.236664000000133], [-70.27643499999988, 9.228489], [-70.260282, 9.231301000000144], [-70.25086, 9.223094], [-70.233329, 9.216581], [-70.2295, 9.218713], [-70.216671, 9.216914], [-70.2042239999999, 9.221952], [-70.17709591299985, 9.249982057000125], [-70.182079, 9.25267], [-70.186365, 9.26234], [-70.204099, 9.27147600000012], [-70.209149, 9.280907000000127], [-70.215623, 9.280383], [-70.2201409999999, 9.283363000000122], [-70.219434, 9.296109000000115], [-70.222434, 9.304427]]]}}, {"type": "Feature", "properties": {"parroquia": "Mosquey", "municipio": "Bocono", "estado": "Trujillo", "pcode": "VE210203", "estado_pcode": "VE21", "municipio_pcode": "VE2102", "center_lat": 9.292595, "center_lon": -70.19318707, "area_sqkm": 30.15865168}, "geometry": {"type": "Polygon", "coordinates": [[[-70.159932, 9.281609000000117], [-70.167747, 9.294042000000161], [-70.16777899999988, 9.30268800000016], [-70.172153, 9.311073], [-70.16969499999988, 9.318847000000119], [-70.176007, 9.336476000000175], [-70.181023, 9.323691000000167], [-70.1798649999999, 9.318808000000104], [-70.189123, 9.315098], [-70.199107, 9.303216000000134], [-70.2128479999999, 9.302034], [-70.222434, 9.304427], [-70.219434, 9.296109000000115], [-70.2201409999999, 9.283363000000122], [-70.215623, 9.280383], [-70.209149, 9.280907000000127], [-70.204099, 9.27147600000012], [-70.186365, 9.26234], [-70.182079, 9.25267], [-70.17709591299985, 9.249982057000125], [-70.159932, 9.281609000000117]]]}}, {"type": "Feature", "properties": {"parroquia": "Ayacucho", "municipio": "Bocono", "estado": "Trujillo", "pcode": "VE210204", "estado_pcode": "VE21", "municipio_pcode": "VE2102", "center_lat": 9.32303421, "center_lon": -70.13559878, "area_sqkm": 71.62981724}, "geometry": {"type": "Polygon", "coordinates": [[[-70.09052754999993, 9.337311948000035], [-70.081788, 9.359936], [-70.08622999999989, 9.360514], [-70.093374, 9.355787000000134], [-70.10151699999989, 9.359019], [-70.09982, 9.369424000000151], [-70.14300899999989, 9.374947], [-70.151199, 9.360657], [-70.153803, 9.360365], [-70.153024, 9.356259000000136], [-70.15687, 9.356543000000158], [-70.16506, 9.339887000000147], [-70.176007, 9.336476000000175], [-70.16969499999988, 9.318847000000119], [-70.172153, 9.311073], [-70.16777899999988, 9.30268800000016], [-70.167747, 9.294042000000161], [-70.159932, 9.281609000000117], [-70.154511, 9.273089], [-70.13837399999989, 9.272025], [-70.127669, 9.279674], [-70.121231, 9.292415000000176], [-70.11454136899994, 9.296558091000065], [-70.11252272599995, 9.30323221499998], [-70.10397587299997, 9.311798933000034], [-70.10424390899993, 9.315999022000028], [-70.09171747699997, 9.332353479000062], [-70.09052754999993, 9.337311948000035]]]}}, {"type": "Feature", "properties": {"parroquia": "Burbusay", "municipio": "Bocono", "estado": "Trujillo", "pcode": "VE210205", "estado_pcode": "VE21", "municipio_pcode": "VE2102", "center_lat": 9.425536, "center_lon": -70.26729373, "area_sqkm": 87.48062568}, "geometry": {"type": "Polygon", "coordinates": [[[-70.208947, 9.420086], [-70.21704299999988, 9.426105000000177], [-70.225117, 9.440741], [-70.240988, 9.443308000000172], [-70.25319, 9.475189000000114], [-70.26402799999988, 9.476460000000145], [-70.26920399999989, 9.480123000000162], [-70.271896, 9.479649], [-70.277051, 9.471477000000107], [-70.279814, 9.471416], [-70.284456, 9.47261], [-70.288299, 9.481740000000173], [-70.305989, 9.47043600000012], [-70.310602, 9.449894], [-70.32179799999989, 9.429801000000111], [-70.320158, 9.42696500000011], [-70.308209, 9.417035], [-70.319312, 9.407579000000169], [-70.30917799999986, 9.400166000000183], [-70.296418, 9.385393], [-70.292153, 9.371753], [-70.27861499999989, 9.374018], [-70.27548099999984, 9.37290400000012], [-70.274098, 9.368207000000154], [-70.268636, 9.368408000000102], [-70.26411799999988, 9.377602], [-70.24729199799998, 9.379374001000144], [-70.251716, 9.390901], [-70.249589, 9.392835], [-70.249358, 9.401286], [-70.24202, 9.412445], [-70.23387799999989, 9.41419000000019], [-70.222514, 9.410726000000125], [-70.21325, 9.413817], [-70.208947, 9.420086]]]}}, {"type": "Feature", "properties": {"parroquia": "General Rivas", "municipio": "Bocono", "estado": "Trujillo", "pcode": "VE210206", "estado_pcode": "VE21", "municipio_pcode": "VE2102", "center_lat": 9.03528835, "center_lon": -70.47900834, "area_sqkm": 156.08271294}, "geometry": {"type": "Polygon", "coordinates": [[[-70.40165999499993, 9.040423224999984], [-70.42304, 9.05428000000012], [-70.434849, 9.079496000000177], [-70.432115, 9.085976], [-70.438101, 9.082381000000169], [-70.446522, 9.089428], [-70.455733, 9.103860000000111], [-70.48176, 9.108449000000178], [-70.49292999999989, 9.118422], [-70.493153, 9.117902000000186], [-70.507568, 9.101134000000116], [-70.543325, 9.095155000000148], [-70.548378, 9.091694000000132], [-70.54583, 9.082268], [-70.550466, 9.063478], [-70.5498379849999, 9.005528457000082], [-70.5436464369999, 8.999116301000129], [-70.54842650699999, 8.976232753000147], [-70.55511373899998, 8.96719850500017], [-70.55233053799998, 8.95209718600006], [-70.52387345299991, 8.971114767000188], [-70.51191203999991, 8.984610140000086], [-70.50482080899991, 8.997203467000134], [-70.48889221399997, 9.008464809000031], [-70.47863280399991, 9.01257495100009], [-70.46343716699994, 9.011356014000057], [-70.44383841599995, 9.021584355000186], [-70.42030259599994, 9.02514810000008], [-70.41741536299998, 9.0299446840001], [-70.40165999499993, 9.040423224999984]]]}}, {"type": "Feature", "properties": {"parroquia": "Guaramacal", "municipio": "Bocono", "estado": "Trujillo", "pcode": "VE210207", "estado_pcode": "VE21", "municipio_pcode": "VE2102", "center_lat": 9.14918248, "center_lon": -70.15748242, "area_sqkm": 340.88060846}, "geometry": {"type": "Polygon", "coordinates": [[[-70.09697106399989, 9.219533813000055], [-70.111204, 9.222587], [-70.121621, 9.230754], [-70.130283, 9.231031], [-70.14091699999989, 9.243245], [-70.15366399999988, 9.246747], [-70.157876, 9.24481], [-70.16345399999989, 9.226789], [-70.186679, 9.231235], [-70.20026799999988, 9.220298000000128], [-70.301108, 9.120270000000176], [-70.294815, 9.117382], [-70.287267, 9.108832], [-70.279991, 9.108496000000173], [-70.26190399999984, 9.095446], [-70.242626, 9.094976], [-70.235967, 9.088188000000116], [-70.238479, 9.08521700000017], [-70.238515, 9.077896000000123], [-70.23358599999989, 9.069011], [-70.21025799999984, 9.069474000000184], [-70.2025065489999, 9.054301414000122], [-70.20209451599993, 9.052779385000065], [-70.18012464499998, 9.060994689000154], [-70.16584309699994, 9.069283955000174], [-70.16059188099996, 9.069648001000076], [-70.16036091399985, 9.077708181000162], [-70.15743980399992, 9.079890244000126], [-70.1379180159999, 9.084708465000062], [-70.10876681799988, 9.087076683000078], [-70.09921243899998, 9.090734813000097], [-70.07053634499994, 9.110913445000051], [-70.05393175899997, 9.129663968000102], [-70.04194338399998, 9.152373558000079], [-70.04463052199998, 9.157908672000133], [-70.0636469239999, 9.176176778000126], [-70.06552152999996, 9.181324099000108], [-70.0686746699999, 9.181450091000102], [-70.06908376099989, 9.196320424000078], [-70.07281694999995, 9.202205548999984], [-70.07835521599998, 9.207646637000096], [-70.08750659599991, 9.206602568000108], [-70.09431589599996, 9.21093763000016], [-70.09697106399989, 9.219533813000055]]]}}, {"type": "Feature", "properties": {"parroquia": "Vega de Guaramacal", "municipio": "Bocono", "estado": "Trujillo", "pcode": "VE210208", "estado_pcode": "VE21", "municipio_pcode": "VE2102", "center_lat": 9.2581214, "center_lon": -70.1181263, "area_sqkm": 66.35540332}, "geometry": {"type": "Polygon", "coordinates": [[[-70.09697106399989, 9.219533813000055], [-70.09333293299989, 9.225123962000112], [-70.08318655299996, 9.232117179999989], [-70.0757723029999, 9.243757493999965], [-70.07065410499996, 9.245038555], [-70.06696297699995, 9.249183667000125], [-70.06226885199993, 9.263063024000019], [-70.06329897699999, 9.276623338000093], [-70.06761418299982, 9.282872454000028], [-70.07211838299997, 9.284623469000053], [-70.07761461699994, 9.285061447000032], [-70.08077772799999, 9.281424352000101], [-70.0916391859999, 9.281108285000187], [-70.11454136899994, 9.296558091000065], [-70.121231, 9.292415000000176], [-70.127669, 9.279674], [-70.13837399999989, 9.272025], [-70.154511, 9.273089], [-70.159932, 9.281609000000117], [-70.17709591299985, 9.249982057000125], [-70.2042239999999, 9.221952], [-70.20026799999988, 9.220298000000128], [-70.186679, 9.231235], [-70.16345399999989, 9.226789], [-70.157876, 9.24481], [-70.15366399999988, 9.246747], [-70.14091699999989, 9.243245], [-70.130283, 9.231031], [-70.121621, 9.230754], [-70.111204, 9.222587], [-70.09697106399989, 9.219533813000055]]]}}, {"type": "Feature", "properties": {"parroquia": "Monseñor Jáuregui", "municipio": "Bocono", "estado": "Trujillo", "pcode": "VE210209", "estado_pcode": "VE21", "municipio_pcode": "VE2102", "center_lat": 9.1006385, "center_lon": -70.36119101, "area_sqkm": 218.87695782}, "geometry": {"type": "Polygon", "coordinates": [[[-70.301108, 9.120270000000176], [-70.306008, 9.122589], [-70.306273, 9.12961], [-70.311336, 9.136633000000131], [-70.312267, 9.147209000000146], [-70.325535, 9.159727], [-70.326272, 9.17013], [-70.33454199999989, 9.165512], [-70.342454, 9.154861], [-70.348637, 9.135147], [-70.351956, 9.132086000000129], [-70.37706999999989, 9.15595500000012], [-70.387713, 9.145816], [-70.39532, 9.143163], [-70.42196899999988, 9.140343000000144], [-70.443898, 9.132871], [-70.454554, 9.123584000000108], [-70.470514, 9.116184000000146], [-70.49292999999989, 9.118422], [-70.48176, 9.108449000000178], [-70.455733, 9.103860000000111], [-70.446522, 9.089428], [-70.438101, 9.082381000000169], [-70.432115, 9.085976], [-70.434849, 9.079496000000177], [-70.42304, 9.05428000000012], [-70.40165999499993, 9.040423224999984], [-70.3989846589999, 9.041507052000043], [-70.39901670399996, 9.049645241000064], [-70.38717622499996, 9.051561343000174], [-70.38508416699995, 9.05628145999998], [-70.37567478799991, 9.058803571000055], [-70.36065213999996, 9.054610564000143], [-70.34596454599989, 9.05937975400002], [-70.34063031799997, 9.058118747000037], [-70.33345498799991, 9.052214652000146], [-70.30440873799995, 9.0447856400001], [-70.29885549299985, 9.041835607000166], [-70.29600234399993, 9.035514469000077], [-70.27561646099986, 9.03027346500005], [-70.25798876499988, 9.037430725000036], [-70.25157004699986, 9.044593735000092], [-70.2481344279999, 9.05079608300008], [-70.24219819399997, 9.052854163], [-70.24176118599996, 9.055591232000097], [-70.23379589499996, 9.061536409000041], [-70.21484004999996, 9.052987322000092], [-70.20887582199998, 9.056809438000187], [-70.2025065489999, 9.054301414000122], [-70.21025799999984, 9.069474000000184], [-70.23358599999989, 9.069011], [-70.238515, 9.077896000000123], [-70.238479, 9.08521700000017], [-70.235967, 9.088188000000116], [-70.242626, 9.094976], [-70.26190399999984, 9.095446], [-70.279991, 9.108496000000173], [-70.287267, 9.108832], [-70.294815, 9.117382], [-70.301108, 9.120270000000176]]]}}, {"type": "Feature", "properties": {"parroquia": "Rafael Rangel", "municipio": "Bocono", "estado": "Trujillo", "pcode": "VE210210", "estado_pcode": "VE21", "municipio_pcode": "VE2102", "center_lat": 9.338391, "center_lon": -70.272728, "area_sqkm": 57.79928446}, "geometry": {"type": "Polygon", "coordinates": [[[-70.224437, 9.306301000000133], [-70.22466, 9.318314], [-70.233191, 9.335662000000127], [-70.2362609999999, 9.355852], [-70.241144, 9.363738], [-70.242541, 9.374404], [-70.24729199799998, 9.379374001000144], [-70.26411799999988, 9.377602], [-70.268636, 9.368408000000102], [-70.274098, 9.368207000000154], [-70.27548099999984, 9.37290400000012], [-70.27861499999989, 9.374018], [-70.292153, 9.371753], [-70.304483, 9.363908], [-70.306458, 9.347407], [-70.311762, 9.341319000000112], [-70.32130399999988, 9.316652], [-70.264821, 9.32049400000011], [-70.264268, 9.297296], [-70.251852, 9.304188000000124], [-70.236776, 9.302715], [-70.224437, 9.306301000000133]]]}}, {"type": "Feature", "properties": {"parroquia": "San Miguel", "municipio": "Bocono", "estado": "Trujillo", "pcode": "VE210211", "estado_pcode": "VE21", "municipio_pcode": "VE2102", "center_lat": 9.413213, "center_lon": -70.16381137, "area_sqkm": 197.99262658}, "geometry": {"type": "Polygon", "coordinates": [[[-70.106527, 9.401282000000151], [-70.108851, 9.404661], [-70.106704, 9.408845], [-70.111067, 9.410013000000106], [-70.11267, 9.413493], [-70.115068, 9.42971800000015], [-70.110744, 9.440822], [-70.09827, 9.441329], [-70.08739899999989, 9.45009400000015], [-70.087665, 9.467310000000111], [-70.10113399999983, 9.484817], [-70.112251, 9.490809], [-70.114675, 9.512986000000183], [-70.12158376799994, 9.524544749000086], [-70.12495599999983, 9.523832], [-70.125183, 9.51453], [-70.130641, 9.50963000000013], [-70.140474, 9.49215700000019], [-70.16723499999989, 9.47431], [-70.173587, 9.459156000000121], [-70.187286, 9.458832000000143], [-70.191341, 9.445952], [-70.200162, 9.43868300000014], [-70.20192, 9.423323], [-70.208947, 9.420086], [-70.21325, 9.413817], [-70.222514, 9.410726000000125], [-70.23387799999989, 9.41419000000019], [-70.24202, 9.412445], [-70.249358, 9.401286], [-70.249589, 9.392835], [-70.251716, 9.390901], [-70.24729199799998, 9.379374001000144], [-70.242541, 9.374404], [-70.241144, 9.363738], [-70.2362609999999, 9.355852], [-70.233191, 9.335662000000127], [-70.22466, 9.318314], [-70.224437, 9.306301000000133], [-70.222434, 9.304427], [-70.2128479999999, 9.302034], [-70.199107, 9.303216000000134], [-70.189123, 9.315098], [-70.1798649999999, 9.318808000000104], [-70.181023, 9.323691000000167], [-70.176007, 9.336476000000175], [-70.16506, 9.339887000000147], [-70.15687, 9.356543000000158], [-70.153024, 9.356259000000136], [-70.153803, 9.360365], [-70.151199, 9.360657], [-70.14300899999989, 9.374947], [-70.12092499999989, 9.400745], [-70.106527, 9.401282000000151]]]}}, {"type": "Feature", "properties": {"parroquia": "San José", "municipio": "Bocono", "estado": "Trujillo", "pcode": "VE210212", "estado_pcode": "VE21", "municipio_pcode": "VE2102", "center_lat": 9.186095, "center_lon": -70.37586341, "area_sqkm": 119.06561378}, "geometry": {"type": "Polygon", "coordinates": [[[-70.326272, 9.17013], [-70.30934599999989, 9.190182], [-70.296865, 9.197259], [-70.290787, 9.205246000000159], [-70.291434, 9.210289000000103], [-70.296467, 9.212521], [-70.300864, 9.219084], [-70.384761, 9.239991], [-70.386345, 9.220433000000128], [-70.401292, 9.212431], [-70.406827, 9.20537], [-70.415657, 9.199341], [-70.421816, 9.199719], [-70.426788, 9.196388000000127], [-70.45122228899993, 9.17375424000005], [-70.450316, 9.15836800000011], [-70.44588, 9.147509000000127], [-70.443898, 9.132871], [-70.42196899999988, 9.140343000000144], [-70.39532, 9.143163], [-70.387713, 9.145816], [-70.37706999999989, 9.15595500000012], [-70.351956, 9.132086000000129], [-70.348637, 9.135147], [-70.342454, 9.154861], [-70.33454199999989, 9.165512], [-70.326272, 9.17013]]]}}, {"type": "Feature", "properties": {"parroquia": "Sabana Grande", "municipio": "Bolívar", "estado": "Trujillo", "pcode": "VE210301", "estado_pcode": "VE21", "municipio_pcode": "VE2103", "center_lat": 9.422131, "center_lon": -70.82712739, "area_sqkm": 76.72519741}, "geometry": {"type": "Polygon", "coordinates": [[[-70.758756, 9.414338], [-70.770675, 9.417927000000134], [-70.774671, 9.424096], [-70.777275, 9.423400000000186], [-70.77718599999986, 9.426863], [-70.78543099999985, 9.435292], [-70.791795, 9.436546], [-70.800944, 9.44460700000019], [-70.801621, 9.451072], [-70.808658, 9.453609], [-70.811949, 9.458031000000119], [-70.815865, 9.471762], [-70.821827, 9.476452000000165], [-70.83108299999986, 9.476534], [-70.858483, 9.457978], [-70.88266, 9.436947], [-70.90404399999989, 9.429242], [-70.82328, 9.404862], [-70.80117799999988, 9.401214], [-70.798828, 9.398929000000123], [-70.80114, 9.38878000000011], [-70.778459, 9.379906], [-70.771787, 9.369572000000119], [-70.761931, 9.368297000000155], [-70.75983, 9.372999000000164], [-70.764148, 9.390627000000165], [-70.755669, 9.403244], [-70.758756, 9.414338]]]}}, {"type": "Feature", "properties": {"parroquia": "Cheregue", "municipio": "Bolívar", "estado": "Trujillo", "pcode": "VE210302", "estado_pcode": "VE21", "municipio_pcode": "VE2103", "center_lat": 9.327756, "center_lon": -70.81229371, "area_sqkm": 109.14401819}, "geometry": {"type": "Polygon", "coordinates": [[[-70.802532, 9.264837], [-70.80241699999982, 9.27065], [-70.80637, 9.274497000000167], [-70.811578, 9.29453000000018], [-70.807987, 9.298405000000173], [-70.805702, 9.297848000000101], [-70.80496297899998, 9.304636230000085], [-70.7998816299999, 9.311821344], [-70.78190706499993, 9.32540085800008], [-70.76905050599999, 9.331316987000093], [-70.76704217299988, 9.335862761000158], [-70.778414, 9.358497], [-70.77961, 9.356327], [-70.783297, 9.357962000000157], [-70.783865, 9.362209000000178], [-70.780271, 9.36303], [-70.787606, 9.364009], [-70.787284, 9.36605], [-70.797721, 9.370121], [-70.803801, 9.36569], [-70.814145, 9.368408000000102], [-70.819332, 9.376474], [-70.862296, 9.380249000000163], [-70.903358, 9.398111000000142], [-70.904709, 9.330545], [-70.901228, 9.330916], [-70.890742, 9.32746], [-70.88738199999983, 9.3287830000001], [-70.869469, 9.320349], [-70.855082, 9.331619000000103], [-70.848479, 9.329895000000135], [-70.84519199999983, 9.326074000000176], [-70.848059, 9.312498], [-70.84494199999983, 9.309133], [-70.845259, 9.298082], [-70.841017, 9.294002], [-70.840518, 9.286617], [-70.83807799999988, 9.287556000000109], [-70.832883, 9.277844000000186], [-70.8267479999999, 9.280732], [-70.82528999999988, 9.274719], [-70.822985, 9.274783], [-70.824157, 9.26629], [-70.822155, 9.259069000000125], [-70.814329, 9.258449], [-70.810353, 9.26600400000018], [-70.802532, 9.264837]]]}}, {"type": "Feature", "properties": {"parroquia": "Granados", "municipio": "Bolívar", "estado": "Trujillo", "pcode": "VE210303", "estado_pcode": "VE21", "municipio_pcode": "VE2103", "center_lat": 9.3934465, "center_lon": -70.84635599, "area_sqkm": 49.34431271}, "geometry": {"type": "Polygon", "coordinates": [[[-70.903358, 9.398111000000142], [-70.862296, 9.380249000000163], [-70.819332, 9.376474], [-70.814145, 9.368408000000102], [-70.803801, 9.36569], [-70.797721, 9.370121], [-70.787284, 9.36605], [-70.787606, 9.364009], [-70.780271, 9.36303], [-70.768584, 9.357470000000149], [-70.763888, 9.358483], [-70.7551959999999, 9.366033], [-70.75519899999989, 9.369243], [-70.75983, 9.372999000000164], [-70.761931, 9.368297000000155], [-70.771787, 9.369572000000119], [-70.778459, 9.379906], [-70.80114, 9.38878000000011], [-70.798828, 9.398929000000123], [-70.80117799999988, 9.401214], [-70.82328, 9.404862], [-70.90404399999989, 9.429242], [-70.903358, 9.398111000000142]]]}}, {"type": "Feature", "properties": {"parroquia": "Chejende", "municipio": "Candelaria", "estado": "Trujillo", "pcode": "VE210401", "estado_pcode": "VE21", "municipio_pcode": "VE2104", "center_lat": 9.695625, "center_lon": -70.48093125, "area_sqkm": 198.54064784}, "geometry": {"type": "Polygon", "coordinates": [[[-70.509426, 9.671273], [-70.500985, 9.6563230000001], [-70.49380699999989, 9.652672000000166], [-70.474003, 9.658844000000158], [-70.467261, 9.658073000000115], [-70.465456, 9.653972], [-70.45505, 9.656645], [-70.439644, 9.656006000000161], [-70.425987, 9.629851], [-70.41504599999985, 9.627688000000148], [-70.41442899999987, 9.62338], [-70.405488, 9.619716], [-70.39642899999984, 9.626182], [-70.386492, 9.608712], [-70.377259, 9.604582], [-70.374994, 9.597853000000157], [-70.371384, 9.595968], [-70.36070399999988, 9.598426000000131], [-70.348693, 9.588957], [-70.32775399999986, 9.587927], [-70.32363, 9.596904000000166], [-70.32575899999989, 9.602842000000123], [-70.3248349999999, 9.620523], [-70.31359199999986, 9.629334], [-70.315642, 9.640103], [-70.313494, 9.650562], [-70.315482, 9.653495], [-70.327466, 9.65092600000014], [-70.329811, 9.655888000000175], [-70.333571, 9.655984000000103], [-70.336451, 9.659693], [-70.340981, 9.655898], [-70.346266, 9.656391], [-70.352653, 9.658767000000182], [-70.355918, 9.664869], [-70.36297899999983, 9.666311000000121], [-70.369985, 9.671471], [-70.38369099999989, 9.668778000000145], [-70.392865, 9.666805000000181], [-70.399274, 9.661642], [-70.419413, 9.660076000000117], [-70.427397, 9.654384], [-70.429972, 9.668223], [-70.432308, 9.669431], [-70.448792, 9.669663000000185], [-70.453128, 9.667462000000171], [-70.461155, 9.670456], [-70.47181199999989, 9.668471000000181], [-70.47460099999984, 9.6647], [-70.478511, 9.670067], [-70.48568299999988, 9.667555], [-70.49251599999985, 9.668226000000118], [-70.49796, 9.671929], [-70.49274, 9.679638], [-70.488251, 9.681137], [-70.48793399999988, 9.688127], [-70.48322299999984, 9.683811], [-70.474795, 9.683293000000162], [-70.468953, 9.685941], [-70.468463, 9.693606000000102], [-70.45336, 9.702204], [-70.446713, 9.709735], [-70.442063, 9.7117], [-70.4395009999999, 9.708945], [-70.434331, 9.71977], [-70.4353339999999, 9.724580000000117], [-70.422948, 9.732827], [-70.423228, 9.73974], [-70.41704799999985, 9.742612000000122], [-70.417279, 9.749046000000135], [-70.409712, 9.760180000000105], [-70.408436, 9.766211000000169], [-70.400781, 9.76712], [-70.391211, 9.777717], [-70.39100999999982, 9.784747000000152], [-70.404274, 9.804187000000127], [-70.543883, 9.763916000000165], [-70.542384, 9.755916000000127], [-70.535724, 9.750198], [-70.53049799999985, 9.745288], [-70.522567, 9.745466], [-70.521324, 9.741800000000126], [-70.513782, 9.741385], [-70.507648, 9.734976000000188], [-70.50096699999989, 9.735932], [-70.496248, 9.731915], [-70.494291, 9.722361], [-70.50263699999988, 9.70811], [-70.502957, 9.701601], [-70.498723, 9.694553], [-70.509426, 9.671273]]]}}, {"type": "Feature", "properties": {"parroquia": "Arnoldo Gabaldon", "municipio": "Candelaria", "estado": "Trujillo", "pcode": "VE210402", "estado_pcode": "VE21", "municipio_pcode": "VE2104", "center_lat": 9.617057, "center_lon": -70.53097722, "area_sqkm": 49.26317258}, "geometry": {"type": "Polygon", "coordinates": [[[-70.49502299999989, 9.620576], [-70.49410499999988, 9.623775], [-70.49047099999984, 9.624442000000158], [-70.477782, 9.617538], [-70.470844, 9.618578], [-70.47039499999988, 9.613974000000155], [-70.46670099999989, 9.610319], [-70.447138, 9.599813000000154], [-70.447183, 9.589866000000143], [-70.444242, 9.584434000000101], [-70.44045099999988, 9.584774000000152], [-70.44265799999988, 9.572135000000173], [-70.439692, 9.566839000000186], [-70.423397, 9.583026000000132], [-70.415292, 9.605666], [-70.428073, 9.611942], [-70.448114, 9.610955000000104], [-70.46919, 9.638896], [-70.492696, 9.635485], [-70.501716, 9.65205], [-70.516696, 9.66672], [-70.538917, 9.653525], [-70.556233, 9.60957900000011], [-70.526443, 9.609131], [-70.50046799999984, 9.621162], [-70.49502299999989, 9.620576]]]}}, {"type": "Feature", "properties": {"parroquia": "Bolivia", "municipio": "Candelaria", "estado": "Trujillo", "pcode": "VE210403", "estado_pcode": "VE21", "municipio_pcode": "VE2104", "center_lat": 9.5833715, "center_lon": -70.31496783, "area_sqkm": 83.78590071}, "geometry": {"type": "Polygon", "coordinates": [[[-70.435421, 9.554358], [-70.439699, 9.53389200000015], [-70.437636, 9.527489], [-70.43483299999986, 9.5259870000001], [-70.432383, 9.51176], [-70.42583499999989, 9.510798], [-70.418349, 9.50745], [-70.40006099999988, 9.509833], [-70.3931429999999, 9.50740100000013], [-70.378462, 9.508037000000172], [-70.362188, 9.513166000000126], [-70.357889, 9.520872], [-70.34133999999989, 9.521975000000168], [-70.335269, 9.529121], [-70.333722, 9.509947], [-70.318022, 9.510376], [-70.310377, 9.534146], [-70.309605, 9.544264000000169], [-70.298798, 9.558367000000146], [-70.303369, 9.578148000000112], [-70.293121, 9.59456], [-70.296568, 9.60754], [-70.294167, 9.610503], [-70.29184799999985, 9.628725000000145], [-70.29180899999989, 9.640580000000114], [-70.29701099999988, 9.649534], [-70.304576, 9.659189], [-70.30817399999984, 9.65925900000019], [-70.315482, 9.653495], [-70.313494, 9.650562], [-70.315642, 9.640103], [-70.31359199999986, 9.629334], [-70.3248349999999, 9.620523], [-70.32575899999989, 9.602842000000123], [-70.32363, 9.596904000000166], [-70.32775399999986, 9.587927], [-70.340997, 9.543195], [-70.36173499999984, 9.541027], [-70.372762, 9.536003], [-70.3785, 9.538273], [-70.378813, 9.541404000000114], [-70.385297, 9.542558], [-70.39001799999988, 9.540472000000136], [-70.400763, 9.541897], [-70.425271, 9.539681], [-70.430458, 9.551567], [-70.434772, 9.551787], [-70.435421, 9.554358]]]}}, {"type": "Feature", "properties": {"parroquia": "Carrillo", "municipio": "Candelaria", "estado": "Trujillo", "pcode": "VE210404", "estado_pcode": "VE21", "municipio_pcode": "VE2104", "center_lat": 9.581134, "center_lon": -70.39828431, "area_sqkm": 50.82188134}, "geometry": {"type": "Polygon", "coordinates": [[[-70.435421, 9.554358], [-70.434772, 9.551787], [-70.430458, 9.551567], [-70.425271, 9.539681], [-70.400763, 9.541897], [-70.39001799999988, 9.540472000000136], [-70.385297, 9.542558], [-70.378813, 9.541404000000114], [-70.3785, 9.538273], [-70.372762, 9.536003], [-70.36173499999984, 9.541027], [-70.36319, 9.548800000000142], [-70.371813, 9.559398], [-70.365457, 9.573979000000122], [-70.372647, 9.584297000000106], [-70.374994, 9.597853000000157], [-70.377259, 9.604582], [-70.386492, 9.608712], [-70.39642899999984, 9.626182], [-70.405488, 9.619716], [-70.415292, 9.605666], [-70.423397, 9.583026000000132], [-70.439692, 9.566839000000186], [-70.440032, 9.559769000000188], [-70.435421, 9.554358]]]}}, {"type": "Feature", "properties": {"parroquia": "Cegarra", "municipio": "Candelaria", "estado": "Trujillo", "pcode": "VE210405", "estado_pcode": "VE21", "municipio_pcode": "VE2104", "center_lat": 9.5705905, "center_lon": -70.34947625, "area_sqkm": 20.90183872}, "geometry": {"type": "Polygon", "coordinates": [[[-70.374994, 9.597853000000157], [-70.372647, 9.584297000000106], [-70.365457, 9.573979000000122], [-70.371813, 9.559398], [-70.36319, 9.548800000000142], [-70.36173499999984, 9.541027], [-70.340997, 9.543195], [-70.32775399999986, 9.587927], [-70.348693, 9.588957], [-70.36070399999988, 9.598426000000131], [-70.371384, 9.595968], [-70.374994, 9.597853000000157]]]}}, {"type": "Feature", "properties": {"parroquia": "Manuel Salvador Ulloa", "municipio": "Candelaria", "estado": "Trujillo", "pcode": "VE210406", "estado_pcode": "VE21", "municipio_pcode": "VE2104", "center_lat": 9.708416, "center_lon": -70.52358989, "area_sqkm": 39.90858539}, "geometry": {"type": "Polygon", "coordinates": [[[-70.509426, 9.671273], [-70.498723, 9.694553], [-70.502957, 9.701601], [-70.50263699999988, 9.70811], [-70.494291, 9.722361], [-70.496248, 9.731915], [-70.50096699999989, 9.735932], [-70.507648, 9.734976000000188], [-70.513782, 9.741385], [-70.521324, 9.741800000000126], [-70.522567, 9.745466], [-70.53049799999985, 9.745288], [-70.535724, 9.750198], [-70.562537, 9.727094000000136], [-70.556078, 9.716979], [-70.5488299999999, 9.714648], [-70.54403199999985, 9.703723000000139], [-70.537904, 9.697611000000165], [-70.54143, 9.695233], [-70.53712899999988, 9.691463], [-70.54178499999989, 9.691656], [-70.542438, 9.689433000000122], [-70.535306, 9.682887000000107], [-70.528542, 9.666667000000132], [-70.516696, 9.66672], [-70.509426, 9.671273]]]}}, {"type": "Feature", "properties": {"parroquia": "San José", "municipio": "Candelaria", "estado": "Trujillo", "pcode": "VE210407", "estado_pcode": "VE21", "municipio_pcode": "VE2104", "center_lat": 9.6371905, "center_lon": -70.44875886, "area_sqkm": 29.80655531}, "geometry": {"type": "Polygon", "coordinates": [[[-70.405488, 9.619716], [-70.41442899999987, 9.62338], [-70.41504599999985, 9.627688000000148], [-70.425987, 9.629851], [-70.439644, 9.656006000000161], [-70.45505, 9.656645], [-70.465456, 9.653972], [-70.467261, 9.658073000000115], [-70.474003, 9.658844000000158], [-70.49380699999989, 9.652672000000166], [-70.500985, 9.6563230000001], [-70.509426, 9.671273], [-70.516696, 9.66672], [-70.501716, 9.65205], [-70.492696, 9.635485], [-70.46919, 9.638896], [-70.448114, 9.610955000000104], [-70.428073, 9.611942], [-70.415292, 9.605666], [-70.405488, 9.619716]]]}}, {"type": "Feature", "properties": {"parroquia": "Carache", "municipio": "Carache", "estado": "Trujillo", "pcode": "VE210501", "estado_pcode": "VE21", "municipio_pcode": "VE2105", "center_lat": 9.60428419, "center_lon": -70.21046111, "area_sqkm": 242.99040384}, "geometry": {"type": "Polygon", "coordinates": [[[-70.08161446799994, 9.676793038000028], [-70.08386499999989, 9.681018], [-70.157652, 9.669926], [-70.205055, 9.673379000000182], [-70.292503, 9.662211000000184], [-70.29701099999988, 9.649534], [-70.29180899999989, 9.640580000000114], [-70.29184799999985, 9.628725000000145], [-70.294167, 9.610503], [-70.296568, 9.60754], [-70.293121, 9.59456], [-70.303369, 9.578148000000112], [-70.298798, 9.558367000000146], [-70.300854, 9.55153700000011], [-70.29718199999985, 9.541976], [-70.290839, 9.542288], [-70.277786, 9.548787000000118], [-70.273006, 9.55839], [-70.27082, 9.574409000000173], [-70.2571, 9.58418], [-70.255233, 9.588388], [-70.23653999999988, 9.576330000000155], [-70.227769, 9.576088], [-70.22158599999989, 9.570336000000168], [-70.208543, 9.566516], [-70.202686, 9.561965000000157], [-70.165476, 9.559272], [-70.15577999999988, 9.56241], [-70.151677, 9.566878], [-70.134578, 9.544798000000128], [-70.11349750399995, 9.528136079000035], [-70.11199653499995, 9.543996348000064], [-70.11630278599989, 9.555500597000048], [-70.12335709899997, 9.559865659000081], [-70.11787999999984, 9.58193020400006], [-70.12653546799993, 9.599470574000065], [-70.12663055299998, 9.613044900000034], [-70.10717386199997, 9.633521498000164], [-70.09884561499996, 9.65213498200012], [-70.09707061799998, 9.663924281000106], [-70.08567221299995, 9.676538639000057], [-70.08319980699991, 9.676645246000078], [-70.08161446799994, 9.676793038000028]]]}}, {"type": "Feature", "properties": {"parroquia": "Cuicas", "municipio": "Carache", "estado": "Trujillo", "pcode": "VE210502", "estado_pcode": "VE21", "municipio_pcode": "VE2105", "center_lat": 9.732625, "center_lon": -70.29118308, "area_sqkm": 146.37442421}, "geometry": {"type": "Polygon", "coordinates": [[[-70.25283393799998, 9.776677874000029], [-70.2805742239999, 9.823101997000094], [-70.31181419799992, 9.822541030000139], [-70.313655, 9.81222600000018], [-70.310626, 9.806747], [-70.314947, 9.801839], [-70.346223, 9.794901], [-70.325694, 9.759744000000126], [-70.328339, 9.737127000000157], [-70.318277, 9.728123], [-70.358607, 9.700166], [-70.36252599999989, 9.693860000000143], [-70.37252499999988, 9.69270100000017], [-70.38601099999983, 9.686713000000111], [-70.38369099999989, 9.668778000000145], [-70.369985, 9.671471], [-70.36297899999983, 9.666311000000121], [-70.355918, 9.664869], [-70.352653, 9.658767000000182], [-70.346266, 9.656391], [-70.340981, 9.655898], [-70.336451, 9.659693], [-70.333571, 9.655984000000103], [-70.329811, 9.655888000000175], [-70.327466, 9.65092600000014], [-70.315482, 9.653495], [-70.30817399999984, 9.65925900000019], [-70.304576, 9.659189], [-70.29701099999988, 9.649534], [-70.292503, 9.662211000000184], [-70.285696, 9.66947], [-70.28172699999988, 9.704300000000103], [-70.268972, 9.705704], [-70.253633, 9.747357], [-70.25283393799998, 9.776677874000029]]]}}, {"type": "Feature", "properties": {"parroquia": "La Concepción", "municipio": "Carache", "estado": "Trujillo", "pcode": "VE210503", "estado_pcode": "VE21", "municipio_pcode": "VE2105", "center_lat": 9.5041605, "center_lon": -70.21405587, "area_sqkm": 205.41823126}, "geometry": {"type": "Polygon", "coordinates": [[[-70.11349750399995, 9.528136079000035], [-70.134578, 9.544798000000128], [-70.151677, 9.566878], [-70.15577999999988, 9.56241], [-70.165476, 9.559272], [-70.202686, 9.561965000000157], [-70.208543, 9.566516], [-70.22158599999989, 9.570336000000168], [-70.227769, 9.576088], [-70.23653999999988, 9.576330000000155], [-70.255233, 9.588388], [-70.2571, 9.58418], [-70.27082, 9.574409000000173], [-70.273006, 9.55839], [-70.277786, 9.548787000000118], [-70.290839, 9.542288], [-70.29718199999985, 9.541976], [-70.294445, 9.529630000000111], [-70.296825, 9.509433], [-70.29051, 9.49851], [-70.288299, 9.481740000000173], [-70.284456, 9.47261], [-70.279814, 9.471416], [-70.277051, 9.471477000000107], [-70.271896, 9.479649], [-70.26920399999989, 9.480123000000162], [-70.26402799999988, 9.476460000000145], [-70.25319, 9.475189000000114], [-70.240988, 9.443308000000172], [-70.225117, 9.440741], [-70.21704299999988, 9.426105000000177], [-70.208947, 9.420086], [-70.20192, 9.423323], [-70.200162, 9.43868300000014], [-70.191341, 9.445952], [-70.187286, 9.458832000000143], [-70.173587, 9.459156000000121], [-70.16723499999989, 9.47431], [-70.140474, 9.49215700000019], [-70.130641, 9.50963000000013], [-70.125183, 9.51453], [-70.12495599999983, 9.523832], [-70.12158376799994, 9.524544749000086], [-70.11345446999997, 9.528060020000055], [-70.11349750399995, 9.528136079000035]]]}}, {"type": "Feature", "properties": {"parroquia": "Panamericana", "municipio": "Carache", "estado": "Trujillo", "pcode": "VE210504", "estado_pcode": "VE21", "municipio_pcode": "VE2105", "center_lat": 9.7389205, "center_lon": -70.37583638, "area_sqkm": 160.20361717}, "geometry": {"type": "Polygon", "coordinates": [[[-70.31181419799992, 9.822541030000139], [-70.32827123999994, 9.823463170000025], [-70.404274, 9.804187000000127], [-70.39100999999982, 9.784747000000152], [-70.391211, 9.777717], [-70.400781, 9.76712], [-70.408436, 9.766211000000169], [-70.409712, 9.760180000000105], [-70.417279, 9.749046000000135], [-70.41704799999985, 9.742612000000122], [-70.423228, 9.73974], [-70.422948, 9.732827], [-70.4353339999999, 9.724580000000117], [-70.434331, 9.71977], [-70.4395009999999, 9.708945], [-70.442063, 9.7117], [-70.446713, 9.709735], [-70.45336, 9.702204], [-70.468463, 9.693606000000102], [-70.468953, 9.685941], [-70.474795, 9.683293000000162], [-70.48322299999984, 9.683811], [-70.48793399999988, 9.688127], [-70.488251, 9.681137], [-70.49274, 9.679638], [-70.49796, 9.671929], [-70.49251599999985, 9.668226000000118], [-70.48568299999988, 9.667555], [-70.478511, 9.670067], [-70.47460099999984, 9.6647], [-70.47181199999989, 9.668471000000181], [-70.461155, 9.670456], [-70.453128, 9.667462000000171], [-70.448792, 9.669663000000185], [-70.432308, 9.669431], [-70.429972, 9.668223], [-70.427397, 9.654384], [-70.419413, 9.660076000000117], [-70.399274, 9.661642], [-70.392865, 9.666805000000181], [-70.38369099999989, 9.668778000000145], [-70.38601099999983, 9.686713000000111], [-70.37252499999988, 9.69270100000017], [-70.36252599999989, 9.693860000000143], [-70.358607, 9.700166], [-70.318277, 9.728123], [-70.328339, 9.737127000000157], [-70.325694, 9.759744000000126], [-70.346223, 9.794901], [-70.314947, 9.801839], [-70.310626, 9.806747], [-70.313655, 9.81222600000018], [-70.31181419799992, 9.822541030000139]]]}}, {"type": "Feature", "properties": {"parroquia": "Santa Cruz", "municipio": "Carache", "estado": "Trujillo", "pcode": "VE210505", "estado_pcode": "VE21", "municipio_pcode": "VE2105", "center_lat": 9.752669, "center_lon": -70.16642706, "area_sqkm": 300.23492165}, "geometry": {"type": "Polygon", "coordinates": [[[-70.16526927799998, 9.789571360000139], [-70.1717014809999, 9.789981855000121], [-70.18607813499989, 9.798868982000101], [-70.18858427099997, 9.80364807400008], [-70.1874952799999, 9.812812300000019], [-70.19204453399982, 9.824115544], [-70.20030592699999, 9.831026666000014], [-70.20593716799982, 9.832591674000014], [-70.21075241899996, 9.841035847000171], [-70.2165289489999, 9.842311540000082], [-70.21763369999991, 9.839047751000123], [-70.21523357799992, 9.835846695000157], [-70.21841468699995, 9.832377586000064], [-70.21538754099998, 9.829162533000044], [-70.22352584399994, 9.822476326000071], [-70.22909508699985, 9.824617345000036], [-70.2326542159999, 9.82216026500015], [-70.23223617199994, 9.816080119000162], [-70.22452180599998, 9.809852011000146], [-70.22442676099996, 9.803295860000105], [-70.23616510199997, 9.777150166000013], [-70.23714906599992, 9.76516986900009], [-70.24202324699996, 9.76039573600002], [-70.25283393799998, 9.776677874000029], [-70.253633, 9.747357], [-70.268972, 9.705704], [-70.28172699999988, 9.704300000000103], [-70.285696, 9.66947], [-70.292503, 9.662211000000184], [-70.205055, 9.673379000000182], [-70.157652, 9.669926], [-70.08386499999989, 9.681018], [-70.08161446799994, 9.676793038000028], [-70.06517835199998, 9.676621760000046], [-70.05930905799994, 9.667895584000178], [-70.0524938019999, 9.672567735000086], [-70.04301141199994, 9.673293815000136], [-70.02956681599989, 9.667812755000114], [-70.01835737699997, 9.673618964000127], [-69.99592244899998, 9.67678916900013], [-70.00233076399996, 9.683916303000103], [-70.00495593399984, 9.694517539000117], [-70.0219827229999, 9.706304720000048], [-70.02580493999994, 9.716707945999985], [-70.03072617299989, 9.721570038000152], [-70.0414006069999, 9.718495898000128], [-70.05655224299989, 9.718906821000132], [-70.06437262599991, 9.729424032000168], [-70.07017489099997, 9.731625050000048], [-70.07580844199987, 9.744219366000095], [-70.07945639499997, 9.751746478000086], [-70.07806804099994, 9.759589656000117], [-70.08858883599993, 9.76159866300003], [-70.09910032599998, 9.770322801000134], [-70.10435554799994, 9.771381796000071], [-70.12729145699996, 9.761430423000093], [-70.14304512099994, 9.76265537100005], [-70.14616930599988, 9.771646567000062], [-70.15868086099994, 9.77778763700013], [-70.16526927799998, 9.789571360000139]]]}}, {"type": "Feature", "properties": {"parroquia": "Escuque", "municipio": "Escuque", "estado": "Trujillo", "pcode": "VE210601", "estado_pcode": "VE21", "municipio_pcode": "VE2106", "center_lat": 9.2535465, "center_lon": -70.73148386, "area_sqkm": 111.82002261}, "geometry": {"type": "Polygon", "coordinates": [[[-70.674408, 9.306597000000124], [-70.699756, 9.309461000000113], [-70.713443, 9.285165000000177], [-70.73186, 9.28312300000016], [-70.755001, 9.268990000000144], [-70.76448499999987, 9.267302], [-70.772464, 9.257434], [-70.777625, 9.257019000000184], [-70.782796, 9.261279], [-70.803281, 9.23319000000015], [-70.796069, 9.21601900000013], [-70.793086, 9.196625], [-70.778127, 9.203086], [-70.75711699999988, 9.201575000000162], [-70.752438, 9.198025], [-70.740201, 9.19929900000011], [-70.732197, 9.1964], [-70.71268, 9.203440000000114], [-70.715101, 9.215906000000189], [-70.706457, 9.221519000000114], [-70.696624, 9.237528], [-70.676661, 9.251014000000168], [-70.665448, 9.262464], [-70.664427, 9.27097], [-70.648756, 9.28082], [-70.64818, 9.29536400000012], [-70.644033, 9.301350000000127], [-70.653012, 9.29795600000017], [-70.672093, 9.29847100000012], [-70.674408, 9.306597000000124]]]}}, {"type": "Feature", "properties": {"parroquia": "La Unión", "municipio": "Escuque", "estado": "Trujillo", "pcode": "VE210602", "estado_pcode": "VE21", "municipio_pcode": "VE2106", "center_lat": 9.3045465, "center_lon": -70.71721754, "area_sqkm": 44.65451577}, "geometry": {"type": "Polygon", "coordinates": [[[-70.6672779999999, 9.338727], [-70.662088, 9.345809], [-70.66107399999987, 9.352000000000146], [-70.65332799999987, 9.359687], [-70.652315, 9.366818], [-70.656526, 9.374943], [-70.659185, 9.365255000000161], [-70.670491, 9.353393], [-70.66910799999988, 9.34052700000018], [-70.686328, 9.330249], [-70.6958499999999, 9.328779000000168], [-70.711415, 9.31872], [-70.717165, 9.311727], [-70.74924299999986, 9.294605], [-70.771883, 9.283619000000158], [-70.798309, 9.265233], [-70.802532, 9.264837], [-70.810353, 9.26600400000018], [-70.814329, 9.258449], [-70.814985, 9.245029], [-70.803281, 9.23319000000015], [-70.782796, 9.261279], [-70.777625, 9.257019000000184], [-70.772464, 9.257434], [-70.76448499999987, 9.267302], [-70.755001, 9.268990000000144], [-70.73186, 9.28312300000016], [-70.713443, 9.285165000000177], [-70.699756, 9.309461000000113], [-70.674408, 9.306597000000124], [-70.667201, 9.322453], [-70.6672779999999, 9.338727]]]}}, {"type": "Feature", "properties": {"parroquia": "Sabana Libre", "municipio": "Escuque", "estado": "Trujillo", "pcode": "VE210603", "estado_pcode": "VE21", "municipio_pcode": "VE2106", "center_lat": 9.35106, "center_lon": -70.64568096, "area_sqkm": 13.27742619}, "geometry": {"type": "Polygon", "coordinates": [[[-70.629289, 9.352014], [-70.639783, 9.368544000000156], [-70.656526, 9.374943], [-70.652315, 9.366818], [-70.65332799999987, 9.359687], [-70.66107399999987, 9.352000000000146], [-70.662088, 9.345809], [-70.6672779999999, 9.338727], [-70.647891, 9.326811], [-70.634535, 9.32749], [-70.631136, 9.326565], [-70.631672, 9.328947002000177], [-70.633633, 9.343361000000186], [-70.629289, 9.352014]]]}}, {"type": "Feature", "properties": {"parroquia": "Santa Rita", "municipio": "Escuque", "estado": "Trujillo", "pcode": "VE210604", "estado_pcode": "VE21", "municipio_pcode": "VE2106", "center_lat": 9.3177355, "center_lon": -70.65385758, "area_sqkm": 11.9599486}, "geometry": {"type": "Polygon", "coordinates": [[[-70.634535, 9.32749], [-70.647891, 9.326811], [-70.6672779999999, 9.338727], [-70.667201, 9.322453], [-70.674408, 9.306597000000124], [-70.672093, 9.29847100000012], [-70.653012, 9.29795600000017], [-70.644033, 9.301350000000127], [-70.634535, 9.32749]]]}}, {"type": "Feature", "properties": {"parroquia": "El Socorro", "municipio": "José Felipe Márquez Cañizal", "estado": "Trujillo", "pcode": "VE210701", "estado_pcode": "VE21", "municipio_pcode": "VE2107", "center_lat": 9.8181915, "center_lon": -70.4712699, "area_sqkm": 403.89823624}, "geometry": {"type": "Polygon", "coordinates": [[[-70.36208207099997, 9.901946520000138], [-70.36979744099989, 9.904724420000093], [-70.39508446299988, 9.899829156000067], [-70.41689739999998, 9.904547138], [-70.42480264099993, 9.889495736000072], [-70.43404897699997, 9.880449455000019], [-70.43986918999997, 9.876340323000022], [-70.45389978799994, 9.878546294000046], [-70.45958996799993, 9.868718028000046], [-70.47146443799994, 9.86563588600012], [-70.48649611599996, 9.87444200400006], [-70.48363006599993, 9.88425025600003], [-70.48888031299992, 9.890037366000115], [-70.49566260399996, 9.890296323000143], [-70.50032275199999, 9.883287129000166], [-70.50620898499994, 9.88098404800013], [-70.51720846799992, 9.886527108999985], [-70.51978961799995, 9.892138227000089], [-70.53753660899991, 9.909402002000093], [-70.593403, 9.892410000000154], [-70.594959, 9.881793], [-70.60345799999982, 9.872668], [-70.601113, 9.856799], [-70.5959289999999, 9.852371], [-70.59254, 9.840391000000182], [-70.598515, 9.83285300000017], [-70.59683699999982, 9.824540000000127], [-70.59060399999987, 9.814713], [-70.592191, 9.811894], [-70.611858, 9.817617], [-70.615162, 9.82315], [-70.613023, 9.827251000000103], [-70.614939, 9.831611], [-70.60975899999988, 9.838825], [-70.615318, 9.854451000000154], [-70.618791, 9.856636], [-70.625843, 9.853805], [-70.627897, 9.85873800000013], [-70.6354, 9.86313100000018], [-70.64444699999984, 9.85593200000011], [-70.642835, 9.846145], [-70.64587199999988, 9.841753], [-70.656056, 9.840571000000125], [-70.66971342699998, 9.827829708000024], [-70.66764283299989, 9.822161161000054], [-70.660789, 9.813689], [-70.653713, 9.788958], [-70.646348, 9.785529000000167], [-70.643072, 9.776923], [-70.627394, 9.770636], [-70.61049999999983, 9.751283000000114], [-70.598822, 9.757972], [-70.591569, 9.758119000000136], [-70.588588, 9.753298], [-70.582079, 9.75202400000012], [-70.5838, 9.748634000000152], [-70.579933, 9.747159000000124], [-70.57785699999988, 9.742179], [-70.566804, 9.740813000000173], [-70.564916, 9.735939], [-70.568554, 9.735923], [-70.568725, 9.7312], [-70.56574299999988, 9.727066], [-70.562537, 9.727094000000136], [-70.535724, 9.750198], [-70.542384, 9.755916000000127], [-70.543883, 9.763916000000165], [-70.404274, 9.804187000000127], [-70.32827123999994, 9.823463170000025], [-70.32285811899993, 9.84425225299998], [-70.32469024199992, 9.85183543100004], [-70.33621379299996, 9.862767616000099], [-70.36208207099997, 9.901946520000138]]]}}, {"type": "Feature", "properties": {"parroquia": "Antonio José de Sucre", "municipio": "José Felipe Márquez Cañizal", "estado": "Trujillo", "pcode": "VE210702", "estado_pcode": "VE21", "municipio_pcode": "VE2107", "center_lat": 9.758189, "center_lon": -70.65059364, "area_sqkm": 81.78095878}, "geometry": {"type": "Polygon", "coordinates": [[[-70.562537, 9.727094000000136], [-70.56574299999988, 9.727066], [-70.568725, 9.7312], [-70.568554, 9.735923], [-70.564916, 9.735939], [-70.566804, 9.740813000000173], [-70.57785699999988, 9.742179], [-70.579933, 9.747159000000124], [-70.5838, 9.748634000000152], [-70.582079, 9.75202400000012], [-70.588588, 9.753298], [-70.591569, 9.758119000000136], [-70.598822, 9.757972], [-70.61049999999983, 9.751283000000114], [-70.627394, 9.770636], [-70.643072, 9.776923], [-70.646348, 9.785529000000167], [-70.653713, 9.788958], [-70.660789, 9.813689], [-70.66764283299989, 9.822161161000054], [-70.6705443969999, 9.811666421000155], [-70.68411490299997, 9.802928130000055], [-70.68823101499993, 9.793211873000189], [-70.68764293299995, 9.783442644000047], [-70.69159257899997, 9.771634777000145], [-70.685654, 9.769036000000142], [-70.682919, 9.755118000000152], [-70.663837, 9.73707], [-70.658693, 9.736454], [-70.655478, 9.728356], [-70.658878, 9.720039], [-70.642071, 9.706975000000114], [-70.63346399999989, 9.694213], [-70.562537, 9.727094000000136]]]}}, {"type": "Feature", "properties": {"parroquia": "Los Caprichos", "municipio": "José Felipe Márquez Cañizal", "estado": "Trujillo", "pcode": "VE210703", "estado_pcode": "VE21", "municipio_pcode": "VE2107", "center_lat": 9.92547993, "center_lon": -70.61824958, "area_sqkm": 232.63386093}, "geometry": {"type": "Polygon", "coordinates": [[[-70.63215007699989, 10.035073560000114], [-70.64012751799993, 10.039165022000077], [-70.64568173299995, 10.036100915000077], [-70.6486538069999, 10.02793070000007], [-70.66550043299992, 10.016824324000027], [-70.68241901099998, 9.996985755000026], [-70.68387002299988, 9.987495516000081], [-70.67997375699991, 9.971805159000098], [-70.68366588699996, 9.96754504300003], [-70.6827977939999, 9.958669840000141], [-70.69308216899987, 9.949398553000151], [-70.69494321199994, 9.944677427000101], [-70.69337312499994, 9.940066332000072], [-70.69555310799996, 9.922825905000082], [-70.69019479499997, 9.908601598000075], [-70.69046972599989, 9.895095276000063], [-70.69374582599988, 9.889322117000177], [-70.70221380099991, 9.883604172], [-70.68284221999994, 9.86356257500006], [-70.68134310099998, 9.855520397000078], [-70.67289368099995, 9.844287173000055], [-70.67199764499998, 9.834231658000022], [-70.66971342699998, 9.827829708000024], [-70.656056, 9.840571000000125], [-70.64587199999988, 9.841753], [-70.642835, 9.846145], [-70.64444699999984, 9.85593200000011], [-70.6354, 9.86313100000018], [-70.627897, 9.85873800000013], [-70.625843, 9.853805], [-70.618791, 9.856636], [-70.615318, 9.854451000000154], [-70.60975899999988, 9.838825], [-70.614939, 9.831611], [-70.613023, 9.827251000000103], [-70.615162, 9.82315], [-70.611858, 9.817617], [-70.592191, 9.811894], [-70.59060399999987, 9.814713], [-70.59683699999982, 9.824540000000127], [-70.598515, 9.83285300000017], [-70.59254, 9.840391000000182], [-70.5959289999999, 9.852371], [-70.601113, 9.856799], [-70.60345799999982, 9.872668], [-70.594959, 9.881793], [-70.593403, 9.892410000000154], [-70.53753660899991, 9.909402002000093], [-70.54310574699986, 9.919400740000128], [-70.53953268699996, 9.933267091000175], [-70.54409994699995, 9.945682361000138], [-70.55632451999998, 9.955749532000084], [-70.58487268599993, 9.952018269000177], [-70.58746680799999, 9.953766291000022], [-70.59061096599999, 9.958793391000142], [-70.59040502899984, 9.971015688000023], [-70.59529432999989, 9.98687003300006], [-70.59878253299996, 9.994741207000118], [-70.60645386699997, 9.997460219000061], [-70.61166115299989, 10.008937468000113], [-70.61174320999993, 10.018489698000167], [-70.62443081199996, 10.03085191700012], [-70.62930702399984, 10.031514895999976], [-70.63215007699989, 10.035073560000114]]]}}, {"type": "Feature", "properties": {"parroquia": "Campo Elías", "municipio": "Juan Vicente Campo Elías", "estado": "Trujillo", "pcode": "VE210801", "estado_pcode": "VE21", "municipio_pcode": "VE2108", "center_lat": 9.44465748, "center_lon": -70.08944778, "area_sqkm": 58.41392729}, "geometry": {"type": "Polygon", "coordinates": [[[-70.07982941899985, 9.489880206000123], [-70.08523315499991, 9.497994411000093], [-70.09695264099997, 9.498541358000182], [-70.10081682699996, 9.501066388000027], [-70.10345894999989, 9.505069468000102], [-70.10419005499989, 9.51622873499997], [-70.10994531599994, 9.520970806000037], [-70.11345446999997, 9.528060020000055], [-70.12158376799994, 9.524544749000086], [-70.114675, 9.512986000000183], [-70.112251, 9.490809], [-70.10113399999983, 9.484817], [-70.087665, 9.467310000000111], [-70.08739899999989, 9.45009400000015], [-70.09827, 9.441329], [-70.110744, 9.440822], [-70.115068, 9.42971800000015], [-70.11267, 9.413493], [-70.111067, 9.410013000000106], [-70.106704, 9.408845], [-70.108851, 9.404661], [-70.106527, 9.401282000000151], [-70.07018, 9.384436], [-70.05165118799994, 9.361662852000109], [-70.04033557999998, 9.376039796000043], [-70.03604364899996, 9.377942714000085], [-70.03846459199997, 9.393705216000114], [-70.03814166099994, 9.408246566000116], [-70.0349245729999, 9.415077742000108], [-70.044005, 9.424274910000122], [-70.04396703499998, 9.42949603300002], [-70.04962125999992, 9.428313969000044], [-70.0618317869999, 9.430834956000012], [-70.07421228399994, 9.427431806000186], [-70.0845607579999, 9.43437891200017], [-70.08559983499998, 9.439517026000033], [-70.07934665499994, 9.454206416000034], [-70.08263484999998, 9.463952617000075], [-70.07732670699988, 9.47900700100007], [-70.07982941899985, 9.489880206000123]]]}}, {"type": "Feature", "properties": {"parroquia": "Arnoldo Gabaldon", "municipio": "Juan Vicente Campo Elías", "estado": "Trujillo", "pcode": "VE210802", "estado_pcode": "VE21", "municipio_pcode": "VE2108", "center_lat": 9.368257, "center_lon": -70.07833218, "area_sqkm": 29.90105411}, "geometry": {"type": "Polygon", "coordinates": [[[-70.106527, 9.401282000000151], [-70.12092499999989, 9.400745], [-70.14300899999989, 9.374947], [-70.09982, 9.369424000000151], [-70.10151699999989, 9.359019], [-70.093374, 9.355787000000134], [-70.08622999999989, 9.360514], [-70.081788, 9.359936], [-70.09052754999993, 9.337311948000035], [-70.08533222199998, 9.33535658000011], [-70.0797830059999, 9.338560694000023], [-70.0753258439999, 9.342263806000176], [-70.07124272699991, 9.351179038000055], [-70.05841623999993, 9.360171314000183], [-70.05165118799994, 9.361662852000109], [-70.07018, 9.384436], [-70.106527, 9.401282000000151]]]}}, {"type": "Feature", "properties": {"parroquia": "Santa Apolonia", "municipio": "La Ceiba", "estado": "Trujillo", "pcode": "VE210901", "estado_pcode": "VE21", "municipio_pcode": "VE2109", "center_lat": 9.433881, "center_lon": -71.00670351, "area_sqkm": 85.82068057}, "geometry": {"type": "Polygon", "coordinates": [[[-71.005981, 9.51325], [-71.03690399999988, 9.506744], [-71.038546, 9.476452000000165], [-71.032482, 9.373888], [-71.02558299999987, 9.372175], [-70.97536, 9.409607], [-70.978036, 9.455658], [-70.971073, 9.470913000000166], [-70.988545, 9.472308000000112], [-70.989943, 9.478702000000169], [-70.98246499999982, 9.491093], [-70.980004, 9.508879], [-70.991209, 9.51286], [-71.005981, 9.51325]]]}}, {"type": "Feature", "properties": {"parroquia": "El Progreso", "municipio": "La Ceiba", "estado": "Trujillo", "pcode": "VE210902", "estado_pcode": "VE21", "municipio_pcode": "VE2109", "center_lat": 9.420673, "center_lon": -70.94041704, "area_sqkm": 178.0286213}, "geometry": {"type": "Polygon", "coordinates": [[[-70.90452, 9.526475000000175], [-70.921666, 9.522216], [-70.92187499999989, 9.527563000000157], [-70.926661, 9.523866000000112], [-70.93050099999988, 9.525344], [-70.934499, 9.523653], [-70.938421, 9.518909000000178], [-70.945381, 9.521091], [-70.951136, 9.517683000000147], [-70.949599, 9.510835], [-70.955049, 9.514386], [-70.953068, 9.51716], [-70.955252, 9.518929], [-70.960009, 9.517184], [-70.964139, 9.520036000000118], [-70.96303099999989, 9.512379], [-70.966324, 9.509385000000123], [-70.980004, 9.508879], [-70.98246499999982, 9.491093], [-70.989943, 9.478702000000169], [-70.988545, 9.472308000000112], [-70.971073, 9.470913000000166], [-70.978036, 9.455658], [-70.97536, 9.409607], [-71.02558299999987, 9.372175], [-71.016089, 9.370885], [-71.014278, 9.367578000000151], [-71.008341, 9.369841000000179], [-70.999925, 9.36518000000018], [-70.992765, 9.36066000000011], [-70.980135, 9.345503000000122], [-70.972549, 9.346019000000183], [-70.953458, 9.340086], [-70.940814, 9.345697], [-70.91454599999986, 9.334888], [-70.909983, 9.33037800000011], [-70.904709, 9.330545], [-70.903358, 9.398111000000142], [-70.90404399999989, 9.429242], [-70.90452, 9.526475000000175]]]}}, {"type": "Feature", "properties": {"parroquia": "La Ceiba", "municipio": "La Ceiba", "estado": "Trujillo", "pcode": "VE210903", "estado_pcode": "VE21", "municipio_pcode": "VE2109", "center_lat": 9.48823847, "center_lon": -71.05668179, "area_sqkm": 146.5879747}, "geometry": {"type": "Polygon", "coordinates": [[[-71.00648445999997, 9.600035478000109], [-71.02839896399996, 9.604641461000085], [-71.04182050299988, 9.60412436900009], [-71.05684017399989, 9.61134844999998], [-71.06062236499992, 9.616809554000099], [-71.06341444499992, 9.612486429000114], [-71.06176432299992, 9.601873193000188], [-71.06387131399998, 9.587238844000183], [-71.06967746699996, 9.571738449000122], [-71.08084284999984, 9.558161074000168], [-71.0841058979999, 9.545066749000057], [-71.0878480319999, 9.541867658000115], [-71.08814594899997, 9.525402272000065], [-71.07877840099991, 9.497843698000167], [-71.09195885799994, 9.481984259000058], [-71.08228947099997, 9.485579388000076], [-71.07945437999996, 9.48962450099998], [-71.07307809999998, 9.485753451000164], [-71.06968977399993, 9.454916758000024], [-71.07257784899997, 9.447989590000077], [-71.07203275699999, 9.434523277000096], [-71.07593676399989, 9.407854647000136], [-71.07386053199997, 9.384464124000033], [-71.07026127399996, 9.365289699000073], [-71.06616312099999, 9.36641975700013], [-71.06087086199989, 9.360792648000086], [-71.0566407689999, 9.361799594000047], [-71.04995, 9.366335000000163], [-71.047095, 9.373774], [-71.032482, 9.373888], [-71.038546, 9.476452000000165], [-71.03690399999988, 9.506744], [-71.005981, 9.51325], [-71.008109, 9.57534900000013], [-71.00648445999997, 9.600035478000109]]]}}, {"type": "Feature", "properties": {"parroquia": "Tres de Febrero", "municipio": "La Ceiba", "estado": "Trujillo", "pcode": "VE210904", "estado_pcode": "VE21", "municipio_pcode": "VE2109", "center_lat": 9.54674333, "center_lon": -70.95596727, "area_sqkm": 94.52173988}, "geometry": {"type": "Polygon", "coordinates": [[[-70.90529534799998, 9.579871774000082], [-70.90921090499995, 9.582620641000062], [-70.90673984299985, 9.589263813000116], [-70.91019699399999, 9.59001681500007], [-70.91582726899998, 9.598623976], [-70.92091142999993, 9.589260726000134], [-70.92507559099994, 9.587855670000067], [-70.92886678599984, 9.594031790000031], [-70.93422301999982, 9.59525179600007], [-70.93489702099998, 9.592517728000132], [-70.93871618299988, 9.59269570000015], [-70.94107327199987, 9.59005563400018], [-70.95403680399988, 9.59040255900004], [-70.98964832299998, 9.597566518000065], [-70.9970996159999, 9.596110440000075], [-71.00170083099994, 9.600025502000165], [-71.00648445999997, 9.600035478000109], [-71.008109, 9.57534900000013], [-71.005981, 9.51325], [-70.991209, 9.51286], [-70.980004, 9.508879], [-70.966324, 9.509385000000123], [-70.96303099999989, 9.512379], [-70.964139, 9.520036000000118], [-70.960009, 9.517184], [-70.955252, 9.518929], [-70.953068, 9.51716], [-70.955049, 9.514386], [-70.949599, 9.510835], [-70.951136, 9.517683000000147], [-70.945381, 9.521091], [-70.938421, 9.518909000000178], [-70.934499, 9.523653], [-70.93050099999988, 9.525344], [-70.926661, 9.523866000000112], [-70.92187499999989, 9.527563000000157], [-70.921666, 9.522216], [-70.90452, 9.526475000000175], [-70.90529534799998, 9.579871774000082]]]}}, {"type": "Feature", "properties": {"parroquia": "El Dividive", "municipio": "Miranda", "estado": "Trujillo", "pcode": "VE211001", "estado_pcode": "VE21", "municipio_pcode": "VE2110", "center_lat": 9.466862, "center_lon": -70.71782932, "area_sqkm": 81.38315123}, "geometry": {"type": "Polygon", "coordinates": [[[-70.80369, 9.51461], [-70.771431, 9.48281], [-70.764497, 9.468281], [-70.755083, 9.459667000000138], [-70.750323, 9.45412400000015], [-70.734512, 9.448017], [-70.727723, 9.43635200000017], [-70.722444, 9.433376000000123], [-70.72101, 9.434707000000117], [-70.715519, 9.42432500000018], [-70.709199, 9.419905], [-70.703902, 9.424265000000162], [-70.6983489999999, 9.423742], [-70.692446, 9.41994], [-70.65397899999982, 9.413833000000125], [-70.673459, 9.441091], [-70.667576, 9.450615], [-70.6725, 9.456158], [-70.674501, 9.469454], [-70.682074, 9.478345000000104], [-70.69605499999989, 9.48207200000013], [-70.700229, 9.492134], [-70.69693099999989, 9.507384000000116], [-70.704391, 9.517742], [-70.711597, 9.51165500000019], [-70.721904, 9.519778], [-70.73831799999982, 9.51393000000013], [-70.748813, 9.503466000000117], [-70.76089999999988, 9.496742000000154], [-70.787092, 9.500104000000135], [-70.79253, 9.516233], [-70.80369, 9.51461]]]}}, {"type": "Feature", "properties": {"parroquia": "Agua Santa", "municipio": "Miranda", "estado": "Trujillo", "pcode": "VE211002", "estado_pcode": "VE21", "municipio_pcode": "VE2110", "center_lat": 9.482358, "center_lon": -70.66366264, "area_sqkm": 78.31664628}, "geometry": {"type": "Polygon", "coordinates": [[[-70.662504, 9.546021], [-70.67124199999989, 9.542736], [-70.6780179999999, 9.534867000000133], [-70.68310999999989, 9.535299], [-70.690187, 9.526465], [-70.704391, 9.517742], [-70.69693099999989, 9.507384000000116], [-70.700229, 9.492134], [-70.69605499999989, 9.48207200000013], [-70.682074, 9.478345000000104], [-70.674501, 9.469454], [-70.6725, 9.456158], [-70.667576, 9.450615], [-70.673459, 9.441091], [-70.65397899999982, 9.413833000000125], [-70.650583, 9.413593], [-70.651765, 9.416527000000144], [-70.64862199999988, 9.422903], [-70.64145099999985, 9.426713], [-70.62729599999989, 9.44041], [-70.62387099999984, 9.440733], [-70.6229709999999, 9.445434], [-70.621471, 9.452061000000185], [-70.618209, 9.45341500000012], [-70.617888, 9.460019000000102], [-70.62194, 9.465176000000156], [-70.63045899999986, 9.467258], [-70.627844, 9.468405000000132], [-70.629842, 9.482116], [-70.634287, 9.484751], [-70.630725, 9.488329], [-70.63094, 9.499289], [-70.633949, 9.501374], [-70.63625499999989, 9.526365000000112], [-70.63249299999984, 9.543953], [-70.625812, 9.551397], [-70.630649, 9.547934], [-70.6351279999999, 9.551361], [-70.645097, 9.543605000000184], [-70.649977, 9.545421000000147], [-70.652733, 9.541218000000185], [-70.65787099999989, 9.546315], [-70.662504, 9.546021]]]}}, {"type": "Feature", "properties": {"parroquia": "Agua Caliente", "municipio": "Miranda", "estado": "Trujillo", "pcode": "VE211003", "estado_pcode": "VE21", "municipio_pcode": "VE2110", "center_lat": 9.617051, "center_lon": -70.60168298, "area_sqkm": 106.02334517}, "geometry": {"type": "Polygon", "coordinates": [[[-70.64861599999989, 9.624523], [-70.662408, 9.556647000000112], [-70.662504, 9.546021], [-70.65787099999989, 9.546315], [-70.652733, 9.541218000000185], [-70.649977, 9.545421000000147], [-70.645097, 9.543605000000184], [-70.6351279999999, 9.551361], [-70.630649, 9.547934], [-70.625812, 9.551397], [-70.621969, 9.55241800000016], [-70.61637, 9.56156], [-70.60550299999983, 9.56234], [-70.556233, 9.60957900000011], [-70.538917, 9.653525], [-70.569445, 9.644783], [-70.605938, 9.654561000000115], [-70.623431, 9.654479], [-70.63346399999989, 9.694213], [-70.64861599999989, 9.624523]]]}}, {"type": "Feature", "properties": {"parroquia": "El Cenizo", "municipio": "Miranda", "estado": "Trujillo", "pcode": "VE211004", "estado_pcode": "VE21", "municipio_pcode": "VE2110", "center_lat": 9.5325105, "center_lon": -70.74494285, "area_sqkm": 80.35290711}, "geometry": {"type": "Polygon", "coordinates": [[[-70.662504, 9.546021], [-70.662408, 9.556647000000112], [-70.7075119999999, 9.560044000000175], [-70.805424, 9.565426000000173], [-70.80441799999983, 9.535931], [-70.80369, 9.51461], [-70.79253, 9.516233], [-70.787092, 9.500104000000135], [-70.76089999999988, 9.496742000000154], [-70.748813, 9.503466000000117], [-70.73831799999982, 9.51393000000013], [-70.721904, 9.519778], [-70.711597, 9.51165500000019], [-70.704391, 9.517742], [-70.690187, 9.526465], [-70.68310999999989, 9.535299], [-70.6780179999999, 9.534867000000133], [-70.67124199999989, 9.542736], [-70.662504, 9.546021]]]}}, {"type": "Feature", "properties": {"parroquia": "Valerita", "municipio": "Miranda", "estado": "Trujillo", "pcode": "VE211005", "estado_pcode": "VE21", "municipio_pcode": "VE2110", "center_lat": 9.685383, "center_lon": -70.5846102, "area_sqkm": 69.74553649}, "geometry": {"type": "Polygon", "coordinates": [[[-70.562537, 9.727094000000136], [-70.63346399999989, 9.694213], [-70.623431, 9.654479], [-70.605938, 9.654561000000115], [-70.569445, 9.644783], [-70.538917, 9.653525], [-70.516696, 9.66672], [-70.528542, 9.666667000000132], [-70.535306, 9.682887000000107], [-70.542438, 9.689433000000122], [-70.54178499999989, 9.691656], [-70.53712899999988, 9.691463], [-70.54143, 9.695233], [-70.537904, 9.697611000000165], [-70.54403199999985, 9.703723000000139], [-70.5488299999999, 9.714648], [-70.556078, 9.716979], [-70.562537, 9.727094000000136]]]}}, {"type": "Feature", "properties": {"parroquia": "Monte Carmelo", "municipio": "Monte Carmelo", "estado": "Trujillo", "pcode": "VE211101", "estado_pcode": "VE21", "municipio_pcode": "VE2111", "center_lat": 9.17454767, "center_lon": -70.81573791, "area_sqkm": 229.01928216}, "geometry": {"type": "Polygon", "coordinates": [[[-70.814329, 9.258449], [-70.822155, 9.259069000000125], [-70.824157, 9.26629], [-70.822985, 9.274783], [-70.82528999999988, 9.274719], [-70.848779, 9.233411000000103], [-70.861971, 9.232891], [-70.90091690299988, 9.262730412000053], [-70.89886551099988, 9.244392917000084], [-70.89232114299995, 9.228017574999967], [-70.90683669299995, 9.21884028900007], [-70.90772271399999, 9.21600121299997], [-70.89910630299994, 9.205156020000175], [-70.8982181909999, 9.193631763999974], [-70.89776408899996, 9.178496423000126], [-70.89055972199992, 9.165092150000135], [-70.89287380099984, 9.162295082000128], [-70.89046465599989, 9.154469911000092], [-70.88009020099992, 9.150630882000144], [-70.86800270799989, 9.151515977000088], [-70.86723660599995, 9.138919689000033], [-70.84457939199996, 9.089069683000162], [-70.82965376899989, 9.087837738000076], [-70.80742876799997, 9.074233560000152], [-70.80073568499995, 9.079953447000094], [-70.79662899999983, 9.083299], [-70.784787, 9.08320300000014], [-70.773801, 9.092474], [-70.7566609999999, 9.130781000000184], [-70.756372, 9.147296], [-70.752596, 9.150433], [-70.748343, 9.164298000000144], [-70.74420099999986, 9.16508400000015], [-70.73894599999983, 9.1722], [-70.733573, 9.176755000000185], [-70.730219, 9.185239000000138], [-70.717568, 9.194014], [-70.71268, 9.203440000000114], [-70.732197, 9.1964], [-70.740201, 9.19929900000011], [-70.752438, 9.198025], [-70.75711699999988, 9.201575000000162], [-70.778127, 9.203086], [-70.793086, 9.196625], [-70.796069, 9.21601900000013], [-70.803281, 9.23319000000015], [-70.814985, 9.245029], [-70.814329, 9.258449]]]}}, {"type": "Feature", "properties": {"parroquia": "Buena Vista", "municipio": "Monte Carmelo", "estado": "Trujillo", "pcode": "VE211102", "estado_pcode": "VE21", "municipio_pcode": "VE2111", "center_lat": 9.28258928, "center_lon": -70.88718017, "area_sqkm": 81.14095813}, "geometry": {"type": "Polygon", "coordinates": [[[-70.82528999999988, 9.274719], [-70.8267479999999, 9.280732], [-70.832883, 9.277844000000186], [-70.83807799999988, 9.287556000000109], [-70.840518, 9.286617], [-70.841017, 9.294002], [-70.845259, 9.298082], [-70.84494199999983, 9.309133], [-70.848059, 9.312498], [-70.84519199999983, 9.326074000000176], [-70.848479, 9.329895000000135], [-70.855082, 9.331619000000103], [-70.869469, 9.320349], [-70.88738199999983, 9.3287830000001], [-70.890742, 9.32746], [-70.901228, 9.330916], [-70.91487999999987, 9.321874], [-70.94513562999998, 9.288432567000086], [-70.9384193649999, 9.282968569000047], [-70.91525836999989, 9.276678565000111], [-70.90091690299988, 9.262730412000053], [-70.861971, 9.232891], [-70.848779, 9.233411000000103], [-70.82528999999988, 9.274719]]]}}, {"type": "Feature", "properties": {"parroquia": "Santa María del Horcon", "municipio": "Monte Carmelo", "estado": "Trujillo", "pcode": "VE211103", "estado_pcode": "VE21", "municipio_pcode": "VE2111", "center_lat": 9.33219872, "center_lon": -70.94809184, "area_sqkm": 49.62331552}, "geometry": {"type": "Polygon", "coordinates": [[[-71.032482, 9.373888], [-71.047095, 9.373774], [-71.04995, 9.366335000000163], [-71.0566407689999, 9.361799594000047], [-71.05332851699995, 9.354778558000021], [-71.04743430899998, 9.360009715000047], [-71.04317109499993, 9.352867569000068], [-71.0370728229999, 9.349513531000014], [-71.02678838999987, 9.348615566000092], [-71.01564086399998, 9.338081392000106], [-71.00315233199996, 9.334451376000175], [-70.99098584299998, 9.3369805050001], [-70.98511158399992, 9.334029470000075], [-70.9796513099999, 9.32466228800007], [-70.95418320299996, 9.305346223000129], [-70.94791879899998, 9.289928682000152], [-70.94513562999998, 9.288432567000086], [-70.91487999999987, 9.321874], [-70.901228, 9.330916], [-70.904709, 9.330545], [-70.909983, 9.33037800000011], [-70.91454599999986, 9.334888], [-70.940814, 9.345697], [-70.953458, 9.340086], [-70.972549, 9.346019000000183], [-70.980135, 9.345503000000122], [-70.992765, 9.36066000000011], [-70.999925, 9.36518000000018], [-71.008341, 9.369841000000179], [-71.014278, 9.367578000000151], [-71.016089, 9.370885], [-71.02558299999987, 9.372175], [-71.032482, 9.373888]]]}}, {"type": "Feature", "properties": {"parroquia": "Motatan", "municipio": "Motatan", "estado": "Trujillo", "pcode": "VE211201", "estado_pcode": "VE21", "municipio_pcode": "VE2112", "center_lat": 9.389461, "center_lon": -70.60489817, "area_sqkm": 33.19693295}, "geometry": {"type": "Polygon", "coordinates": [[[-70.61891599999984, 9.434362], [-70.622942, 9.432525], [-70.628676, 9.423533000000191], [-70.63195799999988, 9.41761600000018], [-70.632902, 9.408146000000158], [-70.637759, 9.401251], [-70.634832, 9.397797], [-70.623848, 9.393752], [-70.619239, 9.384123], [-70.624859, 9.379558], [-70.627421, 9.368069000000105], [-70.6319989999999, 9.36316], [-70.629289, 9.352014], [-70.633633, 9.343361000000186], [-70.620477, 9.351955000000146], [-70.614154, 9.35112800000013], [-70.60682, 9.354324], [-70.595168, 9.364966], [-70.592006, 9.384824000000151], [-70.587473, 9.391131], [-70.583325, 9.431191000000183], [-70.594843, 9.418253000000107], [-70.60442199999989, 9.417882000000134], [-70.612037, 9.419552000000124], [-70.615116, 9.422806], [-70.61525899999987, 9.431566], [-70.61891599999984, 9.434362]]]}}, {"type": "Feature", "properties": {"parroquia": "El Baño", "municipio": "Motatan", "estado": "Trujillo", "pcode": "VE211202", "estado_pcode": "VE21", "municipio_pcode": "VE2112", "center_lat": 9.398679, "center_lon": -70.65004055, "area_sqkm": 22.24476994}, "geometry": {"type": "Polygon", "coordinates": [[[-70.656526, 9.374943], [-70.639783, 9.368544000000156], [-70.629289, 9.352014], [-70.6319989999999, 9.36316], [-70.627421, 9.368069000000105], [-70.624859, 9.379558], [-70.619239, 9.384123], [-70.623848, 9.393752], [-70.634832, 9.397797], [-70.637759, 9.401251], [-70.632902, 9.408146000000158], [-70.63195799999988, 9.41761600000018], [-70.628676, 9.423533000000191], [-70.622942, 9.432525], [-70.61891599999984, 9.434362], [-70.618757, 9.439704], [-70.6229709999999, 9.445434], [-70.62387099999984, 9.440733], [-70.62729599999989, 9.44041], [-70.64145099999985, 9.426713], [-70.64862199999988, 9.422903], [-70.651765, 9.416527000000144], [-70.650583, 9.413593], [-70.649679, 9.411141000000157], [-70.654259, 9.408983000000148], [-70.655876, 9.403892], [-70.665683, 9.398108], [-70.660472, 9.390108], [-70.66144299999985, 9.386622], [-70.656526, 9.374943]]]}}, {"type": "Feature", "properties": {"parroquia": "Jalisco", "municipio": "Motatan", "estado": "Trujillo", "pcode": "VE211203", "estado_pcode": "VE21", "municipio_pcode": "VE2112", "center_lat": 9.4892835, "center_lon": -70.60048452, "area_sqkm": 74.01878833}, "geometry": {"type": "Polygon", "coordinates": [[[-70.572798, 9.49895], [-70.574808, 9.500827], [-70.57788, 9.498573000000135], [-70.582169, 9.507169], [-70.58706199999989, 9.510709], [-70.590577, 9.523421], [-70.591625, 9.511997], [-70.59280699999988, 9.513315], [-70.599952, 9.530594000000121], [-70.597518, 9.534633000000156], [-70.60117499999984, 9.544933], [-70.605153, 9.546367], [-70.607773, 9.539571], [-70.60694, 9.544882000000143], [-70.60971899999987, 9.546281], [-70.610162, 9.544096000000138], [-70.611046, 9.547854], [-70.615417, 9.549285000000111], [-70.614067, 9.553475], [-70.61637, 9.56156], [-70.621969, 9.55241800000016], [-70.625812, 9.551397], [-70.63249299999984, 9.543953], [-70.63625499999989, 9.526365000000112], [-70.633949, 9.501374], [-70.63094, 9.499289], [-70.630725, 9.488329], [-70.634287, 9.484751], [-70.629842, 9.482116], [-70.627844, 9.468405000000132], [-70.63045899999986, 9.467258], [-70.62194, 9.465176000000156], [-70.617888, 9.460019000000102], [-70.618209, 9.45341500000012], [-70.621471, 9.452061000000185], [-70.6229709999999, 9.445434], [-70.618757, 9.439704], [-70.61891599999984, 9.434362], [-70.61525899999987, 9.431566], [-70.615116, 9.422806], [-70.612037, 9.419552000000124], [-70.60442199999989, 9.417882000000134], [-70.594843, 9.418253000000107], [-70.583325, 9.431191000000183], [-70.56514999999985, 9.455807000000163], [-70.569431, 9.47052], [-70.569739, 9.48785400000014], [-70.572798, 9.49895]]]}}, {"type": "Feature", "properties": {"parroquia": "Pampan", "municipio": "Pampan", "estado": "Trujillo", "pcode": "VE211301", "estado_pcode": "VE21", "municipio_pcode": "VE2113", "center_lat": 9.5198185, "center_lon": -70.53988594, "area_sqkm": 162.82085806}, "geometry": {"type": "Polygon", "coordinates": [[[-70.526443, 9.609131], [-70.556233, 9.60957900000011], [-70.60550299999983, 9.56234], [-70.61637, 9.56156], [-70.614067, 9.553475], [-70.615417, 9.549285000000111], [-70.611046, 9.547854], [-70.610162, 9.544096000000138], [-70.60971899999987, 9.546281], [-70.60694, 9.544882000000143], [-70.607773, 9.539571], [-70.605153, 9.546367], [-70.60117499999984, 9.544933], [-70.597518, 9.534633000000156], [-70.599952, 9.530594000000121], [-70.59280699999988, 9.513315], [-70.591625, 9.511997], [-70.590577, 9.523421], [-70.58706199999989, 9.510709], [-70.582169, 9.507169], [-70.57788, 9.498573000000135], [-70.574808, 9.500827], [-70.572798, 9.49895], [-70.554051, 9.50015], [-70.541388, 9.49400900000012], [-70.525363, 9.460651], [-70.518512, 9.457489], [-70.513004, 9.459003], [-70.511362, 9.46563], [-70.507612, 9.457629], [-70.508906, 9.450956], [-70.495832, 9.438049], [-70.487851, 9.430677000000117], [-70.484294, 9.430441], [-70.471761, 9.437787], [-70.455205, 9.435327], [-70.445969, 9.438154], [-70.4292569999999, 9.429317], [-70.410223, 9.442846000000145], [-70.430227, 9.439119000000119], [-70.44427, 9.446420000000103], [-70.458382, 9.446231], [-70.467636, 9.442801000000145], [-70.471745, 9.446441], [-70.472774, 9.454846], [-70.47806299999985, 9.458669000000157], [-70.487753, 9.473145000000102], [-70.488572, 9.484119], [-70.495151, 9.489782000000162], [-70.498207, 9.496480000000133], [-70.486862, 9.516459000000111], [-70.490817, 9.518487], [-70.49189799999988, 9.526549000000102], [-70.485789, 9.540701], [-70.48845, 9.561313], [-70.495707, 9.564369000000113], [-70.499448, 9.584406000000115], [-70.506909, 9.592726000000141], [-70.521332, 9.598512], [-70.526443, 9.609131]]]}}, {"type": "Feature", "properties": {"parroquia": "Flor de Patria", "municipio": "Pampan", "estado": "Trujillo", "pcode": "VE211302", "estado_pcode": "VE21", "municipio_pcode": "VE2113", "center_lat": 9.53031, "center_lon": -70.47967345, "area_sqkm": 66.18603309}, "geometry": {"type": "Polygon", "coordinates": [[[-70.526443, 9.609131], [-70.521332, 9.598512], [-70.506909, 9.592726000000141], [-70.499448, 9.584406000000115], [-70.495707, 9.564369000000113], [-70.48845, 9.561313], [-70.485789, 9.540701], [-70.49189799999988, 9.526549000000102], [-70.490817, 9.518487], [-70.486862, 9.516459000000111], [-70.498207, 9.496480000000133], [-70.495151, 9.489782000000162], [-70.488572, 9.484119], [-70.487753, 9.473145000000102], [-70.47806299999985, 9.458669000000157], [-70.472774, 9.454846], [-70.471745, 9.446441], [-70.467636, 9.442801000000145], [-70.458382, 9.446231], [-70.44427, 9.446420000000103], [-70.430227, 9.439119000000119], [-70.410223, 9.442846000000145], [-70.411005, 9.449703000000113], [-70.425992, 9.464655], [-70.439772, 9.481188], [-70.446515, 9.481754], [-70.454544, 9.478048], [-70.469949, 9.485878], [-70.472289, 9.49362], [-70.466245, 9.496698], [-70.460729, 9.512606000000176], [-70.46086, 9.52058], [-70.462521, 9.524887], [-70.466662, 9.525609], [-70.47031599999985, 9.530090000000143], [-70.46862, 9.542785], [-70.4712009999999, 9.54635], [-70.470224, 9.562804], [-70.475369, 9.569566], [-70.48197799999986, 9.587589], [-70.48209799999984, 9.594920000000116], [-70.49176899999986, 9.60689], [-70.49502299999989, 9.620576], [-70.50046799999984, 9.621162], [-70.526443, 9.609131]]]}}, {"type": "Feature", "properties": {"parroquia": "La Paz", "municipio": "Pampan", "estado": "Trujillo", "pcode": "VE211303", "estado_pcode": "VE21", "municipio_pcode": "VE2113", "center_lat": 9.5437255, "center_lon": -70.45366296, "area_sqkm": 59.64149396}, "geometry": {"type": "Polygon", "coordinates": [[[-70.49502299999989, 9.620576], [-70.49176899999986, 9.60689], [-70.48209799999984, 9.594920000000116], [-70.48197799999986, 9.587589], [-70.475369, 9.569566], [-70.470224, 9.562804], [-70.4712009999999, 9.54635], [-70.46862, 9.542785], [-70.47031599999985, 9.530090000000143], [-70.466662, 9.525609], [-70.462521, 9.524887], [-70.46086, 9.52058], [-70.460729, 9.512606000000176], [-70.466245, 9.496698], [-70.472289, 9.49362], [-70.469949, 9.485878], [-70.454544, 9.478048], [-70.446515, 9.481754], [-70.439772, 9.481188], [-70.425992, 9.464655], [-70.423014, 9.4907970000001], [-70.42583499999989, 9.510798], [-70.432383, 9.51176], [-70.43483299999986, 9.5259870000001], [-70.437636, 9.527489], [-70.439699, 9.53389200000015], [-70.435421, 9.554358], [-70.440032, 9.559769000000188], [-70.439692, 9.566839000000186], [-70.44265799999988, 9.572135000000173], [-70.44045099999988, 9.584774000000152], [-70.444242, 9.584434000000101], [-70.447183, 9.589866000000143], [-70.447138, 9.599813000000154], [-70.46670099999989, 9.610319], [-70.47039499999988, 9.613974000000155], [-70.470844, 9.618578], [-70.477782, 9.617538], [-70.49047099999984, 9.624442000000158], [-70.49410499999988, 9.623775], [-70.49502299999989, 9.620576]]]}}, {"type": "Feature", "properties": {"parroquia": "Santa Ana", "municipio": "Pampan", "estado": "Trujillo", "pcode": "VE211304", "estado_pcode": "VE21", "municipio_pcode": "VE2113", "center_lat": 9.4862005, "center_lon": -70.35630506, "area_sqkm": 120.63670192}, "geometry": {"type": "Polygon", "coordinates": [[[-70.425992, 9.464655], [-70.411005, 9.449703000000113], [-70.38082, 9.441653], [-70.37531699999988, 9.44266800000014], [-70.370288, 9.4395], [-70.364413, 9.442173], [-70.362309, 9.435936], [-70.356396, 9.435901000000172], [-70.361265, 9.434206], [-70.35993999999982, 9.422291], [-70.35766199999989, 9.421863], [-70.35573, 9.412962], [-70.345044, 9.426392000000135], [-70.33911599999988, 9.425324], [-70.3376669999999, 9.422796000000119], [-70.33157, 9.422809000000143], [-70.333239, 9.416063000000122], [-70.33141099999983, 9.414618], [-70.32553899999988, 9.417496], [-70.320158, 9.42696500000011], [-70.32179799999989, 9.429801000000111], [-70.310602, 9.449894], [-70.305989, 9.47043600000012], [-70.288299, 9.481740000000173], [-70.29051, 9.49851], [-70.296825, 9.509433], [-70.294445, 9.529630000000111], [-70.29718199999985, 9.541976], [-70.300854, 9.55153700000011], [-70.298798, 9.558367000000146], [-70.309605, 9.544264000000169], [-70.310377, 9.534146], [-70.318022, 9.510376], [-70.333722, 9.509947], [-70.335269, 9.529121], [-70.34133999999989, 9.521975000000168], [-70.357889, 9.520872], [-70.362188, 9.513166000000126], [-70.378462, 9.508037000000172], [-70.3931429999999, 9.50740100000013], [-70.40006099999988, 9.509833], [-70.418349, 9.50745], [-70.42583499999989, 9.510798], [-70.423014, 9.4907970000001], [-70.425992, 9.464655]]]}}, {"type": "Feature", "properties": {"parroquia": "Pampanito", "municipio": "Pampanito", "estado": "Trujillo", "pcode": "VE211401", "estado_pcode": "VE21", "municipio_pcode": "VE2114", "center_lat": 9.4317005, "center_lon": -70.50136231, "area_sqkm": 45.85331154}, "geometry": {"type": "Polygon", "coordinates": [[[-70.452031, 9.386958000000163], [-70.484945, 9.413082], [-70.495832, 9.438049], [-70.508906, 9.450956], [-70.507612, 9.457629], [-70.511362, 9.46563], [-70.513004, 9.459003], [-70.518512, 9.457489], [-70.525363, 9.460651], [-70.541388, 9.49400900000012], [-70.554051, 9.50015], [-70.572798, 9.49895], [-70.557433, 9.488054], [-70.504701, 9.425352], [-70.52983799999987, 9.404403], [-70.51979399999988, 9.394476000000111], [-70.513708, 9.39606], [-70.50796899999989, 9.393997], [-70.502716, 9.383427], [-70.50446999999986, 9.372006], [-70.462551, 9.363139], [-70.452031, 9.386958000000163]]]}}, {"type": "Feature", "properties": {"parroquia": "La Concepción", "municipio": "Pampanito", "estado": "Trujillo", "pcode": "VE211402", "estado_pcode": "VE21", "municipio_pcode": "VE2114", "center_lat": 9.4258175, "center_lon": -70.47101326, "area_sqkm": 8.34910515}, "geometry": {"type": "Polygon", "coordinates": [[[-70.495832, 9.438049], [-70.484945, 9.413082], [-70.468764, 9.416975], [-70.465711, 9.42015600000019], [-70.452958, 9.420506], [-70.450935, 9.428223000000116], [-70.455205, 9.435327], [-70.471761, 9.437787], [-70.484294, 9.430441], [-70.487851, 9.430677000000117], [-70.495832, 9.438049]]]}}, {"type": "Feature", "properties": {"parroquia": "Pampanito Ii", "municipio": "Pampanito", "estado": "Trujillo", "pcode": "VE211403", "estado_pcode": "VE21", "municipio_pcode": "VE2114", "center_lat": 9.431306, "center_lon": -70.52875553, "area_sqkm": 44.31596052}, "geometry": {"type": "Polygon", "coordinates": [[[-70.50446999999986, 9.372006], [-70.502716, 9.383427], [-70.50796899999989, 9.393997], [-70.513708, 9.39606], [-70.51979399999988, 9.394476000000111], [-70.52983799999987, 9.404403], [-70.504701, 9.425352], [-70.557433, 9.488054], [-70.572798, 9.49895], [-70.569739, 9.48785400000014], [-70.569431, 9.47052], [-70.56514999999985, 9.455807000000163], [-70.557088, 9.446219000000156], [-70.555002, 9.43819400000018], [-70.547594, 9.430767], [-70.54412, 9.420336000000134], [-70.5443709999999, 9.407494], [-70.536963, 9.394862], [-70.53953, 9.391491], [-70.53774699999985, 9.385255], [-70.540292, 9.383465000000172], [-70.541678, 9.374293000000137], [-70.53982599999989, 9.370969], [-70.542301, 9.370303], [-70.54495, 9.363811], [-70.514494, 9.373952000000145], [-70.50446999999986, 9.372006]]]}}, {"type": "Feature", "properties": {"parroquia": "Betijoque", "municipio": "Rafael Rangel", "estado": "Trujillo", "pcode": "VE211501", "estado_pcode": "VE21", "municipio_pcode": "VE2115", "center_lat": 9.339705, "center_lon": -70.76219666, "area_sqkm": 52.35578504}, "geometry": {"type": "Polygon", "coordinates": [[[-70.744934, 9.404216], [-70.758756, 9.414338], [-70.755669, 9.403244], [-70.764148, 9.390627000000165], [-70.75983, 9.372999000000164], [-70.75519899999989, 9.369243], [-70.7551959999999, 9.366033], [-70.763888, 9.358483], [-70.768584, 9.357470000000149], [-70.780271, 9.36303], [-70.783865, 9.362209000000178], [-70.783297, 9.357962000000157], [-70.77961, 9.356327], [-70.778414, 9.358497], [-70.76704217299988, 9.335862761000158], [-70.76905050599999, 9.331316987000093], [-70.78190706499993, 9.32540085800008], [-70.7998816299999, 9.311821344], [-70.80496297899998, 9.304636230000085], [-70.805702, 9.297848000000101], [-70.807987, 9.298405000000173], [-70.811578, 9.29453000000018], [-70.80637, 9.274497000000167], [-70.80241699999982, 9.27065], [-70.802532, 9.264837], [-70.798309, 9.265233], [-70.771883, 9.283619000000158], [-70.74924299999986, 9.294605], [-70.744019, 9.323988], [-70.75685999999985, 9.34064700000016], [-70.738882, 9.367948], [-70.72918601599997, 9.36988406900008], [-70.729802, 9.375982], [-70.726505, 9.382746000000168], [-70.737394, 9.379800000000103], [-70.744934, 9.404216]]]}}, {"type": "Feature", "properties": {"parroquia": "La Pueblita", "municipio": "Rafael Rangel", "estado": "Trujillo", "pcode": "VE211502", "estado_pcode": "VE21", "municipio_pcode": "VE2115", "center_lat": 9.3922685, "center_lon": -70.7295492, "area_sqkm": 4.64841953}, "geometry": {"type": "Polygon", "coordinates": [[[-70.726505, 9.382746000000168], [-70.717852, 9.38984], [-70.717071, 9.397636], [-70.730143, 9.397029000000146], [-70.734633, 9.398837000000185], [-70.737113, 9.403925000000129], [-70.744934, 9.404216], [-70.737394, 9.379800000000103], [-70.726505, 9.382746000000168]]]}}, {"type": "Feature", "properties": {"parroquia": "Los Cedros", "municipio": "Rafael Rangel", "estado": "Trujillo", "pcode": "VE211503", "estado_pcode": "VE21", "municipio_pcode": "VE2115", "center_lat": 9.3307925, "center_lon": -70.72486233, "area_sqkm": 25.39630556}, "geometry": {"type": "Polygon", "coordinates": [[[-70.72918601599997, 9.36988406900008], [-70.738882, 9.367948], [-70.75685999999985, 9.34064700000016], [-70.744019, 9.323988], [-70.74924299999986, 9.294605], [-70.717165, 9.311727], [-70.711415, 9.31872], [-70.6958499999999, 9.328779000000168], [-70.709125, 9.333104], [-70.707819, 9.338626], [-70.722008, 9.34934600000014], [-70.7285859999999, 9.358924000000172], [-70.724866, 9.365324], [-70.72918601599997, 9.36988406900008]]]}}, {"type": "Feature", "properties": {"parroquia": "José Gregorio Hernández", "municipio": "Rafael Rangel", "estado": "Trujillo", "pcode": "VE211504", "estado_pcode": "VE21", "municipio_pcode": "VE2115", "center_lat": 9.3669295, "center_lon": -70.69322908, "area_sqkm": 47.1252574}, "geometry": {"type": "Polygon", "coordinates": [[[-70.665683, 9.398108], [-70.68903, 9.39843500000012], [-70.693453, 9.4040040000001], [-70.697618, 9.404459], [-70.698634, 9.401914], [-70.702684, 9.403883], [-70.71008399999988, 9.397618], [-70.717071, 9.397636], [-70.717852, 9.38984], [-70.726505, 9.382746000000168], [-70.729802, 9.375982], [-70.72918601599997, 9.36988406900008], [-70.724866, 9.365324], [-70.7285859999999, 9.358924000000172], [-70.722008, 9.34934600000014], [-70.707819, 9.338626], [-70.709125, 9.333104], [-70.6958499999999, 9.328779000000168], [-70.686328, 9.330249], [-70.66910799999988, 9.34052700000018], [-70.670491, 9.353393], [-70.659185, 9.365255000000161], [-70.656526, 9.374943], [-70.66144299999985, 9.386622], [-70.660472, 9.390108], [-70.665683, 9.398108]]]}}, {"type": "Feature", "properties": {"parroquia": "Carvajal", "municipio": "San Rafael de Carvajal", "estado": "Trujillo", "pcode": "VE211601", "estado_pcode": "VE21", "municipio_pcode": "VE2116", "center_lat": 9.3111535, "center_lon": -70.58029434, "area_sqkm": 31.78315016}, "geometry": {"type": "Polygon", "coordinates": [[[-70.581992, 9.351324], [-70.592632, 9.35031], [-70.595341, 9.364300000000185], [-70.598241, 9.356114], [-70.593953, 9.3358], [-70.59449, 9.330834], [-70.596875, 9.304943], [-70.600625, 9.290939], [-70.594453, 9.261330000000157], [-70.58709899999985, 9.262603000000183], [-70.581564, 9.258498000000145], [-70.5706371309999, 9.265934450000088], [-70.563214, 9.274009], [-70.552883, 9.29286], [-70.556886, 9.292516], [-70.565277, 9.301099000000136], [-70.566379, 9.307464], [-70.56310699999989, 9.31273300000015], [-70.56673699999988, 9.317838000000108], [-70.56365499999987, 9.326158], [-70.56706799999989, 9.330032], [-70.56827395899995, 9.336961037000094], [-70.576499, 9.337582], [-70.578845, 9.32993800000014], [-70.583708, 9.325471000000164], [-70.588253, 9.326657], [-70.588961, 9.332305], [-70.581992, 9.351324]]]}}, {"type": "Feature", "properties": {"parroquia": "Antonio Nicolás Briceño", "municipio": "San Rafael de Carvajal", "estado": "Trujillo", "pcode": "VE211602", "estado_pcode": "VE21", "municipio_pcode": "VE2116", "center_lat": 9.3675995, "center_lon": -70.56860462, "area_sqkm": 19.32475307}, "geometry": {"type": "Polygon", "coordinates": [[[-70.581992, 9.351324], [-70.557543, 9.350648], [-70.55886299999986, 9.354041000000109], [-70.550536, 9.35824], [-70.55116099999987, 9.362092], [-70.54495, 9.363811], [-70.542301, 9.370303], [-70.53982599999989, 9.370969], [-70.541678, 9.374293000000137], [-70.540292, 9.383465000000172], [-70.592006, 9.384824000000151], [-70.595168, 9.364966], [-70.595341, 9.364300000000185], [-70.592632, 9.35031], [-70.581992, 9.351324]]]}}, {"type": "Feature", "properties": {"parroquia": "Campo Alegre", "municipio": "San Rafael de Carvajal", "estado": "Trujillo", "pcode": "VE211603", "estado_pcode": "VE21", "municipio_pcode": "VE2116", "center_lat": 9.338106, "center_lon": -70.57649396, "area_sqkm": 4.92311712}, "geometry": {"type": "Polygon", "coordinates": [[[-70.56827395899995, 9.336961037000094], [-70.55610799999988, 9.347438000000182], [-70.557543, 9.350648], [-70.581992, 9.351324], [-70.588961, 9.332305], [-70.588253, 9.326657], [-70.583708, 9.325471000000164], [-70.578845, 9.32993800000014], [-70.576499, 9.337582], [-70.56827395899995, 9.336961037000094]]]}}, {"type": "Feature", "properties": {"parroquia": "José Leonardo Suarez", "municipio": "San Rafael de Carvajal", "estado": "Trujillo", "pcode": "VE211604", "estado_pcode": "VE21", "municipio_pcode": "VE2116", "center_lat": 9.419939, "center_lon": -70.56381205, "area_sqkm": 30.07817747}, "geometry": {"type": "Polygon", "coordinates": [[[-70.56514999999985, 9.455807000000163], [-70.583325, 9.431191000000183], [-70.587473, 9.391131], [-70.592006, 9.384824000000151], [-70.540292, 9.383465000000172], [-70.53774699999985, 9.385255], [-70.53953, 9.391491], [-70.536963, 9.394862], [-70.5443709999999, 9.407494], [-70.54412, 9.420336000000134], [-70.547594, 9.430767], [-70.555002, 9.43819400000018], [-70.557088, 9.446219000000156], [-70.56514999999985, 9.455807000000163]]]}}, {"type": "Feature", "properties": {"parroquia": "Sabana de Mendoza", "municipio": "Sucre", "estado": "Trujillo", "pcode": "VE211701", "estado_pcode": "VE21", "municipio_pcode": "VE2117", "center_lat": 9.4285765, "center_lon": -70.74627147, "area_sqkm": 43.19067984}, "geometry": {"type": "Polygon", "coordinates": [[[-70.758756, 9.414338], [-70.744934, 9.404216], [-70.737113, 9.403925000000129], [-70.734633, 9.398837000000185], [-70.730143, 9.397029000000146], [-70.717071, 9.397636], [-70.71008399999988, 9.397618], [-70.702684, 9.403883], [-70.698634, 9.401914], [-70.697618, 9.404459], [-70.693453, 9.4040040000001], [-70.68903, 9.39843500000012], [-70.665683, 9.398108], [-70.655876, 9.403892], [-70.654259, 9.408983000000148], [-70.649679, 9.411141000000157], [-70.650583, 9.413593], [-70.65397899999982, 9.413833000000125], [-70.692446, 9.41994], [-70.6983489999999, 9.423742], [-70.703902, 9.424265000000162], [-70.709199, 9.419905], [-70.715519, 9.42432500000018], [-70.72101, 9.434707000000117], [-70.722444, 9.433376000000123], [-70.727723, 9.43635200000017], [-70.734512, 9.448017], [-70.750323, 9.45412400000015], [-70.755083, 9.459667000000138], [-70.774397, 9.44029], [-70.774671, 9.424096], [-70.770675, 9.417927000000134], [-70.758756, 9.414338]]]}}, {"type": "Feature", "properties": {"parroquia": "El Paraíso", "municipio": "Sucre", "estado": "Trujillo", "pcode": "VE211702", "estado_pcode": "VE21", "municipio_pcode": "VE2117", "center_lat": 9.556669, "center_lon": -70.85503553, "area_sqkm": 56.46293188}, "geometry": {"type": "Polygon", "coordinates": [[[-70.84325620199996, 9.58553457500011], [-70.85340962699996, 9.587449086000163], [-70.85982692199997, 9.59170514400006], [-70.86811024699989, 9.588554025], [-70.88539994999996, 9.587361889000135], [-70.89673044599988, 9.592531941000175], [-70.9065978079999, 9.583574684000041], [-70.90529534799998, 9.579871774000082], [-70.90452, 9.526475000000175], [-70.89717699999989, 9.52713400000016], [-70.895531, 9.533784], [-70.889732, 9.532509000000118], [-70.889617, 9.537744], [-70.88737, 9.539166], [-70.88306199999988, 9.531769000000168], [-70.87897, 9.533208], [-70.870664, 9.543022], [-70.865245, 9.54038700000018], [-70.851465, 9.544053000000133], [-70.846357, 9.547912], [-70.84299399999986, 9.543054], [-70.838825, 9.546216000000186], [-70.836263, 9.543302000000153], [-70.828191, 9.543217], [-70.821267, 9.53451200000012], [-70.81117599999988, 9.535548], [-70.80957, 9.539029], [-70.80441799999983, 9.535931], [-70.805424, 9.565426000000173], [-70.806146, 9.569703000000175], [-70.815666, 9.574104], [-70.816186, 9.577704000000153], [-70.820023, 9.579463], [-70.84325620199996, 9.58553457500011]]]}}, {"type": "Feature", "properties": {"parroquia": "Junín", "municipio": "Sucre", "estado": "Trujillo", "pcode": "VE211703", "estado_pcode": "VE21", "municipio_pcode": "VE2117", "center_lat": 9.495884, "center_lon": -70.85669056, "area_sqkm": 96.18214469}, "geometry": {"type": "Polygon", "coordinates": [[[-70.80441799999983, 9.535931], [-70.80957, 9.539029], [-70.81117599999988, 9.535548], [-70.821267, 9.53451200000012], [-70.828191, 9.543217], [-70.836263, 9.543302000000153], [-70.838825, 9.546216000000186], [-70.84299399999986, 9.543054], [-70.846357, 9.547912], [-70.851465, 9.544053000000133], [-70.865245, 9.54038700000018], [-70.870664, 9.543022], [-70.87897, 9.533208], [-70.88306199999988, 9.531769000000168], [-70.88737, 9.539166], [-70.889617, 9.537744], [-70.889732, 9.532509000000118], [-70.895531, 9.533784], [-70.89717699999989, 9.52713400000016], [-70.90452, 9.526475000000175], [-70.90404399999989, 9.429242], [-70.88266, 9.436947], [-70.858483, 9.457978], [-70.83108299999986, 9.476534], [-70.821827, 9.476452000000165], [-70.815865, 9.471762], [-70.80369, 9.51461], [-70.80441799999983, 9.535931]]]}}, {"type": "Feature", "properties": {"parroquia": "Valmore Rodríguez", "municipio": "Sucre", "estado": "Trujillo", "pcode": "VE211704", "estado_pcode": "VE21", "municipio_pcode": "VE2117", "center_lat": 9.469619, "center_lon": -70.78997577, "area_sqkm": 32.50201109}, "geometry": {"type": "Polygon", "coordinates": [[[-70.815865, 9.471762], [-70.811949, 9.458031000000119], [-70.808658, 9.453609], [-70.801621, 9.451072], [-70.800944, 9.44460700000019], [-70.791795, 9.436546], [-70.78543099999985, 9.435292], [-70.77718599999986, 9.426863], [-70.777275, 9.423400000000186], [-70.774671, 9.424096], [-70.774397, 9.44029], [-70.755083, 9.459667000000138], [-70.764497, 9.468281], [-70.771431, 9.48281], [-70.80369, 9.51461], [-70.815865, 9.471762]]]}}, {"type": "Feature", "properties": {"parroquia": "Andrés Linares", "municipio": "Trujillo", "estado": "Trujillo", "pcode": "VE211801", "estado_pcode": "VE21", "municipio_pcode": "VE2118", "center_lat": 9.2422395, "center_lon": -70.46301252, "area_sqkm": 99.77803488}, "geometry": {"type": "Polygon", "coordinates": [[[-70.406827, 9.20537], [-70.40692899999988, 9.216784000000189], [-70.411787, 9.233252000000107], [-70.42388299999988, 9.243157], [-70.42176099999989, 9.249452], [-70.4247519999999, 9.25531000000018], [-70.43457499999982, 9.261711], [-70.432825, 9.270026], [-70.4261269999999, 9.278268], [-70.424834, 9.283025], [-70.426946, 9.287209000000189], [-70.43796, 9.276842], [-70.452309, 9.27749800000015], [-70.456936, 9.280438], [-70.460716, 9.288594], [-70.470845, 9.290633000000184], [-70.47861299999988, 9.296601000000123], [-70.490366, 9.295074], [-70.500407, 9.298028], [-70.496098, 9.310266000000126], [-70.544339, 9.283452000000182], [-70.538534, 9.275628000000154], [-70.527302, 9.280137], [-70.52731, 9.277863000000139], [-70.5182, 9.271402], [-70.515952, 9.261204], [-70.506441, 9.256335], [-70.503447, 9.251691], [-70.503626, 9.241322], [-70.498636, 9.230131000000142], [-70.485669, 9.231932000000143], [-70.482533, 9.217716], [-70.47530499999982, 9.213586], [-70.47086, 9.207364], [-70.46193, 9.185444], [-70.45122228899993, 9.17375424000005], [-70.426788, 9.196388000000127], [-70.421816, 9.199719], [-70.415657, 9.199341], [-70.406827, 9.20537]]]}}, {"type": "Feature", "properties": {"parroquia": "Chiquinquira", "municipio": "Trujillo", "estado": "Trujillo", "pcode": "VE211802", "estado_pcode": "VE21", "municipio_pcode": "VE2118", "center_lat": 9.328736, "center_lon": -70.51837866, "area_sqkm": 80.11280942}, "geometry": {"type": "Polygon", "coordinates": [[[-70.462551, 9.363139], [-70.50446999999986, 9.372006], [-70.514494, 9.373952000000145], [-70.54495, 9.363811], [-70.55116099999987, 9.362092], [-70.550536, 9.35824], [-70.55886299999986, 9.354041000000109], [-70.557543, 9.350648], [-70.55610799999988, 9.347438000000182], [-70.56827395899995, 9.336961037000094], [-70.56706799999989, 9.330032], [-70.56365499999987, 9.326158], [-70.56673699999988, 9.317838000000108], [-70.56310699999989, 9.31273300000015], [-70.566379, 9.307464], [-70.565277, 9.301099000000136], [-70.556886, 9.292516], [-70.552883, 9.29286], [-70.544339, 9.283452000000182], [-70.496098, 9.310266000000126], [-70.488745, 9.320388], [-70.472625, 9.32436100000018], [-70.469324, 9.331194], [-70.465884, 9.328535], [-70.467564, 9.33459100000016], [-70.462431, 9.335464000000115], [-70.460971, 9.338743], [-70.45299599999987, 9.335272], [-70.450559, 9.339918], [-70.444969, 9.343000000000131], [-70.452264, 9.344186], [-70.442134, 9.350658000000124], [-70.44465999999989, 9.358862], [-70.452047, 9.355044000000134], [-70.44911899999988, 9.359573], [-70.462551, 9.363139]]]}}, {"type": "Feature", "properties": {"parroquia": "Cristóbal Mendoza", "municipio": "Trujillo", "estado": "Trujillo", "pcode": "VE211803", "estado_pcode": "VE21", "municipio_pcode": "VE2118", "center_lat": 9.3878415, "center_lon": -70.43968933, "area_sqkm": 11.88776049}, "geometry": {"type": "Polygon", "coordinates": [[[-70.429065, 9.374443], [-70.42862799999989, 9.38789800000012], [-70.434559, 9.407059000000118], [-70.442391, 9.411437000000149], [-70.4453749999999, 9.416437000000144], [-70.449109, 9.409199], [-70.442084, 9.401840000000107], [-70.44745299999988, 9.389366], [-70.452031, 9.386958000000163], [-70.462551, 9.363139], [-70.44911899999988, 9.359573], [-70.433164, 9.367446], [-70.43341, 9.370321000000104], [-70.429065, 9.374443]]]}}, {"type": "Feature", "properties": {"parroquia": "Cruz Carrillo", "municipio": "Trujillo", "estado": "Trujillo", "pcode": "VE211804", "estado_pcode": "VE21", "municipio_pcode": "VE2118", "center_lat": 9.3897195, "center_lon": -70.36559556, "area_sqkm": 107.53793081}, "geometry": {"type": "Polygon", "coordinates": [[[-70.311762, 9.341319000000112], [-70.306458, 9.347407], [-70.304483, 9.363908], [-70.292153, 9.371753], [-70.296418, 9.385393], [-70.30917799999986, 9.400166000000183], [-70.319312, 9.407579000000169], [-70.308209, 9.417035], [-70.320158, 9.42696500000011], [-70.32553899999988, 9.417496], [-70.33141099999983, 9.414618], [-70.333239, 9.416063000000122], [-70.33157, 9.422809000000143], [-70.3376669999999, 9.422796000000119], [-70.33911599999988, 9.425324], [-70.345044, 9.426392000000135], [-70.35573, 9.412962], [-70.35766199999989, 9.421863], [-70.35993999999982, 9.422291], [-70.361265, 9.434206], [-70.356396, 9.435901000000172], [-70.362309, 9.435936], [-70.364413, 9.442173], [-70.370288, 9.4395], [-70.37531699999988, 9.44266800000014], [-70.38082, 9.441653], [-70.411005, 9.449703000000113], [-70.410223, 9.442846000000145], [-70.4292569999999, 9.429317], [-70.433114, 9.422673], [-70.4453749999999, 9.416437000000144], [-70.442391, 9.411437000000149], [-70.434559, 9.407059000000118], [-70.42862799999989, 9.38789800000012], [-70.429065, 9.374443], [-70.415029, 9.371170000000177], [-70.40993, 9.375105000000133], [-70.402117, 9.374822], [-70.38114999999988, 9.384716], [-70.371544, 9.374616], [-70.370095, 9.36898], [-70.362631, 9.368605], [-70.3534949999999, 9.359307], [-70.33391499999988, 9.353501000000165], [-70.331551, 9.341116], [-70.32250699999986, 9.329841000000101], [-70.31913, 9.339233], [-70.311762, 9.341319000000112]]]}}, {"type": "Feature", "properties": {"parroquia": "Matriz", "municipio": "Trujillo", "estado": "Trujillo", "pcode": "VE211805", "estado_pcode": "VE21", "municipio_pcode": "VE2118", "center_lat": 9.332677, "center_lon": -70.34708094, "area_sqkm": 50.63660705}, "geometry": {"type": "Polygon", "coordinates": [[[-70.433164, 9.367446], [-70.434646, 9.351023000000112], [-70.427384, 9.348906000000113], [-70.422409, 9.34141], [-70.420067, 9.357223], [-70.406895, 9.353409], [-70.401746, 9.359812], [-70.407168, 9.361322], [-70.39472099999989, 9.363028], [-70.387264, 9.343578], [-70.391696, 9.343931], [-70.395567, 9.34064300000017], [-70.390715, 9.338464000000158], [-70.384289, 9.342033], [-70.377794, 9.341777], [-70.36078099999986, 9.324015000000145], [-70.35686599999985, 9.295443], [-70.347628, 9.290769], [-70.34582, 9.280052], [-70.33875399999988, 9.294244000000162], [-70.334599, 9.309872], [-70.331642, 9.313661], [-70.32130399999988, 9.316652], [-70.311762, 9.341319000000112], [-70.31913, 9.339233], [-70.32250699999986, 9.329841000000101], [-70.331551, 9.341116], [-70.33391499999988, 9.353501000000165], [-70.3534949999999, 9.359307], [-70.362631, 9.368605], [-70.370095, 9.36898], [-70.371544, 9.374616], [-70.38114999999988, 9.384716], [-70.402117, 9.374822], [-70.40993, 9.375105000000133], [-70.415029, 9.371170000000177], [-70.429065, 9.374443], [-70.43341, 9.370321000000104], [-70.433164, 9.367446]]]}}, {"type": "Feature", "properties": {"parroquia": "Monseñor Carrillo", "municipio": "Trujillo", "estado": "Trujillo", "pcode": "VE211806", "estado_pcode": "VE21", "municipio_pcode": "VE2118", "center_lat": 9.286165, "center_lon": -70.38706689, "area_sqkm": 135.81633331}, "geometry": {"type": "Polygon", "coordinates": [[[-70.34582, 9.280052], [-70.347628, 9.290769], [-70.35686599999985, 9.295443], [-70.36078099999986, 9.324015000000145], [-70.377794, 9.341777], [-70.384289, 9.342033], [-70.390715, 9.338464000000158], [-70.395567, 9.34064300000017], [-70.391696, 9.343931], [-70.387264, 9.343578], [-70.39472099999989, 9.363028], [-70.407168, 9.361322], [-70.401746, 9.359812], [-70.406895, 9.353409], [-70.420067, 9.357223], [-70.422409, 9.34141], [-70.427384, 9.348906000000113], [-70.434646, 9.351023000000112], [-70.433164, 9.367446], [-70.44911899999988, 9.359573], [-70.452047, 9.355044000000134], [-70.44465999999989, 9.358862], [-70.442134, 9.350658000000124], [-70.452264, 9.344186], [-70.444969, 9.343000000000131], [-70.450559, 9.339918], [-70.45299599999987, 9.335272], [-70.460971, 9.338743], [-70.462431, 9.335464000000115], [-70.467564, 9.33459100000016], [-70.465884, 9.328535], [-70.469324, 9.331194], [-70.472625, 9.32436100000018], [-70.488745, 9.320388], [-70.496098, 9.310266000000126], [-70.500407, 9.298028], [-70.490366, 9.295074], [-70.47861299999988, 9.296601000000123], [-70.470845, 9.290633000000184], [-70.460716, 9.288594], [-70.456936, 9.280438], [-70.452309, 9.27749800000015], [-70.43796, 9.276842], [-70.426946, 9.287209000000189], [-70.424834, 9.283025], [-70.4261269999999, 9.278268], [-70.432825, 9.270026], [-70.43457499999982, 9.261711], [-70.4247519999999, 9.25531000000018], [-70.42176099999989, 9.249452], [-70.42388299999988, 9.243157], [-70.411787, 9.233252000000107], [-70.40692899999988, 9.216784000000189], [-70.406827, 9.20537], [-70.401292, 9.212431], [-70.386345, 9.220433000000128], [-70.384761, 9.239991], [-70.377868, 9.249081000000103], [-70.37402299999985, 9.26035], [-70.36707499999989, 9.265833], [-70.356577, 9.269146], [-70.351299, 9.277084000000173], [-70.34582, 9.280052]]]}}, {"type": "Feature", "properties": {"parroquia": "Tres Esquinas", "municipio": "Trujillo", "estado": "Trujillo", "pcode": "VE211807", "estado_pcode": "VE21", "municipio_pcode": "VE2118", "center_lat": 9.412185, "center_lon": -70.46615751, "area_sqkm": 13.38148817}, "geometry": {"type": "Polygon", "coordinates": [[[-70.452031, 9.386958000000163], [-70.44745299999988, 9.389366], [-70.442084, 9.401840000000107], [-70.449109, 9.409199], [-70.4453749999999, 9.416437000000144], [-70.433114, 9.422673], [-70.4292569999999, 9.429317], [-70.445969, 9.438154], [-70.455205, 9.435327], [-70.450935, 9.428223000000116], [-70.452958, 9.420506], [-70.465711, 9.42015600000019], [-70.468764, 9.416975], [-70.484945, 9.413082], [-70.452031, 9.386958000000163]]]}}, {"type": "Feature", "properties": {"parroquia": "La Quebrada", "municipio": "Urdaneta", "estado": "Trujillo", "pcode": "VE211901", "estado_pcode": "VE21", "municipio_pcode": "VE2119", "center_lat": 9.161783, "center_lon": -70.55632454, "area_sqkm": 147.35925215}, "geometry": {"type": "Polygon", "coordinates": [[[-70.496316, 9.16678400000012], [-70.573751, 9.187251000000174], [-70.570366, 9.200112], [-70.574349, 9.208239000000162], [-70.572965, 9.215285000000165], [-70.587333, 9.21815], [-70.58493911399995, 9.222751696000103], [-70.587662, 9.231862], [-70.591775, 9.235011000000156], [-70.594702, 9.244501], [-70.598446, 9.247622], [-70.609536, 9.228254000000106], [-70.611739, 9.217285], [-70.615373, 9.211597], [-70.618165, 9.197104], [-70.627211, 9.1895990000001], [-70.62395, 9.176401], [-70.61456, 9.156782], [-70.615649, 9.135593], [-70.61362899999989, 9.118989], [-70.606564, 9.112762], [-70.606944, 9.10452400000014], [-70.59886071999995, 9.084148159000108], [-70.567788, 9.09142], [-70.550872, 9.093361], [-70.548378, 9.091694000000132], [-70.543325, 9.095155000000148], [-70.507568, 9.101134000000116], [-70.493153, 9.117902000000186], [-70.496316, 9.16678400000012]]]}}, {"type": "Feature", "properties": {"parroquia": "Cabimbu", "municipio": "Urdaneta", "estado": "Trujillo", "pcode": "VE211902", "estado_pcode": "VE21", "municipio_pcode": "VE2119", "center_lat": 9.17397712, "center_lon": -70.48201944, "area_sqkm": 53.81681242}, "geometry": {"type": "Polygon", "coordinates": [[[-70.45122228899993, 9.17375424000005], [-70.46193, 9.185444], [-70.47086, 9.207364], [-70.47530499999982, 9.213586], [-70.482533, 9.217716], [-70.485669, 9.231932000000143], [-70.498636, 9.230131000000142], [-70.497279, 9.205256], [-70.506483, 9.203815], [-70.506884, 9.200281000000189], [-70.496386, 9.183060000000125], [-70.498297, 9.180979], [-70.505713, 9.183247000000165], [-70.5143379999999, 9.171549], [-70.496316, 9.16678400000012], [-70.493153, 9.117902000000186], [-70.49292999999989, 9.118422], [-70.470514, 9.116184000000146], [-70.454554, 9.123584000000108], [-70.443898, 9.132871], [-70.44588, 9.147509000000127], [-70.450316, 9.15836800000011], [-70.45122228899993, 9.17375424000005]]]}}, {"type": "Feature", "properties": {"parroquia": "Jajo", "municipio": "Urdaneta", "estado": "Trujillo", "pcode": "VE211903", "estado_pcode": "VE21", "municipio_pcode": "VE2119", "center_lat": 9.1166395, "center_lon": -70.64151681, "area_sqkm": 80.09925216}, "geometry": {"type": "Polygon", "coordinates": [[[-70.59886071999995, 9.084148159000108], [-70.606944, 9.10452400000014], [-70.606564, 9.112762], [-70.61362899999989, 9.118989], [-70.615649, 9.135593], [-70.61456, 9.156782], [-70.62395, 9.176401], [-70.627211, 9.1895990000001], [-70.642056, 9.156515], [-70.655855, 9.142465], [-70.672092, 9.116625], [-70.678982, 9.091223], [-70.67619, 9.087217], [-70.6784449999999, 9.08000200000015], [-70.6767779999999, 9.070433], [-70.669802, 9.065892], [-70.663705, 9.055755000000147], [-70.655806, 9.051429000000155], [-70.64957499999986, 9.051246000000106], [-70.63970399999988, 9.043838], [-70.6345409999999, 9.045189], [-70.6215969999999, 9.056205], [-70.61158499999988, 9.061153], [-70.608813, 9.060167000000149], [-70.608911, 9.078424000000155], [-70.599203, 9.081872000000146], [-70.59886071999995, 9.084148159000108]]]}}, {"type": "Feature", "properties": {"parroquia": "La Mesa", "municipio": "Urdaneta", "estado": "Trujillo", "pcode": "VE211904", "estado_pcode": "VE21", "municipio_pcode": "VE2119", "center_lat": 9.03662717, "center_lon": -70.69346165, "area_sqkm": 74.29709371}, "geometry": {"type": "Polygon", "coordinates": [[[-70.678982, 9.091223], [-70.703134, 9.0916], [-70.71770899999984, 9.09948100000014], [-70.729799, 9.085080000000175], [-70.73018650299997, 9.056005527000025], [-70.7227990429999, 9.032656075000034], [-70.70583624099999, 9.014255749000085], [-70.71127142599994, 9.007633579000185], [-70.70456709599995, 8.997496378000108], [-70.68717736499997, 8.99530742600001], [-70.6731829819999, 8.974277783000048], [-70.66339130399984, 8.981777245999979], [-70.64295649999997, 8.991116579000106], [-70.64008192499989, 8.998537637000027], [-70.64681, 9.000845], [-70.65564, 9.018924], [-70.661334, 9.024372], [-70.665519, 9.04734800000017], [-70.663705, 9.055755000000147], [-70.669802, 9.065892], [-70.6767779999999, 9.070433], [-70.6784449999999, 9.08000200000015], [-70.67619, 9.087217], [-70.678982, 9.091223]]]}}, {"type": "Feature", "properties": {"parroquia": "Santiago", "municipio": "Urdaneta", "estado": "Trujillo", "pcode": "VE211905", "estado_pcode": "VE21", "municipio_pcode": "VE2119", "center_lat": 9.22909297, "center_lon": -70.52978163, "area_sqkm": 78.87626143}, "geometry": {"type": "Polygon", "coordinates": [[[-70.58493911399995, 9.222751696000103], [-70.587333, 9.21815], [-70.572965, 9.215285000000165], [-70.574349, 9.208239000000162], [-70.570366, 9.200112], [-70.573751, 9.187251000000174], [-70.496316, 9.16678400000012], [-70.5143379999999, 9.171549], [-70.505713, 9.183247000000165], [-70.498297, 9.180979], [-70.496386, 9.183060000000125], [-70.506884, 9.200281000000189], [-70.506483, 9.203815], [-70.497279, 9.205256], [-70.498636, 9.230131000000142], [-70.503626, 9.241322], [-70.503447, 9.251691], [-70.506441, 9.256335], [-70.515952, 9.261204], [-70.5182, 9.271402], [-70.52731, 9.277863000000139], [-70.527302, 9.280137], [-70.538534, 9.275628000000154], [-70.544339, 9.283452000000182], [-70.552883, 9.29286], [-70.563214, 9.274009], [-70.5706371309999, 9.265934450000088], [-70.56896975099994, 9.250759274000018], [-70.56034949099984, 9.24116819600016], [-70.5611585289999, 9.228054930000155], [-70.57179274099997, 9.21881255400018], [-70.57711123099989, 9.218255554000052], [-70.58493911399995, 9.222751696000103]]]}}, {"type": "Feature", "properties": {"parroquia": "Tuñame", "municipio": "Urdaneta", "estado": "Trujillo", "pcode": "VE211906", "estado_pcode": "VE21", "municipio_pcode": "VE2119", "center_lat": 9.045997, "center_lon": -70.59152756, "area_sqkm": 81.75965266}, "geometry": {"type": "Polygon", "coordinates": [[[-70.5498379849999, 9.005528457000082], [-70.550466, 9.063478], [-70.54583, 9.082268], [-70.548378, 9.091694000000132], [-70.550872, 9.093361], [-70.567788, 9.09142], [-70.59886071999995, 9.084148159000108], [-70.599203, 9.081872000000146], [-70.608911, 9.078424000000155], [-70.608813, 9.060167000000149], [-70.61158499999988, 9.061153], [-70.6215969999999, 9.056205], [-70.6345409999999, 9.045189], [-70.63970399999988, 9.043838], [-70.64957499999986, 9.051246000000106], [-70.655806, 9.051429000000155], [-70.663705, 9.055755000000147], [-70.665519, 9.04734800000017], [-70.661334, 9.024372], [-70.65564, 9.018924], [-70.64681, 9.000845], [-70.64008192499989, 8.998537637000027], [-70.63218609399985, 8.998366794000049], [-70.62808496399998, 9.004487956000048], [-70.62227373599984, 9.006200027000034], [-70.61865862499997, 9.012872196000103], [-70.60161893399999, 9.016104361000089], [-70.58556832199986, 9.02700169700006], [-70.58179517499997, 9.02716273100009], [-70.57684815199997, 9.011017010999979], [-70.56531340099997, 9.011583462000033], [-70.5498379849999, 9.005528457000082]]]}}, {"type": "Feature", "properties": {"parroquia": "Juan Ignacio Montilla", "municipio": "Valera", "estado": "Trujillo", "pcode": "VE212001", "estado_pcode": "VE21", "municipio_pcode": "VE2120", "center_lat": 9.308468, "center_lon": -70.60421709, "area_sqkm": 4.4177123}, "geometry": {"type": "Polygon", "coordinates": [[[-70.596875, 9.304943], [-70.59449, 9.330834], [-70.62533, 9.289315], [-70.62205199999988, 9.287124], [-70.612188, 9.297928000000127], [-70.606073, 9.298034], [-70.596875, 9.304943]]]}}, {"type": "Feature", "properties": {"parroquia": "La Beatriz", "municipio": "Valera", "estado": "Trujillo", "pcode": "VE212002", "estado_pcode": "VE21", "municipio_pcode": "VE2120", "center_lat": 9.2575785, "center_lon": -70.59661753, "area_sqkm": 40.77309231}, "geometry": {"type": "Polygon", "coordinates": [[[-70.5706371309999, 9.265934450000088], [-70.581564, 9.258498000000145], [-70.58709899999985, 9.262603000000183], [-70.594453, 9.261330000000157], [-70.600625, 9.290939], [-70.596875, 9.304943], [-70.606073, 9.298034], [-70.612188, 9.297928000000127], [-70.62205199999988, 9.287124], [-70.623438, 9.285852], [-70.624971, 9.26355000000018], [-70.622274, 9.252136], [-70.641215, 9.214979], [-70.633944, 9.210768000000144], [-70.62029399999989, 9.216841000000102], [-70.611739, 9.217285], [-70.609536, 9.228254000000106], [-70.598446, 9.247622], [-70.594702, 9.244501], [-70.591775, 9.235011000000156], [-70.587662, 9.231862], [-70.58493911399995, 9.222751696000103], [-70.57711123099989, 9.218255554000052], [-70.57179274099997, 9.21881255400018], [-70.5611585289999, 9.228054930000155], [-70.56034949099984, 9.24116819600016], [-70.56896975099994, 9.250759274000018], [-70.5706371309999, 9.265934450000088]]]}}, {"type": "Feature", "properties": {"parroquia": "Mercedes Díaz", "municipio": "Valera", "estado": "Trujillo", "pcode": "VE212003", "estado_pcode": "VE21", "municipio_pcode": "VE2120", "center_lat": 9.300267, "center_lon": -70.63088129, "area_sqkm": 20.82048096}, "geometry": {"type": "Polygon", "coordinates": [[[-70.59449, 9.330834], [-70.593953, 9.3358], [-70.606243, 9.32906300000019], [-70.631672, 9.328947002000177], [-70.631136, 9.326565], [-70.634535, 9.32749], [-70.644033, 9.301350000000127], [-70.64818, 9.29536400000012], [-70.648756, 9.28082], [-70.664427, 9.27097], [-70.650994, 9.272136], [-70.63819699999988, 9.265766], [-70.628891, 9.28126600000013], [-70.623438, 9.285852], [-70.62205199999988, 9.287124], [-70.62533, 9.289315], [-70.59449, 9.330834]]]}}, {"type": "Feature", "properties": {"parroquia": "San Luis", "municipio": "Valera", "estado": "Trujillo", "pcode": "VE212004", "estado_pcode": "VE21", "municipio_pcode": "VE2120", "center_lat": 9.3469445, "center_lon": -70.61256548, "area_sqkm": 10.38491869}, "geometry": {"type": "Polygon", "coordinates": [[[-70.595341, 9.364300000000185], [-70.595168, 9.364966], [-70.60682, 9.354324], [-70.614154, 9.35112800000013], [-70.620477, 9.351955000000146], [-70.633633, 9.343361000000186], [-70.631672, 9.328947002000177], [-70.606243, 9.32906300000019], [-70.593953, 9.3358], [-70.598241, 9.356114], [-70.595341, 9.364300000000185]]]}}, {"type": "Feature", "properties": {"parroquia": "La Puerta", "municipio": "Valera", "estado": "Trujillo", "pcode": "VE212005", "estado_pcode": "VE21", "municipio_pcode": "VE2120", "center_lat": 9.1111945, "center_lon": -70.71989596, "area_sqkm": 106.53412913}, "geometry": {"type": "Polygon", "coordinates": [[[-70.655855, 9.142465], [-70.686585, 9.168569], [-70.69218599999988, 9.160044], [-70.703079, 9.158094000000176], [-70.705368, 9.165584000000138], [-70.709142, 9.168571], [-70.728799, 9.168572], [-70.73894599999983, 9.1722], [-70.74420099999986, 9.16508400000015], [-70.748343, 9.164298000000144], [-70.752596, 9.150433], [-70.756372, 9.147296], [-70.7566609999999, 9.130781000000184], [-70.773801, 9.092474], [-70.784787, 9.08320300000014], [-70.79662899999983, 9.083299], [-70.80073568499995, 9.079953447000094], [-70.79587283899997, 9.07615737400016], [-70.789093, 9.072265616000038], [-70.78404583299988, 9.078661780000061], [-70.77876950699994, 9.05892336100004], [-70.77504332799992, 9.054445281000028], [-70.76888506699993, 9.053429300000118], [-70.76335280499995, 9.048994227000037], [-70.75154633599993, 9.052561373000117], [-70.74899826499995, 9.057422496000072], [-70.73920584299992, 9.05474949500018], [-70.73018650299997, 9.056005527000025], [-70.729799, 9.085080000000175], [-70.71770899999984, 9.09948100000014], [-70.703134, 9.0916], [-70.678982, 9.091223], [-70.672092, 9.116625], [-70.655855, 9.142465]]]}}, {"type": "Feature", "properties": {"parroquia": "Mendoza", "municipio": "Valera", "estado": "Trujillo", "pcode": "VE212006", "estado_pcode": "VE21", "municipio_pcode": "VE2120", "center_lat": 9.214267, "center_lon": -70.67796666, "area_sqkm": 106.30235036}, "geometry": {"type": "Polygon", "coordinates": [[[-70.655855, 9.142465], [-70.642056, 9.156515], [-70.627211, 9.1895990000001], [-70.618165, 9.197104], [-70.615373, 9.211597], [-70.611739, 9.217285], [-70.62029399999989, 9.216841000000102], [-70.633944, 9.210768000000144], [-70.641215, 9.214979], [-70.622274, 9.252136], [-70.624971, 9.26355000000018], [-70.623438, 9.285852], [-70.628891, 9.28126600000013], [-70.63819699999988, 9.265766], [-70.650994, 9.272136], [-70.664427, 9.27097], [-70.665448, 9.262464], [-70.676661, 9.251014000000168], [-70.696624, 9.237528], [-70.706457, 9.221519000000114], [-70.715101, 9.215906000000189], [-70.71268, 9.203440000000114], [-70.717568, 9.194014], [-70.730219, 9.185239000000138], [-70.733573, 9.176755000000185], [-70.73894599999983, 9.1722], [-70.728799, 9.168572], [-70.709142, 9.168571], [-70.705368, 9.165584000000138], [-70.703079, 9.158094000000176], [-70.69218599999988, 9.160044], [-70.686585, 9.168569], [-70.655855, 9.142465]]]}}, {"type": "Feature", "properties": {"parroquia": "Santa Isabel", "municipio": "Andrés Bello", "estado": "Trujillo", "pcode": "VE210101", "estado_pcode": "VE21", "municipio_pcode": "VE2101", "center_lat": 9.6346835, "center_lon": -70.7887328, "area_sqkm": 41.67630993}, "geometry": {"type": "Polygon", "coordinates": [[[-70.749289, 9.628890000000126], [-70.758854, 9.632727000000159], [-70.759878, 9.637903000000108], [-70.7699889999999, 9.651022], [-70.77414, 9.666773], [-70.7807279999999, 9.677012], [-70.778023, 9.680247000000179], [-70.783081, 9.681292000000155], [-70.783338, 9.687872], [-70.787381, 9.6874830000001], [-70.78902888199997, 9.689697964], [-70.78962074199995, 9.689572589000022], [-70.84325620199996, 9.58553457500011], [-70.820023, 9.579463], [-70.822062, 9.604665000000182], [-70.749289, 9.628890000000126]]]}}]}