{"type": "FeatureCollection", "features": [{"type": "Feature", "properties": {"parroquia": "Santa Barbará", "municipio": "Colon", "estado": "Zulia", "pcode": "VE230503", "estado_pcode": "VE23", "municipio_pcode": "VE2305", "center_lat": 9.059092, "center_lon": -71.82781827, "area_sqkm": 386.87309693}, "geometry": {"type": "Polygon", "coordinates": [[[-71.71331159199997, 9.090849974000093], [-71.71326308099992, 9.094864962000145], [-71.71766124499993, 9.091772866000099], [-71.72450251199996, 9.091644831000053], [-71.74144324899993, 9.09902489600006], [-71.75202978499993, 9.116768233000073], [-71.75624994099996, 9.113888142000064], [-71.75114270899991, 9.11081310500009], [-71.75868102199996, 9.111393080000028], [-71.75551983499997, 9.10139087400006], [-71.7575039219999, 9.102535880000119], [-71.75968499299995, 9.098879791000059], [-71.75742193299993, 9.104097915000125], [-71.75920302299988, 9.107291980000184], [-71.76360614599997, 9.098602762000155], [-71.75970803799993, 9.106562962000112], [-71.76593627599993, 9.10292284999997], [-71.76414321399989, 9.105142911000087], [-71.76583228699985, 9.10579390600003], [-71.76035008099996, 9.108948008000084], [-71.76173414999988, 9.11142205800013], [-71.76778638599995, 9.109302972000137], [-71.77031045199993, 9.10299682699997], [-71.76891242399995, 9.107839944000034], [-71.77055648199985, 9.10725392200004], [-71.76777539399995, 9.110288997999987], [-71.78059388799988, 9.10597882900015], [-71.77589371199991, 9.109012923000023], [-71.77944885799991, 9.10948291000011], [-71.76675134799996, 9.11138103200011], [-71.76886845799999, 9.114287079000121], [-71.76437525799992, 9.112176057999989], [-71.76048010599993, 9.11382912199997], [-71.76617535799988, 9.11653914500016], [-71.76207619899992, 9.11702918300017], [-71.76560735699996, 9.120665243000133], [-71.75960108499987, 9.116383183000039], [-71.76169521299994, 9.122478303000037], [-71.75808305499993, 9.121713312000054], [-71.75536096899998, 9.125755416], [-71.75751006499996, 9.126343415000065], [-71.75639902799998, 9.128860476000057], [-71.75936414799997, 9.128364449000173], [-71.7553999939999, 9.130019512000047], [-71.75772013699992, 9.13723165700003], [-71.75640110399996, 9.142324771000062], [-71.75957023599989, 9.141706741000064], [-71.75666213199997, 9.145067829000027], [-71.76113832399994, 9.146673841], [-71.7592762669999, 9.1501809290001], [-71.75698515199997, 9.146317853000028], [-71.75979630599994, 9.152409977000161], [-71.75548508999992, 9.146416874000181], [-71.75286700399994, 9.149491955000144], [-71.75117491899988, 9.147487913000077], [-71.75327999799998, 9.145554860000061], [-71.75093788599992, 9.142839816000162], [-71.75189391199996, 9.139869741000155], [-71.75510202099991, 9.137117665000176], [-71.75173084299996, 9.130242533000114], [-71.7389064589999, 9.152971110000124], [-71.73796245899996, 9.16011526699998], [-71.75637937299985, 9.188312794000069], [-71.7583164969999, 9.197097974000087], [-71.75683341299992, 9.192562887000122], [-71.75029512499992, 9.1883238260001], [-71.75839823599989, 9.200473799000065], [-71.768499, 9.186202], [-71.765497, 9.184451000000138], [-71.764823, 9.178627000000176], [-71.780849, 9.181701000000146], [-71.782946, 9.174469], [-71.77792799999986, 9.17196500000017], [-71.792298, 9.17021300000016], [-71.80047, 9.17359000000016], [-71.804113, 9.17135], [-71.8025899999999, 9.161909], [-71.8050429999999, 9.154964000000177], [-71.809466, 9.151296000000116], [-71.79796199999987, 9.144047], [-71.80520299999989, 9.133902], [-71.810469, 9.13309500000014], [-71.80682599999989, 9.123844000000133], [-71.812593, 9.113271000000168], [-71.81546, 9.116426000000104], [-71.822931, 9.115814000000114], [-71.837325, 9.108188], [-71.852195, 9.106554], [-71.854075, 9.108643], [-71.866419, 9.107258], [-71.87280299999986, 9.109805000000108], [-71.881413, 9.102431], [-71.88869, 9.101596], [-71.899353, 9.091003000000171], [-71.9132039999999, 9.08649400000013], [-71.920648, 9.079529], [-71.9254069999999, 9.057914], [-71.924392, 9.049786], [-71.919229, 9.046440000000189], [-71.917144, 9.039980000000185], [-71.919088, 9.03057600000011], [-71.914655, 9.025024000000144], [-71.923498, 9.010808], [-71.92039, 9.00293900000014], [-71.92145299999987, 8.997878], [-71.925544, 8.990746], [-71.931493, 8.989280000000122], [-71.94210499999986, 8.980355], [-71.951703, 8.985237], [-71.954631, 8.992900000000134], [-71.96378, 8.991984], [-71.967797, 8.987986000000149], [-71.97271599999988, 8.98888], [-71.970512, 8.985262], [-71.97535, 8.977639], [-71.975428, 8.964381000000174], [-71.98216599999984, 8.959755], [-71.879181, 8.919465000000116], [-71.799477, 8.920173], [-71.800551, 8.936094], [-71.804597, 8.940592], [-71.80191299999984, 8.943845000000124], [-71.801815, 8.958607], [-71.806295, 8.969851000000176], [-71.809683, 8.972241], [-71.815177, 8.990663000000154], [-71.815018, 9.00570400000015], [-71.8088, 9.014038], [-71.80909, 9.019273000000169], [-71.791404, 9.03241800000012], [-71.788782, 9.039539000000104], [-71.779242, 9.042026], [-71.760621, 9.053289], [-71.74244, 9.052493], [-71.731137, 9.058131000000117], [-71.729411, 9.070682], [-71.722009, 9.075928], [-71.721796, 9.079831000000183], [-71.71331159199997, 9.090849974000093]]]}}, {"type": "Feature", "properties": {"parroquia": "Santa Cruz del Zulia", "municipio": "Colon", "estado": "Zulia", "pcode": "VE230504", "estado_pcode": "VE23", "municipio_pcode": "VE2305", "center_lat": 8.709926, "center_lon": -72.07565269, "area_sqkm": 1150.90366321}, "geometry": {"type": "Polygon", "coordinates": [[[-71.98216599999984, 8.959755], [-72.005859, 8.968659000000116], [-72.0175789999999, 8.961413000000107], [-72.034002, 8.958118000000127], [-72.0473219999999, 8.96055500000017], [-72.053095, 8.964088000000118], [-72.07607, 8.965759000000162], [-72.089615, 8.97007], [-72.13803, 8.994473], [-72.150241, 8.996024000000148], [-72.149955, 8.929300000000126], [-72.144053, 8.908454000000177], [-72.14435299999985, 8.877243], [-72.149106, 8.844008000000144], [-72.14546, 8.813670000000116], [-72.14447899999988, 8.77937100000014], [-72.154035, 8.74334400000015], [-72.154826, 8.707727], [-72.16155, 8.663682], [-72.160495, 8.617122], [-72.164525, 8.59263], [-72.16652, 8.550947000000178], [-72.167444, 8.515854], [-72.15841565799997, 8.42398548300008], [-72.08428190299998, 8.42821723700007], [-72.07100094299994, 8.42897562100012], [-71.97205058399999, 8.512902289000124], [-71.97270943299998, 8.517344007000077], [-71.9775596589999, 8.522533092000174], [-71.97591761099994, 8.525367165000091], [-71.98034589999997, 8.547392602000059], [-71.98533615599996, 8.55558475800018], [-71.98469422399995, 8.57366015000008], [-71.977862, 8.583919400000184], [-71.97582294199992, 8.591755858], [-71.97594900399997, 8.599321736000036], [-71.97339591499991, 8.600970793000158], [-71.97939719799996, 8.608328909000022], [-71.9817022869999, 8.607370884999966], [-71.98464142099994, 8.610419928999988], [-71.98654653199998, 8.617375074000051], [-71.9822344129999, 8.627592308000033], [-71.9874516669999, 8.634956435000163], [-71.98505919499996, 8.645649913000113], [-71.9878389999999, 8.653244], [-71.997896, 8.650084000000106], [-72.001069, 8.655653], [-72.001012, 8.66165000000018], [-72.005082, 8.666849], [-72.00317199999989, 8.674273], [-71.99662199999989, 8.678758], [-71.996197, 8.688274], [-71.993152, 8.692142000000104], [-71.994826, 8.692878], [-71.990278, 8.694997], [-71.994449, 8.707603], [-71.999756, 8.705147], [-71.996397, 8.711504], [-72.001922, 8.716547], [-71.995652, 8.718833000000188], [-71.99332999999984, 8.722444000000166], [-71.989478, 8.721999], [-71.99407, 8.734167], [-71.999406, 8.731617], [-71.996451, 8.736155], [-71.997885, 8.739381], [-72.00220399999989, 8.742042], [-72.00449399999985, 8.739024000000143], [-72.007566, 8.74329900000015], [-72.004577, 8.749258000000111], [-72.00211899999988, 8.747320000000173], [-71.99900699999989, 8.75172], [-72.002308, 8.755901000000108], [-72.006404, 8.753837], [-72.005178, 8.75724], [-72.001255, 8.757329], [-72.004834, 8.76146400000016], [-72.003424, 8.765074], [-72.00683099999986, 8.767488000000128], [-72.00544799999983, 8.771787], [-72.007597, 8.77216600000014], [-72.00553299999984, 8.774449], [-72.009402, 8.772982000000127], [-72.012079, 8.776892], [-72.009135, 8.786453000000108], [-72.000013, 8.795501000000172], [-71.997177, 8.80557800000014], [-71.989742, 8.809673], [-71.985089, 8.817695000000128], [-71.980242, 8.820125], [-71.974119, 8.815362000000164], [-71.968914, 8.823635], [-71.973018, 8.836455000000115], [-71.971085, 8.841779], [-71.97721699999988, 8.84832], [-71.879181, 8.919465000000116], [-71.98216599999984, 8.959755]]]}}, {"type": "Feature", "properties": {"parroquia": "Urribarri", "municipio": "Colon", "estado": "Zulia", "pcode": "VE230505", "estado_pcode": "VE23", "municipio_pcode": "VE2305", "center_lat": 8.9529715, "center_lon": -71.72655143, "area_sqkm": 343.15848787}, "geometry": {"type": "Polygon", "coordinates": [[[-71.65184269099996, 9.065692830000103], [-71.65615259499998, 9.068147692000025], [-71.6571556529999, 9.071665762000123], [-71.66155983999988, 9.071303730000011], [-71.66837613399997, 9.075650789000065], [-71.67866549799999, 9.064643491000083], [-71.68341069199994, 9.06541648199999], [-71.68857088699997, 9.061655368], [-71.69104094899996, 9.055741220000073], [-71.69642617899996, 9.057592234000083], [-71.71961025999991, 9.081060619000084], [-71.71331159199997, 9.090849974000093], [-71.721796, 9.079831000000183], [-71.722009, 9.075928], [-71.729411, 9.070682], [-71.731137, 9.058131000000117], [-71.74244, 9.052493], [-71.760621, 9.053289], [-71.779242, 9.042026], [-71.788782, 9.039539000000104], [-71.791404, 9.03241800000012], [-71.80909, 9.019273000000169], [-71.8088, 9.014038], [-71.815018, 9.00570400000015], [-71.815177, 8.990663000000154], [-71.809683, 8.972241], [-71.806295, 8.969851000000176], [-71.801815, 8.958607], [-71.80191299999984, 8.943845000000124], [-71.804597, 8.940592], [-71.800551, 8.936094], [-71.799477, 8.920173], [-71.683025, 8.814652], [-71.68217599999986, 8.818811], [-71.674244, 8.826011], [-71.677759, 8.834991000000173], [-71.66805799999986, 8.843221], [-71.660655, 8.857463000000166], [-71.660016, 8.859922], [-71.663555, 8.861705000000143], [-71.664084, 8.865076], [-71.6586099999999, 8.869349], [-71.657524, 8.872984], [-71.659587, 8.875143], [-71.655573, 8.877817000000107], [-71.660759, 8.888903], [-71.657666, 8.894828000000189], [-71.66300699999982, 8.896362000000124], [-71.658898, 8.898894], [-71.65872399999989, 8.912314000000151], [-71.654186, 8.911958], [-71.658331, 8.917695], [-71.65104, 8.919208], [-71.65511, 8.926246], [-71.655251, 8.935366], [-71.652776, 8.942602000000136], [-71.649125, 8.942906], [-71.647925, 8.946717], [-71.651487, 8.950261000000182], [-71.654325, 8.965738], [-71.64536099999987, 8.990054], [-71.652159, 8.997217], [-71.66049, 9.000910000000147], [-71.66151899999988, 9.00807500000019], [-71.666088, 9.009779000000151], [-71.672954, 9.02043900000018], [-71.67147099999988, 9.032001], [-71.67386, 9.054944], [-71.6597349999999, 9.069680000000176], [-71.65786, 9.065222], [-71.65184269099996, 9.065692830000103]]]}}, {"type": "Feature", "properties": {"parroquia": "Simón Rodríguez", "municipio": "Francisco Javier Pulgar", "estado": "Zulia", "pcode": "VE230601", "estado_pcode": "VE23", "municipio_pcode": "VE2306", "center_lat": 8.98701, "center_lon": -71.54048864, "area_sqkm": 341.76459749}, "geometry": {"type": "Polygon", "coordinates": [[[-71.65184269099996, 9.065692830000103], [-71.65786, 9.065222], [-71.6597349999999, 9.069680000000176], [-71.67386, 9.054944], [-71.67147099999988, 9.032001], [-71.672954, 9.02043900000018], [-71.666088, 9.009779000000151], [-71.66151899999988, 9.00807500000019], [-71.66049, 9.000910000000147], [-71.652159, 8.997217], [-71.64536099999987, 8.990054], [-71.654325, 8.965738], [-71.651487, 8.950261000000182], [-71.647925, 8.946717], [-71.649125, 8.942906], [-71.652776, 8.942602000000136], [-71.655251, 8.935366], [-71.65511, 8.926246], [-71.65104, 8.919208], [-71.658331, 8.917695], [-71.654186, 8.911958], [-71.454211, 8.934257000000116], [-71.44918399999983, 8.927019], [-71.437171, 8.921532], [-71.43452, 8.916775000000143], [-71.42986999999988, 8.916657000000157], [-71.425958, 8.913013], [-71.41989, 8.914945], [-71.41836109999991, 8.905547334000175], [-71.37779308799992, 8.939026546000036], [-71.39421, 8.958335000000147], [-71.399167, 8.957478], [-71.414572, 8.964568], [-71.418281, 8.972699], [-71.425475, 8.975509], [-71.429396, 8.981526], [-71.43449, 8.984127], [-71.435758, 8.989924], [-71.44152999999989, 8.996431], [-71.451306, 9.003444000000172], [-71.45377699999989, 9.008618000000183], [-71.46026399999988, 9.011143], [-71.462831, 9.020983], [-71.457494, 9.024536], [-71.452298, 9.038286], [-71.45587174699995, 9.056074419000026], [-71.49548589299997, 9.043439047000106], [-71.52197796099989, 9.040687834000153], [-71.52458705199996, 9.038381774000129], [-71.59163678099992, 9.036010340000189], [-71.65195128799996, 9.043911183000091], [-71.65728953299998, 9.049443273000065], [-71.65999164199991, 9.048917246000144], [-71.6649178909999, 9.05726141000008], [-71.65354744999996, 9.061499566000123], [-71.65103535999998, 9.063155614000152], [-71.65184269099996, 9.065692830000103]]]}}, {"type": "Feature", "properties": {"parroquia": "Carlos Quevedo", "municipio": "Francisco Javier Pulgar", "estado": "Zulia", "pcode": "VE230602", "estado_pcode": "VE23", "municipio_pcode": "VE2306", "center_lat": 8.8744605, "center_lon": -71.55974677, "area_sqkm": 253.17358803}, "geometry": {"type": "Polygon", "coordinates": [[[-71.41836109999991, 8.905547334000175], [-71.41989, 8.914945], [-71.425958, 8.913013], [-71.42986999999988, 8.916657000000157], [-71.43452, 8.916775000000143], [-71.437171, 8.921532], [-71.44918399999983, 8.927019], [-71.454211, 8.934257000000116], [-71.654186, 8.911958], [-71.65872399999989, 8.912314000000151], [-71.658898, 8.898894], [-71.66300699999982, 8.896362000000124], [-71.657666, 8.894828000000189], [-71.660759, 8.888903], [-71.655573, 8.877817000000107], [-71.659587, 8.875143], [-71.657524, 8.872984], [-71.6586099999999, 8.869349], [-71.664084, 8.865076], [-71.663555, 8.861705000000143], [-71.660016, 8.859922], [-71.660655, 8.857463000000166], [-71.66805799999986, 8.843221], [-71.677759, 8.834991000000173], [-71.674244, 8.826011], [-71.68217599999986, 8.818811], [-71.683025, 8.814652], [-71.53632452099998, 8.817701809000027], [-71.50540018799995, 8.84068596600008], [-71.41836109999991, 8.905547334000175]]]}}, {"type": "Feature", "properties": {"parroquia": "Francisco Javier Pulgar", "municipio": "Francisco Javier Pulgar", "estado": "Zulia", "pcode": "VE230603", "estado_pcode": "VE23", "municipio_pcode": "VE2306", "center_lat": 8.761891, "center_lon": -71.64732044, "area_sqkm": 108.42083749}, "geometry": {"type": "Polygon", "coordinates": [[[-71.59724548599985, 8.767925750000131], [-71.53632452099998, 8.817701809000027], [-71.683025, 8.814652], [-71.688631, 8.799238000000116], [-71.683189, 8.796877000000165], [-71.681476, 8.785986], [-71.67813899999987, 8.783677], [-71.683197, 8.781337], [-71.678756, 8.775837000000138], [-71.68038899999988, 8.77156], [-71.686815, 8.773132000000146], [-71.68896399999988, 8.771273000000122], [-71.690289, 8.760994], [-71.697466, 8.757972], [-71.693074, 8.749165], [-71.6977619999999, 8.737864], [-71.696085, 8.735169], [-71.691238, 8.735858000000178], [-71.689659, 8.726355000000126], [-71.68408099999982, 8.729556000000116], [-71.682203, 8.714711], [-71.675871, 8.711372000000154], [-71.67335474099997, 8.705722790000095], [-71.64313721699989, 8.7304191180001], [-71.59724548599985, 8.767925750000131]]]}}, {"type": "Feature", "properties": {"parroquia": "La Concepción", "municipio": "Jesús Enrique Lossada", "estado": "Zulia", "pcode": "VE230701", "estado_pcode": "VE23", "municipio_pcode": "VE2307", "center_lat": 10.6233515, "center_lon": -71.87804075, "area_sqkm": 172.59124607}, "geometry": {"type": "Polygon", "coordinates": [[[-71.780378, 10.643587], [-71.94275, 10.671913000000188], [-72.002304, 10.584638], [-71.779814, 10.586677], [-71.78001099999989, 10.603116], [-71.780378, 10.643587]]]}}, {"type": "Feature", "properties": {"parroquia": "José Ramón Yepez", "municipio": "Jesús Enrique Lossada", "estado": "Zulia", "pcode": "VE230702", "estado_pcode": "VE23", "municipio_pcode": "VE2307", "center_lat": 10.5634285, "center_lon": -72.17962807, "area_sqkm": 2521.8215045}, "geometry": {"type": "Polygon", "coordinates": [[[-71.881453, 10.767309], [-72.133455, 10.768049000000133], [-72.68277394599994, 10.770002736000151], [-72.67994478199995, 10.76398990700011], [-72.68902361399984, 10.757313437000164], [-72.70393427899995, 10.75869777400004], [-72.7084797999999, 10.75649856200016], [-72.71406279199982, 10.741452772000116], [-72.71771828699985, 10.739299244000108], [-72.71414094099998, 10.733874109000055], [-72.71934348099995, 10.721373681000102], [-72.71593345399998, 10.706062014000054], [-72.7297049529999, 10.6963448730001], [-72.73416750199993, 10.677771993000079], [-72.73950833199996, 10.669909061], [-72.73843757499998, 10.654632919000107], [-72.74024596499987, 10.651991722000162], [-72.74976380699991, 10.651539621000154], [-72.75014256999998, 10.63412755100012], [-72.77468868999995, 10.6177843480001], [-72.78968880499991, 10.604073123000092], [-72.79281991199991, 10.588521001000117], [-72.81982039299999, 10.570150057000092], [-72.82318406899998, 10.565157318000104], [-72.82601958299989, 10.548050912000122], [-72.83170054899995, 10.545403765], [-72.83500205099989, 10.539603828], [-72.84300298499994, 10.538949475000152], [-72.83443692899993, 10.518486109000037], [-72.83776817499995, 10.510157999], [-72.84377631399997, 10.507481103000032], [-72.84253218499998, 10.498344492], [-72.8466181789999, 10.493341156000099], [-72.84466702499986, 10.485173655000153], [-72.85361974699998, 10.480712167000092], [-72.8627271339999, 10.463383744000168], [-72.87588555399998, 10.456947302000117], [-72.87609970499994, 10.453735029000029], [-72.88109657299992, 10.45519839800005], [-72.8916613799999, 10.451022443999989], [-72.89269644599995, 10.443741291000038], [-72.9006557429999, 10.436353064000059], [-72.89492798299995, 10.426056743000174], [-72.89683416999998, 10.420576365000045], [-72.89419296799997, 10.411439235000046], [-72.89849979099995, 10.407465537000064], [-72.89971331799984, 10.398923271000058], [-72.88760186099995, 10.394122708000168], [-72.88769095599997, 10.386053243000163], [-72.88575109999994, 10.384567270000048], [-72.89245007499989, 10.374549065000053], [-72.8935291809999, 10.36337511], [-72.83996999999988, 10.356955000000141], [-72.76940999999982, 10.395336], [-72.73406399999988, 10.423105], [-72.731883, 10.409081], [-72.714909, 10.413442], [-72.703643, 10.423014], [-72.69855, 10.431142], [-72.685063, 10.43384200000014], [-72.67941199999984, 10.445492], [-72.673229, 10.447064], [-72.675321, 10.455651], [-72.67133799999988, 10.460112000000152], [-72.671346, 10.46413100000018], [-72.66642399999989, 10.464447000000177], [-72.666971, 10.470549], [-72.66104699999988, 10.480984000000149], [-72.652339, 10.488331000000187], [-72.6525, 10.491636], [-72.64830499999988, 10.490862000000163], [-72.64555399999989, 10.500544000000104], [-72.64239099999986, 10.500377000000128], [-72.640961, 10.504645000000153], [-72.64299, 10.506939], [-72.63877699999989, 10.509863], [-72.640877, 10.517439], [-72.635429, 10.51675], [-72.632759, 10.52383600000013], [-72.628426, 10.524855], [-72.628332, 10.528233000000114], [-72.624848, 10.526692], [-72.626011, 10.528446], [-72.62256699999989, 10.529936], [-72.621723, 10.534609000000103], [-72.6157879999999, 10.537509], [-72.613477, 10.542016000000103], [-72.61052199999983, 10.54003200000011], [-72.599799, 10.54639], [-72.590569, 10.561987000000158], [-72.57541599999985, 10.57636900000017], [-72.565191, 10.574773000000107], [-72.55737, 10.582886], [-72.554779, 10.590956], [-72.54547699999989, 10.590634], [-72.536879, 10.594391], [-72.53643199999988, 10.599334000000113], [-72.532913, 10.602248], [-72.52296, 10.603817000000163], [-72.521346, 10.608407000000113], [-72.516888, 10.608782], [-72.5161619999999, 10.611961], [-72.506039, 10.616517], [-72.50218, 10.614000000000146], [-72.4998, 10.619018], [-72.490576, 10.619208000000128], [-72.485762, 10.621785], [-72.46146, 10.613880000000165], [-72.44135099999988, 10.61215], [-72.434449, 10.619257000000118], [-72.419029, 10.620000000000118], [-72.415466, 10.62235], [-72.409918, 10.61704200000014], [-72.39733199999989, 10.614873000000102], [-72.400005, 10.607809], [-72.38866, 10.606079], [-72.378799, 10.597074], [-72.37937899999986, 10.589859], [-72.374246, 10.587138000000152], [-72.37479, 10.58203500000019], [-72.359603, 10.564023], [-72.35484299999985, 10.56131900000014], [-72.352176, 10.567395000000147], [-72.346801, 10.56403500000016], [-72.341889, 10.554862], [-72.337456, 10.553714], [-72.33829, 10.547826000000157], [-72.344295, 10.548469], [-72.336645, 10.539475], [-72.338159, 10.535437], [-72.3349419999999, 10.53186], [-72.338162, 10.527015], [-72.337084, 10.524989000000119], [-72.33266, 10.525791], [-72.326893, 10.522528], [-72.3235729999999, 10.517002000000105], [-72.32481699999988, 10.512049000000104], [-72.31679, 10.515567], [-72.306996, 10.50954000000013], [-72.040937, 10.506868], [-72.002304, 10.584638], [-71.94275, 10.671913000000188], [-71.881453, 10.767309]]]}}, {"type": "Feature", "properties": {"parroquia": "Mariano Parra León", "municipio": "Jesús Enrique Lossada", "estado": "Zulia", "pcode": "VE230703", "estado_pcode": "VE23", "municipio_pcode": "VE2307", "center_lat": 10.5631575, "center_lon": -71.8962958, "area_sqkm": 228.12070999}, "geometry": {"type": "Polygon", "coordinates": [[[-72.040937, 10.506868], [-71.916276, 10.507646], [-71.779159, 10.508534], [-71.779437, 10.541677000000163], [-71.779814, 10.586677], [-72.002304, 10.584638], [-72.040937, 10.506868]]]}}, {"type": "Feature", "properties": {"parroquia": "San José", "municipio": "Jesús Enrique Lossada", "estado": "Zulia", "pcode": "VE230704", "estado_pcode": "VE23", "municipio_pcode": "VE2307", "center_lat": 10.696888, "center_lon": -71.85378219, "area_sqkm": 179.04072628}, "geometry": {"type": "Polygon", "coordinates": [[[-71.94275, 10.671913000000188], [-71.780378, 10.643587], [-71.7810889999999, 10.721863], [-71.781506, 10.767347], [-71.81790199999983, 10.767305], [-71.881453, 10.767309], [-71.94275, 10.671913000000188]]]}}, {"type": "Feature", "properties": {"parroquia": "Jesús María Semprum", "municipio": "Jesús María Semprum", "estado": "Zulia", "pcode": "VE230801", "estado_pcode": "VE23", "municipio_pcode": "VE2308", "center_lat": 8.79903784, "center_lon": -72.56615419, "area_sqkm": 2225.1340299}, "geometry": {"type": "Polygon", "coordinates": [[[-72.35993900599988, 9.076049100000091], [-72.376178, 9.075015000000178], [-72.380532, 9.066751000000124], [-72.382715, 9.067786000000126], [-72.38529599999987, 9.07810000000012], [-72.389973, 9.078403], [-72.412012, 9.067717], [-72.417599, 9.077523], [-72.415346, 9.085311000000104], [-72.41803199999987, 9.085448], [-72.429871, 9.07847], [-72.430547, 9.067625000000135], [-72.435002, 9.060389], [-72.462299, 9.062051], [-72.467068, 9.06792200000018], [-72.468449, 9.075382000000161], [-72.463586, 9.089405000000113], [-72.461037, 9.108885], [-72.46958599999988, 9.11277500000017], [-72.476971, 9.121442000000172], [-72.484772, 9.124513], [-72.50686, 9.116811000000155], [-72.515715, 9.125138000000106], [-72.51869499999987, 9.12492], [-72.523902, 9.121048], [-72.527375, 9.113062000000127], [-72.532219, 9.116245], [-72.536487, 9.1342], [-72.54293899999988, 9.134287], [-72.546828, 9.128317], [-72.56121899999988, 9.12904600000013], [-72.564489, 9.13199400000019], [-72.564114, 9.146145], [-72.575033, 9.15068100000019], [-72.57758699999988, 9.145323], [-72.574877, 9.132447000000184], [-72.578992, 9.128174000000115], [-72.586334, 9.129122], [-72.592586, 9.138212], [-72.59840899999989, 9.1420260000001], [-72.615445, 9.141275000000178], [-72.619112, 9.140337], [-72.619746, 9.128892000000178], [-72.622826, 9.127179], [-72.641732, 9.130310000000122], [-72.643513, 9.128337000000101], [-72.642841, 9.117986], [-72.648483, 9.113831000000175], [-72.653993, 9.114409], [-72.656565, 9.123060000000123], [-72.66306, 9.124728000000118], [-72.686687, 9.107842], [-72.700406, 9.108413], [-72.701171, 9.102524], [-72.705337, 9.0987760000001], [-72.712679, 9.099721000000102], [-72.71676, 9.104748], [-72.721717, 9.105400000000145], [-72.73102099999988, 9.096147000000144], [-72.73885499999989, 9.097567], [-72.74085, 9.106134000000111], [-72.732969, 9.106597], [-72.73063699999983, 9.110874], [-72.745959, 9.113928], [-72.7508069999999, 9.111205], [-72.758198, 9.100526000000116], [-72.76531717899991, 9.100833999000088], [-72.77562042299996, 9.100424610000061], [-72.77466864199988, 9.096587731000113], [-72.76683426699998, 9.098491299000045], [-72.76288436099998, 9.09363720000016], [-72.76493069599991, 9.090639076000059], [-72.77283050799997, 9.08873550900006], [-72.77311604399995, 9.085689799000079], [-72.76374096399996, 9.085261495], [-72.76083802499994, 9.080835697999987], [-72.76319444399996, 9.076611115000162], [-72.74698388599995, 9.014294443000097], [-72.72019555899993, 8.940742500000113], [-72.69802278999998, 8.806418717000156], [-72.65478619599998, 8.61427684], [-72.6386754319999, 8.608024619000048], [-72.63552523799996, 8.600758697000174], [-72.63358331399996, 8.601231541000061], [-72.63366821199998, 8.606502837000107], [-72.62880274999998, 8.606327981], [-72.62589483999983, 8.601588811000113], [-72.63175053499998, 8.600577532000045], [-72.63229803099983, 8.597239564000063], [-72.61708906899997, 8.595209487000034], [-72.59668683699988, 8.572045145000118], [-72.57566111199998, 8.540902716000062], [-72.49588998299998, 8.454840172000104], [-72.445673, 8.574901], [-72.437486, 8.652115], [-72.43581699999987, 8.816287000000159], [-72.385506, 8.812345000000107], [-72.37538199999989, 8.823028000000136], [-72.358828, 8.82062000000019], [-72.346945, 8.823295], [-72.349634, 8.839510000000132], [-72.34523499999989, 8.846127000000138], [-72.3520549999999, 8.847822], [-72.35263, 8.85050200000012], [-72.34518299999985, 8.853997000000106], [-72.342729, 8.861633], [-72.333708, 8.864405], [-72.32873699999988, 8.862949], [-72.325518, 8.870130000000188], [-72.320892, 8.871677000000147], [-72.32102499999985, 8.876724], [-72.315533, 8.879539000000136], [-72.31783, 8.895814], [-72.31324199999989, 8.902018], [-72.316767, 8.90711000000016], [-72.312131, 8.913337], [-72.316536, 8.91879], [-72.312288, 8.924418000000117], [-72.315802, 8.928156000000172], [-72.30795099999989, 8.930436000000157], [-72.30698499999983, 8.933770000000152], [-72.31461699999988, 8.938787000000104], [-72.315373, 8.946882], [-72.32278699999989, 8.944903], [-72.31940999999989, 8.952613], [-72.327637, 8.954139], [-72.327547, 8.957420000000127], [-72.321246, 8.963017], [-72.32673699999987, 8.968784000000142], [-72.324497, 8.974512000000175], [-72.33176999999989, 8.972029], [-72.33377899999988, 8.975021], [-72.327821, 8.980477], [-72.32751, 8.987914], [-72.323264, 8.985006000000169], [-72.320062, 8.985740000000135], [-72.319645, 8.988473000000113], [-72.324953, 8.991373], [-72.31952599999988, 8.996804], [-72.320266, 9.003145000000131], [-72.3151539999999, 9.000301], [-72.315662, 9.006117000000188], [-72.309503, 9.011485], [-72.307566, 9.024128], [-72.31219, 9.02677000000017], [-72.31065799999988, 9.035102000000165], [-72.31334, 9.04074], [-72.30437499999988, 9.045352], [-72.30786399999988, 9.05366400000014], [-72.29761599999983, 9.056682], [-72.30273, 9.0601], [-72.306741, 9.067079], [-72.3104929999999, 9.06762], [-72.31166599999989, 9.057688], [-72.321494, 9.062738], [-72.326376, 9.0568540000001], [-72.330951, 9.055944000000125], [-72.33667, 9.065406], [-72.332526, 9.074012], [-72.343924, 9.072609], [-72.347272, 9.080555], [-72.35010399999987, 9.08174600000018], [-72.35993900599988, 9.076049100000091]]]}}, {"type": "Feature", "properties": {"parroquia": "Bari", "municipio": "Jesús María Semprum", "estado": "Zulia", "pcode": "VE230802", "estado_pcode": "VE23", "municipio_pcode": "VE2308", "center_lat": 9.298219, "center_lon": -72.62673264, "area_sqkm": 2936.28104224}, "geometry": {"type": "Polygon", "coordinates": [[[-72.953035, 9.421680000000151], [-72.960973, 9.436297], [-72.95821299999989, 9.45091900000017], [-72.954077, 9.45727], [-72.954995, 9.463699000000133], [-72.969239, 9.479499], [-72.978888, 9.484688], [-72.995892, 9.487242000000151], [-73.011516, 9.493441], [-73.012894, 9.496211], [-73.023463, 9.498208], [-73.031736, 9.498336], [-73.04874, 9.486685], [-73.06758199999985, 9.486518000000103], [-73.073556, 9.488443], [-73.088719, 9.503341], [-73.107309, 9.511137000000133], [-73.14808133999992, 9.536510010000029], [-73.15843613099997, 9.519265641000061], [-73.16432529799988, 9.517243099000098], [-73.16691774099996, 9.510309135000114], [-73.17669254699996, 9.50105086700006], [-73.17230244099983, 9.486595642000111], [-73.17395616499988, 9.479671410000094], [-73.18671007599988, 9.47538838200012], [-73.19720349999994, 9.476554319], [-73.20307006199994, 9.469212491000064], [-73.20048239699997, 9.46165770000016], [-73.19355221699988, 9.458653631000061], [-73.18733587599996, 9.446994272000154], [-73.2021572409999, 9.436410132000162], [-73.20743012399998, 9.42371332800019], [-73.21500632699997, 9.422266616], [-73.22123099999988, 9.424379579000117], [-73.22370563699997, 9.416936625000176], [-73.24079968699994, 9.40347839400016], [-73.24115660199988, 9.392247339], [-73.24537931899994, 9.383819212000162], [-73.24967507699995, 9.37785159900011], [-73.26119166399997, 9.369713843000056], [-73.26283349699986, 9.358030686000177], [-73.2593356889999, 9.345490929000107], [-73.2644753219999, 9.328097067000101], [-73.27361245499998, 9.319293062000042], [-73.27868070699992, 9.323766449000118], [-73.28265440699982, 9.323219173000098], [-73.28874582399999, 9.314843470000142], [-73.28788921999995, 9.309542547000035], [-73.29271952499994, 9.296212289000039], [-73.29130717799995, 9.291679187000113], [-73.29628871699992, 9.286861009000063], [-73.29562400999993, 9.282322191000048], [-73.2977655219999, 9.280623258000105], [-73.29557197699995, 9.277882793000117], [-73.29838370599998, 9.266673546000163], [-73.30576003499988, 9.263818197000091], [-73.31132797499998, 9.252158835000102], [-73.3165152009999, 9.247923393000121], [-73.3213889939999, 9.232864780000057], [-73.3263353609999, 9.229408923], [-73.33329528499996, 9.212782441000115], [-73.35125343199991, 9.217877253000154], [-73.35621136299989, 9.215584923000165], [-73.3584152549999, 9.20541681800006], [-73.36484931799998, 9.198449757000105], [-73.36205107199999, 9.19003598], [-73.36642927999998, 9.18504863000004], [-73.36645653499988, 9.175841655], [-73.36888690799998, 9.172330237000097], [-73.36515169299992, 9.168762718000039], [-73.35824173999993, 9.167411185000049], [-73.3468243129999, 9.173299660999987], [-73.33956862999997, 9.173896205000176], [-73.31664083699997, 9.168168637], [-73.30107175899991, 9.171443157000056], [-73.28054031499994, 9.162349926000047], [-73.27314851599988, 9.164898715], [-73.26200920199994, 9.161650767000026], [-73.25747736999989, 9.162708361000114], [-73.25515012499989, 9.160494949000167], [-73.2522285419999, 9.16253365000017], [-73.25094670999982, 9.158230889000038], [-73.24265377799998, 9.166774111000109], [-73.23957193599995, 9.165831276000176], [-73.23528374699998, 9.172969907000095], [-73.2246030209999, 9.175365292000151], [-73.22175673599992, 9.179071831000101], [-73.21467914399983, 9.180207563000124], [-73.21361668799995, 9.183199598000158], [-73.20871076399999, 9.178042739000034], [-73.20566687599995, 9.181103409000173], [-73.20374469699988, 9.177976463000107], [-73.19851088599984, 9.178576195000119], [-73.1925755389999, 9.174554564], [-73.17698152199989, 9.176636929000097], [-73.16174544899997, 9.191566696], [-73.15674156299997, 9.192120139000053], [-73.15773739999997, 9.194461714000113], [-73.15024217999985, 9.200715390000084], [-73.15221945299993, 9.210049928000046], [-73.14831090099995, 9.209636085], [-73.1399420059999, 9.215797799000029], [-73.13663122999998, 9.21547592200011], [-73.1328606319999, 9.218878662000122], [-73.13005566999993, 9.22839712800004], [-73.12177873699994, 9.227063624000039], [-73.11695053299997, 9.23115610800005], [-73.10798385699997, 9.228856957000175], [-73.10490300199996, 9.23115610800005], [-73.09901717899993, 9.227109601], [-73.08890093599996, 9.225822081000047], [-73.08117580199996, 9.240306707], [-73.07726724899999, 9.238881241], [-73.07280690799996, 9.243019707000144], [-73.07639357599999, 9.246422446000054], [-73.07672056999996, 9.251739268000108], [-73.07092160599996, 9.264125876000037], [-73.06400436199993, 9.259712132000061], [-73.06259144599994, 9.26238657600004], [-73.05688933699992, 9.26279026200001], [-73.0501780059999, 9.258400140000049], [-73.04255836899989, 9.262033352000117], [-73.04412265999991, 9.268542840000123], [-73.04089315299996, 9.269552061000013], [-73.03594795399988, 9.281460891000052], [-73.03085138099982, 9.284993175000068], [-73.02696587099996, 9.279694748000168], [-73.02202067199994, 9.286507008], [-73.00940538799995, 9.290846670000064], [-73.00269404599993, 9.285598709999988], [-73.0059740289999, 9.275910164000038], [-73.00319865699993, 9.273336644000096], [-72.99477165199983, 9.272327422000046], [-72.99502395299999, 9.256835851], [-72.99194582199993, 9.25375772000018], [-72.98452143999992, 9.252265609000062], [-72.98831262199991, 9.240940583000054], [-72.98780801099997, 9.228728984000156], [-72.99557903099992, 9.225449002000175], [-72.99623502399993, 9.220957963000103], [-72.99245043299999, 9.219645974], [-72.98557079799997, 9.222087192], [-72.97981603199997, 9.21630046100006], [-72.97094558199996, 9.213403095000103], [-72.96460282999993, 9.199957042000051], [-72.96241875499999, 9.185681079], [-72.95552689899995, 9.179672606000167], [-72.96236993199994, 9.171571320999988], [-72.9646161959999, 9.1559057180001], [-72.97221979799991, 9.154035165000153], [-72.98715531999989, 9.143420870000057], [-72.97233573399996, 9.136344634000068], [-72.95944083999996, 9.11248510900009], [-72.95393924299998, 9.107425645000149], [-72.94784169499985, 9.10579285700004], [-72.94726990699996, 9.102162345000067], [-72.95143756899984, 9.09716802700018], [-72.94839721199997, 9.092332231000114], [-72.93791152699998, 9.090173832000119], [-72.93624491999998, 9.085013253000056], [-72.93252179899997, 9.083042492000175], [-72.92171056499984, 9.088114329000177], [-72.9195968119999, 9.093433791000109], [-72.9078929229999, 9.097538876000044], [-72.89906161199991, 9.097436846000107], [-72.89409215899997, 9.103727947000095], [-72.88706118399989, 9.103561282000044], [-72.88386925899994, 9.111210363000112], [-72.88699854699996, 9.114326235000021], [-72.88123178699993, 9.132266867000112], [-72.86800174999996, 9.12956452800006], [-72.84610924899982, 9.13081966100009], [-72.83372161599993, 9.122014455], [-72.82336030399995, 9.12186354000005], [-72.82436977299983, 9.138114987000108], [-72.82189220999999, 9.141521605000037], [-72.81081584399988, 9.13441823200003], [-72.80766512799994, 9.128916367000159], [-72.81151524499984, 9.119942321000167], [-72.80454080599998, 9.122517808], [-72.79612508299994, 9.121259549000058], [-72.79882078399993, 9.108190697000055], [-72.79628823299998, 9.103460843], [-72.79106545699995, 9.105701474000057], [-72.78600235999983, 9.114910345], [-72.77860214899994, 9.11503083800011], [-72.77567945299995, 9.112862519000032], [-72.77568095899989, 9.10391926], [-72.7664922479999, 9.106167724000045], [-72.76531717899991, 9.100833999000088], [-72.758198, 9.100526000000116], [-72.7508069999999, 9.111205], [-72.745959, 9.113928], [-72.73063699999983, 9.110874], [-72.732969, 9.106597], [-72.74085, 9.106134000000111], [-72.73885499999989, 9.097567], [-72.73102099999988, 9.096147000000144], [-72.721717, 9.105400000000145], [-72.71676, 9.104748], [-72.712679, 9.099721000000102], [-72.705337, 9.0987760000001], [-72.701171, 9.102524], [-72.700406, 9.108413], [-72.686687, 9.107842], [-72.66306, 9.124728000000118], [-72.656565, 9.123060000000123], [-72.653993, 9.114409], [-72.648483, 9.113831000000175], [-72.642841, 9.117986], [-72.643513, 9.128337000000101], [-72.641732, 9.130310000000122], [-72.622826, 9.127179], [-72.619746, 9.128892000000178], [-72.619112, 9.140337], [-72.615445, 9.141275000000178], [-72.59840899999989, 9.1420260000001], [-72.592586, 9.138212], [-72.586334, 9.129122], [-72.578992, 9.128174000000115], [-72.574877, 9.132447000000184], [-72.57758699999988, 9.145323], [-72.575033, 9.15068100000019], [-72.564114, 9.146145], [-72.564489, 9.13199400000019], [-72.56121899999988, 9.12904600000013], [-72.546828, 9.128317], [-72.54293899999988, 9.134287], [-72.536487, 9.1342], [-72.532219, 9.116245], [-72.527375, 9.113062000000127], [-72.523902, 9.121048], [-72.51869499999987, 9.12492], [-72.515715, 9.125138000000106], [-72.50686, 9.116811000000155], [-72.484772, 9.124513], [-72.476971, 9.121442000000172], [-72.46958599999988, 9.11277500000017], [-72.461037, 9.108885], [-72.463586, 9.089405000000113], [-72.468449, 9.075382000000161], [-72.467068, 9.06792200000018], [-72.462299, 9.062051], [-72.435002, 9.060389], [-72.430547, 9.067625000000135], [-72.429871, 9.07847], [-72.41803199999987, 9.085448], [-72.415346, 9.085311000000104], [-72.417599, 9.077523], [-72.412012, 9.067717], [-72.389973, 9.078403], [-72.38529599999987, 9.07810000000012], [-72.382715, 9.067786000000126], [-72.380532, 9.066751000000124], [-72.376178, 9.075015000000178], [-72.35993900599988, 9.076049100000091], [-72.37988499999989, 9.393671], [-72.38069999999982, 9.405532], [-72.386116, 9.405363000000136], [-72.382979, 9.411005000000102], [-72.387932, 9.410632], [-72.38999499999989, 9.414843], [-72.387489, 9.417635000000132], [-72.392117, 9.420936], [-72.393881, 9.417782], [-72.397765, 9.42055900000014], [-72.40173999999985, 9.419389000000137], [-72.398215, 9.422163000000126], [-72.399914, 9.423577], [-72.402393, 9.423815], [-72.403786, 9.4208], [-72.406854, 9.422641000000112], [-72.409268, 9.416178], [-72.413596, 9.419595000000129], [-72.419132, 9.416189], [-72.41775, 9.413741000000186], [-72.423333, 9.414053], [-72.426161, 9.410869], [-72.438622, 9.415340000000128], [-72.4405589999999, 9.413975000000164], [-72.440538, 9.417992], [-72.446614, 9.422937], [-72.44579, 9.42819800000018], [-72.458829, 9.428511000000128], [-72.46329, 9.434521000000188], [-72.4620149999999, 9.427114000000188], [-72.46608799999984, 9.4267], [-72.467203, 9.423618], [-72.470476, 9.42476900000014], [-72.472906, 9.417432], [-72.47658799999988, 9.41757], [-72.478574, 9.409571000000142], [-72.489773, 9.397612], [-72.48975599999989, 9.391598], [-72.494872, 9.384336], [-72.5072009999999, 9.384021000000132], [-72.507928, 9.37563], [-72.512304, 9.372233], [-72.512757, 9.368343], [-72.515829, 9.370785000000126], [-72.51915799999989, 9.366313000000105], [-72.521211, 9.367796], [-72.52069699999987, 9.364987], [-72.52352199999984, 9.363352], [-72.52260299999983, 9.36707], [-72.527236, 9.367244], [-72.526922, 9.360645], [-72.529135, 9.369052], [-72.534538, 9.36425000000014], [-72.537913, 9.369368000000122], [-72.537815, 9.366548], [-72.543994, 9.364823000000115], [-72.544416, 9.368528], [-72.552106, 9.366166], [-72.552119, 9.372750000000167], [-72.554045, 9.371207], [-72.558416, 9.374577000000158], [-72.563477, 9.372606000000133], [-72.56626099999988, 9.375468000000183], [-72.563141, 9.376493], [-72.568816, 9.381068], [-72.571701, 9.3764460000001], [-72.575155, 9.380965], [-72.579223, 9.374707], [-72.582263, 9.381096], [-72.5846, 9.371580000000165], [-72.58729299999987, 9.371874000000162], [-72.587307, 9.375017000000128], [-72.594057, 9.373895], [-72.591424, 9.379289000000142], [-72.596648, 9.377313], [-72.595696, 9.386746000000187], [-72.603021, 9.380239], [-72.607287, 9.382281], [-72.60374499999989, 9.38308700000016], [-72.606884, 9.386238000000105], [-72.604527, 9.388963000000103], [-72.607515, 9.391660000000172], [-72.6088319999999, 9.388136], [-72.609471, 9.391263], [-72.614126, 9.393982000000108], [-72.613301, 9.39685], [-72.620189, 9.39395700000017], [-72.620817, 9.396647000000144], [-72.61694699999987, 9.396476], [-72.615417, 9.399822000000142], [-72.622207, 9.399294000000111], [-72.62419199999988, 9.401696000000129], [-72.630353, 9.396665], [-72.626997, 9.403593], [-72.62855799999988, 9.407429], [-72.63126099999982, 9.402056], [-72.635789, 9.402622000000179], [-72.638985, 9.398404], [-72.641948, 9.400138], [-72.640253, 9.396488000000147], [-72.64488199999982, 9.396501000000171], [-72.643159, 9.394391], [-72.6447639999999, 9.390378000000169], [-72.6474, 9.390283000000125], [-72.64601599999986, 9.392157], [-72.649143, 9.393999], [-72.649086, 9.391018], [-72.651087, 9.392249], [-72.654254, 9.389570000000106], [-72.657867, 9.394819], [-72.661579, 9.389991000000123], [-72.669139, 9.390567000000146], [-72.666735, 9.393270000000143], [-72.672018, 9.396041], [-72.670418, 9.389935], [-72.673872, 9.39271], [-72.6761259999999, 9.388748], [-72.676435, 9.391608000000133], [-72.6794589999999, 9.389598], [-72.677482, 9.39355300000011], [-72.68175, 9.389605000000131], [-72.680621, 9.394936000000143], [-72.68362899999988, 9.390609], [-72.685861, 9.391879000000188], [-72.690861, 9.384194], [-72.69132399999984, 9.386775000000114], [-72.692693, 9.385177], [-72.694814, 9.38746], [-72.697667, 9.385065], [-72.699094, 9.388215], [-72.70215499999989, 9.385883], [-72.701336, 9.383818], [-72.707976, 9.381182], [-72.708638, 9.377400000000137], [-72.711982, 9.37868600000013], [-72.710997, 9.374187], [-72.716976, 9.376806], [-72.71632299999987, 9.37404700000019], [-72.720159, 9.372129000000143], [-72.723018, 9.372601], [-72.720795, 9.377688], [-72.726231, 9.376691000000108], [-72.729053, 9.380056], [-72.729753, 9.377696000000128], [-72.73297999999988, 9.379765], [-72.736371, 9.377652], [-72.734618, 9.380432], [-72.73734999999988, 9.379623], [-72.73885699999988, 9.383988000000102], [-72.74171, 9.380835000000161], [-72.742663, 9.382667], [-72.745276, 9.380875], [-72.746067, 9.37764], [-72.750915, 9.383107], [-72.753302, 9.378979], [-72.758752, 9.377683000000104], [-72.760839, 9.371866], [-72.768856, 9.371371000000124], [-72.772098, 9.365476000000115], [-72.780353, 9.360958], [-72.783385, 9.371133000000157], [-72.78824399999985, 9.371963], [-72.785466, 9.370226], [-72.786957, 9.368051], [-72.789906, 9.370082], [-72.789592, 9.367061], [-72.796, 9.367803], [-72.79399199999989, 9.369717], [-72.79732399999989, 9.369671000000153], [-72.7977499999999, 9.37424900000019], [-72.800854, 9.370951000000161], [-72.798878, 9.363019], [-72.801407, 9.357282], [-72.806513, 9.359505000000127], [-72.803818, 9.353199], [-72.808622, 9.346090000000174], [-72.809085, 9.340156], [-72.811858, 9.340034], [-72.812556, 9.332557000000122], [-72.814958, 9.334900000000175], [-72.817211, 9.332658], [-72.818728, 9.333970000000136], [-72.824678, 9.325197], [-72.829833, 9.323932], [-72.837103, 9.325412], [-72.839167, 9.327195000000188], [-72.83743299999986, 9.328988], [-72.841763, 9.328089], [-72.847874, 9.323649], [-72.84858999999989, 9.320228000000156], [-72.853859, 9.320568], [-72.853288, 9.317504], [-72.859204, 9.314423], [-72.860353, 9.309864], [-72.86801, 9.307771000000116], [-72.870622, 9.299151000000109], [-72.878633, 9.299002], [-72.8823799999999, 9.29457900000017], [-72.881947, 9.296521], [-72.886379, 9.295067], [-72.894055, 9.29869600000012], [-72.89956499999982, 9.294385], [-72.900431, 9.288019], [-72.90599, 9.2904860000001], [-72.90931999999987, 9.285247], [-72.912547, 9.290468], [-72.91844099999986, 9.293340000000114], [-72.92175, 9.293204], [-72.924532, 9.289082], [-72.929727, 9.298478], [-72.932748, 9.293798], [-72.935781, 9.293692000000135], [-72.93672, 9.296654], [-72.9458929999999, 9.300792000000172], [-72.95686, 9.301088000000107], [-72.969711, 9.312433], [-72.9716, 9.321184], [-72.969526, 9.33455000000015], [-72.936152, 9.368809], [-72.939482, 9.387077], [-72.93819, 9.398129], [-72.94458999999983, 9.415186000000176], [-72.953035, 9.421680000000151]]]}}, {"type": "Feature", "properties": {"parroquia": "Concepción", "municipio": "La Cañada de Urdaneta", "estado": "Zulia", "pcode": "VE230901", "estado_pcode": "VE23", "municipio_pcode": "VE2309", "center_lat": 10.41690452, "center_lon": -71.82151668, "area_sqkm": 160.75032292}, "geometry": {"type": "Polygon", "coordinates": [[[-71.70867547499995, 10.392132225000069], [-71.69820645899989, 10.39900998700017], [-71.68253492299988, 10.415614478000066], [-71.66424926699995, 10.428485899000066], [-71.66115013199993, 10.427553897000053], [-71.65538321399998, 10.433882280000091], [-71.661287, 10.443136], [-71.950156, 10.440948000000105], [-71.97163399999988, 10.398663000000113], [-71.70867547499995, 10.392132225000069]]]}}, {"type": "Feature", "properties": {"parroquia": "Andrés Bello", "municipio": "La Cañada de Urdaneta", "estado": "Zulia", "pcode": "VE230902", "estado_pcode": "VE23", "municipio_pcode": "VE2309", "center_lat": 10.4090975, "center_lon": -72.09680622, "area_sqkm": 547.52384151}, "geometry": {"type": "Polygon", "coordinates": [[[-72.040937, 10.506868], [-72.306996, 10.50954000000013], [-72.30050099999988, 10.502322000000106], [-72.297266, 10.501912000000118], [-72.30048, 10.495254000000102], [-72.293137, 10.49504400000012], [-72.29541699999987, 10.490925], [-72.2910859999999, 10.487365000000182], [-72.28903599999984, 10.481224000000111], [-72.286026, 10.480352], [-72.285202, 10.47387], [-72.28179399999988, 10.472889], [-72.283657, 10.470222], [-72.27938299999988, 10.471732], [-72.278683, 10.470091], [-72.27704099999988, 10.464746], [-72.28496399999989, 10.461963], [-72.278361, 10.460159000000147], [-72.282445, 10.457022000000109], [-72.27795799999984, 10.453809], [-72.280894, 10.451538], [-72.27955, 10.447383000000173], [-72.272543, 10.446341], [-72.275994, 10.444316], [-72.272604, 10.438561000000107], [-72.276619, 10.4399], [-72.273131, 10.4366950000001], [-72.2760909999999, 10.435893], [-72.272656, 10.428808000000174], [-72.275432, 10.423787], [-72.271961, 10.417368], [-72.268232, 10.419376000000113], [-72.2654, 10.413727], [-72.267487, 10.412043], [-72.260957, 10.411775], [-72.26395, 10.407324000000187], [-72.25795, 10.408149], [-72.257954, 10.409893], [-72.25213499999984, 10.40904], [-72.25326299999989, 10.406957], [-72.2451, 10.40324900000013], [-72.241868, 10.411788], [-72.237182, 10.41057400000011], [-72.236827, 10.405885000000126], [-72.235244, 10.409938], [-72.233467, 10.407716000000107], [-72.229724, 10.41181], [-72.224901, 10.407844], [-72.227457, 10.39922300000012], [-72.223213, 10.402453], [-72.221002, 10.39918200000011], [-72.21935799999989, 10.402397000000178], [-72.217463, 10.398685000000171], [-72.217315, 10.402519000000154], [-72.214618, 10.403754], [-72.208337, 10.397124000000133], [-72.20961099999988, 10.394007], [-72.201759, 10.39814], [-72.197447, 10.397126000000128], [-72.194636, 10.392648000000179], [-72.193046, 10.394897000000128], [-72.189181, 10.391260000000102], [-72.18870699999985, 10.393585], [-72.183634, 10.387029000000155], [-72.180853, 10.387346], [-72.182022, 10.384897000000137], [-72.185688, 10.384773000000166], [-72.18749799999989, 10.387637], [-72.186658, 10.382946000000175], [-72.19136899999984, 10.379893000000152], [-72.186781, 10.374615], [-72.182918, 10.375499], [-72.185244, 10.369889], [-72.183508, 10.371727], [-72.180309, 10.366108], [-72.17881, 10.372623], [-72.172823, 10.369936], [-72.169186, 10.363084], [-72.170646, 10.358519], [-72.16408699999982, 10.357745000000136], [-72.16462699999983, 10.355144], [-72.157482, 10.351097], [-72.158196, 10.347737], [-72.150047, 10.344852], [-72.147076, 10.346319000000108], [-72.148344, 10.341344], [-72.139353, 10.337897000000112], [-72.133416, 10.336769], [-72.132307, 10.33862100000016], [-72.129382, 10.335681], [-72.124459, 10.338508], [-72.118764, 10.333590000000129], [-72.118896, 10.337558000000172], [-72.113586, 10.334974], [-72.11506799999984, 10.331716000000142], [-72.11066199999988, 10.334994000000108], [-72.104861, 10.330720000000156], [-72.10216199999985, 10.331770000000176], [-72.10165, 10.328764000000149], [-72.096079, 10.329138000000171], [-72.096649, 10.326898], [-72.093019, 10.324356], [-72.085254, 10.324971000000176], [-72.084743, 10.319320000000118], [-72.08042499999988, 10.315168000000142], [-72.078537, 10.318403000000103], [-72.075995, 10.317667000000142], [-72.07443099999989, 10.308766000000162], [-72.071399, 10.313498], [-72.061373, 10.32004], [-72.064125, 10.323637000000133], [-72.058509, 10.324126], [-72.060098, 10.325621000000126], [-72.056922, 10.327377000000126], [-72.059616, 10.327629000000172], [-72.059511, 10.32997], [-72.054505, 10.3270270000001], [-72.055237, 10.330964], [-72.051868, 10.329247000000123], [-72.049906, 10.33446000000015], [-72.04863399999982, 10.330234], [-72.04323099999988, 10.330588], [-72.042591, 10.332685], [-72.04194399999989, 10.400558], [-71.97163399999988, 10.398663000000113], [-71.950156, 10.440948000000105], [-71.916276, 10.507646], [-72.040937, 10.506868]]]}}, {"type": "Feature", "properties": {"parroquia": "Chiquinquira", "municipio": "La Cañada de Urdaneta", "estado": "Zulia", "pcode": "VE230903", "estado_pcode": "VE23", "municipio_pcode": "VE2309", "center_lat": 10.47280264, "center_lon": -71.78486573, "area_sqkm": 243.45352277}, "geometry": {"type": "Polygon", "coordinates": [[[-71.653644, 10.510724], [-71.66797099999985, 10.509488], [-71.69346239999993, 10.509269282000105], [-71.779159, 10.508534], [-71.916276, 10.507646], [-71.950156, 10.440948000000105], [-71.661287, 10.443136], [-71.65538321399998, 10.433882280000091], [-71.63876729499998, 10.439913345000036], [-71.62958589699997, 10.437137336000092], [-71.63328011599992, 10.44729954799999], [-71.63209013499988, 10.457118789000049], [-71.63576031399998, 10.462055893000127], [-71.63728143799989, 10.470933090000017], [-71.6277731049999, 10.479691360000118], [-71.62792115299999, 10.485672506000128], [-71.63445647399993, 10.494658677000132], [-71.6349245369999, 10.501582840000083], [-71.63175967599989, 10.510025585999983], [-71.653644, 10.510724]]]}}, {"type": "Feature", "properties": {"parroquia": "El Carmelo", "municipio": "La Cañada de Urdaneta", "estado": "Zulia", "pcode": "VE230904", "estado_pcode": "VE23", "municipio_pcode": "VE2309", "center_lat": 10.35315144, "center_lon": -71.9042576, "area_sqkm": 239.89766955}, "geometry": {"type": "Polygon", "coordinates": [[[-72.042591, 10.332685], [-72.03370199999989, 10.328549000000123], [-72.028039, 10.329909], [-72.030845, 10.324427000000128], [-72.019253, 10.314454], [-72.021644, 10.306253], [-72.019605, 10.305673], [-71.76373605499998, 10.353572593000138], [-71.73286274999998, 10.380477320000182], [-71.70867547499995, 10.392132225000069], [-71.97163399999988, 10.398663000000113], [-72.04194399999989, 10.400558], [-72.042591, 10.332685]]]}}, {"type": "Feature", "properties": {"parroquia": "Guajira", "municipio": "Indígena Bolivariano Guajira", "estado": "Zulia", "pcode": "VE231504", "estado_pcode": "VE23", "municipio_pcode": "VE2315", "center_lat": 11.30934466, "center_lon": -72.0398003, "area_sqkm": 858.91355526}, "geometry": {"type": "Polygon", "coordinates": [[[-71.96025691699992, 11.420178707000161], [-72.06000247599997, 11.484400028000152], [-72.24292802699995, 11.15034223900011], [-72.028595, 11.129248000000132], [-72.02589, 11.131391000000121], [-72.024752, 11.149314], [-72.013726, 11.158471], [-72.004776, 11.161587000000111], [-71.974754, 11.164119], [-71.963854, 11.175224000000128], [-71.940394, 11.190419], [-71.92833, 11.190809000000172], [-71.928417, 11.183768], [-71.909507, 11.192995], [-71.8832450669999, 11.230763940000088], [-71.90074866399988, 11.261117521000017], [-71.93033031799996, 11.323023839000086], [-71.94488123799988, 11.36714484200013], [-71.95456973999984, 11.381659132000095], [-71.95270571099996, 11.388039295000112], [-71.96025691699992, 11.420178707000161]]]}}, {"type": "Feature", "properties": {"parroquia": "El Rosario", "municipio": "Rosario de Perija", "estado": "Zulia", "pcode": "VE231601", "estado_pcode": "VE23", "municipio_pcode": "VE2316", "center_lat": 10.35258133, "center_lon": -72.50895687, "area_sqkm": 2404.50309602}, "geometry": {"type": "Polygon", "coordinates": [[[-72.306996, 10.50954000000013], [-72.31679, 10.515567], [-72.32481699999988, 10.512049000000104], [-72.3235729999999, 10.517002000000105], [-72.326893, 10.522528], [-72.33266, 10.525791], [-72.337084, 10.524989000000119], [-72.338162, 10.527015], [-72.3349419999999, 10.53186], [-72.338159, 10.535437], [-72.336645, 10.539475], [-72.344295, 10.548469], [-72.33829, 10.547826000000157], [-72.337456, 10.553714], [-72.341889, 10.554862], [-72.346801, 10.56403500000016], [-72.352176, 10.567395000000147], [-72.35484299999985, 10.56131900000014], [-72.359603, 10.564023], [-72.37479, 10.58203500000019], [-72.374246, 10.587138000000152], [-72.37937899999986, 10.589859], [-72.378799, 10.597074], [-72.38866, 10.606079], [-72.400005, 10.607809], [-72.39733199999989, 10.614873000000102], [-72.409918, 10.61704200000014], [-72.415466, 10.62235], [-72.419029, 10.620000000000118], [-72.434449, 10.619257000000118], [-72.44135099999988, 10.61215], [-72.46146, 10.613880000000165], [-72.485762, 10.621785], [-72.490576, 10.619208000000128], [-72.4998, 10.619018], [-72.50218, 10.614000000000146], [-72.506039, 10.616517], [-72.5161619999999, 10.611961], [-72.516888, 10.608782], [-72.521346, 10.608407000000113], [-72.52296, 10.603817000000163], [-72.532913, 10.602248], [-72.53643199999988, 10.599334000000113], [-72.536879, 10.594391], [-72.54547699999989, 10.590634], [-72.554779, 10.590956], [-72.55737, 10.582886], [-72.565191, 10.574773000000107], [-72.57541599999985, 10.57636900000017], [-72.590569, 10.561987000000158], [-72.599799, 10.54639], [-72.61052199999983, 10.54003200000011], [-72.613477, 10.542016000000103], [-72.6157879999999, 10.537509], [-72.621723, 10.534609000000103], [-72.62256699999989, 10.529936], [-72.626011, 10.528446], [-72.624848, 10.526692], [-72.628332, 10.528233000000114], [-72.628426, 10.524855], [-72.632759, 10.52383600000013], [-72.635429, 10.51675], [-72.640877, 10.517439], [-72.63877699999989, 10.509863], [-72.64299, 10.506939], [-72.640961, 10.504645000000153], [-72.64239099999986, 10.500377000000128], [-72.64555399999989, 10.500544000000104], [-72.64830499999988, 10.490862000000163], [-72.6525, 10.491636], [-72.652339, 10.488331000000187], [-72.66104699999988, 10.480984000000149], [-72.666971, 10.470549], [-72.66642399999989, 10.464447000000177], [-72.671346, 10.46413100000018], [-72.67133799999988, 10.460112000000152], [-72.675321, 10.455651], [-72.673229, 10.447064], [-72.67941199999984, 10.445492], [-72.685063, 10.43384200000014], [-72.69855, 10.431142], [-72.703643, 10.423014], [-72.714909, 10.413442], [-72.731883, 10.409081], [-72.73406399999988, 10.423105], [-72.76940999999982, 10.395336], [-72.83996999999988, 10.356955000000141], [-72.8935291809999, 10.36337511], [-72.89919444399999, 10.362973889000102], [-72.90646926699998, 10.351949640000043], [-72.898493, 10.354135], [-72.89258199999989, 10.351447], [-72.87046099999986, 10.357547], [-72.864697, 10.357019], [-72.854872, 10.347525], [-72.8493069999999, 10.345526], [-72.842814, 10.337487000000124], [-72.832211, 10.338657000000126], [-72.821916, 10.334517], [-72.816801, 10.325587000000155], [-72.7959, 10.317074000000105], [-72.792729, 10.318433000000141], [-72.79236599999984, 10.316003000000137], [-72.769802, 10.319335000000137], [-72.759606, 10.31747600000017], [-72.754372, 10.31348], [-72.752685, 10.308624000000123], [-72.68475099999989, 10.306316000000152], [-72.685185, 10.300908000000106], [-72.691302, 10.29009], [-72.683977, 10.285150000000158], [-72.675352, 10.271875], [-72.660367, 10.264796], [-72.6442229999999, 10.263506], [-72.639341, 10.25517], [-72.609004, 10.238313000000119], [-72.60626, 10.233033], [-72.603087, 10.232018], [-72.60974099999987, 10.230340000000183], [-72.607804, 10.228800000000149], [-72.61208, 10.219122], [-72.611277, 10.213038], [-72.580348, 10.196114], [-72.578313, 10.196493], [-72.556832, 10.245670000000132], [-72.543409, 10.235867], [-72.527254, 10.235303000000158], [-72.513769, 10.22395900000015], [-72.496007, 10.222939000000167], [-72.481013, 10.221473000000174], [-72.467244, 10.221589000000165], [-72.460092, 10.21505400000018], [-72.449578, 10.212567], [-72.447532, 10.214590000000157], [-72.437308, 10.214277], [-72.421672, 10.224089000000106], [-72.40487599999989, 10.224048], [-72.3717549999999, 10.268618], [-72.360501, 10.266421], [-72.351865, 10.250539000000117], [-72.341155, 10.241355000000112], [-72.33597599999985, 10.22977], [-72.322894, 10.219536000000119], [-72.318794, 10.206263], [-72.3126999999999, 10.198516000000154], [-72.298119, 10.192712], [-72.296794, 10.18974800000018], [-72.286148, 10.190130000000124], [-72.28005, 10.185756], [-72.276582, 10.17824700000017], [-72.259102, 10.177215], [-72.255299, 10.168661000000156], [-72.24708, 10.164582000000166], [-72.24273299999987, 10.166257], [-72.219337, 10.164238000000125], [-72.216559, 10.167836], [-72.208152, 10.166493000000173], [-72.206297, 10.169328], [-72.188789, 10.174465], [-72.18254999999988, 10.168557], [-72.171859, 10.163958], [-72.169397, 10.159468000000174], [-72.17109399999987, 10.134015], [-72.162375, 10.115220000000136], [-72.15825599999982, 10.111344], [-72.149579, 10.099925], [-72.137509, 10.09413], [-72.126058, 10.10026900000014], [-72.115395, 10.09927], [-72.11170199999987, 10.101817000000153], [-72.100023, 10.097316], [-72.087617, 10.101854000000174], [-72.081485, 10.097731000000124], [-72.064024, 10.103527], [-72.061755, 10.101395], [-72.052272, 10.101757000000134], [-72.04777299999989, 10.106600000000128], [-72.045033, 10.104941000000167], [-72.037701, 10.106681], [-72.026085, 10.116377000000114], [-72.02122, 10.112696], [-72.020087, 10.106995], [-72.013499, 10.105225], [-72.012057, 10.098525], [-72.00598799999983, 10.094147], [-71.99142499999988, 10.091106000000138], [-71.9817299639999, 10.082808887999988], [-72.139353, 10.337897000000112], [-72.148344, 10.341344], [-72.147076, 10.346319000000108], [-72.150047, 10.344852], [-72.158196, 10.347737], [-72.157482, 10.351097], [-72.16462699999983, 10.355144], [-72.16408699999982, 10.357745000000136], [-72.170646, 10.358519], [-72.169186, 10.363084], [-72.172823, 10.369936], [-72.17881, 10.372623], [-72.180309, 10.366108], [-72.183508, 10.371727], [-72.185244, 10.369889], [-72.182918, 10.375499], [-72.186781, 10.374615], [-72.19136899999984, 10.379893000000152], [-72.186658, 10.382946000000175], [-72.18749799999989, 10.387637], [-72.185688, 10.384773000000166], [-72.182022, 10.384897000000137], [-72.180853, 10.387346], [-72.183634, 10.387029000000155], [-72.18870699999985, 10.393585], [-72.189181, 10.391260000000102], [-72.193046, 10.394897000000128], [-72.194636, 10.392648000000179], [-72.197447, 10.397126000000128], [-72.201759, 10.39814], [-72.20961099999988, 10.394007], [-72.208337, 10.397124000000133], [-72.214618, 10.403754], [-72.217315, 10.402519000000154], [-72.217463, 10.398685000000171], [-72.21935799999989, 10.402397000000178], [-72.221002, 10.39918200000011], [-72.223213, 10.402453], [-72.227457, 10.39922300000012], [-72.224901, 10.407844], [-72.229724, 10.41181], [-72.233467, 10.407716000000107], [-72.235244, 10.409938], [-72.236827, 10.405885000000126], [-72.237182, 10.41057400000011], [-72.241868, 10.411788], [-72.2451, 10.40324900000013], [-72.25326299999989, 10.406957], [-72.25213499999984, 10.40904], [-72.257954, 10.409893], [-72.25795, 10.408149], [-72.26395, 10.407324000000187], [-72.260957, 10.411775], [-72.267487, 10.412043], [-72.2654, 10.413727], [-72.268232, 10.419376000000113], [-72.271961, 10.417368], [-72.275432, 10.423787], [-72.272656, 10.428808000000174], [-72.2760909999999, 10.435893], [-72.273131, 10.4366950000001], [-72.276619, 10.4399], [-72.272604, 10.438561000000107], [-72.275994, 10.444316], [-72.272543, 10.446341], [-72.27955, 10.447383000000173], [-72.280894, 10.451538], [-72.27795799999984, 10.453809], [-72.282445, 10.457022000000109], [-72.278361, 10.460159000000147], [-72.28496399999989, 10.461963], [-72.27704099999988, 10.464746], [-72.278683, 10.470091], [-72.27938299999988, 10.471732], [-72.283657, 10.470222], [-72.28179399999988, 10.472889], [-72.285202, 10.47387], [-72.286026, 10.480352], [-72.28903599999984, 10.481224000000111], [-72.2910859999999, 10.487365000000182], [-72.29541699999987, 10.490925], [-72.293137, 10.49504400000012], [-72.30048, 10.495254000000102], [-72.297266, 10.501912000000118], [-72.30050099999988, 10.502322000000106], [-72.306996, 10.50954000000013]]]}}, {"type": "Feature", "properties": {"parroquia": "Donaldo García", "municipio": "Rosario de Perija", "estado": "Zulia", "pcode": "VE231602", "estado_pcode": "VE23", "municipio_pcode": "VE2316", "center_lat": 9.9776115, "center_lon": -72.1473026, "area_sqkm": 567.53714992}, "geometry": {"type": "Polygon", "coordinates": [[[-71.9817299639999, 10.082808887999988], [-71.99142499999988, 10.091106000000138], [-72.00598799999983, 10.094147], [-72.012057, 10.098525], [-72.013499, 10.105225], [-72.020087, 10.106995], [-72.02122, 10.112696], [-72.026085, 10.116377000000114], [-72.037701, 10.106681], [-72.045033, 10.104941000000167], [-72.04777299999989, 10.106600000000128], [-72.052272, 10.101757000000134], [-72.061755, 10.101395], [-72.064024, 10.103527], [-72.081485, 10.097731000000124], [-72.087617, 10.101854000000174], [-72.100023, 10.097316], [-72.11170199999987, 10.101817000000153], [-72.115395, 10.09927], [-72.126058, 10.10026900000014], [-72.137509, 10.09413], [-72.149579, 10.099925], [-72.15825599999982, 10.111344], [-72.290289, 10.043428000000176], [-72.283989, 10.032295], [-72.288863, 10.031199000000129], [-72.288364, 10.024491], [-72.291733, 10.018532000000107], [-72.288621, 10.019640000000152], [-72.28916599999985, 10.016502], [-72.284892, 10.018221000000153], [-72.28379799999988, 10.014561000000185], [-72.28696699999989, 10.015149000000179], [-72.285141, 10.012431000000163], [-72.28809199999989, 10.012039], [-72.28104499999989, 10.006227], [-72.279278, 9.995371], [-72.273026, 9.991245000000163], [-72.275103, 9.986342], [-72.271896, 9.985886000000107], [-72.27244, 9.980972000000122], [-72.27012799999989, 9.979039], [-72.27204199999983, 9.974207000000149], [-72.270162, 9.974245], [-72.268964, 9.969116], [-72.264, 9.966447], [-72.255124, 9.971631000000173], [-72.244544, 9.969121000000143], [-72.245797, 9.965831], [-72.24192, 9.965677], [-72.243333, 9.962157000000161], [-72.241295, 9.959603], [-72.233709, 9.960304000000178], [-72.231367, 9.954151], [-72.228618, 9.955939000000114], [-72.229433, 9.953065], [-72.22052999999988, 9.951161], [-72.218307, 9.948677], [-72.219664, 9.946946], [-72.21361, 9.944446], [-72.21338, 9.94151200000016], [-72.208377, 9.942904], [-72.206225, 9.940626], [-72.199959, 9.943816], [-72.18828999999988, 9.94145], [-72.186292, 9.944356], [-72.18183799999986, 9.94143], [-72.17808499999984, 9.935862], [-72.179427, 9.931952], [-72.17279, 9.932002], [-72.16101199999986, 9.920576], [-72.15230799999989, 9.91704], [-72.147395, 9.911502], [-72.1456879999999, 9.899839], [-72.139284, 9.896515000000136], [-72.138141, 9.892395000000135], [-72.13172999999989, 9.891410000000178], [-72.129217, 9.883883], [-72.12968499999982, 9.877732000000151], [-72.132091, 9.876774000000125], [-72.126421, 9.869086000000152], [-72.128161, 9.86577], [-72.12569799999989, 9.858541000000173], [-72.117578, 9.85527500000012], [-72.120864, 9.850731], [-72.11986899999988, 9.844569], [-72.11071584299998, 9.839083319000054], [-72.10658059199994, 9.849577623000073], [-72.10598454999985, 9.84742056600004], [-72.08549083199989, 9.86428207800003], [-72.07807062799992, 9.880043488000126], [-72.05202877499994, 9.912623392000171], [-72.04137645599991, 9.930662879000181], [-72.02600009599996, 9.973567960000025], [-72.01997189799994, 9.98046516100004], [-72.01478879699988, 9.998630603000095], [-72.00795457599992, 10.007796855000151], [-71.99087929699994, 10.07293047000013], [-71.98169605699997, 10.082753338000032], [-71.9817299639999, 10.082808887999988]]]}}, {"type": "Feature", "properties": {"parroquia": "Sixto Zambrano", "municipio": "Rosario de Perija", "estado": "Zulia", "pcode": "VE231603", "estado_pcode": "VE23", "municipio_pcode": "VE2316", "center_lat": 10.1560255, "center_lon": -72.29858804, "area_sqkm": 402.2862304}, "geometry": {"type": "Polygon", "coordinates": [[[-72.15825599999982, 10.111344], [-72.162375, 10.115220000000136], [-72.17109399999987, 10.134015], [-72.169397, 10.159468000000174], [-72.171859, 10.163958], [-72.18254999999988, 10.168557], [-72.188789, 10.174465], [-72.206297, 10.169328], [-72.208152, 10.166493000000173], [-72.216559, 10.167836], [-72.219337, 10.164238000000125], [-72.24273299999987, 10.166257], [-72.24708, 10.164582000000166], [-72.255299, 10.168661000000156], [-72.259102, 10.177215], [-72.276582, 10.17824700000017], [-72.28005, 10.185756], [-72.286148, 10.190130000000124], [-72.296794, 10.18974800000018], [-72.298119, 10.192712], [-72.3126999999999, 10.198516000000154], [-72.318794, 10.206263], [-72.322894, 10.219536000000119], [-72.33597599999985, 10.22977], [-72.341155, 10.241355000000112], [-72.351865, 10.250539000000117], [-72.360501, 10.266421], [-72.3717549999999, 10.268618], [-72.40487599999989, 10.224048], [-72.421672, 10.224089000000106], [-72.437308, 10.214277], [-72.447532, 10.214590000000157], [-72.449578, 10.212567], [-72.460092, 10.21505400000018], [-72.467244, 10.221589000000165], [-72.481013, 10.221473000000174], [-72.475496, 10.217319], [-72.47550299999989, 10.219066000000169], [-72.471413, 10.218970000000184], [-72.47206, 10.214776], [-72.469894, 10.215799], [-72.469453, 10.213162000000125], [-72.464649, 10.214755000000139], [-72.46758199999982, 10.2111], [-72.466615, 10.203528], [-72.461628, 10.202572], [-72.461325, 10.195772000000147], [-72.45844, 10.194162000000176], [-72.45555899999988, 10.182024], [-72.453779, 10.183822000000134], [-72.452598, 10.181335], [-72.449551, 10.182487000000151], [-72.449276, 10.180031000000156], [-72.446082, 10.180679000000112], [-72.44144199999988, 10.176914000000181], [-72.438624, 10.180544000000111], [-72.436128, 10.175871], [-72.43172, 10.176124000000186], [-72.434178, 10.174568], [-72.4319789999999, 10.170925], [-72.435922, 10.16120700000016], [-72.430325, 10.159847], [-72.430722, 10.155979000000116], [-72.426671, 10.156733], [-72.423335, 10.153152], [-72.423629, 10.14730800000018], [-72.420416, 10.145474], [-72.421967, 10.141174000000149], [-72.41478099999989, 10.1378610000001], [-72.412749, 10.133089000000155], [-72.409588, 10.133024], [-72.405344, 10.127895], [-72.39949599999989, 10.128125000000125], [-72.397008, 10.121152000000109], [-72.390213, 10.114891], [-72.389919, 10.10719500000016], [-72.38073, 10.10350000000011], [-72.383105, 10.093002000000126], [-72.378214, 10.09389700000014], [-72.378654, 10.088995], [-72.373616, 10.087251], [-72.37517899999989, 10.091791000000114], [-72.372235, 10.090324], [-72.37096899999989, 10.082195000000183], [-72.367668, 10.081176], [-72.366705, 10.083547000000124], [-72.364398, 10.081050000000118], [-72.363285, 10.083817000000124], [-72.363127, 10.079048], [-72.359518, 10.076387000000125], [-72.354665, 10.076037000000156], [-72.355086, 10.078938], [-72.353736, 10.076640000000111], [-72.355652, 10.071553], [-72.353526, 10.071024000000136], [-72.35142499999984, 10.074717], [-72.35014699999988, 10.073197000000164], [-72.35193299999986, 10.069078], [-72.346589, 10.069272000000126], [-72.345224, 10.062339], [-72.340787, 10.061952], [-72.338952, 10.058316000000104], [-72.335952, 10.06352900000013], [-72.335021, 10.059887], [-72.329552, 10.059097], [-72.330027, 10.055961000000138], [-72.32598399999989, 10.058384], [-72.325115, 10.05519900000013], [-72.321668, 10.060265], [-72.31801899999982, 10.054966], [-72.32002399999988, 10.051873000000114], [-72.304149, 10.050174], [-72.301322, 10.046615], [-72.301253, 10.051528000000133], [-72.29845299999988, 10.052351], [-72.297775, 10.050032], [-72.291884, 10.049072000000137], [-72.29026, 10.045497000000125], [-72.293028, 10.045157], [-72.290289, 10.043428000000176], [-72.15825599999982, 10.111344]]]}}, {"type": "Feature", "properties": {"parroquia": "San Francisco", "municipio": "San Francisco", "estado": "Zulia", "pcode": "VE231701", "estado_pcode": "VE23", "municipio_pcode": "VE2317", "center_lat": 10.55609525, "center_lon": -71.63241114, "area_sqkm": 16.72002005}, "geometry": {"type": "Polygon", "coordinates": [[[-71.61101828699998, 10.57380076600009], [-71.620933, 10.57435100000015], [-71.631887, 10.580117], [-71.63962, 10.577874000000179], [-71.649777, 10.58066], [-71.650769, 10.578623000000107], [-71.646828, 10.554757], [-71.65001699999988, 10.533841000000166], [-71.62595239099988, 10.531549252000048], [-71.62548537599997, 10.53412067500011], [-71.62305926699997, 10.533584686000097], [-71.62412533399998, 10.537120759000175], [-71.61954014099996, 10.53685178700016], [-71.62265628799992, 10.538706812000044], [-71.61841215899994, 10.546293021000054], [-71.61556617899993, 10.566033513000036], [-71.61311107399985, 10.565553516000023], [-71.61101828699998, 10.57380076600009]]]}}, {"type": "Feature", "properties": {"parroquia": "El Bajo", "municipio": "San Francisco", "estado": "Zulia", "pcode": "VE231702", "estado_pcode": "VE23", "municipio_pcode": "VE2317", "center_lat": 10.52182685, "center_lon": -71.64152448, "area_sqkm": 5.98077903}, "geometry": {"type": "Polygon", "coordinates": [[[-71.62595239099988, 10.531549252000048], [-71.65001699999988, 10.533841000000166], [-71.653644, 10.510724], [-71.63175967599989, 10.510025585999983], [-71.62943737599994, 10.509854072], [-71.63337756699991, 10.514889171000164], [-71.62595239099988, 10.531549252000048]]]}}, {"type": "Feature", "properties": {"parroquia": "Domitila Flores", "municipio": "San Francisco", "estado": "Zulia", "pcode": "VE231703", "estado_pcode": "VE23", "municipio_pcode": "VE2317", "center_lat": 10.54631603, "center_lon": -71.66644429, "area_sqkm": 18.30118997}, "geometry": {"type": "Polygon", "coordinates": [[[-71.68792816299998, 10.547907695000106], [-71.68135924599994, 10.544707298000048], [-71.68709701999995, 10.538784434999968], [-71.68444407099992, 10.537180326000055], [-71.66719538799998, 10.540229146000058], [-71.66797099999985, 10.509488], [-71.653644, 10.510724], [-71.65001699999988, 10.533841000000166], [-71.646828, 10.554757], [-71.650769, 10.578623000000107], [-71.650342, 10.583476], [-71.68792816299998, 10.547907695000106]]]}}, {"type": "Feature", "properties": {"parroquia": "Francisco Ochoa", "municipio": "San Francisco", "estado": "Zulia", "pcode": "VE231704", "estado_pcode": "VE23", "municipio_pcode": "VE2317", "center_lat": 10.58490797, "center_lon": -71.63194885, "area_sqkm": 7.71683148}, "geometry": {"type": "Polygon", "coordinates": [[[-71.61380735299997, 10.592953248000128], [-71.61923699999983, 10.59598], [-71.6285, 10.59588900000017], [-71.643244, 10.596027], [-71.650342, 10.583476], [-71.650769, 10.578623000000107], [-71.649777, 10.58066], [-71.63962, 10.577874000000179], [-71.631887, 10.580117], [-71.620933, 10.57435100000015], [-71.61101828699998, 10.57380076600009], [-71.61179009499995, 10.577735818000065], [-71.60941000899993, 10.578777855000055], [-71.61180609499996, 10.577776817000029], [-71.61380421799998, 10.584039949000044], [-71.61180013699999, 10.583361947000128], [-71.61622934499991, 10.587976028000071], [-71.61321924399994, 10.590609113000028], [-71.61534333299988, 10.591614130000153], [-71.61260622599991, 10.59116513000015], [-71.61380735299997, 10.592953248000128]]]}}, {"type": "Feature", "properties": {"parroquia": "Los Cortijos", "municipio": "San Francisco", "estado": "Zulia", "pcode": "VE231705", "estado_pcode": "VE23", "municipio_pcode": "VE2317", "center_lat": 10.52585339, "center_lon": -71.73616243, "area_sqkm": 33.41189182}, "geometry": {"type": "Polygon", "coordinates": [[[-71.69346239999993, 10.509269282000105], [-71.69419211599995, 10.512686820999988], [-71.68919469999997, 10.521509418000164], [-71.68413558799989, 10.522619955000152], [-71.70906096899995, 10.531874428000151], [-71.70332319599987, 10.533787019000044], [-71.69391, 10.542247], [-71.779437, 10.541677000000163], [-71.779159, 10.508534], [-71.69346239999993, 10.509269282000105]]]}}, {"type": "Feature", "properties": {"parroquia": "Marcial Hernández", "municipio": "San Francisco", "estado": "Zulia", "pcode": "VE231706", "estado_pcode": "VE23", "municipio_pcode": "VE2317", "center_lat": 10.56569185, "center_lon": -71.72438664, "area_sqkm": 68.35367893}, "geometry": {"type": "Polygon", "coordinates": [[[-71.73352099999983, 10.595533], [-71.78001099999989, 10.603116], [-71.779814, 10.586677], [-71.779437, 10.541677000000163], [-71.69391, 10.542247], [-71.68792816299998, 10.547907695000106], [-71.650342, 10.583476], [-71.66172799999987, 10.587021], [-71.674035, 10.584286], [-71.70467, 10.590158], [-71.73352099999983, 10.595533]]]}}, {"type": "Feature", "properties": {"parroquia": "Santa Rita", "municipio": "Santa Rita", "estado": "Zulia", "pcode": "VE231801", "estado_pcode": "VE23", "municipio_pcode": "VE2318", "center_lat": 10.53885345, "center_lon": -71.46819873, "area_sqkm": 82.31404995}, "geometry": {"type": "Polygon", "coordinates": [[[-71.41632899999985, 10.579735000000142], [-71.54184091399998, 10.550102317000096], [-71.52493629299988, 10.541086494000126], [-71.51397071899999, 10.523335140000086], [-71.50525031099983, 10.514959003000058], [-71.46795481399994, 10.496825142000091], [-71.410014, 10.505725000000155], [-71.41632899999985, 10.579735000000142]]]}}, {"type": "Feature", "properties": {"parroquia": "El Mene", "municipio": "Santa Rita", "estado": "Zulia", "pcode": "VE231802", "estado_pcode": "VE23", "municipio_pcode": "VE2318", "center_lat": 10.47091776, "center_lon": -71.4315526, "area_sqkm": 36.36118192}, "geometry": {"type": "Polygon", "coordinates": [[[-71.410014, 10.505725000000155], [-71.46795481399994, 10.496825142000091], [-71.45846118499998, 10.483934551000118], [-71.4577800909999, 10.474258325000108], [-71.45177773199993, 10.457977982000159], [-71.45283758199997, 10.449250898000173], [-71.44614899999988, 10.440354000000127], [-71.432717, 10.436632], [-71.428593, 10.440188], [-71.411741, 10.443392000000188], [-71.405091, 10.448688000000118], [-71.410014, 10.505725000000155]]]}}, {"type": "Feature", "properties": {"parroquia": "José Cenovio Urribarri", "municipio": "Santa Rita", "estado": "Zulia", "pcode": "VE231803", "estado_pcode": "VE23", "municipio_pcode": "VE2318", "center_lat": 10.58351197, "center_lon": -71.47417545, "area_sqkm": 59.96035304}, "geometry": {"type": "Polygon", "coordinates": [[[-71.41928, 10.614614000000131], [-71.430557, 10.611128], [-71.439346, 10.61463], [-71.460793, 10.617516], [-71.49702945299998, 10.609880320000173], [-71.49749657599989, 10.602540154], [-71.51111111899996, 10.600617025000133], [-71.53184389199998, 10.58898760500017], [-71.5323087239999, 10.55994791], [-71.54184091399998, 10.550102317000096], [-71.41632899999985, 10.579735000000142], [-71.41928, 10.614614000000131]]]}}, {"type": "Feature", "properties": {"parroquia": "San Timoteo", "municipio": "Baralt", "estado": "Zulia", "pcode": "VE230201", "estado_pcode": "VE23", "municipio_pcode": "VE2302", "center_lat": 9.82475275, "center_lon": -71.04279981, "area_sqkm": 105.93252789}, "geometry": {"type": "Polygon", "coordinates": [[[-71.007707, 9.804316000000142], [-71.008237, 9.870184], [-71.033488, 9.898265000000151], [-71.047139, 9.881786], [-71.051586, 9.884845], [-71.05709999999982, 9.883315], [-71.05839699999984, 9.880656000000158], [-71.066088, 9.878946], [-71.074056, 9.8807240000001], [-71.08825599999983, 9.877303], [-71.09304736499996, 9.873758366000175], [-71.0807065859999, 9.848881843000072], [-71.07680233899993, 9.833075498000085], [-71.07790933599995, 9.825518309000188], [-71.07547821299994, 9.822988270000167], [-71.08345853899988, 9.821066176000102], [-71.0840136079999, 9.829376364999973], [-71.08845674399998, 9.822249171000067], [-71.08951973599994, 9.812351937000017], [-71.07782210999994, 9.790350482000122], [-71.0541459619999, 9.761090943000113], [-71.04937483099997, 9.751507145000119], [-71.046621, 9.75527000000011], [-71.036872, 9.756447], [-71.027513, 9.767627], [-71.018944, 9.768599], [-71.012276, 9.765032000000133], [-71.0073370049999, 9.767180488000065], [-71.007707, 9.804316000000142]]]}}, {"type": "Feature", "properties": {"parroquia": "General Urdaneta", "municipio": "Baralt", "estado": "Zulia", "pcode": "VE230202", "estado_pcode": "VE23", "municipio_pcode": "VE2302", "center_lat": 9.67403096, "center_lon": -70.97226704, "area_sqkm": 282.07452198}, "geometry": {"type": "Polygon", "coordinates": [[[-70.897829, 9.715437000000179], [-70.903231, 9.712559000000113], [-70.91653699999983, 9.729231], [-70.927223, 9.735123000000101], [-70.93652899999984, 9.747344000000169], [-70.951187, 9.746539000000155], [-70.95025, 9.755692], [-70.955847, 9.759761], [-70.962792, 9.759269], [-70.970587, 9.752728000000104], [-70.974189, 9.753871], [-70.97447799999986, 9.762738], [-70.979731, 9.76724600000017], [-70.99047499999989, 9.769090000000176], [-70.9961009999999, 9.766012], [-71.003985, 9.768872], [-71.0073370049999, 9.767180488000065], [-71.012276, 9.765032000000133], [-71.018944, 9.768599], [-71.027513, 9.767627], [-71.036872, 9.756447], [-71.046621, 9.75527000000011], [-71.04937483099997, 9.751507145000119], [-71.03477401799995, 9.737111495000022], [-71.02587148599991, 9.71068894299998], [-71.03020865099995, 9.708654862000174], [-71.03569789499994, 9.711382898000124], [-71.04077605599991, 9.703415681000024], [-71.04561424799994, 9.702281620000065], [-71.05028434099995, 9.685477208], [-71.04554604499998, 9.667960829000151], [-71.05025116699989, 9.655290500000092], [-71.0520441189999, 9.634644015000049], [-71.06058639399998, 9.623093696000126], [-71.06062236499992, 9.616809554000099], [-71.05684017399989, 9.61134844999998], [-71.04182050299988, 9.60412436900009], [-71.02839896399996, 9.604641461000085], [-71.00648445999997, 9.600035478000109], [-71.00170083099994, 9.600025502000165], [-70.9970996159999, 9.596110440000075], [-70.98964832299998, 9.597566518000065], [-70.95403680399988, 9.59040255900004], [-70.94107327199987, 9.59005563400018], [-70.93871618299988, 9.59269570000015], [-70.93489702099998, 9.592517728000132], [-70.93422301999982, 9.59525179600007], [-70.92886678599984, 9.594031790000031], [-70.92507559099994, 9.587855670000067], [-70.92091142999993, 9.589260726000134], [-70.91582726899998, 9.598623976], [-70.91019699399999, 9.59001681500007], [-70.90673984299985, 9.589263813000116], [-70.90921090499995, 9.582620641000062], [-70.90529534799998, 9.579871774000082], [-70.9065978079999, 9.583574684000041], [-70.89673044599988, 9.592531941000175], [-70.897829, 9.715437000000179]]]}}, {"type": "Feature", "properties": {"parroquia": "Libertador", "municipio": "Baralt", "estado": "Zulia", "pcode": "VE230203", "estado_pcode": "VE23", "municipio_pcode": "VE2302", "center_lat": 9.75917038, "center_lon": -70.8478898, "area_sqkm": 384.26650385}, "geometry": {"type": "Polygon", "coordinates": [[[-70.67199764499998, 9.834231658000022], [-70.916501, 9.83393], [-70.937153, 9.820157], [-70.95062, 9.820436], [-71.007707, 9.804316000000142], [-71.0073370049999, 9.767180488000065], [-71.003985, 9.768872], [-70.9961009999999, 9.766012], [-70.99047499999989, 9.769090000000176], [-70.979731, 9.76724600000017], [-70.97447799999986, 9.762738], [-70.974189, 9.753871], [-70.970587, 9.752728000000104], [-70.962792, 9.759269], [-70.955847, 9.759761], [-70.95025, 9.755692], [-70.951187, 9.746539000000155], [-70.93652899999984, 9.747344000000169], [-70.927223, 9.735123000000101], [-70.91653699999983, 9.729231], [-70.903231, 9.712559000000113], [-70.897829, 9.715437000000179], [-70.89100899999988, 9.718927000000122], [-70.884775, 9.726535], [-70.87335799999988, 9.727059], [-70.867737, 9.730779], [-70.845811, 9.716238], [-70.840019, 9.708124000000112], [-70.82836, 9.71011900000019], [-70.807077, 9.702763000000118], [-70.802857, 9.696843], [-70.791911, 9.695453000000157], [-70.792736, 9.691701], [-70.78962074199995, 9.689572589000022], [-70.78902888199997, 9.689697964], [-70.7857504459999, 9.690651892000062], [-70.77499396199994, 9.684272796000016], [-70.75982637799996, 9.69320909600009], [-70.75866034699993, 9.694987152000124], [-70.76199747899994, 9.695238136000114], [-70.76401960499999, 9.701451269000017], [-70.75611339299996, 9.720077753], [-70.74687207499989, 9.731544074000112], [-70.74666414799998, 9.745471407000025], [-70.74320008599989, 9.757860716999971], [-70.73525076799996, 9.760423823000167], [-70.72982951499995, 9.754992727], [-70.72761442899997, 9.756066772000167], [-70.71771797999997, 9.750139691000129], [-70.69428406299994, 9.760442063000028], [-70.69159257899997, 9.771634777000145], [-70.68764293299995, 9.783442644000047], [-70.68823101499993, 9.793211873000189], [-70.68411490299997, 9.802928130000055], [-70.6705443969999, 9.811666421000155], [-70.66764283299989, 9.822161161000054], [-70.66971342699998, 9.827829708000024], [-70.67199764499998, 9.834231658000022]]]}}, {"type": "Feature", "properties": {"parroquia": "Manuel Guanipa Matos", "municipio": "Baralt", "estado": "Zulia", "pcode": "VE230204", "estado_pcode": "VE23", "municipio_pcode": "VE2302", "center_lat": 10.1385505, "center_lon": -70.84660169, "area_sqkm": 683.92820178}, "geometry": {"type": "Polygon", "coordinates": [[[-70.69201165299995, 10.301125793000097], [-70.69615350999999, 10.303157033000161], [-70.72834284899994, 10.304820875000132], [-70.74502166199989, 10.32223918699998], [-70.76001030399982, 10.326826206000021], [-70.76408551499992, 10.332893334], [-70.76096840999998, 10.336766444000034], [-70.76074850599997, 10.351953808000019], [-70.76612165499984, 10.358376482000153], [-70.76909, 10.342242000000113], [-70.78481099999988, 10.334520000000111], [-70.786752, 10.318616000000134], [-70.795892, 10.312806000000137], [-70.795224, 10.298211], [-70.801348, 10.284386], [-70.79851599999989, 10.281696000000181], [-70.800126, 10.270006], [-70.798191, 10.265419], [-70.805057, 10.259689], [-70.80905399999989, 10.261351000000104], [-70.810993, 10.253951000000143], [-70.81921299999988, 10.252862000000107], [-70.822807, 10.256734], [-70.824696, 10.246463000000176], [-70.82970299999988, 10.240623000000141], [-70.837687, 10.238022], [-70.838827, 10.243585], [-70.844936, 10.238509], [-70.842519, 10.228832000000125], [-70.849318, 10.23155300000019], [-70.851883, 10.225521], [-70.854334, 10.226333000000125], [-70.846125, 10.217249], [-70.849678, 10.214714000000129], [-70.848891, 10.212086000000113], [-70.855012, 10.214541], [-70.861129, 10.211233], [-70.86245, 10.215186], [-70.86748299999988, 10.215086], [-70.860359, 10.209684000000152], [-70.863286, 10.201785], [-70.860258, 10.201097], [-70.868829, 10.193572000000188], [-70.877686, 10.179773000000125], [-70.881996, 10.180763000000127], [-70.885291, 10.175431], [-70.888373, 10.175154], [-70.888454, 10.178506], [-70.892211, 10.175716], [-70.896355, 10.184562], [-70.905579, 10.171951], [-70.909678, 10.174208], [-70.913078, 10.172226], [-70.913606, 10.177201000000139], [-70.918329, 10.179333], [-70.917938, 10.171532000000184], [-70.922221, 10.166988000000117], [-70.92418, 10.168887], [-70.924318, 10.166198000000122], [-70.929615, 10.162603], [-70.931854, 10.165921], [-70.932517, 10.161387000000104], [-70.935168, 10.163068000000123], [-70.935397, 10.158908000000167], [-70.939701, 10.156867], [-70.93571, 10.151578000000143], [-70.938852, 10.148177], [-70.93928199999988, 10.136918], [-70.944283, 10.133626000000163], [-70.944183, 10.118633000000102], [-70.951391, 10.111609000000158], [-70.952724, 10.113586000000112], [-70.953289, 10.108733], [-70.951064, 10.106195000000184], [-70.962874, 10.106357], [-70.96485099999984, 10.096062], [-70.97343999999987, 10.092485000000181], [-70.979858, 10.094704], [-70.981634, 10.086226000000124], [-70.9875229999999, 10.088730000000169], [-70.990818, 10.082202], [-70.986904, 10.079898], [-70.986507, 10.075794], [-70.9827269999999, 10.07847], [-70.980194, 10.07155200000011], [-70.982308, 10.071726000000126], [-70.982611, 10.069173], [-70.97837, 10.068067], [-70.98105, 10.064834], [-70.978734, 10.06234400000011], [-70.983104, 10.062919], [-70.984679, 10.058830000000171], [-70.978667, 10.055893], [-70.981651, 10.051438000000132], [-70.980775, 10.045160000000124], [-70.98460199999988, 10.04386], [-70.98142599999983, 10.042578], [-70.98272299999985, 10.03716100000014], [-70.980648, 10.035241], [-70.984481, 10.032931], [-70.984814, 10.025510000000168], [-70.98812, 10.024930000000154], [-70.993975, 10.017606], [-70.994701, 10.008800000000122], [-70.998491, 10.009384000000125], [-71.008347, 9.99613], [-71.001884, 9.989058], [-70.997572, 9.976547], [-70.99842899999987, 9.943866], [-71.001832, 9.933907], [-71.00816, 9.927264], [-70.8968129999999, 9.927075], [-70.875569, 9.933675], [-70.87321, 9.937648], [-70.86504, 9.92733], [-70.860987, 9.92627], [-70.835706, 9.938738000000114], [-70.79076713999984, 9.91899182000003], [-70.88223462799982, 10.049952795000081], [-70.87824550599998, 10.056777984], [-70.87025018599996, 10.059006082000167], [-70.86147388399996, 10.06853637], [-70.84823035399995, 10.071309517000032], [-70.84304616799989, 10.075759652000102], [-70.84298126399995, 10.091874040999983], [-70.83908214299993, 10.098234211999966], [-70.78737014699988, 10.121232087000124], [-70.77494370799997, 10.133085441000105], [-70.7609731309999, 10.133571546000098], [-70.73614121799994, 10.153253164000034], [-70.73402324499983, 10.171565617000056], [-70.72926112999988, 10.184656962000076], [-70.71948678699994, 10.195247278000068], [-70.70811134499985, 10.198770433000163], [-70.70195114399996, 10.207336674999965], [-70.70865351199996, 10.22177398700012], [-70.6958961929999, 10.255614887000036], [-70.69650431499997, 10.271811273000083], [-70.68982218599996, 10.293665846000067], [-70.69201165299995, 10.301125793000097]]]}}, {"type": "Feature", "properties": {"parroquia": "Marcelino Briceño", "municipio": "Baralt", "estado": "Zulia", "pcode": "VE230205", "estado_pcode": "VE23", "municipio_pcode": "VE2302", "center_lat": 9.6511735, "center_lon": -70.8534441, "area_sqkm": 131.39607152}, "geometry": {"type": "Polygon", "coordinates": [[[-70.78962074199995, 9.689572589000022], [-70.792736, 9.691701], [-70.791911, 9.695453000000157], [-70.802857, 9.696843], [-70.807077, 9.702763000000118], [-70.82836, 9.71011900000019], [-70.840019, 9.708124000000112], [-70.845811, 9.716238], [-70.867737, 9.730779], [-70.87335799999988, 9.727059], [-70.884775, 9.726535], [-70.89100899999988, 9.718927000000122], [-70.897829, 9.715437000000179], [-70.89673044599988, 9.592531941000175], [-70.88539994999996, 9.587361889000135], [-70.86811024699989, 9.588554025], [-70.85982692199997, 9.59170514400006], [-70.85340962699996, 9.587449086000163], [-70.84325620199996, 9.58553457500011], [-70.78962074199995, 9.689572589000022]]]}}, {"type": "Feature", "properties": {"parroquia": "Pueblo Nuevo", "municipio": "Baralt", "estado": "Zulia", "pcode": "VE230206", "estado_pcode": "VE23", "municipio_pcode": "VE2302", "center_lat": 9.87233674, "center_lon": -70.84989225, "area_sqkm": 364.17883293}, "geometry": {"type": "Polygon", "coordinates": [[[-70.79076713999984, 9.91899182000003], [-70.835706, 9.938738000000114], [-70.860987, 9.92627], [-70.86504, 9.92733], [-70.87321, 9.937648], [-70.875569, 9.933675], [-70.8968129999999, 9.927075], [-71.00816, 9.927264], [-71.011937, 9.924678000000142], [-71.013654, 9.916673], [-71.021856, 9.91368100000011], [-71.033488, 9.898265000000151], [-71.008237, 9.870184], [-71.007707, 9.804316000000142], [-70.95062, 9.820436], [-70.937153, 9.820157], [-70.916501, 9.83393], [-70.67199764499998, 9.834231658000022], [-70.67289368099995, 9.844287173000055], [-70.68134310099998, 9.855520397000078], [-70.68284221999994, 9.86356257500006], [-70.70221380099991, 9.883604172], [-70.70624430599997, 9.882925888000045], [-70.73795168599997, 9.89289993500006], [-70.74540203699985, 9.899656053000058], [-70.74447706199999, 9.909936299000151], [-70.75309545499994, 9.917017416000078], [-70.76721906999995, 9.92119343000013], [-70.79076713999984, 9.91899182000003]]]}}, {"type": "Feature", "properties": {"parroquia": "Germán Ríos Linares", "municipio": "Cabimas", "estado": "Zulia", "pcode": "VE230303", "estado_pcode": "VE23", "municipio_pcode": "VE2303", "center_lat": 10.4274825, "center_lon": -71.43531923, "area_sqkm": 17.73391799}, "geometry": {"type": "Polygon", "coordinates": [[[-71.405091, 10.448688000000118], [-71.411741, 10.443392000000188], [-71.428593, 10.440188], [-71.432717, 10.436632], [-71.44614899999988, 10.440354000000127], [-71.45283758199997, 10.449250898000173], [-71.46340036699996, 10.432683922000024], [-71.4488659999999, 10.404645000000187], [-71.407009, 10.428214], [-71.406849, 10.430750000000103], [-71.39607, 10.437791000000175], [-71.405091, 10.448688000000118]]]}}, {"type": "Feature", "properties": {"parroquia": "Jorge Hernández", "municipio": "Cabimas", "estado": "Zulia", "pcode": "VE230305", "estado_pcode": "VE23", "municipio_pcode": "VE2303", "center_lat": 10.37214455, "center_lon": -71.39061129, "area_sqkm": 38.78708404}, "geometry": {"type": "Polygon", "coordinates": [[[-71.4246854299999, 10.344661703000043], [-71.412437, 10.351245000000176], [-71.411427, 10.354565], [-71.397701, 10.359659], [-71.38722599999988, 10.362648], [-71.380044, 10.361955000000137], [-71.37384599999984, 10.365729000000101], [-71.358332, 10.365828000000135], [-71.3534, 10.37004300000018], [-71.347083, 10.371144000000129], [-71.33815, 10.382786], [-71.358413, 10.399332], [-71.41307499999988, 10.395841], [-71.435641, 10.382928000000106], [-71.43073304499995, 10.355122957000162], [-71.4246854299999, 10.344661703000043]]]}}, {"type": "Feature", "properties": {"parroquia": "Rómulo Betancourt", "municipio": "Cabimas", "estado": "Zulia", "pcode": "VE230306", "estado_pcode": "VE23", "municipio_pcode": "VE2303", "center_lat": 10.39994, "center_lon": -71.39533809, "area_sqkm": 12.90418324}, "geometry": {"type": "Polygon", "coordinates": [[[-71.358413, 10.399332], [-71.373962, 10.411951], [-71.3823129999999, 10.411196], [-71.389157, 10.416348], [-71.399096, 10.411514000000125], [-71.415397, 10.408904000000177], [-71.442461, 10.393653], [-71.435641, 10.382928000000106], [-71.41307499999988, 10.395841], [-71.358413, 10.399332]]]}}, {"type": "Feature", "properties": {"parroquia": "San Benito", "municipio": "Cabimas", "estado": "Zulia", "pcode": "VE230307", "estado_pcode": "VE23", "municipio_pcode": "VE2303", "center_lat": 10.4234215, "center_lon": -71.36519553, "area_sqkm": 66.25768496}, "geometry": {"type": "Polygon", "coordinates": [[[-71.292176, 10.453052], [-71.302528, 10.453116], [-71.320424, 10.463007], [-71.32669, 10.461794], [-71.336854, 10.464069000000165], [-71.346161, 10.459228], [-71.350361, 10.450873], [-71.35445, 10.448164000000133], [-71.375456, 10.454517000000124], [-71.379037, 10.453679], [-71.381779, 10.45679500000017], [-71.384188, 10.447343], [-71.39803599999982, 10.450272], [-71.405091, 10.448688000000118], [-71.39607, 10.437791000000175], [-71.406849, 10.430750000000103], [-71.407009, 10.428214], [-71.4488659999999, 10.404645000000187], [-71.442461, 10.393653], [-71.415397, 10.408904000000177], [-71.399096, 10.411514000000125], [-71.389157, 10.416348], [-71.3823129999999, 10.411196], [-71.373962, 10.411951], [-71.358413, 10.399332], [-71.33815, 10.382786], [-71.3234, 10.4113660000001], [-71.292176, 10.453052]]]}}, {"type": "Feature", "properties": {"parroquia": "Arístides Calvani", "municipio": "Cabimas", "estado": "Zulia", "pcode": "VE230308", "estado_pcode": "VE23", "municipio_pcode": "VE2303", "center_lat": 10.418179, "center_lon": -71.12408349, "area_sqkm": 357.10410119}, "geometry": {"type": "Polygon", "coordinates": [[[-71.1466559999999, 10.458359], [-71.150637, 10.457934], [-71.153722, 10.461267], [-71.162034, 10.463136], [-71.171368, 10.477569000000187], [-71.1807649999999, 10.475949], [-71.183748, 10.470989], [-71.20003999999983, 10.462294], [-71.220069, 10.444339000000184], [-71.230816, 10.441624], [-71.237763, 10.44215], [-71.250502, 10.452502], [-71.266598, 10.455856], [-71.270592, 10.456269000000134], [-71.27409099999983, 10.452009], [-71.280868, 10.449844], [-71.287973, 10.449593], [-71.292176, 10.453052], [-71.3234, 10.4113660000001], [-71.33815, 10.382786], [-71.300855, 10.352445], [-71.148714, 10.384635000000117], [-70.982556, 10.385705], [-70.87907395699995, 10.449294660000078], [-70.87922600899992, 10.449322270000039], [-71.055559, 10.449422], [-71.1466559999999, 10.458359]]]}}, {"type": "Feature", "properties": {"parroquia": "Punta Gorda", "municipio": "Cabimas", "estado": "Zulia", "pcode": "VE230309", "estado_pcode": "VE23", "municipio_pcode": "VE2303", "center_lat": 10.351671, "center_lon": -71.3566597, "area_sqkm": 63.52859576}, "geometry": {"type": "Polygon", "coordinates": [[[-71.300855, 10.352445], [-71.33815, 10.382786], [-71.347083, 10.371144000000129], [-71.3534, 10.37004300000018], [-71.358332, 10.365828000000135], [-71.37384599999984, 10.365729000000101], [-71.380044, 10.361955000000137], [-71.38722599999988, 10.362648], [-71.397701, 10.359659], [-71.411427, 10.354565], [-71.412437, 10.351245000000176], [-71.4246854299999, 10.344661703000043], [-71.41713347699988, 10.330417148000151], [-71.4161709259999, 10.320709743000123], [-71.330627, 10.32132], [-71.293865, 10.321722000000136], [-71.300855, 10.352445]]]}}, {"type": "Feature", "properties": {"parroquia": "Encontrados", "municipio": "Catatumbo", "estado": "Zulia", "pcode": "VE230401", "estado_pcode": "VE23", "municipio_pcode": "VE2304", "center_lat": 9.212806, "center_lon": -72.09820078, "area_sqkm": 3297.48006287}, "geometry": {"type": "Polygon", "coordinates": [[[-71.95541235099984, 9.507932273000108], [-71.973735, 9.490809], [-71.989253, 9.49637], [-71.99437199999988, 9.502284], [-72.004419, 9.503953], [-72.007373, 9.515941], [-72.02490299999988, 9.520931000000132], [-72.028057, 9.52649200000019], [-72.023071, 9.557169000000158], [-72.0159579999999, 9.565532], [-72.03043699999984, 9.571133], [-72.035509, 9.575905000000148], [-72.04376, 9.577381], [-72.061326, 9.57512], [-72.066564, 9.571539], [-72.06889199999989, 9.582771], [-72.07636, 9.584732], [-72.081086, 9.58971200000019], [-72.07920799999988, 9.58467300000018], [-72.08084, 9.582325], [-72.088846, 9.5899280000001], [-72.08787999999987, 9.600121], [-72.100519, 9.603342000000112], [-72.10475, 9.60183], [-72.104767, 9.60515700000019], [-72.10816099999988, 9.607550000000117], [-72.114385, 9.606281], [-72.118598, 9.610208000000114], [-72.124335, 9.608849000000134], [-72.127512, 9.605186000000117], [-72.132555, 9.6128250000001], [-72.139015, 9.608021000000178], [-72.14214599999985, 9.608924000000115], [-72.143371, 9.604076], [-72.139294, 9.599667000000181], [-72.142989, 9.593292], [-72.147885, 9.599028], [-72.157745, 9.602169], [-72.15942499999989, 9.600165000000175], [-72.157442, 9.593313], [-72.165565, 9.596302], [-72.169971, 9.588913000000161], [-72.17409199999986, 9.592564], [-72.179917, 9.590584], [-72.184953, 9.592395000000124], [-72.1870019999999, 9.594335], [-72.186146, 9.598722000000123], [-72.193411, 9.601554000000135], [-72.19661999999988, 9.595182000000136], [-72.194944, 9.589682], [-72.197357, 9.58602100000013], [-72.1965019999999, 9.582308], [-72.200317, 9.58105], [-72.200031, 9.575383000000102], [-72.20928, 9.576896], [-72.213841, 9.580751], [-72.215008, 9.578313], [-72.22011299999986, 9.56339300000019], [-72.211881, 9.56148400000012], [-72.212751, 9.559712], [-72.207692, 9.553656000000103], [-72.212096, 9.55026000000015], [-72.212474, 9.543259000000148], [-72.217567, 9.547157], [-72.21627299999983, 9.539361], [-72.2193, 9.53829], [-72.221264, 9.54147], [-72.223882, 9.53757800000011], [-72.222763, 9.532122], [-72.228764, 9.528648], [-72.226427, 9.52489700000018], [-72.231188, 9.523036], [-72.228514, 9.513181000000145], [-72.23386199999987, 9.516916], [-72.231423, 9.511582], [-72.237082, 9.512975000000154], [-72.236479, 9.508687000000123], [-72.2428129999999, 9.50681800000018], [-72.244533, 9.50400900000011], [-72.241855, 9.501315000000147], [-72.244666, 9.498936000000128], [-72.249769, 9.504371], [-72.2533509999999, 9.503113], [-72.252777, 9.500064], [-72.24871799999983, 9.4988], [-72.248785, 9.494394], [-72.252246, 9.496257000000128], [-72.252018, 9.492839000000117], [-72.25635099999988, 9.493321], [-72.25214499999987, 9.486757000000182], [-72.257782, 9.484455000000139], [-72.256135, 9.479987000000108], [-72.262486, 9.476993000000164], [-72.265784, 9.470733], [-72.26421899999985, 9.4684], [-72.264309, 9.471865], [-72.262153, 9.471349], [-72.258993, 9.465697], [-72.25696099999982, 9.466603], [-72.26292099999984, 9.460398], [-72.260197, 9.461720000000184], [-72.255292, 9.45835], [-72.258207, 9.453928], [-72.259381, 9.456768], [-72.262479, 9.448007000000132], [-72.262499, 9.451518], [-72.26738699999987, 9.451813], [-72.264848, 9.445332000000121], [-72.2705509999999, 9.442410000000109], [-72.271775, 9.438065000000165], [-72.27803, 9.438628], [-72.271952, 9.436664], [-72.275807, 9.434715], [-72.275097, 9.431965000000105], [-72.288573, 9.428426], [-72.286723, 9.432659000000115], [-72.291894, 9.433985], [-72.291221, 9.441333], [-72.29428499999989, 9.442716], [-72.297096, 9.43655], [-72.301258, 9.443321], [-72.305307, 9.435151], [-72.30565, 9.4383160000001], [-72.310602, 9.43783], [-72.306762, 9.434592], [-72.308646, 9.43208], [-72.3125, 9.433803000000125], [-72.311386, 9.429494], [-72.326384, 9.428539000000114], [-72.326835, 9.426632], [-72.32025, 9.425039], [-72.321208, 9.422486], [-72.329711, 9.42354], [-72.326825, 9.421147000000133], [-72.329148, 9.418517000000122], [-72.334206, 9.420325000000105], [-72.333743, 9.416495000000111], [-72.327754, 9.413889000000154], [-72.32959, 9.411216], [-72.33460999999988, 9.414470000000108], [-72.332594, 9.41028000000017], [-72.33505, 9.406709], [-72.346958, 9.411783000000185], [-72.34912, 9.401856], [-72.35163199999982, 9.407442000000174], [-72.356318, 9.409022000000164], [-72.354885, 9.401938], [-72.360443, 9.409641], [-72.35884499999986, 9.398289], [-72.36376699999988, 9.400511000000108], [-72.362111, 9.398477], [-72.36459699999989, 9.396237000000156], [-72.363811, 9.392615000000148], [-72.369867, 9.394922], [-72.371053, 9.39197700000011], [-72.374413, 9.392371], [-72.374987, 9.395214], [-72.37988499999989, 9.393671], [-72.35993900599988, 9.076049100000091], [-72.35010399999987, 9.08174600000018], [-72.347272, 9.080555], [-72.343924, 9.072609], [-72.332526, 9.074012], [-72.33667, 9.065406], [-72.330951, 9.055944000000125], [-72.326376, 9.0568540000001], [-72.321494, 9.062738], [-72.31166599999989, 9.057688], [-72.3104929999999, 9.06762], [-72.306741, 9.067079], [-72.30273, 9.0601], [-72.29761599999983, 9.056682], [-72.30786399999988, 9.05366400000014], [-72.30437499999988, 9.045352], [-72.31334, 9.04074], [-72.31065799999988, 9.035102000000165], [-72.31219, 9.02677000000017], [-72.307566, 9.024128], [-72.309503, 9.011485], [-72.315662, 9.006117000000188], [-72.3151539999999, 9.000301], [-72.320266, 9.003145000000131], [-72.31952599999988, 8.996804], [-72.324953, 8.991373], [-72.319645, 8.988473000000113], [-72.320062, 8.985740000000135], [-72.323264, 8.985006000000169], [-72.32751, 8.987914], [-72.327821, 8.980477], [-72.33377899999988, 8.975021], [-72.33176999999989, 8.972029], [-72.324497, 8.974512000000175], [-72.32673699999987, 8.968784000000142], [-72.321246, 8.963017], [-72.327547, 8.957420000000127], [-72.327637, 8.954139], [-72.31940999999989, 8.952613], [-72.32278699999989, 8.944903], [-72.315373, 8.946882], [-72.31461699999988, 8.938787000000104], [-72.30698499999983, 8.933770000000152], [-72.30795099999989, 8.930436000000157], [-72.315802, 8.928156000000172], [-72.312288, 8.924418000000117], [-72.316536, 8.91879], [-72.312131, 8.913337], [-72.316767, 8.90711000000016], [-72.31324199999989, 8.902018], [-72.31783, 8.895814], [-72.315533, 8.879539000000136], [-72.32102499999985, 8.876724], [-72.320892, 8.871677000000147], [-72.325518, 8.870130000000188], [-72.32873699999988, 8.862949], [-72.333708, 8.864405], [-72.342729, 8.861633], [-72.34518299999985, 8.853997000000106], [-72.35263, 8.85050200000012], [-72.3520549999999, 8.847822], [-72.34523499999989, 8.846127000000138], [-72.349634, 8.839510000000132], [-72.346945, 8.823295], [-72.32944, 8.823061000000166], [-72.305679, 8.831298000000118], [-72.282043, 8.834421], [-72.238435, 8.828766], [-72.164433, 8.812524000000167], [-72.14546, 8.813670000000116], [-72.149106, 8.844008000000144], [-72.14435299999985, 8.877243], [-72.144053, 8.908454000000177], [-72.149955, 8.929300000000126], [-72.150241, 8.996024000000148], [-72.168247, 9.000432], [-72.178727, 9.01716000000016], [-72.186614, 9.019344], [-72.19300099999987, 9.017947], [-72.19454, 9.03068100000013], [-72.18350399999986, 9.034529], [-72.153334, 9.033566], [-72.151907, 9.037491000000102], [-72.15505299999984, 9.041598000000135], [-72.154445, 9.045752000000107], [-72.148698, 9.048018000000184], [-72.148656, 9.059642], [-72.1440209999999, 9.066927], [-72.152028, 9.090960000000166], [-72.147004, 9.097705], [-72.139802, 9.099441], [-72.132077, 9.092052], [-72.1291599999999, 9.097263000000112], [-72.125929, 9.097706000000187], [-72.12423299999989, 9.093279000000166], [-72.121255, 9.095116000000132], [-72.119213, 9.09145800000016], [-72.110327, 9.087641000000133], [-72.104798, 9.07499300000012], [-72.098466, 9.075513000000171], [-72.094615, 9.079185], [-72.08439, 9.074789000000123], [-72.075003, 9.075557], [-72.071565, 9.069575], [-72.06925, 9.070403000000113], [-72.069414, 9.076255], [-72.064936, 9.079032000000154], [-72.064174, 9.068238], [-72.061085, 9.06587500000012], [-72.055035, 9.067345], [-72.04811199999989, 9.065419], [-72.042046, 9.071505000000172], [-72.041079, 9.069514], [-72.03685599999989, 9.070836], [-72.039805, 9.080484], [-72.033309, 9.096343], [-72.028061, 9.09969400000017], [-72.021519, 9.109791], [-72.01760799999983, 9.10561500000017], [-72.015399, 9.096679000000108], [-72.00603499999988, 9.090899], [-72.005369, 9.086694000000136], [-71.996119, 9.092137], [-71.986505, 9.087807], [-71.979482, 9.096813], [-71.867673, 9.18834], [-71.852813, 9.187298000000169], [-71.847973, 9.197692], [-71.838583, 9.196738000000153], [-71.827424, 9.213749], [-71.822097, 9.216468000000134], [-71.818594, 9.230478], [-71.81394640999991, 9.236573584000155], [-71.81348399299986, 9.239468607000106], [-71.81616411899984, 9.241255626000111], [-71.81107391399985, 9.24194567100011], [-71.80524670599988, 9.248157848000119], [-71.78281283399991, 9.255670144000135], [-71.77229241299995, 9.25639522299997], [-71.76944135099995, 9.265141432000064], [-71.77057948599997, 9.279893754000113], [-71.77503971699997, 9.288012910000077], [-71.76790639399997, 9.283838856000045], [-71.76839343599994, 9.287527935000185], [-71.76525632999989, 9.290525020000132], [-71.76122213499997, 9.286369951000154], [-71.75369581999996, 9.284922960000017], [-71.74777951899989, 9.27494077700004], [-71.74069919999982, 9.26918968200016], [-71.73319891099999, 9.271441776000131], [-71.7413623199999, 9.284364015000051], [-71.73825021299996, 9.287429107000037], [-71.73332900199983, 9.287520143000108], [-71.73167391799996, 9.283332056000063], [-71.72877881699992, 9.285821126000087], [-71.73249106599997, 9.302775489000055], [-71.73094706599994, 9.313912748000064], [-71.73339122599992, 9.323677946000146], [-71.74655181599991, 9.332772070000146], [-71.74151563099997, 9.337777215000074], [-71.73998261599996, 9.344771385000058], [-71.73039521099992, 9.343054400000028], [-71.72563398999995, 9.337620302000175], [-71.71868673099988, 9.341850442000066], [-71.71965379599999, 9.345895530000064], [-71.72356894699982, 9.344668470000158], [-71.72642407699988, 9.348066539000058], [-71.72959018999984, 9.344832440000062], [-71.73982166399998, 9.353602580000029], [-71.73519250499999, 9.35949574100016], [-71.72777221399997, 9.361599831000149], [-71.72711824899994, 9.372961092000025], [-71.71847195899988, 9.38251335900003], [-71.7141537849999, 9.383966414000042], [-71.72113707799997, 9.3841253760001], [-71.7289683599999, 9.377245176000145], [-71.74186884499994, 9.371756981000146], [-71.74994509999993, 9.358475632000022], [-71.76353860899997, 9.351509393000129], [-71.75967644599996, 9.35025939000019], [-71.76332654099991, 9.341078159], [-71.76545662999996, 9.341139154000189], [-71.76205045299992, 9.335066035000125], [-71.76789567399987, 9.33144791799998], [-71.77678204699998, 9.33427493400012], [-71.78289034199992, 9.341385054000114], [-71.77653610399989, 9.344987174000039], [-71.7719829109999, 9.342487149000078], [-71.77255594199988, 9.34502419800009], [-71.76659374399998, 9.352954412000088], [-71.75893745899992, 9.356209527000033], [-71.76529172199997, 9.35694151000007], [-71.77298006199999, 9.362949599999979], [-71.79509916199999, 9.395504201], [-71.79985536999993, 9.39903324800008], [-71.79951724599994, 9.37940981800017], [-71.79733412699994, 9.37462672300012], [-71.79286093699994, 9.372881706000044], [-71.79322794299986, 9.371202669000127], [-71.80186729799988, 9.372930657000097], [-71.80347936099986, 9.371003602000087], [-71.80367933699995, 9.366116489000092], [-71.79537999399992, 9.365368518000139], [-71.80356731299992, 9.362013405000084], [-71.79863306199996, 9.354588265000189], [-71.80010011499996, 9.353695236000078], [-71.8075074809999, 9.363789420000046], [-71.81133271399995, 9.377123689000086], [-71.80832067799986, 9.39283006400018], [-71.80487057899995, 9.398500206], [-71.80924381699992, 9.40987743800008], [-71.8073927509999, 9.409950458000083], [-71.81759722099991, 9.419726609000065], [-71.8272646449999, 9.424809668000137], [-71.83108678799988, 9.423514625000166], [-71.83373686399995, 9.417053459000044], [-71.83076770899993, 9.410930340000164], [-71.82724256199998, 9.412015389000146], [-71.82574548799988, 9.40962934200013], [-71.83212972099994, 9.404948200999968], [-71.83248678199982, 9.411317336000025], [-71.83627996899997, 9.416809442000044], [-71.85628976399994, 9.414443266000035], [-71.86006192399992, 9.415785282000058], [-71.86002094399998, 9.41897335100009], [-71.86555516499988, 9.419004313000187], [-71.87733969399989, 9.426163403000146], [-71.88679509199994, 9.428220401000146], [-71.88702906999998, 9.424112301000036], [-71.88367791699994, 9.420219240999984], [-71.88434888399985, 9.410258009000017], [-71.87595148699995, 9.40208488200011], [-71.87134530699996, 9.402131902000121], [-71.87177830999997, 9.400290859000108], [-71.8742023939999, 9.398419804000127], [-71.88070969699999, 9.404305900000054], [-71.88973207499993, 9.405337873000065], [-71.88940403299995, 9.400825767000129], [-71.89403918999994, 9.395481617000087], [-71.89189209299985, 9.393015576000039], [-71.89427114399996, 9.386994431000062], [-71.90842871699994, 9.386458333000121], [-71.91190387899996, 9.389500387000112], [-71.91132888699991, 9.395356523000032], [-71.9130119589999, 9.394986500000073], [-71.90434168799999, 9.408348856000089], [-71.89781642999992, 9.409938920000172], [-71.89982654599999, 9.415342039000052], [-71.89140925499987, 9.424413287999982], [-71.8897482239999, 9.430422426000177], [-71.88063387799997, 9.435124585000096], [-71.85906500799996, 9.437033758999974], [-71.85001560599994, 9.431529693000016], [-71.8380601369999, 9.43381980900017], [-71.88534119999997, 9.456836047000081], [-71.90487408199994, 9.471877273000132], [-71.90111990199989, 9.467463194], [-71.90816820699996, 9.470864230000018], [-71.91423145499994, 9.469258158], [-71.92011971399995, 9.47253820400016], [-71.92764904699987, 9.478406284000016], [-71.93745454899994, 9.49595661799998], [-71.93929859799982, 9.491228509000052], [-71.94386181499982, 9.496958606000135], [-71.94662091399994, 9.492995504000135], [-71.94663686899992, 9.48556633800007], [-71.9571932469999, 9.478479119000099], [-71.96184036099993, 9.465544802000068], [-71.98066008299992, 9.456999491000147], [-71.99070147799995, 9.456659432000151], [-72.00169595899996, 9.462083488000076], [-72.00394004899994, 9.460626436000098], [-71.99990284799992, 9.455875351000032], [-71.99999979599988, 9.446473138000044], [-71.99523958199984, 9.441388053000026], [-71.9986937249999, 9.441679040000054], [-72.00239590299998, 9.447169148000057], [-72.00056686499988, 9.452700274000108], [-72.01676567499993, 9.47860777], [-72.01219852299988, 9.485144935000108], [-72.02047191999998, 9.493911088], [-72.01427578999989, 9.515123600000095], [-72.00969158899994, 9.512398565000183], [-72.01198458899995, 9.497253208000132], [-72.00631638899989, 9.501652348000164], [-72.00651734599995, 9.492868146999967], [-71.99844100699994, 9.491733170000145], [-71.99302883399997, 9.499016361000088], [-71.99208473699991, 9.489654159000168], [-71.9805772499999, 9.485408128000131], [-71.97825511499997, 9.479460008], [-71.9595813709999, 9.482867203000126], [-71.94946201099998, 9.491185441000027], [-71.95540926699994, 9.492355433], [-71.95755433999994, 9.490487383000186], [-71.95933545199989, 9.497338519000039], [-71.95741740499989, 9.503122672000131], [-71.95447429799992, 9.504383713000095], [-71.95395625899988, 9.502488669000172], [-71.94866307399997, 9.505803773000025], [-71.95243124899991, 9.511018872000136], [-71.95541235099984, 9.507932273000108]]]}}, {"type": "Feature", "properties": {"parroquia": "Udon Perez", "municipio": "Catatumbo", "estado": "Zulia", "pcode": "VE230402", "estado_pcode": "VE23", "municipio_pcode": "VE2304", "center_lat": 8.6043255, "center_lon": -72.30250706, "area_sqkm": 1457.18305138}, "geometry": {"type": "Polygon", "coordinates": [[[-72.14546, 8.813670000000116], [-72.164433, 8.812524000000167], [-72.238435, 8.828766], [-72.282043, 8.834421], [-72.305679, 8.831298000000118], [-72.32944, 8.823061000000166], [-72.346945, 8.823295], [-72.358828, 8.82062000000019], [-72.37538199999989, 8.823028000000136], [-72.385506, 8.812345000000107], [-72.43581699999987, 8.816287000000159], [-72.437486, 8.652115], [-72.445673, 8.574901], [-72.49588998299998, 8.454840172000104], [-72.42825201199992, 8.381818608], [-72.4209255319999, 8.382961202000047], [-72.40934797899996, 8.375443246000088], [-72.40860928799998, 8.370505875000049], [-72.41519282399997, 8.367466799000113], [-72.41536886499995, 8.3637363200001], [-72.40646475799997, 8.366895081000052], [-72.40206502899991, 8.375345747000097], [-72.40589426999992, 8.392485090999969], [-72.39372380099996, 8.396170221999967], [-72.39544488999991, 8.399966296000173], [-72.40415326799996, 8.404493346000095], [-72.39299982699993, 8.406158436000055], [-72.39296587699994, 8.41508262200017], [-72.38305349199993, 8.418133742], [-72.38031344099988, 8.430555012000127], [-72.37407618999993, 8.429078024000148], [-72.37015299599994, 8.423066915000106], [-72.36808592599994, 8.425387974000046], [-72.36864797399994, 8.43114209100014], [-72.36118271899994, 8.431273936000139], [-72.35649249999989, 8.432645192000052], [-72.35281938499992, 8.438778331000094], [-72.35347047599998, 8.452647621000153], [-72.34960837799997, 8.46328586300018], [-72.35221150899997, 8.467705939000155], [-72.35947180399995, 8.468814931000054], [-72.36211494299988, 8.473578010999972], [-72.3574307799999, 8.478841148000186], [-72.34866844599992, 8.481815257000108], [-72.35247865199989, 8.492969477000031], [-72.34854154199991, 8.500640657000076], [-72.34421436199989, 8.50061768], [-72.3347078299999, 8.47337715100008], [-72.32544038699996, 8.459421913000028], [-72.31911783699996, 8.404491796000173], [-72.3091663639999, 8.391121570000053], [-72.30865526799982, 8.375672249000104], [-72.21622677399989, 8.42190169900016], [-72.17258954699997, 8.423474585000065], [-72.15841565799997, 8.42398548300008], [-72.167444, 8.515854], [-72.16652, 8.550947000000178], [-72.164525, 8.59263], [-72.160495, 8.617122], [-72.16155, 8.663682], [-72.154826, 8.707727], [-72.154035, 8.74334400000015], [-72.14447899999988, 8.77937100000014], [-72.14546, 8.813670000000116]]]}}, {"type": "Feature", "properties": {"parroquia": "San Carlos del Zulia", "municipio": "Colon", "estado": "Zulia", "pcode": "VE230501", "estado_pcode": "VE23", "municipio_pcode": "VE2305", "center_lat": 9.098635, "center_lon": -71.93399319, "area_sqkm": 494.29479696}, "geometry": {"type": "Polygon", "coordinates": [[[-71.75839823599989, 9.200473799000065], [-71.7518052719999, 9.20410016599999], [-71.75145735399991, 9.220399536], [-71.74604517199992, 9.2266017070001], [-71.74942132399985, 9.228510723000113], [-71.74821430399999, 9.233768847000135], [-71.75038640099996, 9.23648289900018], [-71.75336352999989, 9.23721290300017], [-71.76274484899994, 9.226236601000096], [-71.76894010299998, 9.226321566000081], [-71.77238522999988, 9.223660494000171], [-71.77322324699998, 9.220260406000023], [-71.76741597799997, 9.214524310000058], [-71.76686189099996, 9.203642076000108], [-71.76906401799988, 9.211174226000026], [-71.78555483799994, 9.23625969699998], [-71.79149409799993, 9.238976719000107], [-71.80163541299999, 9.223390321000124], [-71.80764264899989, 9.220646221000095], [-71.81731105299997, 9.223597232000088], [-71.81123088099997, 9.235142523000093], [-71.81394640999991, 9.236573584000155], [-71.818594, 9.230478], [-71.822097, 9.216468000000134], [-71.827424, 9.213749], [-71.838583, 9.196738000000153], [-71.847973, 9.197692], [-71.852813, 9.187298000000169], [-71.867673, 9.18834], [-71.979482, 9.096813], [-71.986505, 9.087807], [-71.996119, 9.092137], [-72.005369, 9.086694000000136], [-72.00603499999988, 9.090899], [-72.015399, 9.096679000000108], [-72.01760799999983, 9.10561500000017], [-72.021519, 9.109791], [-72.028061, 9.09969400000017], [-72.033309, 9.096343], [-72.039805, 9.080484], [-72.03685599999989, 9.070836], [-72.041079, 9.069514], [-72.042046, 9.071505000000172], [-72.04811199999989, 9.065419], [-72.055035, 9.067345], [-72.061085, 9.06587500000012], [-72.064174, 9.068238], [-72.064936, 9.079032000000154], [-72.069414, 9.076255], [-72.06925, 9.070403000000113], [-72.071565, 9.069575], [-72.075003, 9.075557], [-72.08439, 9.074789000000123], [-72.094615, 9.079185], [-72.098466, 9.075513000000171], [-72.104798, 9.07499300000012], [-72.110327, 9.087641000000133], [-72.119213, 9.09145800000016], [-72.121255, 9.095116000000132], [-72.12423299999989, 9.093279000000166], [-72.125929, 9.097706000000187], [-72.1291599999999, 9.097263000000112], [-72.132077, 9.092052], [-72.139802, 9.099441], [-72.147004, 9.097705], [-72.152028, 9.090960000000166], [-72.1440209999999, 9.066927], [-72.148656, 9.059642], [-72.148698, 9.048018000000184], [-72.154445, 9.045752000000107], [-72.15505299999984, 9.041598000000135], [-72.151907, 9.037491000000102], [-72.153334, 9.033566], [-72.18350399999986, 9.034529], [-72.19454, 9.03068100000013], [-72.19300099999987, 9.017947], [-72.186614, 9.019344], [-72.178727, 9.01716000000016], [-72.168247, 9.000432], [-72.150241, 8.996024000000148], [-72.13803, 8.994473], [-72.089615, 8.97007], [-72.07607, 8.965759000000162], [-72.053095, 8.964088000000118], [-72.0473219999999, 8.96055500000017], [-72.034002, 8.958118000000127], [-72.0175789999999, 8.961413000000107], [-72.005859, 8.968659000000116], [-71.98216599999984, 8.959755], [-71.975428, 8.964381000000174], [-71.97535, 8.977639], [-71.970512, 8.985262], [-71.97271599999988, 8.98888], [-71.967797, 8.987986000000149], [-71.96378, 8.991984], [-71.954631, 8.992900000000134], [-71.951703, 8.985237], [-71.94210499999986, 8.980355], [-71.931493, 8.989280000000122], [-71.925544, 8.990746], [-71.92145299999987, 8.997878], [-71.92039, 9.00293900000014], [-71.923498, 9.010808], [-71.914655, 9.025024000000144], [-71.919088, 9.03057600000011], [-71.917144, 9.039980000000185], [-71.919229, 9.046440000000189], [-71.924392, 9.049786], [-71.9254069999999, 9.057914], [-71.920648, 9.079529], [-71.9132039999999, 9.08649400000013], [-71.899353, 9.091003000000171], [-71.88869, 9.101596], [-71.881413, 9.102431], [-71.87280299999986, 9.109805000000108], [-71.866419, 9.107258], [-71.854075, 9.108643], [-71.852195, 9.106554], [-71.837325, 9.108188], [-71.822931, 9.115814000000114], [-71.81546, 9.116426000000104], [-71.812593, 9.113271000000168], [-71.80682599999989, 9.123844000000133], [-71.810469, 9.13309500000014], [-71.80520299999989, 9.133902], [-71.79796199999987, 9.144047], [-71.809466, 9.151296000000116], [-71.8050429999999, 9.154964000000177], [-71.8025899999999, 9.161909], [-71.804113, 9.17135], [-71.80047, 9.17359000000016], [-71.792298, 9.17021300000016], [-71.77792799999986, 9.17196500000017], [-71.782946, 9.174469], [-71.780849, 9.181701000000146], [-71.764823, 9.178627000000176], [-71.765497, 9.184451000000138], [-71.768499, 9.186202], [-71.75839823599989, 9.200473799000065]]]}}, {"type": "Feature", "properties": {"parroquia": "Moralito", "municipio": "Colon", "estado": "Zulia", "pcode": "VE230502", "estado_pcode": "VE23", "municipio_pcode": "VE2305", "center_lat": 8.767992, "center_lon": -71.84833312, "area_sqkm": 842.02634827}, "geometry": {"type": "Polygon", "coordinates": [[[-71.683025, 8.814652], [-71.799477, 8.920173], [-71.879181, 8.919465000000116], [-71.97721699999988, 8.84832], [-71.971085, 8.841779], [-71.973018, 8.836455000000115], [-71.968914, 8.823635], [-71.974119, 8.815362000000164], [-71.980242, 8.820125], [-71.985089, 8.817695000000128], [-71.989742, 8.809673], [-71.997177, 8.80557800000014], [-72.000013, 8.795501000000172], [-72.009135, 8.786453000000108], [-72.012079, 8.776892], [-72.009402, 8.772982000000127], [-72.00553299999984, 8.774449], [-72.007597, 8.77216600000014], [-72.00544799999983, 8.771787], [-72.00683099999986, 8.767488000000128], [-72.003424, 8.765074], [-72.004834, 8.76146400000016], [-72.001255, 8.757329], [-72.005178, 8.75724], [-72.006404, 8.753837], [-72.002308, 8.755901000000108], [-71.99900699999989, 8.75172], [-72.00211899999988, 8.747320000000173], [-72.004577, 8.749258000000111], [-72.007566, 8.74329900000015], [-72.00449399999985, 8.739024000000143], [-72.00220399999989, 8.742042], [-71.997885, 8.739381], [-71.996451, 8.736155], [-71.999406, 8.731617], [-71.99407, 8.734167], [-71.989478, 8.721999], [-71.99332999999984, 8.722444000000166], [-71.995652, 8.718833000000188], [-72.001922, 8.716547], [-71.996397, 8.711504], [-71.999756, 8.705147], [-71.994449, 8.707603], [-71.990278, 8.694997], [-71.994826, 8.692878], [-71.993152, 8.692142000000104], [-71.996197, 8.688274], [-71.99662199999989, 8.678758], [-72.00317199999989, 8.674273], [-72.005082, 8.666849], [-72.001012, 8.66165000000018], [-72.001069, 8.655653], [-71.997896, 8.650084000000106], [-71.9878389999999, 8.653244], [-71.98505919499996, 8.645649913000113], [-71.97487023099995, 8.648494802000073], [-71.96461674599988, 8.635809584000128], [-71.9627136819999, 8.637842640000144], [-71.95891152199988, 8.636544626000045], [-71.95744743599982, 8.632819559000097], [-71.96408569199991, 8.630105462000131], [-71.96479369699995, 8.626110377000089], [-71.95869444399995, 8.623844360000078], [-71.95917542299998, 8.617513221000024], [-71.95844940699993, 8.619307258000049], [-71.95315116999996, 8.616003216000024], [-71.94937903199997, 8.618511290000072], [-71.94262974199995, 8.615884274000166], [-71.9392106219999, 8.61919036300003], [-71.93353238299994, 8.617586356000118], [-71.92385305699992, 8.630435685], [-71.91505770999999, 8.632341774999986], [-71.90857450399994, 8.642625030000033], [-71.89032680199995, 8.649329269000077], [-71.88887777399992, 8.65516240400018], [-71.8725181719999, 8.665597715000047], [-71.86937008099994, 8.673216899000181], [-71.8651079199999, 8.676121986000112], [-71.79234675699996, 8.676653084], [-71.70167828399991, 8.677314888000069], [-71.67335474099997, 8.705722790000095], [-71.675871, 8.711372000000154], [-71.682203, 8.714711], [-71.68408099999982, 8.729556000000116], [-71.689659, 8.726355000000126], [-71.691238, 8.735858000000178], [-71.696085, 8.735169], [-71.6977619999999, 8.737864], [-71.693074, 8.749165], [-71.697466, 8.757972], [-71.690289, 8.760994], [-71.68896399999988, 8.771273000000122], [-71.686815, 8.773132000000146], [-71.68038899999988, 8.77156], [-71.678756, 8.775837000000138], [-71.683197, 8.781337], [-71.67813899999987, 8.783677], [-71.681476, 8.785986], [-71.683189, 8.796877000000165], [-71.688631, 8.799238000000116], [-71.683025, 8.814652]]]}}, {"type": "Feature", "properties": {"parroquia": "Potreritos", "municipio": "La Cañada de Urdaneta", "estado": "Zulia", "pcode": "VE230905", "estado_pcode": "VE23", "municipio_pcode": "VE2309", "center_lat": 10.21955735, "center_lon": -71.95259567, "area_sqkm": 589.99780567}, "geometry": {"type": "Polygon", "coordinates": [[[-71.98169605699997, 10.082753338000032], [-71.95746610799995, 10.099357291000103], [-71.95514003999995, 10.103858420000108], [-71.95200090299994, 10.10162638300011], [-71.94452462099997, 10.105621517000088], [-71.93478623099986, 10.106258595000043], [-71.90295202999994, 10.122157173000062], [-71.88899965299998, 10.15246296800018], [-71.88279146099995, 10.161516217000042], [-71.87276007899993, 10.165247369000042], [-71.86500683699995, 10.17753869600017], [-71.85765266499999, 10.198192234000032], [-71.84098907199996, 10.210359618999973], [-71.83883607899998, 10.225423988000045], [-71.82769875899987, 10.246345547000146], [-71.81940759199995, 10.272114213000066], [-71.80710115799985, 10.284102573000098], [-71.79196079799982, 10.324152608000134], [-71.76373605499998, 10.353572593000138], [-72.019605, 10.305673], [-72.021644, 10.306253], [-72.019253, 10.314454], [-72.030845, 10.324427000000128], [-72.028039, 10.329909], [-72.03370199999989, 10.328549000000123], [-72.042591, 10.332685], [-72.04323099999988, 10.330588], [-72.04863399999982, 10.330234], [-72.049906, 10.33446000000015], [-72.051868, 10.329247000000123], [-72.055237, 10.330964], [-72.054505, 10.3270270000001], [-72.059511, 10.32997], [-72.059616, 10.327629000000172], [-72.056922, 10.327377000000126], [-72.060098, 10.325621000000126], [-72.058509, 10.324126], [-72.064125, 10.323637000000133], [-72.061373, 10.32004], [-72.071399, 10.313498], [-72.07443099999989, 10.308766000000162], [-72.075995, 10.317667000000142], [-72.078537, 10.318403000000103], [-72.08042499999988, 10.315168000000142], [-72.084743, 10.319320000000118], [-72.085254, 10.324971000000176], [-72.093019, 10.324356], [-72.096649, 10.326898], [-72.096079, 10.329138000000171], [-72.10165, 10.328764000000149], [-72.10216199999985, 10.331770000000176], [-72.104861, 10.330720000000156], [-72.11066199999988, 10.334994000000108], [-72.11506799999984, 10.331716000000142], [-72.113586, 10.334974], [-72.118896, 10.337558000000172], [-72.118764, 10.333590000000129], [-72.124459, 10.338508], [-72.129382, 10.335681], [-72.132307, 10.33862100000016], [-72.133416, 10.336769], [-72.139353, 10.337897000000112], [-71.9817299639999, 10.082808887999988], [-71.98169605699997, 10.082753338000032]]]}}, {"type": "Feature", "properties": {"parroquia": "El Danto", "municipio": "Lagunillas", "estado": "Zulia", "pcode": "VE231006", "estado_pcode": "VE23", "municipio_pcode": "VE2310", "center_lat": 10.2075205, "center_lon": -71.23845389, "area_sqkm": 59.53738154}, "geometry": {"type": "Polygon", "coordinates": [[[-71.261345, 10.184092], [-71.25618899999989, 10.18640100000016], [-71.2352029999999, 10.18526], [-71.222612, 10.165469], [-71.215297, 10.160494000000142], [-71.20600699999989, 10.165866000000165], [-71.201584, 10.175493000000188], [-71.192365, 10.161455], [-71.190617, 10.190020000000118], [-71.232481, 10.258287], [-71.28672160999986, 10.226855785000112], [-71.261345, 10.184092]]]}}, {"type": "Feature", "properties": {"parroquia": "Libertad", "municipio": "Lagunillas", "estado": "Zulia", "pcode": "VE231002", "estado_pcode": "VE23", "municipio_pcode": "VE2310", "center_lat": 10.2328725, "center_lon": -71.30975011, "area_sqkm": 39.26547536}, "geometry": {"type": "Polygon", "coordinates": [[[-71.232481, 10.258287], [-71.239219, 10.26935], [-71.25235699999985, 10.256567], [-71.29241999999988, 10.257849], [-71.305559, 10.254971000000182], [-71.3095, 10.250768], [-71.34290499999986, 10.233254], [-71.349304, 10.228737], [-71.35766210599996, 10.213664306000112], [-71.34348563999993, 10.20394160100011], [-71.34095148399996, 10.196330438000132], [-71.33636562599997, 10.19809108200019], [-71.334136, 10.203075], [-71.3305749999999, 10.201369000000113], [-71.28672160999986, 10.226855785000112], [-71.232481, 10.258287]]]}}, {"type": "Feature", "properties": {"parroquia": "Campo Lara", "municipio": "Lagunillas", "estado": "Zulia", "pcode": "VE231003", "estado_pcode": "VE23", "municipio_pcode": "VE2310", "center_lat": 10.1575975, "center_lon": -71.12443291, "area_sqkm": 177.5278645}, "geometry": {"type": "Polygon", "coordinates": [[[-71.10689, 10.097740000000158], [-71.101668, 10.101540000000114], [-71.10332, 10.107585], [-71.101367, 10.104074], [-71.099436, 10.107184000000132], [-71.097777, 10.105536], [-71.09388899999988, 10.106967000000111], [-71.096078, 10.111928], [-71.090446, 10.112236000000166], [-71.09438099999988, 10.114906], [-71.088069, 10.113135000000113], [-71.087323, 10.115932], [-71.0801019999999, 10.118671], [-71.080228, 10.1215830000001], [-71.08271899999988, 10.120688], [-71.078086, 10.128099], [-71.080701, 10.131032000000118], [-71.0784369999999, 10.133674], [-71.074364, 10.132627000000127], [-71.077325, 10.131423000000154], [-71.074336, 10.127885000000163], [-71.07139299999989, 10.129295000000127], [-71.067619, 10.138951], [-71.07376099999988, 10.141840000000172], [-71.068773, 10.143013], [-71.066852, 10.146581], [-71.070908, 10.146575], [-71.069791, 10.152706], [-71.066655, 10.156058], [-71.06065199999989, 10.1556], [-71.0587349999999, 10.161458000000152], [-71.044722, 10.164726], [-71.04574, 10.168692], [-71.040185, 10.171155000000113], [-71.03894899999989, 10.174947000000145], [-71.041933, 10.177844], [-71.0411, 10.180823000000146], [-71.035641, 10.180767000000117], [-71.025523, 10.168969], [-71.01857499999983, 10.17182], [-71.018992, 10.175761], [-71.024654, 10.179431], [-71.03305, 10.190703], [-71.031417, 10.199587000000122], [-71.034966, 10.207512], [-71.033824, 10.212957], [-71.021686, 10.225163000000123], [-71.034106, 10.238044000000116], [-71.190617, 10.190020000000118], [-71.192365, 10.161455], [-71.134717, 10.076584], [-71.124888, 10.086171], [-71.10689, 10.097740000000158]]]}}, {"type": "Feature", "properties": {"parroquia": "Eleazar López Contreras", "municipio": "Lagunillas", "estado": "Zulia", "pcode": "VE231004", "estado_pcode": "VE23", "municipio_pcode": "VE2310", "center_lat": 10.327156, "center_lon": -71.0859405, "area_sqkm": 469.77312915}, "geometry": {"type": "Polygon", "coordinates": [[[-70.81890775299985, 10.464189157000078], [-70.83271220099994, 10.46251204500004], [-70.84285755999991, 10.452555735000146], [-70.85224398999986, 10.458508823000102], [-70.86313445799988, 10.460989818000144], [-70.86904064199996, 10.451910558000122], [-70.87907395699995, 10.449294660000078], [-70.982556, 10.385705], [-71.148714, 10.384635000000117], [-71.150363, 10.38271600000013], [-71.147214, 10.371458000000189], [-71.150684, 10.369472], [-71.15969699999988, 10.372966], [-71.16076999999984, 10.367112000000134], [-71.1658159999999, 10.365300000000104], [-71.171013, 10.342847], [-71.174883, 10.342523], [-71.17981, 10.332188], [-71.193118, 10.322329], [-71.192194, 10.31905200000017], [-71.19855399999989, 10.299935000000119], [-71.205242, 10.299034000000177], [-71.20491, 10.289315000000158], [-71.210051, 10.287686], [-71.21258099999989, 10.28205], [-71.220143, 10.278698000000134], [-71.220863, 10.274297000000104], [-71.22498699999983, 10.274404000000118], [-71.235931, 10.267063], [-71.236804, 10.269719], [-71.239219, 10.26935], [-71.232481, 10.258287], [-71.190617, 10.190020000000118], [-71.034106, 10.238044000000116], [-71.0372119999999, 10.24169000000012], [-71.035715, 10.251498], [-71.031219, 10.256417], [-71.03223899999983, 10.262766000000113], [-71.029049, 10.261421], [-71.0226229999999, 10.265281], [-71.020841, 10.263081], [-71.014126, 10.274720000000116], [-71.006701, 10.272253], [-71.00734199999988, 10.278157000000135], [-71.01238499999988, 10.279231000000152], [-71.010976, 10.282583], [-71.014928, 10.286353], [-71.015186, 10.2919720000001], [-71.010773, 10.295518], [-71.00725299999988, 10.294416000000126], [-71.00895999999989, 10.301792], [-71.000795, 10.304333], [-70.996531, 10.309466000000157], [-70.987005, 10.325183000000152], [-70.986329, 10.335346], [-70.971694, 10.347054000000185], [-70.967672, 10.354394000000127], [-70.969502, 10.356579000000124], [-70.967548, 10.364406], [-70.962749, 10.367336], [-70.959041, 10.363769000000104], [-70.956475, 10.373915], [-70.950723, 10.376866000000177], [-70.953245, 10.380729], [-70.94844999999987, 10.38969800000018], [-70.945583, 10.384595], [-70.936427, 10.383474000000149], [-70.933938, 10.376994], [-70.92558099999985, 10.372729], [-70.904213, 10.38063], [-70.89307, 10.389356000000134], [-70.884509, 10.404656], [-70.872408, 10.407431000000145], [-70.85399199999989, 10.427806], [-70.849015, 10.427773000000116], [-70.841231, 10.432762], [-70.836964, 10.442811], [-70.821057, 10.456071000000122], [-70.81890775299985, 10.464189157000078]]]}}, {"type": "Feature", "properties": {"parroquia": "Venezuela", "municipio": "Lagunillas", "estado": "Zulia", "pcode": "VE231005", "estado_pcode": "VE23", "municipio_pcode": "VE2310", "center_lat": 10.09992371, "center_lon": -71.20081875, "area_sqkm": 161.29350182}, "geometry": {"type": "Polygon", "coordinates": [[[-71.192365, 10.161455], [-71.201584, 10.175493000000188], [-71.20600699999989, 10.165866000000165], [-71.215297, 10.160494000000142], [-71.222612, 10.165469], [-71.2352029999999, 10.18526], [-71.25618899999989, 10.18640100000016], [-71.261345, 10.184092], [-71.280965, 10.181174], [-71.286992, 10.177705], [-71.298774, 10.180736], [-71.30389467999993, 10.176950695000073], [-71.28392590999982, 10.159670924000068], [-71.25745353999991, 10.116050052000048], [-71.23857047399991, 10.070348098000181], [-71.23571320999991, 10.047678575000077], [-71.23726922299988, 10.038795354], [-71.2249835849999, 10.018945959000177], [-71.22973376199991, 10.014448822000134], [-71.22648408999999, 10.015428073000066], [-71.175417, 10.047269], [-71.134717, 10.076584], [-71.192365, 10.161455]]]}}, {"type": "Feature", "properties": {"parroquia": "Libertad", "municipio": "Machiques de Perija", "estado": "Zulia", "pcode": "VE231101", "estado_pcode": "VE23", "municipio_pcode": "VE2311", "center_lat": 9.88970353, "center_lon": -72.74140271, "area_sqkm": 3883.87901984}, "geometry": {"type": "Polygon", "coordinates": [[[-72.496007, 10.222939000000167], [-72.513769, 10.22395900000015], [-72.527254, 10.235303000000158], [-72.543409, 10.235867], [-72.556832, 10.245670000000132], [-72.578313, 10.196493], [-72.580348, 10.196114], [-72.611277, 10.213038], [-72.61208, 10.219122], [-72.607804, 10.228800000000149], [-72.60974099999987, 10.230340000000183], [-72.603087, 10.232018], [-72.60626, 10.233033], [-72.609004, 10.238313000000119], [-72.639341, 10.25517], [-72.6442229999999, 10.263506], [-72.660367, 10.264796], [-72.675352, 10.271875], [-72.683977, 10.285150000000158], [-72.691302, 10.29009], [-72.685185, 10.300908000000106], [-72.68475099999989, 10.306316000000152], [-72.752685, 10.308624000000123], [-72.754372, 10.31348], [-72.759606, 10.31747600000017], [-72.769802, 10.319335000000137], [-72.79236599999984, 10.316003000000137], [-72.792729, 10.318433000000141], [-72.7959, 10.317074000000105], [-72.816801, 10.325587000000155], [-72.821916, 10.334517], [-72.832211, 10.338657000000126], [-72.842814, 10.337487000000124], [-72.8493069999999, 10.345526], [-72.854872, 10.347525], [-72.864697, 10.357019], [-72.87046099999986, 10.357547], [-72.89258199999989, 10.351447], [-72.898493, 10.354135], [-72.90646926699998, 10.351949640000043], [-72.90786694399998, 10.343931947000044], [-72.90470977099989, 10.335432992], [-72.9064639159999, 10.323175371], [-72.89609926799994, 10.311066684000082], [-72.90045577599989, 10.302129036999986], [-72.90002057399994, 10.291593737000142], [-72.9060358509999, 10.285844958000098], [-72.90359928299995, 10.279220539999983], [-72.90698763599988, 10.267970448000142], [-72.90070585499996, 10.248306583000044], [-72.90308531799997, 10.243166945000041], [-72.90299013699996, 10.228528504000053], [-72.89719971899996, 10.217923246000112], [-72.89966841199993, 10.208673089000058], [-72.90927548299999, 10.20513364500016], [-72.90820472999997, 10.175568839000164], [-72.91704391199988, 10.160959173000151], [-72.92199905899997, 10.13795699800005], [-72.91149246199996, 10.112440516], [-72.91322946799994, 10.109870699999988], [-72.91682245699997, 10.110989045999986], [-72.92198588799988, 10.1083240480001], [-72.92574543599989, 10.092191304000039], [-72.93266966699997, 10.087479970000118], [-72.93547743199991, 10.081745468000122], [-72.94011737999995, 10.082483104000062], [-72.94470974099988, 10.071371021000175], [-72.9489225769999, 10.069932635000157], [-72.95085588899991, 10.066155241000104], [-72.95469276899996, 10.066006524000102], [-72.95501994399996, 10.057351236000045], [-72.95898222299996, 10.053171713000154], [-72.95441365499994, 10.045557438000117], [-72.95290626999991, 10.026789439000083], [-72.96319743499993, 10.017450054000108], [-72.96118203499998, 10.006929266000043], [-72.9670497859999, 9.99589332700009], [-72.97555160099984, 9.992660432000037], [-72.97576099299994, 9.988091868000026], [-72.98421283599998, 9.97451942400005], [-72.98059605499992, 9.958910157000048], [-72.98655422799999, 9.955426629000101], [-72.9888956179999, 9.941611476000048], [-72.99408283799994, 9.936329076000106], [-72.99915109499989, 9.922670967000045], [-72.99439217299994, 9.919530077000047], [-72.99336900499992, 9.915770529000042], [-72.98154308299996, 9.9162702160001], [-72.9857547289999, 9.913367273000176], [-72.98363700899995, 9.907133085], [-72.98870525999996, 9.898590820000095], [-72.97721246299994, 9.889001592], [-72.97821183799994, 9.886503158000096], [-72.99008534699993, 9.881696648000116], [-72.99296449499997, 9.876366657000062], [-72.97209424299996, 9.868058766000047], [-72.97094615399999, 9.854668350000054], [-72.95029243099992, 9.849171796000178], [-72.94353714199991, 9.843127966000168], [-72.94567865699992, 9.837488641000107], [-72.95092536899989, 9.835454202000108], [-72.95031860499995, 9.831135480000171], [-72.95631484799998, 9.827316446000168], [-72.95713576099996, 9.82117743800012], [-72.96609443299991, 9.817751015], [-72.97451772499988, 9.803260095000041], [-72.98786649999994, 9.794087273000116], [-73.00171496399992, 9.765676509000059], [-73.00303556499995, 9.761107944000173], [-73.00028728699994, 9.758966429000168], [-73.00489154499996, 9.752256348000174], [-73.00585522599994, 9.741227546000175], [-73.01149454899996, 9.735017153000115], [-73.01702679599993, 9.734196241000063], [-73.01977507299995, 9.727057856000158], [-73.02814889299992, 9.718692514000054], [-73.02784144499998, 9.71420876700006], [-73.03419460599986, 9.710354042000063], [-73.03587212699983, 9.700752916000056], [-73.04008377299988, 9.699360931000115], [-73.04583017099998, 9.68833212900006], [-73.05507437699993, 9.67826701100006], [-73.06114200299999, 9.659754803000112], [-73.05814388099998, 9.651045974000112], [-73.06057093099997, 9.650189368000099], [-73.07698921299988, 9.620350927000118], [-73.07756028399996, 9.610928263000119], [-73.0677093139999, 9.606787999000062], [-73.07413385999996, 9.601220061000163], [-73.08127224299989, 9.58565838900006], [-73.08541250499997, 9.568954571000177], [-73.08412759599997, 9.557390392000173], [-73.10154525099995, 9.557104853999988], [-73.11053961199997, 9.55367843], [-73.12688389699991, 9.555239669000116], [-73.14508140699996, 9.542881792], [-73.14808133999992, 9.536510010000029], [-73.107309, 9.511137000000133], [-73.088719, 9.503341], [-73.073556, 9.488443], [-73.06758199999985, 9.486518000000103], [-73.04874, 9.486685], [-73.031736, 9.498336], [-73.023463, 9.498208], [-73.012894, 9.496211], [-73.011516, 9.493441], [-72.995892, 9.487242000000151], [-72.978888, 9.484688], [-72.969239, 9.479499], [-72.954995, 9.463699000000133], [-72.954077, 9.45727], [-72.95821299999989, 9.45091900000017], [-72.960973, 9.436297], [-72.953035, 9.421680000000151], [-72.743323, 9.669385], [-72.734885, 9.664475], [-72.73023499999988, 9.667064], [-72.72484999999983, 9.664243000000113], [-72.72530499999982, 9.668446], [-72.72251, 9.667701], [-72.7223259999999, 9.670062], [-72.70948, 9.664784000000111], [-72.589323, 9.766955], [-72.57250599999986, 9.765914000000123], [-72.55841, 9.768984000000103], [-72.549814, 9.76654400000018], [-72.53352599999988, 9.768947], [-72.511357, 9.750144], [-72.497094, 10.080481000000134], [-72.496007, 10.222939000000167]]]}}, {"type": "Feature", "properties": {"parroquia": "Bartolomé de las Casas", "municipio": "Machiques de Perija", "estado": "Zulia", "pcode": "VE231102", "estado_pcode": "VE23", "municipio_pcode": "VE2311", "center_lat": 9.854142, "center_lon": -72.41013608, "area_sqkm": 1455.60150508}, "geometry": {"type": "Polygon", "coordinates": [[[-72.35193299999986, 10.069078], [-72.35014699999988, 10.073197000000164], [-72.35142499999984, 10.074717], [-72.353526, 10.071024000000136], [-72.355652, 10.071553], [-72.353736, 10.076640000000111], [-72.355086, 10.078938], [-72.354665, 10.076037000000156], [-72.359518, 10.076387000000125], [-72.363127, 10.079048], [-72.363285, 10.083817000000124], [-72.364398, 10.081050000000118], [-72.366705, 10.083547000000124], [-72.367668, 10.081176], [-72.37096899999989, 10.082195000000183], [-72.372235, 10.090324], [-72.37517899999989, 10.091791000000114], [-72.373616, 10.087251], [-72.378654, 10.088995], [-72.378214, 10.09389700000014], [-72.383105, 10.093002000000126], [-72.38073, 10.10350000000011], [-72.389919, 10.10719500000016], [-72.390213, 10.114891], [-72.397008, 10.121152000000109], [-72.39949599999989, 10.128125000000125], [-72.405344, 10.127895], [-72.409588, 10.133024], [-72.412749, 10.133089000000155], [-72.41478099999989, 10.1378610000001], [-72.421967, 10.141174000000149], [-72.420416, 10.145474], [-72.423629, 10.14730800000018], [-72.423335, 10.153152], [-72.426671, 10.156733], [-72.430722, 10.155979000000116], [-72.430325, 10.159847], [-72.435922, 10.16120700000016], [-72.4319789999999, 10.170925], [-72.434178, 10.174568], [-72.43172, 10.176124000000186], [-72.436128, 10.175871], [-72.438624, 10.180544000000111], [-72.44144199999988, 10.176914000000181], [-72.446082, 10.180679000000112], [-72.449276, 10.180031000000156], [-72.449551, 10.182487000000151], [-72.452598, 10.181335], [-72.453779, 10.183822000000134], [-72.45555899999988, 10.182024], [-72.45844, 10.194162000000176], [-72.461325, 10.195772000000147], [-72.461628, 10.202572], [-72.466615, 10.203528], [-72.46758199999982, 10.2111], [-72.464649, 10.214755000000139], [-72.469453, 10.213162000000125], [-72.469894, 10.215799], [-72.47206, 10.214776], [-72.471413, 10.218970000000184], [-72.47550299999989, 10.219066000000169], [-72.475496, 10.217319], [-72.481013, 10.221473000000174], [-72.496007, 10.222939000000167], [-72.497094, 10.080481000000134], [-72.511357, 9.750144], [-72.504102, 9.756088000000148], [-72.498847, 9.767461], [-72.489386, 9.761586000000136], [-72.487309, 9.751802], [-72.480151, 9.740787000000125], [-72.464244, 9.721451], [-72.45393, 9.714881], [-72.44105699999989, 9.696381], [-72.432588, 9.69156500000014], [-72.41332199999988, 9.68602], [-72.402058, 9.686331000000166], [-72.392988, 9.68033300000019], [-72.382577, 9.68267], [-72.37461999999982, 9.675549000000103], [-72.36576699999989, 9.672255], [-72.31398599999989, 9.658349], [-72.29052, 9.659047], [-72.280695, 9.650630000000149], [-72.27800099999985, 9.641373], [-72.27150999999986, 9.632479], [-72.260917, 9.627463000000148], [-72.25446, 9.620222], [-72.242223, 9.619183], [-72.235331, 9.608845000000144], [-72.232647, 9.59704], [-72.215008, 9.578313], [-72.213841, 9.580751], [-72.20928, 9.576896], [-72.200031, 9.575383000000102], [-72.200317, 9.58105], [-72.1965019999999, 9.582308], [-72.197357, 9.58602100000013], [-72.194944, 9.589682], [-72.19661999999988, 9.595182000000136], [-72.193411, 9.601554000000135], [-72.186146, 9.598722000000123], [-72.1870019999999, 9.594335], [-72.184953, 9.592395000000124], [-72.179917, 9.590584], [-72.17409199999986, 9.592564], [-72.169971, 9.588913000000161], [-72.165565, 9.596302], [-72.157442, 9.593313], [-72.15942499999989, 9.600165000000175], [-72.157745, 9.602169], [-72.147885, 9.599028], [-72.142989, 9.593292], [-72.139294, 9.599667000000181], [-72.143371, 9.604076], [-72.14214599999985, 9.608924000000115], [-72.139015, 9.608021000000178], [-72.132555, 9.6128250000001], [-72.127512, 9.605186000000117], [-72.124335, 9.608849000000134], [-72.118598, 9.610208000000114], [-72.114385, 9.606281], [-72.10816099999988, 9.607550000000117], [-72.104767, 9.60515700000019], [-72.10475, 9.60183], [-72.100519, 9.603342000000112], [-72.08787999999987, 9.600121], [-72.088846, 9.5899280000001], [-72.08084, 9.582325], [-72.07920799999988, 9.58467300000018], [-72.081086, 9.58971200000019], [-72.07636, 9.584732], [-72.06889199999989, 9.582771], [-72.066564, 9.571539], [-72.061326, 9.57512], [-72.04376, 9.577381], [-72.035509, 9.575905000000148], [-72.03043699999984, 9.571133], [-72.0159579999999, 9.565532], [-72.023071, 9.557169000000158], [-72.028057, 9.52649200000019], [-72.02490299999988, 9.520931000000132], [-72.007373, 9.515941], [-72.004419, 9.503953], [-71.99437199999988, 9.502284], [-71.989253, 9.49637], [-71.973735, 9.490809], [-71.95541235099984, 9.507932273000108], [-71.95468934299998, 9.510123839000073], [-71.96024557199996, 9.510324812000079], [-71.96113758299998, 9.506871734000185], [-71.9630916729999, 9.508789757000159], [-71.96203961099991, 9.505435691000116], [-71.96535774099993, 9.504467655000155], [-71.96534371799999, 9.500845563000098], [-71.96731482799993, 9.505170656000132], [-71.97333404499994, 9.500927524000076], [-71.9934949119999, 9.508890577000159], [-71.996003, 9.506559518000131], [-72.00147623599992, 9.508468521000054], [-71.99935214499993, 9.508868547000134], [-72.00173626599985, 9.512348615000121], [-71.99955718399985, 9.514207667000107], [-71.99728007199991, 9.510918612000182], [-71.98856874599988, 9.514791747000118], [-71.98652961499994, 9.506385565000187], [-71.98281945399998, 9.504677557000093], [-71.97588118999994, 9.507880661000115], [-71.96778292999994, 9.519401975000164], [-71.96115164799988, 9.51744097], [-71.96789099699998, 9.530061213000181], [-71.96652495699993, 9.532834283000113], [-71.97076715199995, 9.537285360000055], [-71.97233828399999, 9.546798556000056], [-71.98070868399998, 9.557100741000113], [-71.97616853499983, 9.562581899000122], [-71.97770260699991, 9.564277929000127], [-71.98145275899998, 9.565594934000103], [-71.98644191999995, 9.557904730000075], [-71.99083409999992, 9.558822723000105], [-71.99601228599983, 9.554156583000065], [-72.00830479699994, 9.556669569000121], [-72.00792487399997, 9.571256905000041], [-72.00503578099989, 9.575750017000018], [-71.99671447899993, 9.580809189000092], [-71.99058017199997, 9.572675036000078], [-71.98436596699997, 9.579145222000022], [-71.98287894899994, 9.587170404], [-71.99171336099994, 9.5960425560001], [-71.98711317099998, 9.595174560999965], [-71.97934480299989, 9.58633141000007], [-71.96393295099989, 9.548235648000173], [-71.96499594799991, 9.541157473000055], [-71.95982074199998, 9.541834524000024], [-71.93162438999997, 9.508817945000033], [-71.95392946999988, 9.537133458000085], [-71.96498102899983, 9.555533797000123], [-71.96704831499989, 9.589205545000084], [-71.97499975299985, 9.607629919999965], [-71.98736537599996, 9.626787281000134], [-72.02387414299994, 9.672710102000053], [-72.09032429999996, 9.748755422000045], [-72.12004880799992, 9.795711304000122], [-72.12412302399997, 9.793157281000106], [-72.12965899999989, 9.789602], [-72.138567, 9.78845100000018], [-72.14511, 9.794731], [-72.15438, 9.79442], [-72.172086, 9.788972000000115], [-72.189037, 9.79609], [-72.19495099999983, 9.792445], [-72.202934, 9.793948], [-72.213186, 9.799974], [-72.213853, 9.805630000000122], [-72.220975, 9.812908000000107], [-72.234663, 9.813132], [-72.243823, 9.816585], [-72.258359, 9.816218000000106], [-72.25872299999986, 9.818231], [-72.284739, 9.827216], [-72.28683199999989, 9.831055], [-72.305215, 9.841124], [-72.3117519999999, 9.850272], [-72.316202, 9.864211000000182], [-72.341215, 9.878536], [-72.37096999999989, 9.884966], [-72.395993, 9.894882], [-72.399793, 9.899238], [-72.409093, 9.901331], [-72.41332099999988, 9.905083000000104], [-72.421306, 9.904033], [-72.430293, 9.909046000000103], [-72.453038, 9.906953000000101], [-72.460562, 9.913050000000112], [-72.478855, 9.911041000000125], [-72.490468, 9.906981000000144], [-72.41248399999984, 10.026457], [-72.35193299999986, 10.069078]]]}}, {"type": "Feature", "properties": {"parroquia": "Rio Negro", "municipio": "Machiques de Perija", "estado": "Zulia", "pcode": "VE231103", "estado_pcode": "VE23", "municipio_pcode": "VE2311", "center_lat": 9.5273545, "center_lon": -72.54587918, "area_sqkm": 2401.10700148}, "geometry": {"type": "Polygon", "coordinates": [[[-72.511357, 9.750144], [-72.53352599999988, 9.768947], [-72.549814, 9.76654400000018], [-72.55841, 9.768984000000103], [-72.57250599999986, 9.765914000000123], [-72.589323, 9.766955], [-72.70948, 9.664784000000111], [-72.7223259999999, 9.670062], [-72.72251, 9.667701], [-72.72530499999982, 9.668446], [-72.72484999999983, 9.664243000000113], [-72.73023499999988, 9.667064], [-72.734885, 9.664475], [-72.743323, 9.669385], [-72.953035, 9.421680000000151], [-72.94458999999983, 9.415186000000176], [-72.93819, 9.398129], [-72.939482, 9.387077], [-72.936152, 9.368809], [-72.969526, 9.33455000000015], [-72.9716, 9.321184], [-72.969711, 9.312433], [-72.95686, 9.301088000000107], [-72.9458929999999, 9.300792000000172], [-72.93672, 9.296654], [-72.935781, 9.293692000000135], [-72.932748, 9.293798], [-72.929727, 9.298478], [-72.924532, 9.289082], [-72.92175, 9.293204], [-72.91844099999986, 9.293340000000114], [-72.912547, 9.290468], [-72.90931999999987, 9.285247], [-72.90599, 9.2904860000001], [-72.900431, 9.288019], [-72.89956499999982, 9.294385], [-72.894055, 9.29869600000012], [-72.886379, 9.295067], [-72.881947, 9.296521], [-72.8823799999999, 9.29457900000017], [-72.878633, 9.299002], [-72.870622, 9.299151000000109], [-72.86801, 9.307771000000116], [-72.860353, 9.309864], [-72.859204, 9.314423], [-72.853288, 9.317504], [-72.853859, 9.320568], [-72.84858999999989, 9.320228000000156], [-72.847874, 9.323649], [-72.841763, 9.328089], [-72.83743299999986, 9.328988], [-72.839167, 9.327195000000188], [-72.837103, 9.325412], [-72.829833, 9.323932], [-72.824678, 9.325197], [-72.818728, 9.333970000000136], [-72.817211, 9.332658], [-72.814958, 9.334900000000175], [-72.812556, 9.332557000000122], [-72.811858, 9.340034], [-72.809085, 9.340156], [-72.808622, 9.346090000000174], [-72.803818, 9.353199], [-72.806513, 9.359505000000127], [-72.801407, 9.357282], [-72.798878, 9.363019], [-72.800854, 9.370951000000161], [-72.7977499999999, 9.37424900000019], [-72.79732399999989, 9.369671000000153], [-72.79399199999989, 9.369717], [-72.796, 9.367803], [-72.789592, 9.367061], [-72.789906, 9.370082], [-72.786957, 9.368051], [-72.785466, 9.370226], [-72.78824399999985, 9.371963], [-72.783385, 9.371133000000157], [-72.780353, 9.360958], [-72.772098, 9.365476000000115], [-72.768856, 9.371371000000124], [-72.760839, 9.371866], [-72.758752, 9.377683000000104], [-72.753302, 9.378979], [-72.750915, 9.383107], [-72.746067, 9.37764], [-72.745276, 9.380875], [-72.742663, 9.382667], [-72.74171, 9.380835000000161], [-72.73885699999988, 9.383988000000102], [-72.73734999999988, 9.379623], [-72.734618, 9.380432], [-72.736371, 9.377652], [-72.73297999999988, 9.379765], [-72.729753, 9.377696000000128], [-72.729053, 9.380056], [-72.726231, 9.376691000000108], [-72.720795, 9.377688], [-72.723018, 9.372601], [-72.720159, 9.372129000000143], [-72.71632299999987, 9.37404700000019], [-72.716976, 9.376806], [-72.710997, 9.374187], [-72.711982, 9.37868600000013], [-72.708638, 9.377400000000137], [-72.707976, 9.381182], [-72.701336, 9.383818], [-72.70215499999989, 9.385883], [-72.699094, 9.388215], [-72.697667, 9.385065], [-72.694814, 9.38746], [-72.692693, 9.385177], [-72.69132399999984, 9.386775000000114], [-72.690861, 9.384194], [-72.685861, 9.391879000000188], [-72.68362899999988, 9.390609], [-72.680621, 9.394936000000143], [-72.68175, 9.389605000000131], [-72.677482, 9.39355300000011], [-72.6794589999999, 9.389598], [-72.676435, 9.391608000000133], [-72.6761259999999, 9.388748], [-72.673872, 9.39271], [-72.670418, 9.389935], [-72.672018, 9.396041], [-72.666735, 9.393270000000143], [-72.669139, 9.390567000000146], [-72.661579, 9.389991000000123], [-72.657867, 9.394819], [-72.654254, 9.389570000000106], [-72.651087, 9.392249], [-72.649086, 9.391018], [-72.649143, 9.393999], [-72.64601599999986, 9.392157], [-72.6474, 9.390283000000125], [-72.6447639999999, 9.390378000000169], [-72.643159, 9.394391], [-72.64488199999982, 9.396501000000171], [-72.640253, 9.396488000000147], [-72.641948, 9.400138], [-72.638985, 9.398404], [-72.635789, 9.402622000000179], [-72.63126099999982, 9.402056], [-72.62855799999988, 9.407429], [-72.626997, 9.403593], [-72.630353, 9.396665], [-72.62419199999988, 9.401696000000129], [-72.622207, 9.399294000000111], [-72.615417, 9.399822000000142], [-72.61694699999987, 9.396476], [-72.620817, 9.396647000000144], [-72.620189, 9.39395700000017], [-72.613301, 9.39685], [-72.614126, 9.393982000000108], [-72.609471, 9.391263], [-72.6088319999999, 9.388136], [-72.607515, 9.391660000000172], [-72.604527, 9.388963000000103], [-72.606884, 9.386238000000105], [-72.60374499999989, 9.38308700000016], [-72.607287, 9.382281], [-72.603021, 9.380239], [-72.595696, 9.386746000000187], [-72.596648, 9.377313], [-72.591424, 9.379289000000142], [-72.594057, 9.373895], [-72.587307, 9.375017000000128], [-72.58729299999987, 9.371874000000162], [-72.5846, 9.371580000000165], [-72.582263, 9.381096], [-72.579223, 9.374707], [-72.575155, 9.380965], [-72.571701, 9.3764460000001], [-72.568816, 9.381068], [-72.563141, 9.376493], [-72.56626099999988, 9.375468000000183], [-72.563477, 9.372606000000133], [-72.558416, 9.374577000000158], [-72.554045, 9.371207], [-72.552119, 9.372750000000167], [-72.552106, 9.366166], [-72.544416, 9.368528], [-72.543994, 9.364823000000115], [-72.537815, 9.366548], [-72.537913, 9.369368000000122], [-72.534538, 9.36425000000014], [-72.529135, 9.369052], [-72.526922, 9.360645], [-72.527236, 9.367244], [-72.52260299999983, 9.36707], [-72.52352199999984, 9.363352], [-72.52069699999987, 9.364987], [-72.521211, 9.367796], [-72.51915799999989, 9.366313000000105], [-72.515829, 9.370785000000126], [-72.512757, 9.368343], [-72.512304, 9.372233], [-72.507928, 9.37563], [-72.5072009999999, 9.384021000000132], [-72.494872, 9.384336], [-72.48975599999989, 9.391598], [-72.489773, 9.397612], [-72.478574, 9.409571000000142], [-72.47658799999988, 9.41757], [-72.472906, 9.417432], [-72.470476, 9.42476900000014], [-72.467203, 9.423618], [-72.46608799999984, 9.4267], [-72.4620149999999, 9.427114000000188], [-72.46329, 9.434521000000188], [-72.458829, 9.428511000000128], [-72.44579, 9.42819800000018], [-72.446614, 9.422937], [-72.440538, 9.417992], [-72.4405589999999, 9.413975000000164], [-72.438622, 9.415340000000128], [-72.426161, 9.410869], [-72.423333, 9.414053], [-72.41775, 9.413741000000186], [-72.419132, 9.416189], [-72.413596, 9.419595000000129], [-72.409268, 9.416178], [-72.406854, 9.422641000000112], [-72.403786, 9.4208], [-72.402393, 9.423815], [-72.399914, 9.423577], [-72.398215, 9.422163000000126], [-72.40173999999985, 9.419389000000137], [-72.397765, 9.42055900000014], [-72.393881, 9.417782], [-72.392117, 9.420936], [-72.387489, 9.417635000000132], [-72.38999499999989, 9.414843], [-72.387932, 9.410632], [-72.382979, 9.411005000000102], [-72.386116, 9.405363000000136], [-72.38069999999982, 9.405532], [-72.37988499999989, 9.393671], [-72.374987, 9.395214], [-72.374413, 9.392371], [-72.371053, 9.39197700000011], [-72.369867, 9.394922], [-72.363811, 9.392615000000148], [-72.36459699999989, 9.396237000000156], [-72.362111, 9.398477], [-72.36376699999988, 9.400511000000108], [-72.35884499999986, 9.398289], [-72.360443, 9.409641], [-72.354885, 9.401938], [-72.356318, 9.409022000000164], [-72.35163199999982, 9.407442000000174], [-72.34912, 9.401856], [-72.346958, 9.411783000000185], [-72.33505, 9.406709], [-72.332594, 9.41028000000017], [-72.33460999999988, 9.414470000000108], [-72.32959, 9.411216], [-72.327754, 9.413889000000154], [-72.333743, 9.416495000000111], [-72.334206, 9.420325000000105], [-72.329148, 9.418517000000122], [-72.326825, 9.421147000000133], [-72.329711, 9.42354], [-72.321208, 9.422486], [-72.32025, 9.425039], [-72.326835, 9.426632], [-72.326384, 9.428539000000114], [-72.311386, 9.429494], [-72.3125, 9.433803000000125], [-72.308646, 9.43208], [-72.306762, 9.434592], [-72.310602, 9.43783], [-72.30565, 9.4383160000001], [-72.305307, 9.435151], [-72.301258, 9.443321], [-72.297096, 9.43655], [-72.29428499999989, 9.442716], [-72.291221, 9.441333], [-72.291894, 9.433985], [-72.286723, 9.432659000000115], [-72.288573, 9.428426], [-72.275097, 9.431965000000105], [-72.275807, 9.434715], [-72.271952, 9.436664], [-72.27803, 9.438628], [-72.271775, 9.438065000000165], [-72.2705509999999, 9.442410000000109], [-72.264848, 9.445332000000121], [-72.26738699999987, 9.451813], [-72.262499, 9.451518], [-72.262479, 9.448007000000132], [-72.259381, 9.456768], [-72.258207, 9.453928], [-72.255292, 9.45835], [-72.260197, 9.461720000000184], [-72.26292099999984, 9.460398], [-72.25696099999982, 9.466603], [-72.258993, 9.465697], [-72.262153, 9.471349], [-72.264309, 9.471865], [-72.26421899999985, 9.4684], [-72.265784, 9.470733], [-72.262486, 9.476993000000164], [-72.256135, 9.479987000000108], [-72.257782, 9.484455000000139], [-72.25214499999987, 9.486757000000182], [-72.25635099999988, 9.493321], [-72.252018, 9.492839000000117], [-72.252246, 9.496257000000128], [-72.248785, 9.494394], [-72.24871799999983, 9.4988], [-72.252777, 9.500064], [-72.2533509999999, 9.503113], [-72.249769, 9.504371], [-72.244666, 9.498936000000128], [-72.241855, 9.501315000000147], [-72.244533, 9.50400900000011], [-72.2428129999999, 9.50681800000018], [-72.236479, 9.508687000000123], [-72.237082, 9.512975000000154], [-72.231423, 9.511582], [-72.23386199999987, 9.516916], [-72.228514, 9.513181000000145], [-72.231188, 9.523036], [-72.226427, 9.52489700000018], [-72.228764, 9.528648], [-72.222763, 9.532122], [-72.223882, 9.53757800000011], [-72.221264, 9.54147], [-72.2193, 9.53829], [-72.21627299999983, 9.539361], [-72.217567, 9.547157], [-72.212474, 9.543259000000148], [-72.212096, 9.55026000000015], [-72.207692, 9.553656000000103], [-72.212751, 9.559712], [-72.211881, 9.56148400000012], [-72.22011299999986, 9.56339300000019], [-72.215008, 9.578313], [-72.232647, 9.59704], [-72.235331, 9.608845000000144], [-72.242223, 9.619183], [-72.25446, 9.620222], [-72.260917, 9.627463000000148], [-72.27150999999986, 9.632479], [-72.27800099999985, 9.641373], [-72.280695, 9.650630000000149], [-72.29052, 9.659047], [-72.31398599999989, 9.658349], [-72.36576699999989, 9.672255], [-72.37461999999982, 9.675549000000103], [-72.382577, 9.68267], [-72.392988, 9.68033300000019], [-72.402058, 9.686331000000166], [-72.41332199999988, 9.68602], [-72.432588, 9.69156500000014], [-72.44105699999989, 9.696381], [-72.45393, 9.714881], [-72.464244, 9.721451], [-72.480151, 9.740787000000125], [-72.487309, 9.751802], [-72.489386, 9.761586000000136], [-72.498847, 9.767461], [-72.504102, 9.756088000000148], [-72.511357, 9.750144]]]}}, {"type": "Feature", "properties": {"parroquia": "San José de Perija", "municipio": "Machiques de Perija", "estado": "Zulia", "pcode": "VE231104", "estado_pcode": "VE23", "municipio_pcode": "VE2311", "center_lat": 9.929304, "center_lon": -72.3222332, "area_sqkm": 599.11055257}, "geometry": {"type": "Polygon", "coordinates": [[[-72.290289, 10.043428000000176], [-72.293028, 10.045157], [-72.29026, 10.045497000000125], [-72.291884, 10.049072000000137], [-72.297775, 10.050032], [-72.29845299999988, 10.052351], [-72.301253, 10.051528000000133], [-72.301322, 10.046615], [-72.304149, 10.050174], [-72.32002399999988, 10.051873000000114], [-72.31801899999982, 10.054966], [-72.321668, 10.060265], [-72.325115, 10.05519900000013], [-72.32598399999989, 10.058384], [-72.330027, 10.055961000000138], [-72.329552, 10.059097], [-72.335021, 10.059887], [-72.335952, 10.06352900000013], [-72.338952, 10.058316000000104], [-72.340787, 10.061952], [-72.345224, 10.062339], [-72.346589, 10.069272000000126], [-72.35193299999986, 10.069078], [-72.41248399999984, 10.026457], [-72.490468, 9.906981000000144], [-72.478855, 9.911041000000125], [-72.460562, 9.913050000000112], [-72.453038, 9.906953000000101], [-72.430293, 9.909046000000103], [-72.421306, 9.904033], [-72.41332099999988, 9.905083000000104], [-72.409093, 9.901331], [-72.399793, 9.899238], [-72.395993, 9.894882], [-72.37096999999989, 9.884966], [-72.341215, 9.878536], [-72.316202, 9.864211000000182], [-72.3117519999999, 9.850272], [-72.305215, 9.841124], [-72.28683199999989, 9.831055], [-72.284739, 9.827216], [-72.25872299999986, 9.818231], [-72.258359, 9.816218000000106], [-72.243823, 9.816585], [-72.234663, 9.813132], [-72.220975, 9.812908000000107], [-72.213853, 9.805630000000122], [-72.213186, 9.799974], [-72.202934, 9.793948], [-72.19495099999983, 9.792445], [-72.189037, 9.79609], [-72.172086, 9.788972000000115], [-72.15438, 9.79442], [-72.14511, 9.794731], [-72.138567, 9.78845100000018], [-72.12965899999989, 9.789602], [-72.12412302399997, 9.793157281000106], [-72.12335594199999, 9.796882317000097], [-72.13195134699993, 9.805231451000111], [-72.13444750699995, 9.814956657999971], [-72.13111237499999, 9.814532672000098], [-72.12583418999998, 9.820380834000105], [-72.1284333399999, 9.826691966], [-72.12601730199992, 9.836630201000105], [-72.12401822699991, 9.838410260000046], [-72.12003605799993, 9.837135248000095], [-72.11989007499994, 9.839404306000063], [-72.11515285399992, 9.835147236000068], [-72.11044367199992, 9.836597291999965], [-72.11071584299998, 9.839083319000054], [-72.11986899999988, 9.844569], [-72.120864, 9.850731], [-72.117578, 9.85527500000012], [-72.12569799999989, 9.858541000000173], [-72.128161, 9.86577], [-72.126421, 9.869086000000152], [-72.132091, 9.876774000000125], [-72.12968499999982, 9.877732000000151], [-72.129217, 9.883883], [-72.13172999999989, 9.891410000000178], [-72.138141, 9.892395000000135], [-72.139284, 9.896515000000136], [-72.1456879999999, 9.899839], [-72.147395, 9.911502], [-72.15230799999989, 9.91704], [-72.16101199999986, 9.920576], [-72.17279, 9.932002], [-72.179427, 9.931952], [-72.17808499999984, 9.935862], [-72.18183799999986, 9.94143], [-72.186292, 9.944356], [-72.18828999999988, 9.94145], [-72.199959, 9.943816], [-72.206225, 9.940626], [-72.208377, 9.942904], [-72.21338, 9.94151200000016], [-72.21361, 9.944446], [-72.219664, 9.946946], [-72.218307, 9.948677], [-72.22052999999988, 9.951161], [-72.229433, 9.953065], [-72.228618, 9.955939000000114], [-72.231367, 9.954151], [-72.233709, 9.960304000000178], [-72.241295, 9.959603], [-72.243333, 9.962157000000161], [-72.24192, 9.965677], [-72.245797, 9.965831], [-72.244544, 9.969121000000143], [-72.255124, 9.971631000000173], [-72.264, 9.966447], [-72.268964, 9.969116], [-72.270162, 9.974245], [-72.27204199999983, 9.974207000000149], [-72.27012799999989, 9.979039], [-72.27244, 9.980972000000122], [-72.271896, 9.985886000000107], [-72.275103, 9.986342], [-72.273026, 9.991245000000163], [-72.279278, 9.995371], [-72.28104499999989, 10.006227], [-72.28809199999989, 10.012039], [-72.285141, 10.012431000000163], [-72.28696699999989, 10.015149000000179], [-72.28379799999988, 10.014561000000185], [-72.284892, 10.018221000000153], [-72.28916599999985, 10.016502], [-72.288621, 10.019640000000152], [-72.291733, 10.018532000000107], [-72.288364, 10.024491], [-72.288863, 10.031199000000129], [-72.283989, 10.032295], [-72.290289, 10.043428000000176]]]}}, {"type": "Feature", "properties": {"parroquia": "San Rafael", "municipio": "Mara", "estado": "Zulia", "pcode": "VE231201", "estado_pcode": "VE23", "municipio_pcode": "VE2312", "center_lat": 10.92880983, "center_lon": -71.75527931, "area_sqkm": 116.18618838}, "geometry": {"type": "Polygon", "coordinates": [[[-71.70855922299995, 10.86737992000019], [-71.71498444499997, 10.888808654], [-71.71800756699992, 10.889835660000074], [-71.71554547099993, 10.890657700000077], [-71.71883278199988, 10.915098274000115], [-71.7164587119999, 10.919031382000071], [-71.72017489199999, 10.923616472000049], [-71.7131607039999, 10.938094875000104], [-71.72234921699999, 10.957134279000172], [-71.73706290099994, 10.96866745900013], [-71.75514284799993, 10.992317446000015], [-71.780775, 10.971728000000155], [-71.77942399999989, 10.960827], [-71.790196, 10.952719000000116], [-71.79426099999989, 10.92728000000011], [-71.832428, 10.894948000000113], [-71.860959, 10.881731], [-71.873543, 10.874806000000149], [-71.781331, 10.875697000000173], [-71.759658, 10.875956], [-71.761864, 10.867352000000153], [-71.70855922299995, 10.86737992000019]]]}}, {"type": "Feature", "properties": {"parroquia": "La Sierrita", "municipio": "Mara", "estado": "Zulia", "pcode": "VE231202", "estado_pcode": "VE23", "municipio_pcode": "VE2312", "center_lat": 10.803631, "center_lon": -71.95334132, "area_sqkm": 386.20495031}, "geometry": {"type": "Polygon", "coordinates": [[[-71.860959, 10.881731], [-71.873591, 10.874780000000158], [-72.053833, 10.873064000000113], [-72.133455, 10.768049000000133], [-71.881453, 10.767309], [-71.81790199999983, 10.767305], [-71.782872, 10.839213], [-71.781331, 10.875697000000173], [-71.873543, 10.874806000000149], [-71.860959, 10.881731]]]}}, {"type": "Feature", "properties": {"parroquia": "Las Parcelas", "municipio": "Mara", "estado": "Zulia", "pcode": "VE231203", "estado_pcode": "VE23", "municipio_pcode": "VE2312", "center_lat": 10.959742, "center_lon": -71.88665934, "area_sqkm": 343.17963539}, "geometry": {"type": "Polygon", "coordinates": [[[-71.77529727599995, 11.00128311800006], [-71.796885, 11.005705], [-71.804108, 11.004841000000113], [-71.81437299999988, 10.99319300000019], [-71.82565099999988, 10.998303], [-71.843803, 10.9992850000001], [-71.846223, 11.006784], [-71.852384, 11.009956], [-71.852063, 11.021848], [-71.84852299999989, 11.03097200000019], [-71.857692, 11.040257000000167], [-71.871404, 11.047032000000115], [-71.882331, 11.044577000000174], [-71.8982539999999, 11.03556], [-71.9133379999999, 11.032199000000105], [-71.916185, 11.02460600000012], [-71.92149399999988, 11.022663000000136], [-71.931464, 11.010574000000133], [-71.930931, 11.000784000000124], [-71.934469, 10.995189000000153], [-71.946496, 10.988948000000107], [-71.952887, 10.992038], [-71.960237, 10.991882], [-71.95864299999988, 10.985544], [-71.963162, 10.97976], [-71.972154, 10.978382], [-71.974452, 10.976302], [-71.971871, 10.975525], [-71.974065, 10.970262], [-71.989394, 10.964191], [-71.99303, 10.960408], [-71.99454199999985, 10.952158], [-72.053833, 10.873064000000113], [-71.873591, 10.874780000000158], [-71.860959, 10.881731], [-71.832428, 10.894948000000113], [-71.79426099999989, 10.92728000000011], [-71.790196, 10.952719000000116], [-71.77942399999989, 10.960827], [-71.780775, 10.971728000000155], [-71.75514284799993, 10.992317446000015], [-71.76888836099994, 10.991935812000065], [-71.77546164599988, 10.99430382900016], [-71.78153993899991, 10.999943921000181], [-71.77529727599995, 11.00128311800006]]]}}, {"type": "Feature", "properties": {"parroquia": "Luis de Vicente", "municipio": "Mara", "estado": "Zulia", "pcode": "VE231204", "estado_pcode": "VE23", "municipio_pcode": "VE2312", "center_lat": 10.9853805, "center_lon": -72.24750193, "area_sqkm": 1116.18774927}, "geometry": {"type": "Polygon", "coordinates": [[[-71.929962, 11.082478000000151], [-71.945321, 11.078687000000173], [-71.95224, 11.086845000000153], [-71.95609799999988, 11.086875000000134], [-71.958718, 11.096165], [-71.96530999999987, 11.097715000000164], [-71.975827, 11.089345], [-71.978599, 11.092402], [-71.986941, 11.089148], [-71.992195, 11.083496], [-71.991694, 11.079589], [-71.99468, 11.075704], [-71.99025199999988, 11.070690000000184], [-71.998959, 11.063201000000163], [-71.99765799999983, 11.059783000000152], [-71.9998379999999, 11.05774], [-71.995805, 11.053856], [-71.997563, 11.046394], [-72.0010079999999, 11.04614], [-72.001602, 11.04324], [-72.00786999999985, 11.043447000000128], [-72.005395, 11.039054], [-72.00858299999987, 11.033910000000105], [-72.02045099999987, 11.037646000000109], [-72.019808, 11.044869000000176], [-72.022809, 11.046323], [-72.027555, 11.044047], [-72.027884, 11.048485], [-72.03077999999988, 11.047044], [-72.034522, 11.051866000000189], [-72.05166, 11.045493000000135], [-72.053341, 11.05171], [-72.059334, 11.05343900000014], [-72.05909499999984, 11.058507], [-72.06773, 11.058932], [-72.069801, 11.06778700000018], [-72.076449, 11.064585], [-72.073895, 11.070636], [-72.076326, 11.070204000000103], [-72.076497, 11.080547], [-72.07197599999989, 11.086], [-72.07312999999988, 11.088639000000114], [-72.07859699999989, 11.085894000000167], [-72.08375799999988, 11.087346], [-72.088977, 11.079188], [-72.09499199999988, 11.082361], [-72.097272, 11.073351000000116], [-72.101527, 11.076889000000108], [-72.105932, 11.07159700000011], [-72.115417, 11.077549], [-72.117159, 11.07262], [-72.121786, 11.075745], [-72.125331, 11.073066000000154], [-72.13402599999989, 11.081608], [-72.13172999999989, 11.085504], [-72.13452799999988, 11.088351], [-72.143834, 11.088317], [-72.142451, 11.083682000000124], [-72.137152, 11.081199], [-72.143274, 11.071528], [-72.144632, 11.079350000000147], [-72.15021, 11.07976900000017], [-72.14864099999988, 11.075639], [-72.1523509999999, 11.069451000000186], [-72.16433599999982, 11.077056], [-72.164435, 11.070956], [-72.16138299999989, 11.067535], [-72.16282, 11.065632], [-72.171704, 11.071445000000153], [-72.166068, 11.081163], [-72.17486, 11.086242], [-72.17766299999982, 11.085190000000182], [-72.173328, 11.090460000000121], [-72.177446, 11.093996000000118], [-72.18166, 11.093955000000108], [-72.18521299999986, 11.083523], [-72.1956239999999, 11.09147], [-72.20544499999983, 11.087718000000109], [-72.20524199999988, 11.080172000000118], [-72.200193, 11.082002], [-72.19759, 11.06848900000017], [-72.20382199999983, 11.063403000000164], [-72.21273599999984, 11.063114], [-72.215476, 11.053621], [-72.220381, 11.0565840000001], [-72.218356, 11.069954], [-72.223931, 11.074707], [-72.229259, 11.071431], [-72.235788, 11.07185], [-72.236841, 11.057745], [-72.250171, 11.064545000000123], [-72.249518, 11.070829000000174], [-72.252293, 11.075052000000142], [-72.25801699999988, 11.069598], [-72.262276, 11.070862], [-72.265649, 11.080797000000132], [-72.2799619999999, 11.073146000000179], [-72.290565, 11.077627], [-72.300358, 11.077954], [-72.312882, 11.084912], [-72.32198199999988, 11.083633000000134], [-72.340319, 11.088873], [-72.352314, 11.0895900000001], [-72.362899, 11.086969000000124], [-72.36388099999988, 11.090871], [-72.48334264199991, 11.05725540800006], [-72.49851940999997, 11.041312388000051], [-72.50504374799993, 11.03792611], [-72.50876451999994, 11.02273701700011], [-72.51759978899992, 11.019125429000098], [-72.51927160699995, 11.013691447000099], [-72.52605533199994, 11.011802876000047], [-72.52600174999992, 11.008233384000107], [-72.51888305899996, 11.000663659000054], [-72.5227991839999, 10.996111467000162], [-72.52713439899986, 10.996019424999986], [-72.53500489399994, 10.9874500950001], [-72.53818664099992, 10.980580939000163], [-72.5371471919999, 10.97491004], [-72.55014890399991, 10.952143978000151], [-72.55377450499998, 10.940203576000044], [-72.56335840599996, 10.927948684], [-72.57193990399992, 10.922646064000048], [-72.57336978899991, 10.918003924000175], [-72.150257, 10.920261], [-72.130495, 10.906304], [-72.097727, 10.89946700000013], [-72.06691699999982, 10.879011000000105], [-72.053833, 10.873064000000113], [-71.99454199999985, 10.952158], [-71.99303, 10.960408], [-71.989394, 10.964191], [-71.974065, 10.970262], [-71.971871, 10.975525], [-71.974452, 10.976302], [-71.972154, 10.978382], [-71.963162, 10.97976], [-71.95864299999988, 10.985544], [-71.960237, 10.991882], [-71.952887, 10.992038], [-71.946496, 10.988948000000107], [-71.934469, 10.995189000000153], [-71.930931, 11.000784000000124], [-71.931464, 11.010574000000133], [-71.92149399999988, 11.022663000000136], [-71.916185, 11.02460600000012], [-71.9133379999999, 11.032199000000105], [-71.8982539999999, 11.03556], [-71.882331, 11.044577000000174], [-71.871404, 11.047032000000115], [-71.872611, 11.05137400000018], [-71.879478, 11.051968000000102], [-71.881819, 11.055568000000108], [-71.894786, 11.049061000000108], [-71.897612, 11.057232000000113], [-71.909643, 11.066479000000129], [-71.922244, 11.067437000000155], [-71.92207099999985, 11.071262000000104], [-71.929962, 11.082478000000151]]]}}, {"type": "Feature", "properties": {"parroquia": "Monseñor Marcos Sergio Godoy", "municipio": "Mara", "estado": "Zulia", "pcode": "VE231205", "estado_pcode": "VE23", "municipio_pcode": "VE2312", "center_lat": 10.84467566, "center_lon": -72.36758809, "area_sqkm": 1005.50605728}, "geometry": {"type": "Polygon", "coordinates": [[[-72.053833, 10.873064000000113], [-72.06691699999982, 10.879011000000105], [-72.097727, 10.89946700000013], [-72.130495, 10.906304], [-72.150257, 10.920261], [-72.57336978899991, 10.918003924000175], [-72.57994376099992, 10.910753516000113], [-72.59367367199997, 10.905106370000055], [-72.6039085829999, 10.897485770000173], [-72.61251726399996, 10.8826426010001], [-72.62040500199998, 10.88700873700003], [-72.63853162299984, 10.884963368], [-72.64797635499997, 10.880428129], [-72.64980622699994, 10.866518763000045], [-72.65525823899992, 10.857856043000083], [-72.6588055819999, 10.857276094000099], [-72.65807485599998, 10.851079193000146], [-72.66337635899998, 10.83787046100008], [-72.66187032799996, 10.831174595999983], [-72.66864229599997, 10.822916889], [-72.67595459899997, 10.819420611000112], [-72.67539623399995, 10.806562547000112], [-72.68266425999991, 10.795846659], [-72.67819325599999, 10.783151374000056], [-72.68277394599994, 10.770002736000151], [-72.133455, 10.768049000000133], [-72.053833, 10.873064000000113]]]}}, {"type": "Feature", "properties": {"parroquia": "Ricaurte", "municipio": "Mara", "estado": "Zulia", "pcode": "VE231206", "estado_pcode": "VE23", "municipio_pcode": "VE2312", "center_lat": 10.80481637, "center_lon": -71.73822106, "area_sqkm": 107.97383815}, "geometry": {"type": "Polygon", "coordinates": [[[-71.781506, 10.767347], [-71.697078, 10.767762], [-71.65870513899995, 10.768014638000182], [-71.6663646799999, 10.776365254000098], [-71.67535816599991, 10.793834613000172], [-71.67778732599999, 10.803053819000013], [-71.6758402719999, 10.806578915000046], [-71.6962077199999, 10.841947036000136], [-71.782872, 10.839213], [-71.81790199999983, 10.767305], [-71.781506, 10.767347]]]}}, {"type": "Feature", "properties": {"parroquia": "Tamare", "municipio": "Mara", "estado": "Zulia", "pcode": "VE231207", "estado_pcode": "VE23", "municipio_pcode": "VE2312", "center_lat": 10.86242598, "center_lon": -71.74433913, "area_sqkm": 27.81039098}, "geometry": {"type": "Polygon", "coordinates": [[[-71.70855922299995, 10.86737992000019], [-71.761864, 10.867352000000153], [-71.759658, 10.875956], [-71.781331, 10.875697000000173], [-71.782872, 10.839213], [-71.6962077199999, 10.841947036000136], [-71.70855922299995, 10.86737992000019]]]}}, {"type": "Feature", "properties": {"parroquia": "Antonio Borjas Romero", "municipio": "Maracaibo", "estado": "Zulia", "pcode": "VE231301", "estado_pcode": "VE23", "municipio_pcode": "VE2313", "center_lat": 10.689947, "center_lon": -71.71698517, "area_sqkm": 26.14799046}, "geometry": {"type": "Polygon", "coordinates": [[[-71.76218599999987, 10.71322], [-71.74418599999984, 10.680016], [-71.71691, 10.668705000000159], [-71.697985, 10.663758], [-71.686452, 10.674606], [-71.677812, 10.687998], [-71.709143, 10.696038], [-71.733688, 10.712277], [-71.743408, 10.71613200000013], [-71.76218599999987, 10.71322]]]}}, {"type": "Feature", "properties": {"parroquia": "Bolívar", "municipio": "Maracaibo", "estado": "Zulia", "pcode": "VE231302", "estado_pcode": "VE23", "municipio_pcode": "VE2313", "center_lat": 10.6510285, "center_lon": -71.61074557, "area_sqkm": 3.01675045}, "geometry": {"type": "Polygon", "coordinates": [[[-71.59783168399986, 10.648061055000085], [-71.599391, 10.649744000000169], [-71.60429499999987, 10.642607000000112], [-71.60762599999987, 10.6437600000001], [-71.60653699999989, 10.650908], [-71.609454, 10.651995], [-71.607966, 10.65622100000013], [-71.61066199999988, 10.656129], [-71.610983, 10.665331], [-71.61865499999988, 10.663788], [-71.619348, 10.65565800000013], [-71.614273, 10.655909000000122], [-71.61371140599994, 10.638649646999966], [-71.60307713799989, 10.636729295000066], [-71.60189512099998, 10.64191642999998], [-71.59855398199994, 10.641801439000176], [-71.59783168399986, 10.648061055000085]]]}}, {"type": "Feature", "properties": {"parroquia": "Cacique Mara", "municipio": "Maracaibo", "estado": "Zulia", "pcode": "VE231303", "estado_pcode": "VE23", "municipio_pcode": "VE2313", "center_lat": 10.6536875, "center_lon": -71.64663123, "area_sqkm": 7.3897346}, "geometry": {"type": "Polygon", "coordinates": [[[-71.62219999999985, 10.638903], [-71.623552, 10.645968], [-71.62769499999985, 10.646339000000182], [-71.636194, 10.654672], [-71.637444, 10.661779000000138], [-71.650433, 10.670226], [-71.657874, 10.653744000000188], [-71.663713, 10.644134000000179], [-71.6459, 10.645280000000128], [-71.635216, 10.639148], [-71.62970399999989, 10.640351000000123], [-71.628771, 10.637121], [-71.62219999999985, 10.638903]]]}}, {"type": "Feature", "properties": {"parroquia": "Caracciolo Parra Perez", "municipio": "Maracaibo", "estado": "Zulia", "pcode": "VE231304", "estado_pcode": "VE23", "municipio_pcode": "VE2313", "center_lat": 10.6860885, "center_lon": -71.6614346, "area_sqkm": 5.21806508}, "geometry": {"type": "Polygon", "coordinates": [[[-71.677812, 10.687998], [-71.650433, 10.670226], [-71.646804, 10.682519], [-71.664291, 10.701755], [-71.677812, 10.687998]]]}}, {"type": "Feature", "properties": {"parroquia": "Cecilio Acosta", "municipio": "Maracaibo", "estado": "Zulia", "pcode": "VE231305", "estado_pcode": "VE23", "municipio_pcode": "VE2313", "center_lat": 10.6333415, "center_lon": -71.6485518, "area_sqkm": 6.19761883}, "geometry": {"type": "Polygon", "coordinates": [[[-71.642992, 10.629183000000182], [-71.628771, 10.637121], [-71.62970399999989, 10.640351000000123], [-71.635216, 10.639148], [-71.6459, 10.645280000000128], [-71.663713, 10.644134000000179], [-71.6638109999999, 10.621404], [-71.642992, 10.629183000000182]]]}}, {"type": "Feature", "properties": {"parroquia": "Cristo de Aranza", "municipio": "Maracaibo", "estado": "Zulia", "pcode": "VE231306", "estado_pcode": "VE23", "municipio_pcode": "VE2313", "center_lat": 10.61573176, "center_lon": -71.62099813, "area_sqkm": 11.54569537}, "geometry": {"type": "Polygon", "coordinates": [[[-71.61761256099999, 10.636437325999964], [-71.62219999999985, 10.638903], [-71.628771, 10.637121], [-71.642992, 10.629183000000182], [-71.629767, 10.60742], [-71.6285, 10.59588900000017], [-71.61923699999983, 10.59598], [-71.61380735299997, 10.592953248000128], [-71.61657642299997, 10.596734236000145], [-71.61315927899994, 10.596227249000037], [-71.6121542549999, 10.598105300000043], [-71.61434934499988, 10.599286313000164], [-71.61202525199997, 10.598286311000038], [-71.61136226299993, 10.604715464000037], [-71.60947017999996, 10.603952462000166], [-71.60918818799996, 10.60729854699997], [-71.60594306599995, 10.608048587000042], [-71.60590412299996, 10.61668278600007], [-71.61208040899999, 10.62176287800014], [-71.61419955099996, 10.630982084000152], [-71.61697667899995, 10.63193508900008], [-71.61752870899994, 10.634321145000115], [-71.61521962199987, 10.635156179000091], [-71.61856575699989, 10.634406139000077], [-71.61574364599988, 10.635328175000154], [-71.61761256099999, 10.636437325999964]]]}}, {"type": "Feature", "properties": {"parroquia": "Coquivacoa", "municipio": "Maracaibo", "estado": "Zulia", "pcode": "VE231307", "estado_pcode": "VE23", "municipio_pcode": "VE2313", "center_lat": 10.71204016, "center_lon": -71.6095876, "area_sqkm": 12.37440964}, "geometry": {"type": "MultiPolygon", "coordinates": [[[[-71.59830852599998, 10.690567359000056], [-71.59234708799994, 10.694297759], [-71.5933721479999, 10.698194835000038], [-71.58899600399985, 10.702907987000117], [-71.58205070899993, 10.701713998000173], [-71.59339322099999, 10.708742095], [-71.59535733999996, 10.713919206000185], [-71.59998654699996, 10.715844226000115], [-71.60462471599988, 10.713961148000067], [-71.60534076599998, 10.716512201000057], [-71.60046056499993, 10.716520238999976], [-71.62861621399986, 10.73602289500019], [-71.62781799999988, 10.73065], [-71.623478, 10.730234], [-71.62059, 10.725345000000175], [-71.6228339999999, 10.721599], [-71.625338, 10.69335400000017], [-71.599099, 10.688081000000125], [-71.59830852599998, 10.690567359000056]]], [[[-71.62340362699996, 10.734769525000047], [-71.6254617219999, 10.736349548000135], [-71.62062050099996, 10.731710471000042], [-71.62340362699996, 10.734769525000047]]]]}}, {"type": "Feature", "properties": {"parroquia": "Chiquinquira", "municipio": "Maracaibo", "estado": "Zulia", "pcode": "VE231308", "estado_pcode": "VE23", "municipio_pcode": "VE2313", "center_lat": 10.664664, "center_lon": -71.63089809, "area_sqkm": 11.93811469}, "geometry": {"type": "Polygon", "coordinates": [[[-71.621696, 10.676401], [-71.62702999999988, 10.674921], [-71.635071, 10.692761000000132], [-71.647249, 10.691365], [-71.646804, 10.682519], [-71.650433, 10.670226], [-71.637444, 10.661779000000138], [-71.636194, 10.654672], [-71.62769499999985, 10.646339000000182], [-71.623552, 10.645968], [-71.62219999999985, 10.638903], [-71.61761256099999, 10.636437325999964], [-71.61371140599994, 10.638649646999966], [-71.614273, 10.655909000000122], [-71.619348, 10.65565800000013], [-71.61865499999988, 10.663788], [-71.621696, 10.676401]]]}}, {"type": "Feature", "properties": {"parroquia": "Francisco Eugenio Bustamante", "municipio": "Maracaibo", "estado": "Zulia", "pcode": "VE231309", "estado_pcode": "VE23", "municipio_pcode": "VE2313", "center_lat": 10.6323695, "center_lon": -71.69121313, "area_sqkm": 47.71647488}, "geometry": {"type": "Polygon", "coordinates": [[[-71.663713, 10.644134000000179], [-71.657874, 10.653744000000188], [-71.66722499999986, 10.660287000000153], [-71.682643, 10.663443000000143], [-71.686452, 10.674606], [-71.697985, 10.663758], [-71.71691, 10.668705000000159], [-71.7192419999999, 10.659094], [-71.721057, 10.659540000000163], [-71.721395, 10.648835], [-71.7267839999999, 10.648294], [-71.716591, 10.631213], [-71.71676, 10.627839000000165], [-71.724559, 10.622647], [-71.73352099999983, 10.595533], [-71.70467, 10.590158], [-71.69958299999985, 10.597326], [-71.67351999999988, 10.609806], [-71.6638109999999, 10.621404], [-71.663713, 10.644134000000179]]]}}, {"type": "Feature", "properties": {"parroquia": "Idelfonso Vásquez", "municipio": "Maracaibo", "estado": "Zulia", "pcode": "VE231310", "estado_pcode": "VE23", "municipio_pcode": "VE2313", "center_lat": 10.7252965, "center_lon": -71.65962777, "area_sqkm": 42.24714068}, "geometry": {"type": "Polygon", "coordinates": [[[-71.62861621399986, 10.73602289500019], [-71.63037094899994, 10.738908579000054], [-71.63442911399994, 10.738905560000035], [-71.63243604399997, 10.740328605000116], [-71.65870513899995, 10.768014638000182], [-71.697078, 10.767762], [-71.698066, 10.762656000000163], [-71.691873, 10.737599000000102], [-71.69121699999988, 10.724025], [-71.68545499999982, 10.724888], [-71.664291, 10.701755], [-71.646804, 10.682519], [-71.647249, 10.691365], [-71.635071, 10.692761000000132], [-71.640344, 10.712937], [-71.628726, 10.722992], [-71.62781799999988, 10.73065], [-71.62861621399986, 10.73602289500019]]]}}, {"type": "Feature", "properties": {"parroquia": "Juana de Ávila", "municipio": "Maracaibo", "estado": "Zulia", "pcode": "VE231311", "estado_pcode": "VE23", "municipio_pcode": "VE2313", "center_lat": 10.70282, "center_lon": -71.63146225, "area_sqkm": 6.9038708}, "geometry": {"type": "Polygon", "coordinates": [[[-71.625338, 10.69335400000017], [-71.6228339999999, 10.721599], [-71.62059, 10.725345000000175], [-71.623478, 10.730234], [-71.62781799999988, 10.73065], [-71.628726, 10.722992], [-71.640344, 10.712937], [-71.635071, 10.692761000000132], [-71.62702999999988, 10.674921], [-71.621696, 10.676401], [-71.625338, 10.69335400000017]]]}}, {"type": "Feature", "properties": {"parroquia": "Luis Hurtado Higuera", "municipio": "Maracaibo", "estado": "Zulia", "pcode": "VE231312", "estado_pcode": "VE23", "municipio_pcode": "VE2313", "center_lat": 10.602654, "center_lon": -71.67109324, "area_sqkm": 13.51521441}, "geometry": {"type": "Polygon", "coordinates": [[[-71.650342, 10.583476], [-71.643244, 10.596027], [-71.654574, 10.603238], [-71.6638109999999, 10.621404], [-71.67351999999988, 10.609806], [-71.69958299999985, 10.597326], [-71.70467, 10.590158], [-71.674035, 10.584286], [-71.66172799999987, 10.587021], [-71.650342, 10.583476]]]}}, {"type": "Feature", "properties": {"parroquia": "Manuel Dagnino", "municipio": "Maracaibo", "estado": "Zulia", "pcode": "VE231313", "estado_pcode": "VE23", "municipio_pcode": "VE2313", "center_lat": 10.6119425, "center_lon": -71.64587975, "area_sqkm": 8.84607867}, "geometry": {"type": "Polygon", "coordinates": [[[-71.6285, 10.59588900000017], [-71.629767, 10.60742], [-71.642992, 10.629183000000182], [-71.6638109999999, 10.621404], [-71.654574, 10.603238], [-71.643244, 10.596027], [-71.6285, 10.59588900000017]]]}}, {"type": "Feature", "properties": {"parroquia": "Olegario Villalobos", "municipio": "Maracaibo", "estado": "Zulia", "pcode": "VE231314", "estado_pcode": "VE23", "municipio_pcode": "VE2313", "center_lat": 10.67784887, "center_lon": -71.60643129, "area_sqkm": 9.2440824}, "geometry": {"type": "Polygon", "coordinates": [[[-71.59830852599998, 10.690567359000056], [-71.599099, 10.688081000000125], [-71.625338, 10.69335400000017], [-71.621696, 10.676401], [-71.61865499999988, 10.663788], [-71.610983, 10.665331], [-71.59608899999989, 10.66802900000016], [-71.58852928099998, 10.662370506000059], [-71.58926476699997, 10.666774110000063], [-71.58660368599988, 10.669894207000027], [-71.59005684099998, 10.672471245999986], [-71.58797776699998, 10.674368296000125], [-71.59069089299993, 10.676665340000113], [-71.59101994999997, 10.68210746699998], [-71.59830852599998, 10.690567359000056]]]}}, {"type": "Feature", "properties": {"parroquia": "Raúl Leoni", "municipio": "Maracaibo", "estado": "Zulia", "pcode": "VE231315", "estado_pcode": "VE23", "municipio_pcode": "VE2313", "center_lat": 10.670826, "center_lon": -71.66843703, "area_sqkm": 8.11994971}, "geometry": {"type": "Polygon", "coordinates": [[[-71.677812, 10.687998], [-71.686452, 10.674606], [-71.682643, 10.663443000000143], [-71.66722499999986, 10.660287000000153], [-71.657874, 10.653744000000188], [-71.650433, 10.670226], [-71.677812, 10.687998]]]}}, {"type": "Feature", "properties": {"parroquia": "Santa Lucia", "municipio": "Maracaibo", "estado": "Zulia", "pcode": "VE231316", "estado_pcode": "VE23", "municipio_pcode": "VE2313", "center_lat": 10.6554745, "center_lon": -71.59944674, "area_sqkm": 4.29148549}, "geometry": {"type": "Polygon", "coordinates": [[[-71.59783168399986, 10.648061055000085], [-71.59378984499983, 10.650390686000037], [-71.58852928099998, 10.662370506000059], [-71.59608899999989, 10.66802900000016], [-71.610983, 10.665331], [-71.61066199999988, 10.656129], [-71.607966, 10.65622100000013], [-71.609454, 10.651995], [-71.60653699999989, 10.650908], [-71.60762599999987, 10.6437600000001], [-71.60429499999987, 10.642607000000112], [-71.599391, 10.649744000000169], [-71.59783168399986, 10.648061055000085]]]}}, {"type": "Feature", "properties": {"parroquia": "Venancio Pulgar", "municipio": "Maracaibo", "estado": "Zulia", "pcode": "VE231317", "estado_pcode": "VE23", "municipio_pcode": "VE2313", "center_lat": 10.727593, "center_lon": -71.73617052, "area_sqkm": 70.76307833}, "geometry": {"type": "Polygon", "coordinates": [[[-71.664291, 10.701755], [-71.68545499999982, 10.724888], [-71.69121699999988, 10.724025], [-71.691873, 10.737599000000102], [-71.698066, 10.762656000000163], [-71.697078, 10.767762], [-71.781506, 10.767347], [-71.7810889999999, 10.721863], [-71.76218599999987, 10.71322], [-71.743408, 10.71613200000013], [-71.733688, 10.712277], [-71.709143, 10.696038], [-71.677812, 10.687998], [-71.664291, 10.701755]]]}}, {"type": "Feature", "properties": {"parroquia": "San Isidro", "municipio": "Maracaibo", "estado": "Zulia", "pcode": "VE231318", "estado_pcode": "VE23", "municipio_pcode": "VE2313", "center_lat": 10.6588265, "center_lon": -71.75075216, "area_sqkm": 66.50480242}, "geometry": {"type": "Polygon", "coordinates": [[[-71.76218599999987, 10.71322], [-71.7810889999999, 10.721863], [-71.780378, 10.643587], [-71.78001099999989, 10.603116], [-71.73352099999983, 10.595533], [-71.724559, 10.622647], [-71.71676, 10.627839000000165], [-71.716591, 10.631213], [-71.7267839999999, 10.648294], [-71.721395, 10.648835], [-71.721057, 10.659540000000163], [-71.7192419999999, 10.659094], [-71.71691, 10.668705000000159], [-71.74418599999984, 10.680016], [-71.76218599999987, 10.71322]]]}}, {"type": "Feature", "properties": {"parroquia": "Altagracia", "municipio": "Miranda", "estado": "Zulia", "pcode": "VE231401", "estado_pcode": "VE23", "municipio_pcode": "VE2314", "center_lat": 10.72184437, "center_lon": -71.48801182, "area_sqkm": 68.55894466}, "geometry": {"type": "Polygon", "coordinates": [[[-71.47103861899996, 10.674216735000073], [-71.432179, 10.770791], [-71.514554, 10.751556000000107], [-71.53609091499993, 10.751443488000064], [-71.53514304199996, 10.739335228000073], [-71.52404146899994, 10.722942894000028], [-71.53098764599991, 10.705693439000186], [-71.52311351299988, 10.698842508999974], [-71.47103861899996, 10.674216735000073]]]}}, {"type": "Feature", "properties": {"parroquia": "Ana María Campos", "municipio": "Miranda", "estado": "Zulia", "pcode": "VE231402", "estado_pcode": "VE23", "municipio_pcode": "VE2314", "center_lat": 10.70845086, "center_lon": -71.33130873, "area_sqkm": 514.04474133}, "geometry": {"type": "Polygon", "coordinates": [[[-71.0970358589999, 10.736071069000104], [-71.200707, 10.699713000000145], [-71.218533, 10.72596300000015], [-71.225785, 10.729689], [-71.232096, 10.750099], [-71.23824, 10.754502000000173], [-71.237051, 10.767473000000109], [-71.23959, 10.778774], [-71.25044099999985, 10.781564000000174], [-71.26964299999986, 10.797055000000114], [-71.275658, 10.804462000000115], [-71.278818, 10.814884000000177], [-71.28546299999988, 10.818156], [-71.29928, 10.81524400000012], [-71.307554, 10.820676000000162], [-71.31665999999984, 10.821235], [-71.325813, 10.817482], [-71.342143, 10.815313000000174], [-71.347154, 10.801097], [-71.351906, 10.796296], [-71.385615, 10.777969], [-71.406026, 10.772649000000115], [-71.426191, 10.773032000000171], [-71.432179, 10.770791], [-71.47103861899996, 10.674216735000073], [-71.49702945299998, 10.609880320000173], [-71.460793, 10.617516], [-71.439346, 10.61463], [-71.430557, 10.611128], [-71.41928, 10.614614000000131], [-71.398941, 10.614006000000131], [-71.391706, 10.617747], [-71.38396999999986, 10.616048000000148], [-71.379459, 10.617725000000178], [-71.37531399999989, 10.608724], [-71.375293, 10.610871], [-71.36962, 10.610295], [-71.366756, 10.601538], [-71.366031, 10.605800000000102], [-71.35398299999986, 10.619817], [-71.343461, 10.609324000000129], [-71.34194799999989, 10.603794], [-71.33752, 10.603661], [-71.3375779999999, 10.594788], [-71.26801499999988, 10.67882], [-71.15980999999988, 10.679374], [-71.133384, 10.681289], [-71.09637316999988, 10.689314363000165], [-71.09508157499994, 10.692188967000163], [-71.08849931999998, 10.694610073000092], [-71.09102746999997, 10.70007018500013], [-71.08971543099995, 10.703529281000158], [-71.09363460099996, 10.703586253000083], [-71.09601772699995, 10.707969342000126], [-71.09249967099993, 10.721076686000117], [-71.09486082699982, 10.73085892000006], [-71.0970358589999, 10.736071069000104]]]}}, {"type": "Feature", "properties": {"parroquia": "Faria", "municipio": "Miranda", "estado": "Zulia", "pcode": "VE231403", "estado_pcode": "VE23", "municipio_pcode": "VE2314", "center_lat": 10.83740492, "center_lon": -71.31288481, "area_sqkm": 622.7572969}, "geometry": {"type": "MultiPolygon", "coordinates": [[[[-71.0970358589999, 10.736071069000104], [-71.0948148889999, 10.740332151000018], [-71.10084718899998, 10.74712526999997], [-71.09505398499988, 10.752166443000078], [-71.09935921199997, 10.759551595000062], [-71.09702317999995, 10.769975866999971], [-71.10126538199995, 10.772920905000092], [-71.10258046599995, 10.777425009000126], [-71.11312791699999, 10.7807130220001], [-71.12452948299995, 10.793784261000098], [-71.12947768099991, 10.793443222], [-71.13170183799991, 10.803200447000108], [-71.14162230699998, 10.810711572000116], [-71.14882559099993, 10.808732479000014], [-71.15275178399997, 10.813892574000022], [-71.1612701439999, 10.815135545000146], [-71.16872150099988, 10.823227698999972], [-71.17286066799994, 10.82271465499997], [-71.17688187799996, 10.82780576000016], [-71.18248812099995, 10.829739774000132], [-71.18793539399996, 10.837024912000174], [-71.19026754899994, 10.846004114000038], [-71.19510977899995, 10.849254170000052], [-71.20007804999995, 10.860284406000176], [-71.20119414199985, 10.86567752500008], [-71.19829404799998, 10.871242682], [-71.20395737299992, 10.883701953000184], [-71.20976463899996, 10.887582006000116], [-71.20939765899993, 10.892885145000093], [-71.21689102399989, 10.90148031100017], [-71.2172561399999, 10.91585466500004], [-71.22322543399991, 10.92261978199997], [-71.22013134699995, 10.928616955000166], [-71.22097241499995, 10.932519048000131], [-71.24556248899995, 10.941786108000088], [-71.25202974999996, 10.940892047999967], [-71.25607093899998, 10.944975119000048], [-71.26534333599989, 10.94574507200008], [-71.27159366899997, 10.956722310999965], [-71.26890861599992, 10.964739525000027], [-71.27027073599993, 10.975123769], [-71.2824811829999, 10.966597471000114], [-71.28845544899997, 10.968876497000053], [-71.30124893499988, 10.962989258000107], [-71.3150065019999, 10.963452185000108], [-71.31720257499995, 10.961220110000056], [-71.3374654129999, 10.96115497], [-71.35245104099994, 10.96279391500019], [-71.36689167899988, 10.96760292900018], [-71.40359720599997, 10.97044175700006], [-71.46441664799994, 10.961362122000082], [-71.46699073199994, 10.958881040000165], [-71.46360559399989, 10.959374083], [-71.47123988199996, 10.95420990200006], [-71.49307676299986, 10.952712720000136], [-71.50307515399999, 10.949030563000065], [-71.49888397799992, 10.949253593000037], [-71.49783191699993, 10.94664153399998], [-71.48903859099994, 10.95046668600014], [-71.48232331399998, 10.951133749000178], [-71.48885757099998, 10.949340659000143], [-71.48956458899994, 10.947066603000053], [-71.47880515399993, 10.948601717000088], [-71.47215178299996, 10.935508429000151], [-71.46729657699996, 10.933425413000123], [-71.4705357069999, 10.933181388000094], [-71.46986965599996, 10.93096734200003], [-71.45951716799993, 10.92170217600011], [-71.45570302899989, 10.924544281000124], [-71.45689204899998, 10.919740152000088], [-71.45291485699988, 10.91506705900008], [-71.44345442499997, 10.909302990000015], [-71.43852322499998, 10.91026303600006], [-71.43991126599997, 10.906815941000048], [-71.43619507199998, 10.901964852000049], [-71.42610265999991, 10.90101689800008], [-71.40769299499993, 10.914596350000124], [-71.41004104299998, 10.908148178000033], [-71.41673627899996, 10.902651003000017], [-71.41700321399992, 10.891986739000174], [-71.42346444099996, 10.885612531000163], [-71.42952867699995, 10.88303143100012], [-71.4368819849999, 10.883777404000114], [-71.44662233699995, 10.87734318500003], [-71.44442210299991, 10.8555606540001], [-71.43258738499992, 10.822078918000045], [-71.43302147099996, 10.795598762000054], [-71.432179, 10.770791], [-71.426191, 10.773032000000171], [-71.406026, 10.772649000000115], [-71.385615, 10.777969], [-71.351906, 10.796296], [-71.347154, 10.801097], [-71.342143, 10.815313000000174], [-71.325813, 10.817482], [-71.31665999999984, 10.821235], [-71.307554, 10.820676000000162], [-71.29928, 10.81524400000012], [-71.28546299999988, 10.818156], [-71.278818, 10.814884000000177], [-71.275658, 10.804462000000115], [-71.26964299999986, 10.797055000000114], [-71.25044099999985, 10.781564000000174], [-71.23959, 10.778774], [-71.237051, 10.767473000000109], [-71.23824, 10.754502000000173], [-71.232096, 10.750099], [-71.225785, 10.729689], [-71.218533, 10.72596300000015], [-71.200707, 10.699713000000145], [-71.0970358589999, 10.736071069000104]]], [[[-71.49881588999989, 10.935994269], [-71.49822590299993, 10.941041392000102], [-71.50445717699984, 10.94406842400008], [-71.51360655199994, 10.944731383000146], [-71.51558661399991, 10.941600292000146], [-71.50947132199991, 10.934808168000188], [-71.50043293799985, 10.933628194000107], [-71.49881588999989, 10.935994269]]]]}}, {"type": "Feature", "properties": {"parroquia": "San Antonio", "municipio": "Miranda", "estado": "Zulia", "pcode": "VE231404", "estado_pcode": "VE23", "municipio_pcode": "VE2314", "center_lat": 10.5690002, "center_lon": -71.16789314, "area_sqkm": 632.58305338}, "geometry": {"type": "Polygon", "coordinates": [[[-70.87922600899992, 10.449322270000039], [-70.88585333899994, 10.452150458000062], [-70.88722643299991, 10.457817590000047], [-70.89194465499997, 10.46199566000007], [-70.90323415399996, 10.4667106980001], [-70.92695912699992, 10.465773523000053], [-70.93992168199998, 10.468365508000034], [-70.95259118599995, 10.46490833900009], [-70.95788343199996, 10.469571419999966], [-70.95730050199995, 10.483427756000026], [-70.96300373799994, 10.483693729000095], [-70.96542886399993, 10.487397809000129], [-70.97115310599992, 10.48825879500015], [-70.96854001499997, 10.490068850000057], [-70.97132019499998, 10.50020808500011], [-70.97811347799984, 10.50176807000014], [-70.98607880099996, 10.500143981000122], [-70.99071301799995, 10.50315302600012], [-70.99127405899992, 10.507402121999974], [-70.99829938799996, 10.51172918800006], [-71.00114945099989, 10.504543992000151], [-71.00690771399991, 10.507163021], [-71.01239092299994, 10.505244935000121], [-71.01698712399997, 10.506810953000013], [-71.02051032599991, 10.515439136000111], [-71.01750726099993, 10.523811355000134], [-71.02233454399993, 10.537925672000085], [-71.02002150199996, 10.545229862000099], [-71.0234226799999, 10.550800972000104], [-71.02341071799998, 10.556983128000013], [-71.02760490299994, 10.559070147000114], [-71.02813994799993, 10.562724241000126], [-71.02506885099996, 10.567399367000064], [-71.02477089199982, 10.574013538000145], [-71.03828845299995, 10.574918464000064], [-71.04767789899995, 10.58281760400007], [-71.04849399999989, 10.593500851000044], [-71.05437630499995, 10.60385806700009], [-71.06581878799994, 10.60476902500011], [-71.06801193199993, 10.61190317400002], [-71.07512521499996, 10.610270090000085], [-71.07746635099988, 10.616767234000122], [-71.08280857699992, 10.616763202000186], [-71.08374565099996, 10.62363736900005], [-71.08681080199989, 10.626512408000167], [-71.08548081299989, 10.637269685000035], [-71.08054665599991, 10.64355087500013], [-71.08308278999988, 10.647607950000179], [-71.08110972499998, 10.65046703500002], [-71.08329682999994, 10.652719077000029], [-71.08349590599988, 10.662485313000047], [-71.08797612699993, 10.66833142500002], [-71.08730113199994, 10.672509530000127], [-71.09645954999985, 10.679439648000141], [-71.09637316999988, 10.689314363000165], [-71.133384, 10.681289], [-71.15980999999988, 10.679374], [-71.26801499999988, 10.67882], [-71.3375779999999, 10.594788], [-71.337103, 10.579092], [-71.3275, 10.572607000000119], [-71.320849, 10.575281000000189], [-71.308367, 10.566479], [-71.29025899999988, 10.564323000000172], [-71.276126, 10.552519000000132], [-71.273576, 10.546216000000186], [-71.267511, 10.540796], [-71.263343, 10.53836200000012], [-71.25872899999985, 10.53908], [-71.244698, 10.527047], [-71.230265, 10.52059700000018], [-71.212499, 10.52520600000014], [-71.207826, 10.522986000000117], [-71.203606, 10.515516], [-71.193451, 10.520519], [-71.189405, 10.51450100000011], [-71.165706, 10.507728000000156], [-71.158157, 10.49619500000017], [-71.1466559999999, 10.458359], [-71.055559, 10.449422], [-70.87922600899992, 10.449322270000039]]]}}, {"type": "Feature", "properties": {"parroquia": "San José", "municipio": "Miranda", "estado": "Zulia", "pcode": "VE231405", "estado_pcode": "VE23", "municipio_pcode": "VE2314", "center_lat": 10.77584041, "center_lon": -71.49863724, "area_sqkm": 62.22262095}, "geometry": {"type": "Polygon", "coordinates": [[[-71.43302147099996, 10.795598762000054], [-71.43939445699993, 10.792517155000041], [-71.45334902399992, 10.791335030000027], [-71.48317829799993, 10.797693989000095], [-71.51357256299997, 10.799503825000102], [-71.53217929999994, 10.796458630000132], [-71.5600594529999, 10.796548446000088], [-71.57271494799994, 10.792778270000099], [-71.58670555699996, 10.79832831800013], [-71.5921667419999, 10.792639134000126], [-71.59083465999993, 10.789248063000116], [-71.59305374599995, 10.787078995000059], [-71.56610156699986, 10.777056932000107], [-71.56245838699994, 10.772583851000093], [-71.56344335799992, 10.762580606000142], [-71.55330094599998, 10.762876672000118], [-71.55303591099988, 10.759098587999972], [-71.5498297929999, 10.762135675000025], [-71.54189446299989, 10.760330692000139], [-71.53697523699992, 10.756884633000027], [-71.53609091499993, 10.751443488000064], [-71.514554, 10.751556000000107], [-71.432179, 10.770791], [-71.43302147099996, 10.795598762000054]]]}}, {"type": "Feature", "properties": {"parroquia": "Sinamaica", "municipio": "Indígena Bolivariano Guajira", "estado": "Zulia", "pcode": "VE231501", "estado_pcode": "VE23", "municipio_pcode": "VE2315", "center_lat": 11.11291, "center_lon": -71.86633837, "area_sqkm": 257.03386793}, "geometry": {"type": "Polygon", "coordinates": [[[-71.80893697299996, 11.130442045000052], [-71.80708390499996, 11.131464971000128], [-71.81540928399988, 11.136321030000033], [-71.84168258499994, 11.167910633000133], [-71.8832450669999, 11.230763940000088], [-71.909507, 11.192995], [-71.928417, 11.183768], [-71.932241, 11.182089], [-71.929962, 11.082478000000151], [-71.92207099999985, 11.071262000000104], [-71.922244, 11.067437000000155], [-71.909643, 11.066479000000129], [-71.897612, 11.057232000000113], [-71.894786, 11.049061000000108], [-71.881819, 11.055568000000108], [-71.879478, 11.051968000000102], [-71.872611, 11.05137400000018], [-71.871404, 11.047032000000115], [-71.857692, 11.040257000000167], [-71.84852299999989, 11.03097200000019], [-71.852063, 11.021848], [-71.852384, 11.009956], [-71.846223, 11.006784], [-71.843803, 10.9992850000001], [-71.82565099999988, 10.998303], [-71.81437299999988, 10.99319300000019], [-71.804108, 11.004841000000113], [-71.796885, 11.005705], [-71.77529727599995, 11.00128311800006], [-71.76835042899984, 11.003457092000133], [-71.76377069499989, 11.014253101000179], [-71.764426, 11.025871000000166], [-71.772292, 11.039534000000174], [-71.778762, 11.032602], [-71.794017, 11.034399], [-71.79162499999984, 11.047328], [-71.80120099999988, 11.05174], [-71.795265, 11.05976], [-71.786563, 11.060136], [-71.78159399999987, 11.069666], [-71.772505, 11.067534], [-71.769418, 11.079234000000156], [-71.779745, 11.086550000000102], [-71.8109209999999, 11.123652], [-71.815352, 11.125162000000103], [-71.82053599999989, 11.131754000000171], [-71.814678, 11.13393], [-71.81195999999989, 11.129451], [-71.80893697299996, 11.130442045000052]]]}}, {"type": "Feature", "properties": {"parroquia": "Alta Guajira", "municipio": "Indígena Bolivariano Guajira", "estado": "Zulia", "pcode": "VE231502", "estado_pcode": "VE23", "municipio_pcode": "VE2315", "center_lat": 11.63235408, "center_lon": -71.90965889, "area_sqkm": 532.88153898}, "geometry": {"type": "Polygon", "coordinates": [[[-71.96025691699992, 11.420178707000161], [-71.96421151499993, 11.434491372000025], [-71.96360363899998, 11.454057869000053], [-71.96924324299988, 11.504818089000139], [-71.96826833699993, 11.523994581000181], [-71.96147741599992, 11.571478813000056], [-71.95572328499998, 11.585586213000113], [-71.94434689799988, 11.597298581000189], [-71.91997192299988, 11.599583818000156], [-71.89852708199993, 11.60537211500008], [-71.89376993599996, 11.611819315000105], [-71.88135049399983, 11.62044362], [-71.85845757999988, 11.623904873000129], [-71.85491146599992, 11.628069002000188], [-71.84467503499991, 11.627517070000124], [-71.83994188999998, 11.633196241000121], [-71.8212251469999, 11.636726464999981], [-71.81340787799996, 11.643890703000181], [-71.78833384699993, 11.644245891000082], [-71.76133584499996, 11.6576194270001], [-71.72295427399996, 11.658523724000077], [-71.70220847299998, 11.666242072000102], [-71.70035838699994, 11.664677042000108], [-71.66419201199989, 11.67981869300013], [-71.6467322879999, 11.679531807000046], [-71.6316567319999, 11.688112132000015], [-71.62440944099995, 11.68914421400018], [-71.61466001499991, 11.68514517900013], [-71.58671492099995, 11.692361559000176], [-71.55097745699993, 11.693692861000045], [-71.53170172699993, 11.702971229000184], [-71.48447081999996, 11.707567687000164], [-71.47332138899998, 11.71198988700013], [-71.46418800999993, 11.71260796700011], [-71.45886183199997, 11.717395126000156], [-71.44991148099996, 11.720183255], [-71.4401830729999, 11.719885327000043], [-71.43657198299991, 11.726450515000067], [-71.43300283399992, 11.72776057100009], [-71.42857874499998, 11.739581913000109], [-71.42281954399988, 11.744744079000043], [-71.41562325799998, 11.746118172000138], [-71.40786289699997, 11.741372106000028], [-71.39941761699998, 11.74952037100013], [-71.3843589899999, 11.749885491000157], [-71.37630081399993, 11.770384080999975], [-71.37748387199991, 11.771979105000128], [-71.38293408799996, 11.77041502700007], [-71.38338814399992, 11.775838169000053], [-71.38087401599995, 11.77197008100012], [-71.37596281299994, 11.772903146000147], [-71.36747450799999, 11.779027368000072], [-71.3506808539999, 11.783722609000165], [-71.33943146499996, 11.79339393600003], [-71.34341170799996, 11.80383917800009], [-71.3447038619999, 11.817325519000121], [-71.33935176099993, 11.834675], [-71.33129248599994, 11.84244025300012], [-71.34341095499997, 11.837704047000102], [-71.34737506299996, 11.829941814000108], [-71.3538613309999, 11.829625760000056], [-71.35807247799983, 11.82569162599998], [-71.35594437599997, 11.824413610000136], [-71.35726641399992, 11.822070546000077], [-71.35141518399985, 11.823692630000153], [-71.35173117399995, 11.820733545], [-71.37322597099995, 11.808105072000046], [-71.37840944399994, 11.812129723000112], [-71.4830758249999, 11.779130802000111], [-71.61100662099989, 11.746300808000115], [-71.80219021099992, 11.680047962000174], [-71.84144390299991, 11.67406273000006], [-71.93131819999996, 11.652887384000167], [-71.97136323599995, 11.646266879000109], [-72.06000247599997, 11.484400028000152], [-71.96025691699992, 11.420178707000161]]]}}, {"type": "Feature", "properties": {"parroquia": "Elías Sánchez Rubio", "municipio": "Indígena Bolivariano Guajira", "estado": "Zulia", "pcode": "VE231503", "estado_pcode": "VE23", "municipio_pcode": "VE2315", "center_lat": 11.1123959, "center_lon": -72.19794264, "area_sqkm": 460.91179751}, "geometry": {"type": "Polygon", "coordinates": [[[-71.928417, 11.183768], [-71.92833, 11.190809000000172], [-71.940394, 11.190419], [-71.963854, 11.175224000000128], [-71.974754, 11.164119], [-72.004776, 11.161587000000111], [-72.013726, 11.158471], [-72.024752, 11.149314], [-72.02589, 11.131391000000121], [-72.028595, 11.129248000000132], [-72.24292802699995, 11.15034223900011], [-72.24982170399994, 11.139782659], [-72.26428702399988, 11.138176182000052], [-72.29912869299994, 11.144981126000175], [-72.31539880999992, 11.14416834800005], [-72.32337275899994, 11.146890236000047], [-72.33289389299989, 11.144440036000162], [-72.33413063999984, 11.148222816000157], [-72.34931359599994, 11.15137283700011], [-72.36582494499999, 11.139364731000057], [-72.40790085899994, 11.126382909000085], [-72.42329834099996, 11.125797848000104], [-72.42502510199989, 11.12217445500005], [-72.43106552599994, 11.121458630000063], [-72.43789416899995, 11.115286981000054], [-72.44358856199995, 11.127657618000171], [-72.45616111399994, 11.119565524000109], [-72.45982729299999, 11.114100878000045], [-72.46457866999992, 11.113383771000144], [-72.48470206299987, 11.099100562000046], [-72.49054515599988, 11.089042118000066], [-72.49826049499995, 11.08507911900017], [-72.49042026199993, 11.078083462000166], [-72.48557502799997, 11.062470390000101], [-72.48158840399998, 11.060097168000027], [-72.48334264199991, 11.05725540800006], [-72.36388099999988, 11.090871], [-72.362899, 11.086969000000124], [-72.352314, 11.0895900000001], [-72.340319, 11.088873], [-72.32198199999988, 11.083633000000134], [-72.312882, 11.084912], [-72.300358, 11.077954], [-72.290565, 11.077627], [-72.2799619999999, 11.073146000000179], [-72.265649, 11.080797000000132], [-72.262276, 11.070862], [-72.25801699999988, 11.069598], [-72.252293, 11.075052000000142], [-72.249518, 11.070829000000174], [-72.250171, 11.064545000000123], [-72.236841, 11.057745], [-72.235788, 11.07185], [-72.229259, 11.071431], [-72.223931, 11.074707], [-72.218356, 11.069954], [-72.220381, 11.0565840000001], [-72.215476, 11.053621], [-72.21273599999984, 11.063114], [-72.20382199999983, 11.063403000000164], [-72.19759, 11.06848900000017], [-72.200193, 11.082002], [-72.20524199999988, 11.080172000000118], [-72.20544499999983, 11.087718000000109], [-72.1956239999999, 11.09147], [-72.18521299999986, 11.083523], [-72.18166, 11.093955000000108], [-72.177446, 11.093996000000118], [-72.173328, 11.090460000000121], [-72.17766299999982, 11.085190000000182], [-72.17486, 11.086242], [-72.166068, 11.081163], [-72.171704, 11.071445000000153], [-72.16282, 11.065632], [-72.16138299999989, 11.067535], [-72.164435, 11.070956], [-72.16433599999982, 11.077056], [-72.1523509999999, 11.069451000000186], [-72.14864099999988, 11.075639], [-72.15021, 11.07976900000017], [-72.144632, 11.079350000000147], [-72.143274, 11.071528], [-72.137152, 11.081199], [-72.142451, 11.083682000000124], [-72.143834, 11.088317], [-72.13452799999988, 11.088351], [-72.13172999999989, 11.085504], [-72.13402599999989, 11.081608], [-72.125331, 11.073066000000154], [-72.121786, 11.075745], [-72.117159, 11.07262], [-72.115417, 11.077549], [-72.105932, 11.07159700000011], [-72.101527, 11.076889000000108], [-72.097272, 11.073351000000116], [-72.09499199999988, 11.082361], [-72.088977, 11.079188], [-72.08375799999988, 11.087346], [-72.07859699999989, 11.085894000000167], [-72.07312999999988, 11.088639000000114], [-72.07197599999989, 11.086], [-72.076497, 11.080547], [-72.076326, 11.070204000000103], [-72.073895, 11.070636], [-72.076449, 11.064585], [-72.069801, 11.06778700000018], [-72.06773, 11.058932], [-72.05909499999984, 11.058507], [-72.059334, 11.05343900000014], [-72.053341, 11.05171], [-72.05166, 11.045493000000135], [-72.034522, 11.051866000000189], [-72.03077999999988, 11.047044], [-72.027884, 11.048485], [-72.027555, 11.044047], [-72.022809, 11.046323], [-72.019808, 11.044869000000176], [-72.02045099999987, 11.037646000000109], [-72.00858299999987, 11.033910000000105], [-72.005395, 11.039054], [-72.00786999999985, 11.043447000000128], [-72.001602, 11.04324], [-72.0010079999999, 11.04614], [-71.997563, 11.046394], [-71.995805, 11.053856], [-71.9998379999999, 11.05774], [-71.99765799999983, 11.059783000000152], [-71.998959, 11.063201000000163], [-71.99025199999988, 11.070690000000184], [-71.99468, 11.075704], [-71.991694, 11.079589], [-71.992195, 11.083496], [-71.986941, 11.089148], [-71.978599, 11.092402], [-71.975827, 11.089345], [-71.96530999999987, 11.097715000000164], [-71.958718, 11.096165], [-71.95609799999988, 11.086875000000134], [-71.95224, 11.086845000000153], [-71.945321, 11.078687000000173], [-71.929962, 11.082478000000151], [-71.932241, 11.182089], [-71.928417, 11.183768]]]}}, {"type": "Feature", "properties": {"parroquia": "Pedro Lucas Urribarri", "municipio": "Santa Rita", "estado": "Zulia", "pcode": "VE231804", "estado_pcode": "VE23", "municipio_pcode": "VE2318", "center_lat": 10.5319405, "center_lon": -71.33126794, "area_sqkm": 324.8640584}, "geometry": {"type": "Polygon", "coordinates": [[[-71.410014, 10.505725000000155], [-71.405091, 10.448688000000118], [-71.39803599999982, 10.450272], [-71.384188, 10.447343], [-71.381779, 10.45679500000017], [-71.379037, 10.453679], [-71.375456, 10.454517000000124], [-71.35445, 10.448164000000133], [-71.350361, 10.450873], [-71.346161, 10.459228], [-71.336854, 10.464069000000165], [-71.32669, 10.461794], [-71.320424, 10.463007], [-71.302528, 10.453116], [-71.292176, 10.453052], [-71.287973, 10.449593], [-71.280868, 10.449844], [-71.27409099999983, 10.452009], [-71.270592, 10.456269000000134], [-71.266598, 10.455856], [-71.250502, 10.452502], [-71.237763, 10.44215], [-71.230816, 10.441624], [-71.220069, 10.444339000000184], [-71.20003999999983, 10.462294], [-71.183748, 10.470989], [-71.1807649999999, 10.475949], [-71.171368, 10.477569000000187], [-71.162034, 10.463136], [-71.153722, 10.461267], [-71.150637, 10.457934], [-71.1466559999999, 10.458359], [-71.158157, 10.49619500000017], [-71.165706, 10.507728000000156], [-71.189405, 10.51450100000011], [-71.193451, 10.520519], [-71.203606, 10.515516], [-71.207826, 10.522986000000117], [-71.212499, 10.52520600000014], [-71.230265, 10.52059700000018], [-71.244698, 10.527047], [-71.25872899999985, 10.53908], [-71.263343, 10.53836200000012], [-71.267511, 10.540796], [-71.273576, 10.546216000000186], [-71.276126, 10.552519000000132], [-71.29025899999988, 10.564323000000172], [-71.308367, 10.566479], [-71.320849, 10.575281000000189], [-71.3275, 10.572607000000119], [-71.337103, 10.579092], [-71.3375779999999, 10.594788], [-71.33752, 10.603661], [-71.34194799999989, 10.603794], [-71.343461, 10.609324000000129], [-71.35398299999986, 10.619817], [-71.366031, 10.605800000000102], [-71.366756, 10.601538], [-71.36962, 10.610295], [-71.375293, 10.610871], [-71.37531399999989, 10.608724], [-71.379459, 10.617725000000178], [-71.38396999999986, 10.616048000000148], [-71.391706, 10.617747], [-71.398941, 10.614006000000131], [-71.41928, 10.614614000000131], [-71.41632899999985, 10.579735000000142], [-71.410014, 10.505725000000155]]]}}, {"type": "Feature", "properties": {"parroquia": "Manuel Manrique", "municipio": "Simón Bolívar", "estado": "Zulia", "pcode": "VE231901", "estado_pcode": "VE23", "municipio_pcode": "VE2319", "center_lat": 10.25598232, "center_lon": -71.33634175, "area_sqkm": 39.65435003}, "geometry": {"type": "Polygon", "coordinates": [[[-71.315596, 10.298069], [-71.37541592299988, 10.263333515000113], [-71.37073707399998, 10.25284159500012], [-71.36647373899996, 10.227432018000115], [-71.35766210599996, 10.213664306000112], [-71.349304, 10.228737], [-71.34290499999986, 10.233254], [-71.3095, 10.250768], [-71.305559, 10.254971000000182], [-71.29241999999988, 10.257849], [-71.315596, 10.298069]]]}}, {"type": "Feature", "properties": {"parroquia": "Rafael María Baralt", "municipio": "Simón Bolívar", "estado": "Zulia", "pcode": "VE231902", "estado_pcode": "VE23", "municipio_pcode": "VE2319", "center_lat": 10.29367288, "center_lon": -71.36072065, "area_sqkm": 42.40375872}, "geometry": {"type": "Polygon", "coordinates": [[[-71.330627, 10.32132], [-71.4161709259999, 10.320709743000123], [-71.40929099799996, 10.306065612], [-71.3998565469999, 10.296344447000081], [-71.39369922799989, 10.285418230000118], [-71.38578486299991, 10.279635136000024], [-71.37541592299988, 10.263333515000113], [-71.315596, 10.298069], [-71.330627, 10.32132]]]}}, {"type": "Feature", "properties": {"parroquia": "Rafael Urdaneta", "municipio": "Simón Bolívar", "estado": "Zulia", "pcode": "VE231903", "estado_pcode": "VE23", "municipio_pcode": "VE2319", "center_lat": 10.3206, "center_lon": -71.26142727, "area_sqkm": 146.68218346}, "geometry": {"type": "Polygon", "coordinates": [[[-71.330627, 10.32132], [-71.315596, 10.298069], [-71.29241999999988, 10.257849], [-71.25235699999985, 10.256567], [-71.239219, 10.26935], [-71.236804, 10.269719], [-71.235931, 10.267063], [-71.22498699999983, 10.274404000000118], [-71.220863, 10.274297000000104], [-71.220143, 10.278698000000134], [-71.21258099999989, 10.28205], [-71.210051, 10.287686], [-71.20491, 10.289315000000158], [-71.205242, 10.299034000000177], [-71.19855399999989, 10.299935000000119], [-71.192194, 10.31905200000017], [-71.193118, 10.322329], [-71.17981, 10.332188], [-71.174883, 10.342523], [-71.171013, 10.342847], [-71.1658159999999, 10.365300000000104], [-71.16076999999984, 10.367112000000134], [-71.15969699999988, 10.372966], [-71.150684, 10.369472], [-71.147214, 10.371458000000189], [-71.150363, 10.38271600000013], [-71.148714, 10.384635000000117], [-71.300855, 10.352445], [-71.293865, 10.321722000000136], [-71.330627, 10.32132]]]}}, {"type": "Feature", "properties": {"parroquia": "Bobures", "municipio": "Sucre", "estado": "Zulia", "pcode": "VE232001", "estado_pcode": "VE23", "municipio_pcode": "VE2320", "center_lat": 9.21095593, "center_lon": -71.16388854, "area_sqkm": 54.65946152}, "geometry": {"type": "Polygon", "coordinates": [[[-71.119559, 9.214209], [-71.121811, 9.219069], [-71.134305, 9.229596000000129], [-71.136561, 9.238468], [-71.15468812299997, 9.25692276], [-71.18635730899996, 9.234935072000098], [-71.21041310599986, 9.203101224000136], [-71.21527228199983, 9.19891309999997], [-71.21782240799996, 9.202055154000107], [-71.21963845999994, 9.197875053000189], [-71.21356619999989, 9.195583029999966], [-71.20859795899997, 9.189696923000099], [-71.20285173699995, 9.191172998000127], [-71.1965254299999, 9.184796883000047], [-71.19401833999996, 9.186179934], [-71.18998416199992, 9.182889882000097], [-71.18605200199994, 9.183830924000176], [-71.18560696199995, 9.179770838000138], [-71.18233382799997, 9.181060887], [-71.1825318189999, 9.178386826], [-71.17900867799989, 9.17906286100009], [-71.17708657199995, 9.174377758000105], [-71.17116132199993, 9.171371725000029], [-71.17083817399993, 9.163381583000046], [-71.119559, 9.214209]]]}}, {"type": "Feature", "properties": {"parroquia": "El Batey", "municipio": "Sucre", "estado": "Zulia", "pcode": "VE232002", "estado_pcode": "VE23", "municipio_pcode": "VE2320", "center_lat": 9.1818035, "center_lon": -71.11930168, "area_sqkm": 37.01198963}, "geometry": {"type": "Polygon", "coordinates": [[[-71.086782, 9.18656], [-71.098471, 9.19106], [-71.107039, 9.190979], [-71.112221, 9.196309], [-71.115243, 9.209246000000178], [-71.119559, 9.214209], [-71.17083817399993, 9.163381583000046], [-71.1604338169999, 9.161001555000155], [-71.1617488469999, 9.156937451000147], [-71.15921775999993, 9.159816528000079], [-71.15538455999985, 9.153137401000151], [-71.15349249599996, 9.155722474000072], [-71.14783623699986, 9.150039376000052], [-71.14600717399998, 9.151610420000168], [-71.14370006899992, 9.149559388000114], [-71.13851287499989, 9.153503511000054], [-71.13266721799994, 9.151088927000103], [-71.12665238999983, 9.15492160500014], [-71.12126515299997, 9.152060570000117], [-71.10222351999988, 9.151768216999983], [-71.079759, 9.175835], [-71.087582, 9.182257000000163], [-71.086782, 9.18656]]]}}, {"type": "Feature", "properties": {"parroquia": "Gibraltar", "municipio": "Sucre", "estado": "Zulia", "pcode": "VE232003", "estado_pcode": "VE23", "municipio_pcode": "VE2320", "center_lat": 9.26771207, "center_lon": -71.06489316, "area_sqkm": 206.08833347}, "geometry": {"type": "Polygon", "coordinates": [[[-70.95418320299996, 9.305346223000129], [-70.9796513099999, 9.32466228800007], [-70.98511158399992, 9.334029470000075], [-70.99098584299998, 9.3369805050001], [-71.00315233199996, 9.334451376000175], [-71.01564086399998, 9.338081392000106], [-71.02678838999987, 9.348615566000092], [-71.0370728229999, 9.349513531000014], [-71.04317109499993, 9.352867569000068], [-71.04743430899998, 9.360009715000047], [-71.05332851699995, 9.354778558000021], [-71.05135135399996, 9.340579242000047], [-71.05353738999992, 9.330153997000139], [-71.06442172199996, 9.311110503000123], [-71.08830264599993, 9.300034106000169], [-71.10469523999996, 9.286572714000101], [-71.12568105699995, 9.279220421000105], [-71.15468812299997, 9.25692276], [-71.136561, 9.238468], [-71.134305, 9.229596000000129], [-71.121811, 9.219069], [-71.119559, 9.214209], [-71.115243, 9.209246000000178], [-71.112221, 9.196309], [-71.107039, 9.190979], [-71.098471, 9.19106], [-71.086782, 9.18656], [-71.082389, 9.185211000000152], [-71.080914, 9.179961], [-71.072444, 9.174645], [-70.95418320299996, 9.305346223000129]]]}}, {"type": "Feature", "properties": {"parroquia": "Heras", "municipio": "Sucre", "estado": "Zulia", "pcode": "VE232004", "estado_pcode": "VE23", "municipio_pcode": "VE2320", "center_lat": 9.0518545, "center_lon": -71.19043147, "area_sqkm": 295.61189332}, "geometry": {"type": "Polygon", "coordinates": [[[-71.11185180799993, 9.082557478000183], [-71.11747161599988, 9.084588071000042], [-71.12693105799997, 9.094467238999982], [-71.1307592149999, 9.093944210000132], [-71.13228530399988, 9.097789282000122], [-71.14202572599987, 9.102276327000084], [-71.14351478399988, 9.10094529000014], [-71.15215617999996, 9.109719438000127], [-71.15755741599986, 9.112280465000026], [-71.15982050499997, 9.109730404000175], [-71.16145560599989, 9.116495549000092], [-71.16746685099997, 9.115403487000151], [-71.16851191199993, 9.118640555000127], [-71.17080597999995, 9.115561466000145], [-71.17420513999991, 9.118547517000025], [-71.1808863999999, 9.11663144300013], [-71.18952276999994, 9.118961446000071], [-71.19267192899991, 9.124416543000166], [-71.19998526299992, 9.128993615000184], [-71.20070131499995, 9.134402726000133], [-71.20331643199995, 9.13513372600005], [-71.20305345499992, 9.141077865000113], [-71.20800868099997, 9.14576694700014], [-71.21206190899994, 9.155131131000076], [-71.21947225399998, 9.162902266000117], [-71.22417144599996, 9.163273246000074], [-71.23803992799998, 9.148337828000138], [-71.25387153899999, 9.140040551000084], [-71.25825369099994, 9.134567413000184], [-71.27211322099998, 9.127900178], [-71.28339768799998, 9.128975138000158], [-71.30621838399992, 9.112419628000055], [-71.29916899999989, 9.095689000000107], [-71.27923, 9.07828700000016], [-71.283072, 9.071823], [-71.279755, 9.066948], [-71.2835209999999, 9.052759], [-71.28142999999989, 9.047849], [-71.27251799999988, 9.044747], [-71.273592, 9.039608000000158], [-71.27001199999984, 9.034442], [-71.27051899999987, 9.030493], [-71.265072, 9.026393], [-71.266694, 9.02409200000011], [-71.264382, 9.021076000000164], [-71.266043, 9.013896000000102], [-71.269631, 9.012366000000156], [-71.26744, 9.010312], [-71.270322, 9.007561000000123], [-71.273355, 8.995103], [-71.269796, 8.978209000000163], [-71.270676, 8.970281], [-71.260887, 8.957225000000165], [-71.256268, 8.9436520000001], [-71.2505716259999, 8.940528963000077], [-71.23588081199995, 8.950568750000059], [-71.09977066099998, 9.043587252000066], [-71.09816888999995, 9.053140097000039], [-71.09820867999997, 9.058580591000066], [-71.11185180799993, 9.082557478000183]]]}}, {"type": "Feature", "properties": {"parroquia": "Monseñor Arturo Celestino Álvarez", "municipio": "Sucre", "estado": "Zulia", "pcode": "VE232005", "estado_pcode": "VE23", "municipio_pcode": "VE2320", "center_lat": 9.00718, "center_lon": -71.36143538, "area_sqkm": 316.85898052}, "geometry": {"type": "Polygon", "coordinates": [[[-71.2505716259999, 8.940528963000077], [-71.256268, 8.9436520000001], [-71.260887, 8.957225000000165], [-71.270676, 8.970281], [-71.269796, 8.978209000000163], [-71.273355, 8.995103], [-71.270322, 9.007561000000123], [-71.26744, 9.010312], [-71.269631, 9.012366000000156], [-71.266043, 9.013896000000102], [-71.264382, 9.021076000000164], [-71.266694, 9.02409200000011], [-71.265072, 9.026393], [-71.27051899999987, 9.030493], [-71.27001199999984, 9.034442], [-71.273592, 9.039608000000158], [-71.27251799999988, 9.044747], [-71.28142999999989, 9.047849], [-71.2835209999999, 9.052759], [-71.279755, 9.066948], [-71.283072, 9.071823], [-71.27923, 9.07828700000016], [-71.29916899999989, 9.095689000000107], [-71.30621838399992, 9.112419628000055], [-71.33405455599996, 9.09311205500012], [-71.35530638299991, 9.083476719000146], [-71.38099541799994, 9.080399511000053], [-71.45587174699995, 9.056074419000026], [-71.452298, 9.038286], [-71.457494, 9.024536], [-71.462831, 9.020983], [-71.46026399999988, 9.011143], [-71.45377699999989, 9.008618000000183], [-71.451306, 9.003444000000172], [-71.44152999999989, 8.996431], [-71.435758, 8.989924], [-71.43449, 8.984127], [-71.429396, 8.981526], [-71.425475, 8.975509], [-71.418281, 8.972699], [-71.414572, 8.964568], [-71.399167, 8.957478], [-71.39421, 8.958335000000147], [-71.37779308799992, 8.939026546000036], [-71.37089319799986, 8.93687337300014], [-71.36390583999992, 8.924726143000157], [-71.35095053899994, 8.915727628000184], [-71.34712408999997, 8.914337007000142], [-71.34218891699993, 8.919641150000132], [-71.32982441699988, 8.920694234000052], [-71.31248666199997, 8.911254125000141], [-71.30894949199995, 8.906969046000029], [-71.30872945299996, 8.90225695099997], [-71.27056514699996, 8.92732777100008], [-71.2505716259999, 8.940528963000077]]]}}, {"type": "Feature", "properties": {"parroquia": "Rómulo Gallegos", "municipio": "Sucre", "estado": "Zulia", "pcode": "VE232006", "estado_pcode": "VE23", "municipio_pcode": "VE2320", "center_lat": 9.19606519, "center_lon": -70.97574923, "area_sqkm": 266.98344351}, "geometry": {"type": "Polygon", "coordinates": [[[-70.94513562999998, 9.288432567000086], [-70.94791879899998, 9.289928682000152], [-70.95418320299996, 9.305346223000129], [-71.072444, 9.174645], [-71.080914, 9.179961], [-71.082389, 9.185211000000152], [-71.086782, 9.18656], [-71.087582, 9.182257000000163], [-71.079759, 9.175835], [-71.10222351999988, 9.151768216999983], [-71.08938482099995, 9.149190684000189], [-71.08331353799997, 9.141953558000182], [-71.07938132899994, 9.13421839800003], [-71.07910325399996, 9.123963170000025], [-71.07162089299993, 9.114394996000101], [-71.0469002989999, 9.10353888200018], [-71.03601033199993, 9.097841826000035], [-71.0295640029999, 9.086273601000073], [-70.99990398199998, 9.110392624000042], [-70.94975568599989, 9.151172369000108], [-70.8982181909999, 9.193631763999974], [-70.89910630299994, 9.205156020000175], [-70.90772271399999, 9.21600121299997], [-70.90683669299995, 9.21884028900007], [-70.89232114299995, 9.228017574999967], [-70.89886551099988, 9.244392917000084], [-70.90091690299988, 9.262730412000053], [-70.91525836999989, 9.276678565000111], [-70.9384193649999, 9.282968569000047], [-70.94513562999998, 9.288432567000086]]]}}, {"type": "Feature", "properties": {"parroquia": "La Victoria", "municipio": "Valmore Rodríguez", "estado": "Zulia", "pcode": "VE232101", "estado_pcode": "VE23", "municipio_pcode": "VE2321", "center_lat": 9.95048581, "center_lon": -71.07424782, "area_sqkm": 167.59907692}, "geometry": {"type": "Polygon", "coordinates": [[[-71.09304736499996, 9.873758366000175], [-71.08825599999983, 9.877303], [-71.074056, 9.8807240000001], [-71.066088, 9.878946], [-71.05839699999984, 9.880656000000158], [-71.05709999999982, 9.883315], [-71.051586, 9.884845], [-71.047139, 9.881786], [-71.033488, 9.898265000000151], [-71.021856, 9.91368100000011], [-71.013654, 9.916673], [-71.011937, 9.924678000000142], [-71.00816, 9.927264], [-71.001832, 9.933907], [-70.99842899999987, 9.943866], [-70.997572, 9.976547], [-71.001884, 9.989058], [-71.008347, 9.99613], [-70.998491, 10.009384000000125], [-71.0202579999999, 10.026997000000108], [-71.143871, 9.957632], [-71.14856489999994, 9.95149190900014], [-71.14946703799995, 9.948289757000055], [-71.10816502599988, 9.897634817000153], [-71.09304736499996, 9.873758366000175]]]}}, {"type": "Feature", "properties": {"parroquia": "Rafael Urdaneta", "municipio": "Valmore Rodríguez", "estado": "Zulia", "pcode": "VE232102", "estado_pcode": "VE23", "municipio_pcode": "VE2321", "center_lat": 10.02552, "center_lon": -71.11676286, "area_sqkm": 185.62318129}, "geometry": {"type": "Polygon", "coordinates": [[[-71.14856489999994, 9.95149190900014], [-71.143871, 9.957632], [-71.0202579999999, 10.026997000000108], [-71.10689, 10.097740000000158], [-71.124888, 10.086171], [-71.134717, 10.076584], [-71.175417, 10.047269], [-71.22648408999999, 10.015428073000066], [-71.2229074739999, 10.01450686700008], [-71.21736516699997, 10.002081616000055], [-71.21126873899993, 9.97206094], [-71.20464145599988, 9.97108995900004], [-71.20336839199996, 9.968735908000042], [-71.18045045299982, 9.969480071000078], [-71.14856489999994, 9.95149190900014]]]}}, {"type": "Feature", "properties": {"parroquia": "Raúl Cuenca", "municipio": "Valmore Rodríguez", "estado": "Zulia", "pcode": "VE232103", "estado_pcode": "VE23", "municipio_pcode": "VE2321", "center_lat": 10.240255, "center_lon": -70.93869941, "area_sqkm": 765.63657202}, "geometry": {"type": "Polygon", "coordinates": [[[-70.80518429699998, 10.470981880000181], [-70.81890775299985, 10.464189157000078], [-70.821057, 10.456071000000122], [-70.836964, 10.442811], [-70.841231, 10.432762], [-70.849015, 10.427773000000116], [-70.85399199999989, 10.427806], [-70.872408, 10.407431000000145], [-70.884509, 10.404656], [-70.89307, 10.389356000000134], [-70.904213, 10.38063], [-70.92558099999985, 10.372729], [-70.933938, 10.376994], [-70.936427, 10.383474000000149], [-70.945583, 10.384595], [-70.94844999999987, 10.38969800000018], [-70.953245, 10.380729], [-70.950723, 10.376866000000177], [-70.956475, 10.373915], [-70.959041, 10.363769000000104], [-70.962749, 10.367336], [-70.967548, 10.364406], [-70.969502, 10.356579000000124], [-70.967672, 10.354394000000127], [-70.971694, 10.347054000000185], [-70.986329, 10.335346], [-70.987005, 10.325183000000152], [-70.996531, 10.309466000000157], [-71.000795, 10.304333], [-71.00895999999989, 10.301792], [-71.00725299999988, 10.294416000000126], [-71.010773, 10.295518], [-71.015186, 10.2919720000001], [-71.014928, 10.286353], [-71.010976, 10.282583], [-71.01238499999988, 10.279231000000152], [-71.00734199999988, 10.278157000000135], [-71.006701, 10.272253], [-71.014126, 10.274720000000116], [-71.020841, 10.263081], [-71.0226229999999, 10.265281], [-71.029049, 10.261421], [-71.03223899999983, 10.262766000000113], [-71.031219, 10.256417], [-71.035715, 10.251498], [-71.0372119999999, 10.24169000000012], [-71.034106, 10.238044000000116], [-71.021686, 10.225163000000123], [-71.033824, 10.212957], [-71.034966, 10.207512], [-71.031417, 10.199587000000122], [-71.03305, 10.190703], [-71.024654, 10.179431], [-71.018992, 10.175761], [-71.01857499999983, 10.17182], [-71.025523, 10.168969], [-71.035641, 10.180767000000117], [-71.0411, 10.180823000000146], [-71.041933, 10.177844], [-71.03894899999989, 10.174947000000145], [-71.040185, 10.171155000000113], [-71.04574, 10.168692], [-71.044722, 10.164726], [-71.0587349999999, 10.161458000000152], [-71.06065199999989, 10.1556], [-71.066655, 10.156058], [-71.069791, 10.152706], [-71.070908, 10.146575], [-71.066852, 10.146581], [-71.068773, 10.143013], [-71.07376099999988, 10.141840000000172], [-71.067619, 10.138951], [-71.07139299999989, 10.129295000000127], [-71.074336, 10.127885000000163], [-71.077325, 10.131423000000154], [-71.074364, 10.132627000000127], [-71.0784369999999, 10.133674], [-71.080701, 10.131032000000118], [-71.078086, 10.128099], [-71.08271899999988, 10.120688], [-71.080228, 10.1215830000001], [-71.0801019999999, 10.118671], [-71.087323, 10.115932], [-71.088069, 10.113135000000113], [-71.09438099999988, 10.114906], [-71.090446, 10.112236000000166], [-71.096078, 10.111928], [-71.09388899999988, 10.106967000000111], [-71.097777, 10.105536], [-71.099436, 10.107184000000132], [-71.101367, 10.104074], [-71.10332, 10.107585], [-71.101668, 10.101540000000114], [-71.10689, 10.097740000000158], [-71.0202579999999, 10.026997000000108], [-70.998491, 10.009384000000125], [-70.994701, 10.008800000000122], [-70.993975, 10.017606], [-70.98812, 10.024930000000154], [-70.984814, 10.025510000000168], [-70.984481, 10.032931], [-70.980648, 10.035241], [-70.98272299999985, 10.03716100000014], [-70.98142599999983, 10.042578], [-70.98460199999988, 10.04386], [-70.980775, 10.045160000000124], [-70.981651, 10.051438000000132], [-70.978667, 10.055893], [-70.984679, 10.058830000000171], [-70.983104, 10.062919], [-70.978734, 10.06234400000011], [-70.98105, 10.064834], [-70.97837, 10.068067], [-70.982611, 10.069173], [-70.982308, 10.071726000000126], [-70.980194, 10.07155200000011], [-70.9827269999999, 10.07847], [-70.986507, 10.075794], [-70.986904, 10.079898], [-70.990818, 10.082202], [-70.9875229999999, 10.088730000000169], [-70.981634, 10.086226000000124], [-70.979858, 10.094704], [-70.97343999999987, 10.092485000000181], [-70.96485099999984, 10.096062], [-70.962874, 10.106357], [-70.951064, 10.106195000000184], [-70.953289, 10.108733], [-70.952724, 10.113586000000112], [-70.951391, 10.111609000000158], [-70.944183, 10.118633000000102], [-70.944283, 10.133626000000163], [-70.93928199999988, 10.136918], [-70.938852, 10.148177], [-70.93571, 10.151578000000143], [-70.939701, 10.156867], [-70.935397, 10.158908000000167], [-70.935168, 10.163068000000123], [-70.932517, 10.161387000000104], [-70.931854, 10.165921], [-70.929615, 10.162603], [-70.924318, 10.166198000000122], [-70.92418, 10.168887], [-70.922221, 10.166988000000117], [-70.917938, 10.171532000000184], [-70.918329, 10.179333], [-70.913606, 10.177201000000139], [-70.913078, 10.172226], [-70.909678, 10.174208], [-70.905579, 10.171951], [-70.896355, 10.184562], [-70.892211, 10.175716], [-70.888454, 10.178506], [-70.888373, 10.175154], [-70.885291, 10.175431], [-70.881996, 10.180763000000127], [-70.877686, 10.179773000000125], [-70.868829, 10.193572000000188], [-70.860258, 10.201097], [-70.863286, 10.201785], [-70.860359, 10.209684000000152], [-70.86748299999988, 10.215086], [-70.86245, 10.215186], [-70.861129, 10.211233], [-70.855012, 10.214541], [-70.848891, 10.212086000000113], [-70.849678, 10.214714000000129], [-70.846125, 10.217249], [-70.854334, 10.226333000000125], [-70.851883, 10.225521], [-70.849318, 10.23155300000019], [-70.842519, 10.228832000000125], [-70.844936, 10.238509], [-70.838827, 10.243585], [-70.837687, 10.238022], [-70.82970299999988, 10.240623000000141], [-70.824696, 10.246463000000176], [-70.822807, 10.256734], [-70.81921299999988, 10.252862000000107], [-70.810993, 10.253951000000143], [-70.80905399999989, 10.261351000000104], [-70.805057, 10.259689], [-70.798191, 10.265419], [-70.800126, 10.270006], [-70.79851599999989, 10.281696000000181], [-70.801348, 10.284386], [-70.795224, 10.298211], [-70.795892, 10.312806000000137], [-70.786752, 10.318616000000134], [-70.78481099999988, 10.334520000000111], [-70.76909, 10.342242000000113], [-70.76612165499984, 10.358376482000153], [-70.76804485199989, 10.359982957000113], [-70.7657627989999, 10.366554132000147], [-70.75856057399994, 10.377280437000081], [-70.7576186359999, 10.393553841000085], [-70.77231235499994, 10.409745139000051], [-70.77308946399984, 10.422065444000054], [-70.78223788999998, 10.429258557000026], [-70.79114135899988, 10.44493388300009], [-70.79835378499996, 10.464630314999965], [-70.80518429699998, 10.470981880000181]]]}}, {"type": "Feature", "properties": {"parroquia": "Ambrosio", "municipio": "Cabimas", "estado": "Zulia", "pcode": "VE230301", "estado_pcode": "VE23", "municipio_pcode": "VE2303", "center_lat": 10.41020585, "center_lon": -71.46098178, "area_sqkm": 6.63935984}, "geometry": {"type": "Polygon", "coordinates": [[[-71.4695407079999, 10.38771368200014], [-71.466, 10.395049], [-71.4488659999999, 10.404645000000187], [-71.46340036699996, 10.432683922000024], [-71.46788419399996, 10.426029110000115], [-71.46741410699997, 10.417017890000011], [-71.47006516799996, 10.409575700000119], [-71.47942945299991, 10.393229251000037], [-71.4695407079999, 10.38771368200014]]]}}, {"type": "Feature", "properties": {"parroquia": "Carmen Herrera", "municipio": "Cabimas", "estado": "Zulia", "pcode": "VE230302", "estado_pcode": "VE23", "municipio_pcode": "VE2303", "center_lat": 10.391538, "center_lon": -71.45709292, "area_sqkm": 4.18432003}, "geometry": {"type": "Polygon", "coordinates": [[[-71.45894326799998, 10.378631068], [-71.44934, 10.389707], [-71.442461, 10.393653], [-71.4488659999999, 10.404645000000187], [-71.466, 10.395049], [-71.4695407079999, 10.38771368200014], [-71.4599635759999, 10.382693117000144], [-71.45894326799998, 10.378631068]]]}}, {"type": "Feature", "properties": {"parroquia": "La Rosa", "municipio": "Cabimas", "estado": "Zulia", "pcode": "VE230304", "estado_pcode": "VE23", "municipio_pcode": "VE2303", "center_lat": 10.37444548, "center_lon": -71.44344195, "area_sqkm": 5.21331642}, "geometry": {"type": "Polygon", "coordinates": [[[-71.43073304499995, 10.355122957000162], [-71.435641, 10.382928000000106], [-71.442461, 10.393653], [-71.44934, 10.389707], [-71.45894326799998, 10.378631068], [-71.45523732299995, 10.372552905000077], [-71.45189519299998, 10.374538983000093], [-71.43073304499995, 10.355122957000162]]]}}, {"type": "Feature", "properties": {"parroquia": "Monagas", "municipio": "Almirante Padilla", "estado": "Zulia", "pcode": "VE230102", "estado_pcode": "VE23", "municipio_pcode": "VE2301", "center_lat": 11.05496, "center_lon": -71.75989095, "area_sqkm": 114.37451039}, "geometry": {"type": "MultiPolygon", "coordinates": [[[[-71.80893697299996, 11.130442045000052], [-71.81195999999989, 11.129451], [-71.814678, 11.13393], [-71.82053599999989, 11.131754000000171], [-71.815352, 11.125162000000103], [-71.8109209999999, 11.123652], [-71.779745, 11.086550000000102], [-71.769418, 11.079234000000156], [-71.772505, 11.067534], [-71.78159399999987, 11.069666], [-71.786563, 11.060136], [-71.795265, 11.05976], [-71.80120099999988, 11.05174], [-71.79162499999984, 11.047328], [-71.794017, 11.034399], [-71.778762, 11.032602], [-71.772292, 11.039534000000174], [-71.764426, 11.025871000000166], [-71.76377069499989, 11.014253101000179], [-71.7577250519999, 11.012244386000134], [-71.73771526799993, 11.018275670000037], [-71.70606587299994, 11.004664547000118], [-71.69749647499987, 10.998078449], [-71.68075179399995, 10.997907557000076], [-71.67245243299993, 10.994978536000133], [-71.66514814799996, 10.996704629000021], [-71.66730417399992, 10.988650419000123], [-71.67526242399998, 10.97721909000012], [-71.66865416399997, 10.979015172], [-71.66189786199988, 10.975843142000144], [-71.65236050999982, 10.980861329000106], [-71.65092151299996, 10.989306550000151], [-71.64517327699997, 10.989959605000081], [-71.64673831599987, 10.985727488000123], [-71.64404318599998, 10.983157444000085], [-71.64081306599996, 10.984909513000048], [-71.63494878399996, 10.980067426000062], [-71.62475445399997, 10.991841787], [-71.61947924699996, 10.993743874000131], [-71.61241888499995, 10.983390664000012], [-71.60725370099988, 10.986975785000084], [-71.60998880399995, 10.986569757000098], [-71.62897371499997, 11.005030083000179], [-71.66206826099994, 11.03097749699998], [-71.71082038999998, 11.049946628000043], [-71.74367987099998, 11.069506881999985], [-71.78499681899996, 11.105431488000022], [-71.80893697299996, 11.130442045000052]]], [[[-71.63115279499993, 10.859117494000088], [-71.63433490799997, 10.856285410000055], [-71.62889468099996, 10.855518421999989], [-71.63115279499993, 10.859117494000088]]], [[[-71.62890176599996, 10.867697728000167], [-71.63262187999999, 10.863195589999975], [-71.62743167699989, 10.86387164100006], [-71.62890176599996, 10.867697728000167]]], [[[-71.62682970199984, 10.87098982000009], [-71.6279187969999, 10.878180986000189], [-71.62964583399997, 10.874109869000051], [-71.62682970199984, 10.87098982000009]]], [[[-71.62239359999995, 10.882130115000166], [-71.62321665299993, 10.885337188000051], [-71.62778782499998, 10.882782102000021], [-71.62647574599993, 10.880147045000058], [-71.62239359999995, 10.882130115000166]]], [[[-71.62223063599998, 10.889410298000087], [-71.62432475899988, 10.893741392000152], [-71.62597780199997, 10.891043309999986], [-71.62223063599998, 10.889410298000087]]], [[[-71.61981260499994, 10.899386557000128], [-71.62031364599989, 10.902089614000033], [-71.62249273799989, 10.901681592000045], [-71.62181067399996, 10.897513500000116], [-71.61981260499994, 10.899386557000128]]], [[[-71.5984798259999, 10.913353045], [-71.59427069599991, 10.918403195000053], [-71.59297573199996, 10.931816527000024], [-71.58838160499988, 10.941078790000176], [-71.58800161099998, 10.943619859000023], [-71.59241380999993, 10.947497923000071], [-71.60431521899994, 10.93545854700011], [-71.59950296299985, 10.92638135400017], [-71.6008779039999, 10.909740934000013], [-71.5984798259999, 10.913353045]]], [[[-71.63499778599993, 10.979722423], [-71.64386917099995, 10.982706428000085], [-71.64427418299982, 10.981143394000071], [-71.64244105399996, 10.974249236000048], [-71.63122260299997, 10.97598935700006], [-71.62897954999988, 10.981891518000168], [-71.63297568999997, 10.978511408000088], [-71.63499778599993, 10.979722423]]], [[[-71.60848169299999, 10.979812605], [-71.61685806599996, 10.983263630000181], [-71.61841117899996, 10.99011278200004], [-71.62241735399988, 10.99105877900007], [-71.62962648399997, 10.967882170999985], [-71.6156138959999, 10.966388223000024], [-71.60693646899995, 10.955977033000124], [-71.60514242199997, 10.959086116000094], [-71.60745556699999, 10.96717330000007], [-71.61499496499994, 10.978772538000044], [-71.60661758899994, 10.975710517999971], [-71.60848169299999, 10.979812605]]], [[[-71.57761449199995, 10.988127013000167], [-71.58744393599994, 10.993642086000023], [-71.58829093499997, 10.989934992000087], [-71.59540822599996, 10.988622904000067], [-71.59145404899994, 10.986141878000126], [-71.59382412399998, 10.984223811000163], [-71.59068396999999, 10.98057674600011], [-71.58219563999995, 10.983168860000148], [-71.57614235999995, 10.977866771000151], [-71.57423823899995, 10.972184647], [-71.56383780999994, 10.971337695000102], [-71.5625757329999, 10.967740615000025], [-71.55852156299994, 10.967433634000088], [-71.55457636799997, 10.96247953599999], [-71.54806310699985, 10.963357608000024], [-71.54668601499986, 10.959714528], [-71.54415991299993, 10.959662537999975], [-71.54723201799999, 10.955800423000085], [-71.54501091399999, 10.954971426000156], [-71.54410783499998, 10.94787125400012], [-71.53795156699988, 10.946140250000099], [-71.5328423769999, 10.949677372000167], [-71.5379636379999, 10.95600849300007], [-71.54266193799998, 10.970991830000173], [-71.57761449199995, 10.988127013000167]]]]}}, {"type": "Feature", "properties": {"parroquia": "Isla de Toas", "municipio": "Almirante Padilla", "estado": "Zulia", "pcode": "VE230101", "estado_pcode": "VE23", "municipio_pcode": "VE2301", "center_lat": 10.95760675, "center_lon": -71.65498671, "area_sqkm": 5.32857122}, "geometry": {"type": "Polygon", "coordinates": [[[-71.6476481759999, 10.96125588800004], [-71.66638096799994, 10.964519838000058], [-71.67427225799986, 10.959383657000103], [-71.68221459799992, 10.96081763300009], [-71.67470623799989, 10.95370652000014], [-71.65870855099996, 10.950334540000028], [-71.6407208469999, 10.95373274200017], [-71.6331755199999, 10.951588749000166], [-71.62888836899998, 10.955373866000059], [-71.62603123999992, 10.95422985900018], [-71.62569924499991, 10.956701915000053], [-71.64222995599988, 10.96037489300005], [-71.6450600579999, 10.95909884200006], [-71.6476481759999, 10.96125588800004]]]}}, {"type": "Feature", "properties": {"parroquia": "Alonso de Ojeda", "municipio": "Lagunillas", "estado": "Zulia", "pcode": "VE231001", "estado_pcode": "VE23", "municipio_pcode": "VE2310", "center_lat": 10.2007695, "center_lon": -71.30314683, "area_sqkm": 24.40374444}, "geometry": {"type": "Polygon", "coordinates": [[[-71.261345, 10.184092], [-71.28672160999986, 10.226855785000112], [-71.3305749999999, 10.201369000000113], [-71.334136, 10.203075], [-71.33636562599997, 10.19809108200019], [-71.30998011299994, 10.181842294000091], [-71.31188319999995, 10.181626269000049], [-71.30463085499991, 10.174746152000012], [-71.30641895199989, 10.178525229000172], [-71.30389467999993, 10.176950695000073], [-71.298774, 10.180736], [-71.286992, 10.177705], [-71.280965, 10.181174], [-71.261345, 10.184092]]]}}, {"type": "Feature", "properties": {"parroquia": "José Antonio Chaves", "municipio": "Miranda", "estado": "Zulia", "pcode": "VE231406", "estado_pcode": "VE23", "municipio_pcode": "VE2314", "center_lat": 10.65371674, "center_lon": -71.50072918, "area_sqkm": 37.2883196}, "geometry": {"type": "Polygon", "coordinates": [[[-71.47103861899996, 10.674216735000073], [-71.52311351299988, 10.698842508999974], [-71.52367723299983, 10.689698091000082], [-71.53036245099997, 10.682124870999985], [-71.53056141299993, 10.674901687000101], [-71.53384352099988, 10.669895547000124], [-71.52190594299998, 10.65661830800019], [-71.52243592199989, 10.650815162000185], [-71.5323002209999, 10.636073738999983], [-71.53177218399992, 10.633562677999976], [-71.51022624599995, 10.624298603000057], [-71.49893571899997, 10.61560646300012], [-71.49702945299998, 10.609880320000173], [-71.47103861899996, 10.674216735000073]]]}}, {"type": "Feature", "properties": {"parroquia": "José Domingo Rus", "municipio": "San Francisco", "estado": "Zulia", "pcode": "VE231707", "estado_pcode": "VE23", "municipio_pcode": "VE2317", "center_lat": 10.52893821, "center_lon": -71.68510761, "area_sqkm": 10.98115139}, "geometry": {"type": "Polygon", "coordinates": [[[-71.66797099999985, 10.509488], [-71.66719538799998, 10.540229146000058], [-71.68444407099992, 10.537180326000055], [-71.68709701999995, 10.538784434999968], [-71.68135924599994, 10.544707298000048], [-71.68792816299998, 10.547907695000106], [-71.69391, 10.542247], [-71.70332319599987, 10.533787019000044], [-71.70906096899995, 10.531874428000151], [-71.68413558799989, 10.522619955000152], [-71.68919469999997, 10.521509418000164], [-71.69419211599995, 10.512686820999988], [-71.69346239999993, 10.509269282000105], [-71.66797099999985, 10.509488]]]}}]}